match_date,league,season,home_team,away_team,home_goals,away_goals,result,odds_home_b365,odds_draw_b365,odds_away_b365,odds_home_pin_open,odds_draw_pin_open,odds_away_pin_open,odds_home_pin_close,odds_draw_pin_close,odds_away_pin_close,odds_over25_b365,odds_under25_b365,odds_over25_pin_close,odds_under25_pin_close
2021-08-13,D1,2122,M'gladbach,Bayern Munich,1,1,D,4.33,4.5,1.66,4.73,4.39,1.71,4.53,4.31,1.75,1.4,3.0,1.42,3.01
2021-08-13,E0,2122,Brentford,Arsenal,2,0,H,4.0,3.4,1.95,4.05,3.46,2.05,3.94,3.33,2.13,2.1,1.72,2.44,1.62
2021-08-13,T1,2122,Besiktas,Rizespor,3,0,H,1.45,4.2,5.75,1.56,4.45,6.08,1.49,4.81,6.62,1.53,2.4,1.56,2.55
2021-08-14,D1,2122,Augsburg,Hoffenheim,0,4,A,3.2,3.75,2.1,3.2,3.83,2.23,3.29,3.66,2.25,1.61,2.3,1.67,2.33
2021-08-14,D1,2122,Bielefeld,Freiburg,0,0,D,2.8,3.4,2.5,3.04,3.33,2.54,3.1,3.26,2.54,2.05,1.88,2.32,1.68
2021-08-14,D1,2122,Stuttgart,Greuther Furth,5,1,H,1.83,4.0,4.0,1.9,3.93,4.13,1.85,3.87,4.45,1.61,2.3,1.79,2.13
2021-08-14,D1,2122,Union Berlin,Leverkusen,1,1,D,2.75,3.4,2.55,2.83,3.44,2.65,2.74,3.25,2.86,1.9,1.9,2.13,1.79
2021-08-14,D1,2122,Wolfsburg,Bochum,1,0,H,1.53,4.5,5.75,1.59,4.41,5.92,1.46,4.85,7.39,1.57,2.37,1.68,2.3
2021-08-14,D1,2122,Dortmund,Ein Frankfurt,5,2,H,1.4,5.5,6.5,1.45,5.24,6.8,1.47,5.12,6.61,1.36,3.2,1.38,3.22
2021-08-14,E0,2122,Man United,Leeds,5,1,H,1.53,4.5,5.75,1.56,4.57,5.96,1.67,4.2,5.4,1.61,2.3,1.7,2.27
2021-08-14,E0,2122,Burnley,Brighton,1,2,A,3.1,3.1,2.45,3.3,3.12,2.51,3.27,3.14,2.51,2.5,1.53,2.33,1.67
2021-08-14,E0,2122,Chelsea,Crystal Palace,3,0,H,1.25,5.75,13.0,1.26,6.24,12.74,1.34,5.4,11.0,1.8,2.0,1.93,1.98
2021-08-14,E0,2122,Everton,Southampton,3,1,H,1.9,3.5,4.0,2.01,3.56,4.1,2.05,3.45,4.07,2.0,1.8,2.28,1.69
2021-08-14,E0,2122,Leicester,Wolves,1,0,H,1.66,3.8,5.25,1.73,3.79,5.47,1.76,3.77,5.22,2.09,1.84,2.08,1.82
2021-08-14,E0,2122,Watford,Aston Villa,3,2,H,3.1,3.2,2.37,3.18,3.31,2.47,3.68,3.35,2.21,2.0,1.8,2.18,1.75
2021-08-14,E0,2122,Norwich,Liverpool,0,3,A,9.0,5.75,1.3,8.35,5.86,1.36,7.0,4.9,1.48,1.53,2.5,1.57,2.56
2021-08-14,T1,2122,Karagumruk,Gaziantep,3,2,H,2.1,3.5,3.0,2.11,3.37,3.79,1.93,3.64,4.26,1.8,2.0,1.99,1.9
2021-08-14,T1,2122,Altay,Kayserispor,3,0,H,2.5,3.3,2.55,2.72,3.4,2.73,1.76,3.94,4.79,1.95,1.85,1.98,1.91
2021-08-14,T1,2122,Hatayspor,Kasimpasa,1,1,D,2.1,3.6,2.9,2.12,3.55,3.57,2.67,3.58,2.67,1.8,2.0,1.67,2.3
2021-08-15,D1,2122,Mainz,RB Leipzig,1,0,H,8.0,5.5,1.33,8.09,5.66,1.38,7.54,4.98,1.44,1.53,2.5,1.67,2.33
2021-08-15,D1,2122,FC Koln,Hertha,3,1,H,2.55,3.4,2.75,2.62,3.41,2.88,2.4,3.44,3.18,2.0,1.93,2.04,1.88
2021-08-15,E0,2122,Newcastle,West Ham,2,4,A,3.2,3.5,2.2,3.21,3.59,2.32,3.46,3.55,2.21,1.99,1.94,1.92,1.99
2021-08-15,E0,2122,Tottenham,Man City,1,0,H,5.5,4.2,1.6,5.56,4.09,1.67,5.97,4.25,1.61,1.89,2.04,1.88,2.03
2021-08-15,T1,2122,Buyuksehyr,Alanyaspor,0,1,A,2.4,3.3,2.7,2.58,3.38,2.87,2.2,3.28,3.73,2.0,1.8,2.21,1.72
2021-08-15,T1,2122,Ad. Demirspor,Fenerbahce,0,1,A,4.0,4.0,1.66,4.54,3.98,1.77,2.51,3.63,2.83,1.65,2.2,1.77,2.13
2021-08-15,T1,2122,Antalyaspor,Goztep,1,1,D,2.3,3.3,2.8,2.44,3.37,3.06,2.21,3.44,3.52,2.02,1.83,2.15,1.76
2021-08-16,T1,2122,Sivasspor,Konyaspor,0,1,A,2.0,3.2,3.5,2.04,3.36,4.05,2.11,3.29,3.98,2.25,1.61,2.51,1.57
2021-08-16,T1,2122,Yeni Malatyaspor,Trabzonspor,1,5,A,3.6,3.3,1.95,4.08,3.56,1.96,3.99,3.6,2.0,1.93,1.93,1.98,1.91
2021-08-16,T1,2122,Giresunspor,Galatasaray,0,2,A,5.25,4.0,1.53,5.55,4.16,1.62,4.58,3.84,1.81,1.65,2.2,1.94,1.94
2021-08-20,D1,2122,RB Leipzig,Stuttgart,4,0,H,1.36,5.25,7.0,1.43,5.07,7.61,1.51,4.73,6.69,1.53,2.5,1.51,2.69
2021-08-20,T1,2122,Kayserispor,Ad. Demirspor,1,1,D,3.2,3.3,2.25,3.28,3.39,2.34,3.29,3.51,2.28,1.9,1.95,1.9,1.98
2021-08-21,D1,2122,Bochum,Mainz,2,0,H,2.62,3.5,2.62,2.74,3.59,2.64,3.18,3.46,2.39,1.8,2.0,1.89,2.02
2021-08-21,D1,2122,Ein Frankfurt,Augsburg,0,0,D,1.57,4.5,5.25,1.65,4.48,5.16,1.66,4.37,5.16,1.53,2.5,1.57,2.54
2021-08-21,D1,2122,Freiburg,Dortmund,2,1,H,5.5,4.75,1.5,5.67,4.73,1.57,4.49,4.15,1.79,1.5,2.62,1.56,2.59
2021-08-21,D1,2122,Greuther Furth,Bielefeld,1,1,D,2.55,3.4,2.7,2.62,3.5,2.82,2.65,3.51,2.79,2.0,1.8,1.87,2.04
2021-08-21,D1,2122,Hertha,Wolfsburg,1,2,A,3.0,3.4,2.37,3.21,3.51,2.35,3.41,3.55,2.24,1.8,2.0,1.93,1.98
2021-08-21,D1,2122,Leverkusen,M'gladbach,4,0,H,2.2,3.75,3.0,2.39,3.71,3.0,2.23,3.69,3.3,1.57,2.37,1.64,2.38
2021-08-21,E0,2122,Liverpool,Burnley,2,0,H,1.18,7.5,13.0,1.21,6.98,15.68,1.25,6.75,13.5,1.53,2.5,1.47,2.79
2021-08-21,E0,2122,Aston Villa,Newcastle,2,0,H,1.8,3.75,4.33,1.83,3.99,4.4,1.87,3.83,4.39,1.72,2.1,1.74,2.21
2021-08-21,E0,2122,Crystal Palace,Brentford,0,0,D,2.55,3.2,2.87,2.65,3.28,2.95,2.68,3.2,2.97,2.3,1.61,2.38,1.64
2021-08-21,E0,2122,Leeds,Everton,2,2,D,2.37,3.4,3.0,2.39,3.51,3.14,2.15,3.52,3.65,1.72,2.1,1.85,2.07
2021-08-21,E0,2122,Man City,Norwich,5,0,H,1.08,11.0,26.0,1.11,11.28,26.2,1.13,10.0,26.0,1.33,3.4,1.36,3.3
2021-08-21,E0,2122,Brighton,Watford,2,0,H,1.7,3.5,5.75,1.75,3.55,5.8,1.78,3.55,5.6,2.2,1.66,2.18,1.75
2021-08-21,T1,2122,Kasimpasa,Giresunspor,2,0,H,2.0,3.5,3.25,2.11,3.38,3.78,2.34,3.36,3.3,1.8,2.0,2.02,1.87
2021-08-21,T1,2122,Rizespor,Karagumruk,0,0,D,2.5,3.4,2.5,2.69,3.31,2.79,2.99,3.27,2.58,1.8,2.0,2.08,1.83
2021-08-21,T1,2122,Alanyaspor,Altay,1,4,A,2.0,3.3,3.6,2.2,3.17,3.78,2.16,3.47,3.6,1.95,1.85,1.94,1.94
2021-08-21,T1,2122,Gaziantep,Besiktas,0,0,D,4.0,3.75,1.75,4.23,3.73,1.88,4.96,4.17,1.7,1.65,2.2,1.72,2.21
2021-08-22,D1,2122,Hoffenheim,Union Berlin,2,2,D,2.0,3.6,3.6,2.06,3.7,3.75,1.85,3.81,4.49,1.72,2.1,1.8,2.11
2021-08-22,D1,2122,Bayern Munich,FC Koln,3,2,H,1.11,11.0,16.0,1.13,9.87,23.59,1.13,10.75,23.5,1.28,3.75,1.2,4.74
2021-08-22,E0,2122,Southampton,Man United,1,1,D,5.5,4.2,1.57,5.32,4.41,1.64,5.7,4.45,1.61,1.72,2.1,1.72,2.24
2021-08-22,E0,2122,Wolves,Tottenham,0,1,A,3.2,3.2,2.35,3.25,3.15,2.52,2.95,3.09,2.79,2.2,1.66,2.41,1.63
2021-08-22,E0,2122,Arsenal,Chelsea,0,2,A,4.75,3.75,1.72,4.9,3.83,1.79,4.5,3.56,1.93,2.1,1.72,2.19,1.75
2021-08-22,T1,2122,Konyaspor,Buyuksehyr,2,1,H,2.37,3.2,2.75,2.74,2.91,3.08,2.65,3.08,3.07,2.15,1.66,2.41,1.62
2021-08-22,T1,2122,Fenerbahce,Antalyaspor,2,0,H,1.5,4.33,5.0,1.55,4.35,6.15,1.71,3.99,5.08,1.65,2.2,1.79,2.11
2021-08-22,T1,2122,Goztep,Yeni Malatyaspor,0,1,A,2.05,3.5,3.1,2.19,3.25,3.71,1.79,3.78,4.82,1.98,1.88,1.88,2.01
2021-08-23,E0,2122,West Ham,Leicester,4,1,H,2.5,3.5,2.75,2.61,3.51,2.82,2.52,3.5,2.95,1.8,2.0,1.81,2.1
2021-08-23,T1,2122,Trabzonspor,Sivasspor,2,1,H,1.75,3.5,4.0,1.87,3.71,4.35,1.61,4.1,5.98,2.05,1.75,1.91,1.98
2021-08-23,T1,2122,Galatasaray,Hatayspor,2,1,H,1.44,4.5,6.0,1.48,4.77,6.47,1.46,4.82,7.2,1.65,2.2,1.6,2.44
2021-08-27,D1,2122,Dortmund,Hoffenheim,3,2,H,1.4,5.5,6.5,1.47,5.3,6.5,1.4,6.0,6.9,1.3,3.5,1.27,4.08
2021-08-27,T1,2122,Antalyaspor,Rizespor,3,2,H,1.85,3.6,4.1,1.98,3.64,4.03,2.02,3.39,4.19,2.05,1.75,2.33,1.66
2021-08-27,T1,2122,Ad. Demirspor,Konyaspor,1,1,D,2.0,3.4,3.6,2.15,3.44,3.66,2.18,3.38,3.65,2.0,1.8,2.09,1.8
2021-08-28,D1,2122,Augsburg,Leverkusen,1,4,A,4.75,3.8,1.72,5.08,3.9,1.75,4.98,4.13,1.72,1.8,2.0,1.69,2.29
2021-08-28,D1,2122,Bielefeld,Ein Frankfurt,1,1,D,3.3,3.6,2.1,3.52,3.7,2.13,3.47,3.6,2.19,1.8,2.0,1.81,2.1
2021-08-28,D1,2122,FC Koln,Bochum,2,1,H,1.83,3.75,4.2,1.89,3.83,4.28,1.78,3.98,4.78,1.72,2.1,1.68,2.31
2021-08-28,D1,2122,Mainz,Greuther Furth,3,0,H,1.66,4.0,5.0,1.74,4.04,5.01,1.57,4.44,6.11,1.72,2.1,1.58,2.52
2021-08-28,D1,2122,Stuttgart,Freiburg,2,3,A,2.15,3.6,3.2,2.28,3.54,3.32,2.14,3.69,3.52,1.72,2.1,1.65,2.35
2021-08-28,D1,2122,Bayern Munich,Hertha,5,0,H,1.14,9.0,15.0,1.19,7.84,15.93,1.17,8.75,18.51,1.25,4.0,1.25,4.21
2021-08-28,E0,2122,Man City,Arsenal,5,0,H,1.25,6.0,12.0,1.26,6.28,12.59,1.36,5.2,10.5,1.57,2.37,1.84,2.08
2021-08-28,E0,2122,Aston Villa,Brentford,1,1,D,1.95,3.6,3.8,2.02,3.63,3.95,2.1,3.33,4.07,1.9,1.9,2.3,1.68
2021-08-28,E0,2122,Brighton,Everton,0,2,A,2.3,3.2,3.3,2.37,3.29,3.37,2.35,3.26,3.46,2.2,1.66,2.3,1.68
2021-08-28,E0,2122,Newcastle,Southampton,2,2,D,2.5,3.4,2.8,2.55,3.52,2.9,2.51,3.59,2.89,1.85,2.05,1.74,2.2
2021-08-28,E0,2122,Norwich,Leicester,1,2,A,4.5,3.5,1.85,4.47,3.54,1.93,4.4,3.67,1.91,1.8,2.0,1.96,1.94
2021-08-28,E0,2122,West Ham,Crystal Palace,2,2,D,1.55,4.0,6.5,1.59,4.07,6.64,1.59,4.0,6.8,1.9,1.9,1.85,2.07
2021-08-28,E0,2122,Liverpool,Chelsea,1,1,D,2.45,3.3,2.9,2.52,3.36,3.06,2.47,3.36,3.13,2.0,1.8,2.08,1.84
2021-08-28,T1,2122,Buyuksehyr,Kayserispor,0,1,A,1.72,3.6,4.5,1.78,3.76,4.77,1.63,3.92,6.2,1.95,1.85,2.05,1.85
2021-08-28,T1,2122,Yeni Malatyaspor,Gaziantep,2,0,H,2.3,3.3,3.0,2.32,3.79,2.96,2.4,3.32,3.23,1.8,2.0,2.18,1.74
2021-08-28,T1,2122,Besiktas,Karagumruk,1,0,H,1.55,4.0,6.0,1.58,4.44,5.54,1.54,4.6,6.13,1.57,2.35,1.66,2.31
2021-08-28,T1,2122,Hatayspor,Alanyaspor,5,0,H,2.2,3.6,3.0,2.37,3.58,3.01,2.36,3.39,3.23,1.7,2.1,2.12,1.78
2021-08-29,D1,2122,Union Berlin,M'gladbach,2,1,H,2.45,3.25,2.9,2.62,3.36,2.93,2.61,3.41,2.9,1.8,2.0,1.86,2.05
2021-08-29,D1,2122,Wolfsburg,RB Leipzig,1,0,H,3.6,3.5,2.05,3.57,3.61,2.15,3.32,3.52,2.29,1.8,2.0,1.92,1.99
2021-08-29,E0,2122,Burnley,Leeds,1,1,D,3.1,3.5,2.25,3.15,3.58,2.35,3.35,3.6,2.24,1.72,2.1,1.79,2.12
2021-08-29,E0,2122,Tottenham,Watford,1,0,H,1.36,4.75,9.0,1.45,4.42,9.04,1.44,4.65,8.5,1.8,2.0,1.81,2.1
2021-08-29,E0,2122,Wolves,Man United,0,1,A,5.0,3.5,1.75,5.14,3.51,1.83,4.93,3.8,1.79,2.0,1.8,2.08,1.84
2021-08-29,T1,2122,Kasimpasa,Galatasaray,2,2,D,4.75,3.8,1.7,4.57,3.94,1.78,4.43,3.88,1.83,1.6,2.3,1.78,2.13
2021-08-29,T1,2122,Sivasspor,Goztep,2,2,D,2.0,3.5,3.6,2.14,3.39,3.7,2.1,3.41,3.86,2.0,1.8,2.08,1.83
2021-08-29,T1,2122,Altay,Fenerbahce,0,2,A,3.2,3.4,2.15,3.24,3.56,2.25,2.89,3.4,2.58,1.75,2.05,2.0,1.89
2021-08-29,T1,2122,Giresunspor,Trabzonspor,0,1,A,5.25,3.75,1.65,4.89,4.11,1.7,3.6,3.42,2.18,1.8,2.0,2.09,1.8
2021-09-11,D1,2122,Freiburg,FC Koln,1,1,D,2.2,3.6,3.1,2.15,3.82,3.37,2.29,3.59,3.26,1.66,2.2,1.76,2.17
2021-09-11,D1,2122,Greuther Furth,Wolfsburg,0,2,A,5.5,4.33,1.57,5.8,4.45,1.59,4.47,4.31,1.76,1.61,2.3,1.57,2.55
2021-09-11,D1,2122,Hoffenheim,Mainz,0,2,A,2.0,3.75,3.5,2.06,3.91,3.54,2.26,3.67,3.25,1.57,2.37,1.67,2.33
2021-09-11,D1,2122,Leverkusen,Dortmund,3,4,A,3.1,3.8,2.15,3.15,3.98,2.2,3.06,3.86,2.29,1.4,3.0,1.46,2.85
2021-09-11,D1,2122,Union Berlin,Augsburg,0,0,D,1.7,3.75,5.0,1.74,4.09,4.89,1.68,4.09,5.41,1.91,1.99,1.89,2.02
2021-09-11,D1,2122,RB Leipzig,Bayern Munich,1,4,A,3.0,3.8,2.2,3.08,4.05,2.22,3.03,4.22,2.19,1.44,2.75,1.44,2.94
2021-09-11,E0,2122,Crystal Palace,Tottenham,3,0,H,4.2,3.5,1.9,4.42,3.47,1.96,3.95,3.33,2.13,2.1,1.72,2.39,1.64
2021-09-11,E0,2122,Arsenal,Norwich,1,0,H,1.5,4.6,6.0,1.53,4.57,6.5,1.44,4.91,7.9,1.72,2.1,1.67,2.33
2021-09-11,E0,2122,Brentford,Brighton,0,1,A,2.8,3.2,2.62,2.93,3.19,2.72,3.14,3.0,2.7,2.5,1.53,2.7,1.52
2021-09-11,E0,2122,Leicester,Man City,0,1,A,6.0,4.0,1.57,5.87,4.26,1.61,5.62,4.15,1.65,1.72,2.1,1.85,2.07
2021-09-11,E0,2122,Man United,Newcastle,4,1,H,1.18,7.5,15.0,1.19,7.56,16.42,1.2,7.45,15.76,1.44,2.75,1.46,2.82
2021-09-11,E0,2122,Southampton,West Ham,0,0,D,2.9,3.5,2.4,2.93,3.48,2.54,3.16,3.55,2.36,1.72,2.1,1.71,2.24
2021-09-11,E0,2122,Watford,Wolves,0,2,A,3.4,3.2,2.25,3.47,3.22,2.36,3.67,3.21,2.28,2.3,1.61,2.38,1.64
2021-09-11,E0,2122,Chelsea,Aston Villa,3,0,H,1.28,5.5,11.0,1.31,5.51,12.17,1.35,5.38,10.33,1.8,2.0,1.68,2.32
2021-09-11,T1,2122,Karagumruk,Ad. Demirspor,4,0,H,2.1,3.4,3.25,2.25,3.57,3.24,2.66,3.48,2.75,1.9,1.9,1.79,2.11
2021-09-11,T1,2122,Konyaspor,Altay,3,1,H,2.37,3.2,2.9,2.42,3.41,3.06,2.61,3.2,3.01,2.05,1.75,2.1,1.79
2021-09-11,T1,2122,Besiktas,Yeni Malatyaspor,3,0,H,1.33,4.75,8.0,1.35,5.17,9.34,1.3,5.77,11.16,1.65,2.2,1.56,2.55
2021-09-11,T1,2122,Kayserispor,Kasimpasa,2,0,H,2.6,3.2,2.6,2.73,3.3,2.75,2.6,3.38,2.88,2.0,1.8,1.96,1.93
2021-09-12,D1,2122,Ein Frankfurt,Stuttgart,1,1,D,2.0,3.75,3.5,2.07,3.85,3.57,2.09,3.93,3.45,1.5,2.62,1.58,2.52
2021-09-12,D1,2122,Bochum,Hertha,1,3,A,2.8,3.4,2.5,2.8,3.42,2.68,2.77,3.42,2.72,2.02,1.88,1.96,1.94
2021-09-12,D1,2122,M'gladbach,Bielefeld,3,1,H,1.44,4.75,7.0,1.47,4.77,7.42,1.45,4.71,7.98,1.66,2.2,1.56,2.57
2021-09-12,E0,2122,Leeds,Liverpool,0,3,A,4.33,4.0,1.75,4.54,4.15,1.78,5.04,4.48,1.66,1.57,2.37,1.53,2.67
2021-09-12,T1,2122,Fenerbahce,Sivasspor,1,1,D,1.57,4.0,5.5,1.62,4.14,5.61,1.56,4.35,6.18,1.75,2.05,1.79,2.1
2021-09-12,T1,2122,Rizespor,Hatayspor,0,2,A,2.8,3.3,2.25,2.88,3.43,2.54,2.48,3.48,2.97,1.9,1.95,1.98,1.91
2021-09-12,T1,2122,Goztep,Buyuksehyr,2,1,H,2.55,3.2,2.62,2.7,3.36,2.78,2.51,3.39,3.0,2.05,1.75,2.09,1.8
2021-09-12,T1,2122,Trabzonspor,Galatasaray,2,2,D,2.2,3.4,3.0,2.41,3.57,3.02,2.32,3.4,3.3,1.75,2.05,1.96,1.93
2021-09-13,E0,2122,Everton,Burnley,3,1,H,1.7,3.75,5.0,1.74,3.83,5.35,1.78,3.53,5.58,2.0,1.8,2.36,1.65
2021-09-13,T1,2122,Alanyaspor,Giresunspor,1,0,H,1.9,3.4,3.6,2.04,3.58,3.77,1.95,3.53,4.27,1.9,1.9,2.1,1.79
2021-09-13,T1,2122,Gaziantep,Antalyaspor,2,0,H,2.15,3.3,3.0,2.34,3.46,3.16,2.34,3.38,3.28,1.95,1.85,1.98,1.91
2021-09-17,D1,2122,Hertha,Greuther Furth,2,1,H,1.75,3.75,4.2,1.84,3.75,4.67,1.8,3.76,4.94,1.86,2.04,1.98,1.92
2021-09-17,E0,2122,Newcastle,Leeds,1,1,D,3.0,3.6,2.3,3.05,3.69,2.36,3.25,3.74,2.23,1.61,2.3,1.64,2.39
2021-09-17,T1,2122,Altay,Goztep,2,1,H,2.2,3.4,3.2,2.31,3.39,3.34,2.42,3.35,3.16,2.0,1.8,1.9,1.98
2021-09-17,T1,2122,Yeni Malatyaspor,Karagumruk,3,4,A,2.8,3.4,2.4,2.98,3.39,2.52,2.58,3.48,2.84,1.9,1.9,1.87,2.02
2021-09-18,D1,2122,Augsburg,M'gladbach,1,0,H,4.2,4.0,1.8,4.25,3.98,1.86,3.42,3.77,2.15,1.57,2.37,1.65,2.36
2021-09-18,D1,2122,Bayern Munich,Bochum,7,0,H,1.06,13.0,29.0,1.07,14.35,37.07,1.07,16.49,35.02,1.16,5.0,1.2,4.75
2021-09-18,D1,2122,Bielefeld,Hoffenheim,0,0,D,3.5,3.6,2.05,3.65,3.56,2.14,3.81,3.68,2.05,1.72,2.1,1.69,2.28
2021-09-18,D1,2122,Mainz,Freiburg,0,0,D,2.0,3.6,3.6,2.12,3.67,3.58,1.93,3.73,4.22,1.8,2.0,2.01,1.9
2021-09-18,D1,2122,FC Koln,RB Leipzig,1,1,D,4.5,4.0,1.72,4.5,3.98,1.82,3.89,3.95,1.95,1.57,2.37,1.62,2.43
2021-09-18,E0,2122,Wolves,Brentford,0,2,A,1.83,3.25,5.0,1.93,3.3,4.98,1.83,3.42,5.38,2.5,1.53,2.53,1.58
2021-09-18,E0,2122,Burnley,Arsenal,0,1,A,3.8,3.6,1.95,3.87,3.57,2.06,3.94,3.79,1.98,2.0,1.8,1.85,2.07
2021-09-18,E0,2122,Liverpool,Crystal Palace,3,0,H,1.2,7.0,13.0,1.22,6.87,15.6,1.29,6.13,11.57,1.5,2.62,1.53,2.65
2021-09-18,E0,2122,Man City,Southampton,0,0,D,1.12,9.5,17.0,1.16,8.48,19.72,1.18,8.18,16.74,1.36,3.2,1.38,3.2
2021-09-18,E0,2122,Norwich,Watford,1,3,A,2.15,3.3,3.5,2.21,3.48,3.53,2.41,3.29,3.31,2.1,1.72,2.08,1.83
2021-09-18,E0,2122,Aston Villa,Everton,3,0,H,2.4,3.3,3.0,2.42,3.44,3.15,2.18,3.46,3.65,2.0,1.8,2.09,1.82
2021-09-18,T1,2122,Sivasspor,Gaziantep,1,1,D,1.9,3.4,4.0,1.94,3.67,4.13,2.04,3.44,4.02,1.95,1.85,2.09,1.8
2021-09-18,T1,2122,Kasimpasa,Trabzonspor,0,1,A,3.8,3.6,1.85,3.95,4.03,1.89,4.65,3.9,1.79,1.72,2.07,1.88,2.01
2021-09-18,T1,2122,Ad. Demirspor,Rizespor,3,1,H,1.83,3.5,4.0,1.88,3.81,4.25,1.65,4.2,5.36,1.95,1.85,1.81,2.08
2021-09-18,T1,2122,Antalyaspor,Besiktas,2,3,A,4.75,3.75,1.66,4.77,3.83,1.79,3.03,3.5,2.43,1.8,2.0,1.84,2.06
2021-09-19,D1,2122,Stuttgart,Leverkusen,1,3,A,3.3,3.75,2.1,3.29,3.82,2.19,3.58,3.85,2.07,1.53,2.5,1.55,2.6
2021-09-19,D1,2122,Dortmund,Union Berlin,4,2,H,1.36,5.25,8.0,1.38,5.41,8.51,1.3,6.03,10.28,1.44,2.75,1.44,2.92
2021-09-19,D1,2122,Wolfsburg,Ein Frankfurt,1,1,D,1.8,3.8,4.33,1.85,3.83,4.47,1.85,3.9,4.41,1.72,2.1,1.69,2.28
2021-09-19,E0,2122,Brighton,Leicester,2,1,H,2.7,3.2,2.75,2.83,3.25,2.77,2.55,3.23,3.12,2.1,1.72,2.09,1.81
2021-09-19,E0,2122,West Ham,Man United,1,2,A,4.33,4.0,1.75,4.69,3.9,1.81,4.31,3.79,1.89,1.66,2.2,1.9,2.0
2021-09-19,E0,2122,Tottenham,Chelsea,0,3,A,5.0,3.8,1.7,4.98,4.02,1.74,4.2,3.4,2.04,2.0,1.8,2.19,1.75
2021-09-19,T1,2122,Giresunspor,Konyaspor,0,0,D,2.6,3.2,2.75,2.67,3.24,2.9,2.71,3.19,2.91,2.15,1.66,2.29,1.67
2021-09-19,T1,2122,Galatasaray,Alanyaspor,0,1,A,1.44,4.5,6.0,1.5,4.68,6.72,1.51,4.59,6.66,1.6,2.3,1.74,2.18
2021-09-19,T1,2122,Buyuksehyr,Fenerbahce,2,0,H,3.5,3.4,2.0,3.64,3.55,2.12,3.25,3.27,2.42,1.85,1.95,1.94,1.94
2021-09-19,T1,2122,Hatayspor,Kayserispor,2,1,H,1.9,3.6,3.8,1.95,3.93,3.81,1.78,3.89,4.78,1.75,2.05,1.88,2.02
2021-09-21,T1,2122,Karagumruk,Antalyaspor,0,0,D,2.05,3.4,3.4,2.12,3.46,3.73,1.86,3.77,4.4,1.85,1.95,1.75,2.17
2021-09-21,T1,2122,Rizespor,Altay,1,2,A,3.4,3.4,2.1,3.34,3.51,2.25,3.47,3.45,2.22,1.85,1.95,1.93,1.95
2021-09-21,T1,2122,Besiktas,Ad. Demirspor,3,3,D,1.4,4.75,6.5,1.43,5.16,7.23,1.4,5.16,8.05,1.53,2.4,1.56,2.54
2021-09-21,T1,2122,Yeni Malatyaspor,Sivasspor,0,1,A,2.75,3.3,2.5,2.96,3.29,2.59,2.89,3.18,2.72,2.05,1.75,2.13,1.77
2021-09-22,T1,2122,Gaziantep,Buyuksehyr,1,0,H,2.6,3.4,2.6,2.7,3.38,2.77,2.89,3.29,2.65,2.0,1.8,2.16,1.75
2021-09-22,T1,2122,Goztep,Hatayspor,0,2,A,2.55,3.3,2.62,2.69,3.4,2.77,2.46,3.4,3.05,2.0,1.8,1.9,1.99
2021-09-22,T1,2122,Kayserispor,Galatasaray,3,0,H,4.5,3.75,1.72,4.69,3.75,1.82,4.33,3.8,1.87,1.8,2.0,1.8,2.09
2021-09-23,T1,2122,Konyaspor,Trabzonspor,2,2,D,3.5,3.5,2.0,3.49,3.68,2.13,3.4,3.31,2.32,1.85,1.95,2.23,1.71
2021-09-23,T1,2122,Alanyaspor,Kasimpasa,2,0,H,1.9,3.6,3.8,1.93,3.86,3.97,1.82,3.82,4.59,1.8,2.0,1.93,1.96
2021-09-23,T1,2122,Fenerbahce,Giresunspor,2,1,H,1.4,4.75,7.0,1.4,4.89,8.78,1.42,5.13,7.52,1.66,2.15,1.71,2.22
2021-09-24,D1,2122,Greuther Furth,Bayern Munich,1,3,A,23.0,13.0,1.07,22.47,13.33,1.11,19.69,11.45,1.12,1.14,5.5,1.16,4.92
2021-09-24,T1,2122,Altay,Besiktas,2,1,H,2.7,3.4,2.5,2.77,3.47,2.61,2.69,3.49,2.67,1.72,2.07,1.77,2.11
2021-09-25,D1,2122,Ein Frankfurt,FC Koln,1,1,D,2.0,3.75,3.5,2.08,3.89,3.5,2.14,3.86,3.38,1.57,2.37,1.57,2.56
2021-09-25,D1,2122,Hoffenheim,Wolfsburg,3,1,H,2.75,3.5,2.5,2.87,3.53,2.56,2.58,3.54,2.84,1.66,2.2,1.74,2.21
2021-09-25,D1,2122,Leverkusen,Mainz,1,0,H,1.72,4.0,4.5,1.77,4.07,4.7,1.74,4.1,4.84,1.61,2.3,1.7,2.27
2021-09-25,D1,2122,RB Leipzig,Hertha,6,0,H,1.3,5.5,10.0,1.36,5.37,9.56,1.31,5.79,10.63,1.57,2.37,1.55,2.58
2021-09-25,D1,2122,Union Berlin,Bielefeld,1,0,H,1.66,3.8,5.5,1.72,3.8,5.49,1.69,3.78,5.93,2.06,1.84,2.06,1.85
2021-09-25,D1,2122,M'gladbach,Dortmund,1,0,H,4.33,4.2,1.72,4.32,4.31,1.78,3.31,3.89,2.16,1.36,3.2,1.61,2.46
2021-09-25,E0,2122,Chelsea,Man City,0,1,A,2.62,3.2,2.75,2.74,3.3,2.83,2.92,3.21,2.72,2.1,1.72,2.16,1.77
2021-09-25,E0,2122,Man United,Aston Villa,0,1,A,1.36,5.25,8.0,1.41,5.12,8.13,1.42,5.1,7.95,1.57,2.37,1.64,2.39
2021-09-25,E0,2122,Everton,Norwich,2,0,H,1.61,3.8,5.75,1.65,3.91,6.09,1.7,3.82,5.72,1.9,1.9,2.03,1.88
2021-09-25,E0,2122,Leeds,West Ham,1,2,A,3.0,3.6,2.25,3.17,3.73,2.28,3.08,3.62,2.38,1.57,2.37,1.64,2.39
2021-09-25,E0,2122,Leicester,Burnley,2,2,D,1.57,4.0,6.0,1.6,4.09,6.37,1.71,3.9,5.39,1.9,1.9,1.88,2.03
2021-09-25,E0,2122,Watford,Newcastle,1,1,D,2.2,3.4,3.3,2.26,3.42,3.47,2.16,3.57,3.59,2.0,1.8,1.95,1.95
2021-09-25,E0,2122,Brentford,Liverpool,3,3,D,7.0,4.5,1.45,7.48,4.51,1.49,7.88,4.98,1.43,1.72,2.1,1.76,2.17
2021-09-25,T1,2122,Sivasspor,Karagumruk,4,0,H,2.25,3.4,3.1,2.28,3.44,3.34,2.07,3.4,4.0,2.07,1.72,2.05,1.85
2021-09-25,T1,2122,Antalyaspor,Yeni Malatyaspor,1,0,H,2.0,3.5,3.5,2.08,3.7,3.61,1.91,3.54,4.47,2.0,1.8,1.89,1.99
2021-09-25,T1,2122,Ad. Demirspor,Gaziantep,4,0,H,2.15,3.3,3.5,2.2,3.43,3.55,1.95,3.62,4.16,2.07,1.72,1.75,2.17
2021-09-26,D1,2122,Bochum,Stuttgart,0,0,D,3.0,3.5,2.3,3.15,3.62,2.33,3.26,3.61,2.28,1.72,2.1,1.75,2.19
2021-09-26,D1,2122,Freiburg,Augsburg,3,0,H,1.85,3.6,4.33,1.93,3.55,4.47,1.81,3.69,5.0,2.0,1.8,1.95,1.95
2021-09-26,E0,2122,Southampton,Wolves,0,1,A,2.62,3.2,2.8,2.7,3.27,2.89,2.15,3.42,3.78,2.1,1.72,2.19,1.75
2021-09-26,E0,2122,Arsenal,Tottenham,3,1,H,2.15,3.3,3.5,2.29,3.3,3.54,2.25,3.4,3.53,2.0,1.8,2.0,1.91
2021-09-26,T1,2122,Giresunspor,Kayserispor,1,1,D,2.4,3.2,3.0,2.45,3.34,3.13,2.16,3.32,3.79,2.15,1.66,2.39,1.63
2021-09-26,T1,2122,Buyuksehyr,Rizespor,3,0,H,1.66,3.8,5.25,1.69,3.91,5.45,1.62,4.01,6.07,1.9,1.9,1.89,2.0
2021-09-26,T1,2122,Hatayspor,Fenerbahce,1,2,A,3.1,3.4,2.25,3.11,3.5,2.38,2.91,3.48,2.52,1.85,2.0,1.78,2.12
2021-09-26,T1,2122,Galatasaray,Goztep,2,1,H,1.53,4.2,6.0,1.52,4.54,6.48,1.56,4.64,5.69,1.7,2.1,1.63,2.39
2021-09-27,E0,2122,Crystal Palace,Brighton,1,1,D,3.1,3.2,2.45,3.14,3.21,2.56,2.96,3.14,2.74,2.3,1.61,2.38,1.64
2021-09-27,T1,2122,Kasimpasa,Konyaspor,2,2,D,2.3,3.2,2.7,2.6,3.3,2.85,2.75,3.3,2.77,2.05,1.75,2.11,1.79
2021-09-27,T1,2122,Trabzonspor,Alanyaspor,1,1,D,1.53,4.0,5.25,1.59,4.44,5.48,1.78,3.79,4.92,1.8,2.0,1.77,2.13
2021-10-01,D1,2122,FC Koln,Greuther Furth,3,1,H,1.4,5.0,7.0,1.46,4.89,7.3,1.42,5.29,7.59,1.44,2.75,1.44,2.96
2021-10-01,T1,2122,Antalyaspor,Ad. Demirspor,1,2,A,2.4,3.4,2.75,2.56,3.44,2.89,2.66,3.42,2.79,1.8,2.0,1.85,2.04
2021-10-01,T1,2122,Karagumruk,Buyuksehyr,3,1,H,3.3,3.4,2.15,3.39,3.55,2.22,2.68,3.31,2.84,1.8,2.0,1.97,1.92
2021-10-02,D1,2122,Dortmund,Augsburg,2,1,H,1.22,6.5,12.0,1.25,6.58,12.89,1.23,6.92,13.41,1.36,3.2,1.42,2.99
2021-10-02,D1,2122,Hertha,Freiburg,1,2,A,2.9,3.4,2.4,2.92,3.4,2.6,3.19,3.34,2.45,1.97,1.93,2.2,1.74
2021-10-02,D1,2122,Stuttgart,Hoffenheim,3,1,H,2.62,3.75,2.45,2.72,3.99,2.48,2.9,3.72,2.45,1.44,2.75,1.65,2.36
2021-10-02,D1,2122,Wolfsburg,M'gladbach,1,3,A,2.1,3.6,3.4,2.21,3.61,3.42,2.02,3.66,3.92,1.72,2.1,1.92,1.98
2021-10-02,D1,2122,RB Leipzig,Bochum,3,0,H,1.2,7.0,12.0,1.23,6.96,14.09,1.18,8.13,17.41,1.4,3.0,1.32,3.53
2021-10-02,E0,2122,Man United,Everton,1,1,D,1.45,4.33,7.5,1.51,4.37,7.59,1.56,4.33,6.57,1.8,2.0,1.83,2.08
2021-10-02,E0,2122,Burnley,Norwich,0,0,D,1.85,3.6,4.33,1.9,3.69,4.42,1.99,3.6,4.12,1.9,1.9,2.02,1.88
2021-10-02,E0,2122,Chelsea,Southampton,3,1,H,1.36,4.75,9.0,1.4,4.91,9.22,1.46,4.71,7.79,1.8,2.0,1.76,2.16
2021-10-02,E0,2122,Leeds,Watford,1,0,H,1.7,4.0,4.75,1.78,3.96,4.8,1.78,3.98,4.74,1.66,2.2,1.65,2.35
2021-10-02,E0,2122,Wolves,Newcastle,2,1,H,1.61,4.2,5.25,1.72,4.06,5.06,1.83,3.72,4.77,1.9,1.9,1.97,1.93
2021-10-02,E0,2122,Brighton,Arsenal,0,0,D,3.0,3.25,2.4,3.16,3.2,2.54,3.31,3.4,2.35,2.0,1.8,2.11,1.8
2021-10-02,T1,2122,Konyaspor,Alanyaspor,1,1,D,2.37,3.2,3.0,2.48,3.22,3.2,2.49,3.33,3.08,2.02,1.83,2.02,1.88
2021-10-02,T1,2122,Goztep,Giresunspor,0,1,A,1.9,3.4,4.0,1.99,3.54,4.1,2.43,3.18,3.33,2.07,1.72,2.24,1.7
2021-10-02,T1,2122,Kayserispor,Trabzonspor,1,2,A,4.0,3.5,1.83,4.17,3.58,1.96,3.78,3.56,2.07,1.85,1.95,1.93,1.96
2021-10-02,T1,2122,Besiktas,Sivasspor,2,1,H,1.83,3.5,4.0,1.92,3.65,4.27,2.12,3.46,3.75,1.8,2.0,2.01,1.88
2021-10-03,D1,2122,Mainz,Union Berlin,1,2,A,2.05,3.5,3.6,2.13,3.38,3.87,2.26,3.31,3.6,2.0,1.8,2.18,1.75
2021-10-03,D1,2122,Bayern Munich,Ein Frankfurt,1,2,A,1.16,8.0,15.0,1.19,8.14,14.45,1.11,11.1,24.82,1.2,4.5,1.18,4.75
2021-10-03,D1,2122,Bielefeld,Leverkusen,0,4,A,5.0,4.0,1.61,5.24,4.08,1.7,4.88,4.29,1.7,1.72,2.1,1.6,2.47
2021-10-03,E0,2122,Crystal Palace,Leicester,2,2,D,3.1,3.4,2.3,3.17,3.44,2.41,2.87,3.3,2.7,2.0,1.8,2.14,1.78
2021-10-03,E0,2122,Tottenham,Aston Villa,2,1,H,2.1,3.6,3.4,2.13,3.61,3.64,2.14,3.47,3.74,1.9,1.9,2.03,1.88
2021-10-03,E0,2122,West Ham,Brentford,1,2,A,1.75,3.75,4.75,1.84,3.65,4.82,1.76,3.85,5.13,1.9,1.9,1.99,1.92
2021-10-03,E0,2122,Liverpool,Man City,2,2,D,2.87,3.5,2.4,2.99,3.55,2.46,3.12,3.54,2.38,1.72,2.1,1.78,2.15
2021-10-03,T1,2122,Yeni Malatyaspor,Hatayspor,0,2,A,3.5,3.3,2.1,3.36,3.62,2.2,3.15,3.39,2.41,1.75,2.05,1.93,1.96
2021-10-03,T1,2122,Fenerbahce,Kasimpasa,2,1,H,1.45,4.2,6.5,1.51,4.49,6.82,1.68,4.02,5.38,1.65,2.2,1.74,2.18
2021-10-03,T1,2122,Gaziantep,Altay,4,1,H,2.7,3.25,2.6,2.76,3.46,2.66,2.71,3.18,2.91,1.95,1.85,1.95,1.93
2021-10-03,T1,2122,Rizespor,Galatasaray,2,3,A,4.75,3.8,1.66,4.8,4.06,1.74,4.9,4.19,1.7,1.75,2.05,1.79,2.11
2021-10-15,D1,2122,Hoffenheim,FC Koln,5,0,H,2.0,3.9,3.3,2.11,3.86,3.45,2.11,3.97,3.37,1.44,2.75,1.45,2.89
2021-10-15,T1,2122,Buyuksehyr,Besiktas,3,2,H,3.1,3.4,2.25,3.19,3.42,2.37,2.66,3.6,2.68,1.8,2.0,1.78,2.11
2021-10-16,D1,2122,Dortmund,Mainz,3,1,H,1.4,5.0,7.5,1.45,4.92,7.5,1.41,5.27,7.8,1.44,2.75,1.54,2.64
2021-10-16,D1,2122,Ein Frankfurt,Hertha,1,2,A,1.75,3.8,4.5,1.78,3.86,4.94,1.77,3.88,4.99,1.8,2.0,1.83,2.08
2021-10-16,D1,2122,Freiburg,RB Leipzig,1,1,D,4.0,4.0,1.85,4.06,3.86,1.93,3.94,3.78,1.98,1.66,2.2,1.78,2.15
2021-10-16,D1,2122,Greuther Furth,Bochum,0,1,A,2.37,3.5,2.9,2.45,3.56,3.01,2.33,3.55,3.21,1.72,2.1,1.85,2.07
2021-10-16,D1,2122,Union Berlin,Wolfsburg,2,0,H,2.7,3.25,2.7,2.75,3.25,2.85,2.42,3.22,3.36,2.1,1.72,2.24,1.72
2021-10-16,D1,2122,M'gladbach,Stuttgart,1,1,D,1.5,4.75,6.0,1.51,4.6,5.86,1.53,4.66,6.32,1.53,2.5,1.56,2.56
2021-10-16,E0,2122,Watford,Liverpool,0,5,A,8.5,5.5,1.33,9.43,5.49,1.36,8.6,5.68,1.36,1.57,2.37,1.54,2.64
2021-10-16,E0,2122,Aston Villa,Wolves,2,3,A,2.15,3.25,3.5,2.32,3.31,3.47,2.16,3.31,3.89,2.1,1.72,2.44,1.61
2021-10-16,E0,2122,Leicester,Man United,4,2,H,3.5,3.6,2.05,3.56,3.68,2.13,3.7,3.97,1.99,1.72,2.1,1.68,2.32
2021-10-16,E0,2122,Man City,Burnley,2,0,H,1.12,9.0,19.0,1.13,9.94,24.65,1.15,9.13,21.3,1.36,3.2,1.36,3.29
2021-10-16,E0,2122,Norwich,Brighton,0,0,D,3.6,3.4,2.1,3.77,3.41,2.16,4.12,3.69,1.96,2.1,1.72,2.29,1.69
2021-10-16,E0,2122,Southampton,Leeds,1,0,H,2.3,3.5,3.0,2.44,3.58,3.01,2.12,3.72,3.55,1.72,2.1,1.75,2.19
2021-10-16,E0,2122,Brentford,Chelsea,0,1,A,6.5,3.8,1.57,6.69,3.92,1.61,5.64,3.87,1.7,2.0,1.8,2.0,1.91
2021-10-16,T1,2122,Giresunspor,Rizespor,2,0,H,1.85,3.3,4.0,1.95,3.5,4.34,1.78,3.62,5.21,2.07,1.72,2.13,1.78
2021-10-16,T1,2122,Sivasspor,Antalyaspor,2,2,D,1.72,3.6,4.33,1.87,3.67,4.5,1.91,3.39,4.72,2.0,1.8,2.21,1.72
2021-10-16,T1,2122,Ad. Demirspor,Yeni Malatyaspor,0,2,A,1.7,3.6,4.5,1.76,4.01,4.71,1.64,4.09,5.65,1.7,2.1,1.78,2.13
2021-10-17,D1,2122,Leverkusen,Bayern Munich,1,5,A,4.75,4.6,1.6,5.11,4.62,1.63,4.81,4.76,1.65,1.28,3.75,1.35,3.43
2021-10-17,D1,2122,Augsburg,Bielefeld,1,1,D,2.25,3.2,3.4,2.34,3.26,3.47,2.23,3.29,3.71,2.2,1.66,2.17,1.76
2021-10-17,E0,2122,Everton,West Ham,0,1,A,2.5,3.4,2.8,2.57,3.37,2.98,2.91,3.36,2.63,1.9,1.9,2.03,1.88
2021-10-17,E0,2122,Newcastle,Tottenham,2,3,A,3.5,3.6,2.05,3.57,3.66,2.13,3.58,3.71,2.11,1.8,2.0,1.76,2.17
2021-10-17,T1,2122,Kasimpasa,Goztep,1,2,A,2.15,3.2,3.2,2.36,3.49,3.1,1.98,3.8,3.85,1.95,1.85,1.8,2.09
2021-10-17,T1,2122,Altay,Karagumruk,0,1,A,2.0,3.25,3.6,2.1,3.68,3.58,2.22,3.45,3.48,1.8,2.0,1.66,2.32
2021-10-17,T1,2122,Galatasaray,Konyaspor,1,0,H,1.5,4.0,6.5,1.55,4.31,6.44,1.57,4.22,6.29,1.75,2.05,1.78,2.13
2021-10-17,T1,2122,Trabzonspor,Fenerbahce,3,1,H,2.2,3.2,3.1,2.55,3.29,3.03,2.5,3.34,3.05,1.8,2.0,1.85,2.04
2021-10-18,E0,2122,Arsenal,Crystal Palace,2,2,D,1.6,3.8,6.0,1.66,3.94,5.91,1.62,4.17,5.96,1.97,1.93,1.95,1.95
2021-10-18,T1,2122,Alanyaspor,Kayserispor,6,3,H,1.65,3.6,4.75,1.72,4.13,4.66,1.63,4.29,5.38,1.8,2.0,1.74,2.19
2021-10-18,T1,2122,Hatayspor,Gaziantep,2,1,H,1.7,3.6,4.5,1.81,3.82,4.56,1.89,3.75,4.25,1.75,2.05,1.73,2.19
2021-10-22,D1,2122,Mainz,Augsburg,4,1,H,1.61,3.8,5.75,1.66,3.88,6.06,1.64,3.89,6.3,2.0,1.8,2.09,1.81
2021-10-22,E0,2122,Arsenal,Aston Villa,3,1,H,1.83,3.75,4.2,1.92,3.77,4.22,2.04,3.65,3.87,1.72,2.1,1.83,2.07
2021-10-22,T1,2122,Yeni Malatyaspor,Altay,2,1,H,2.55,3.5,2.62,2.69,3.48,2.71,2.72,3.45,2.7,1.7,2.1,1.78,2.12
2021-10-23,D1,2122,Bayern Munich,Hoffenheim,4,0,H,1.14,9.0,15.0,1.19,8.15,14.52,1.19,8.46,14.37,1.2,4.5,1.2,4.4
2021-10-23,D1,2122,Bielefeld,Dortmund,1,3,A,6.0,4.5,1.5,6.82,4.6,1.51,6.53,4.44,1.55,1.61,2.3,1.83,2.06
2021-10-23,D1,2122,RB Leipzig,Greuther Furth,4,1,H,1.12,8.5,21.0,1.14,9.49,23.16,1.13,10.17,22.37,1.33,3.4,1.32,3.52
2021-10-23,D1,2122,Wolfsburg,Freiburg,0,2,A,2.1,3.3,3.6,2.19,3.37,3.7,2.23,3.35,3.63,2.1,1.72,2.2,1.74
2021-10-23,D1,2122,Hertha,M'gladbach,1,0,H,3.75,3.5,2.0,3.95,3.71,2.0,3.56,3.54,2.18,1.72,2.1,1.85,2.07
2021-10-23,E0,2122,Chelsea,Norwich,7,0,H,1.18,7.0,15.0,1.19,7.28,19.32,1.22,6.75,15.5,1.66,2.2,1.71,2.23
2021-10-23,E0,2122,Crystal Palace,Newcastle,1,1,D,1.9,3.6,4.0,1.99,3.7,3.98,2.0,3.51,4.2,1.9,1.9,2.1,1.81
2021-10-23,E0,2122,Everton,Watford,2,5,A,1.65,3.8,5.5,1.68,3.88,5.79,1.84,3.57,4.98,2.0,1.8,2.04,1.87
2021-10-23,E0,2122,Leeds,Wolves,1,1,D,2.4,3.4,2.87,2.67,3.46,2.79,2.64,3.44,2.84,1.9,1.9,1.93,1.97
2021-10-23,E0,2122,Southampton,Burnley,2,2,D,1.95,3.5,3.9,2.02,3.63,3.98,2.09,3.46,3.92,1.9,1.9,1.95,1.95
2021-10-23,E0,2122,Brighton,Man City,1,4,A,8.0,4.75,1.4,7.66,4.79,1.46,8.18,4.95,1.43,1.8,2.0,1.75,2.18
2021-10-23,T1,2122,Rizespor,Kasimpasa,2,1,H,2.87,3.4,2.3,2.95,3.5,2.48,3.01,3.42,2.48,1.9,1.9,1.88,2.0
2021-10-23,T1,2122,Gaziantep,Giresunspor,1,1,D,2.2,3.25,3.3,2.42,3.24,3.27,2.36,3.15,3.49,2.1,1.7,2.27,1.69
2021-10-23,T1,2122,Konyaspor,Kayserispor,2,0,H,1.72,3.6,4.5,1.76,4.0,4.74,1.66,4.03,5.53,1.9,1.9,1.97,1.92
2021-10-23,T1,2122,Goztep,Trabzonspor,0,1,A,3.8,3.6,1.9,4.01,3.93,1.9,3.45,3.43,2.24,1.75,2.05,1.89,1.99
2021-10-24,D1,2122,FC Koln,Leverkusen,2,2,D,3.3,3.8,2.05,3.36,4.0,2.11,3.16,4.01,2.19,1.53,2.5,1.51,2.71
2021-10-24,D1,2122,Stuttgart,Union Berlin,1,1,D,2.37,3.5,2.9,2.56,3.46,2.92,2.41,3.49,3.13,1.9,1.9,1.93,1.97
2021-10-24,D1,2122,Bochum,Ein Frankfurt,2,0,H,3.2,3.5,2.2,3.26,3.62,2.27,3.6,3.78,2.08,1.8,2.0,1.78,2.14
2021-10-24,E0,2122,Brentford,Leicester,1,2,A,2.62,3.3,2.7,2.66,3.47,2.79,2.86,3.56,2.55,1.9,1.9,1.89,2.02
2021-10-24,E0,2122,West Ham,Tottenham,1,0,H,2.3,3.5,3.0,2.32,3.54,3.23,2.25,3.65,3.29,1.72,2.1,1.76,2.17
2021-10-24,E0,2122,Man United,Liverpool,0,5,A,3.1,3.6,2.2,3.15,3.73,2.29,3.09,3.66,2.35,1.53,2.5,1.52,2.66
2021-10-24,T1,2122,Karagumruk,Hatayspor,1,1,D,2.15,3.6,3.1,2.22,3.83,3.15,2.23,3.79,3.17,1.65,2.2,1.58,2.48
2021-10-24,T1,2122,Antalyaspor,Buyuksehyr,1,2,A,2.6,3.2,2.7,2.76,3.29,2.76,3.06,3.15,2.61,2.0,1.8,2.15,1.76
2021-10-24,T1,2122,Sivasspor,Ad. Demirspor,1,1,D,2.05,3.5,3.4,2.18,3.63,3.33,2.11,3.54,3.69,1.85,1.95,2.01,1.88
2021-10-24,T1,2122,Fenerbahce,Alanyaspor,1,2,A,1.8,3.75,4.2,1.89,3.56,4.54,1.88,3.75,4.29,1.75,2.05,1.77,2.13
2021-10-25,T1,2122,Besiktas,Galatasaray,2,1,H,2.25,3.5,2.9,2.37,3.66,2.96,2.2,3.74,3.27,1.72,2.07,1.66,2.32
2021-10-29,D1,2122,Hoffenheim,Hertha,2,0,H,1.66,4.0,4.75,1.74,4.05,4.97,1.78,4.15,4.52,1.66,2.2,1.71,2.25
2021-10-29,T1,2122,Trabzonspor,Rizespor,2,1,H,1.33,5.25,8.0,1.38,5.25,8.37,1.44,4.8,7.83,1.53,2.4,1.65,2.33
2021-10-30,D1,2122,Bielefeld,Mainz,1,2,A,3.75,3.5,2.0,3.75,3.39,2.17,3.57,3.56,2.17,2.1,1.72,1.98,1.93
2021-10-30,D1,2122,Dortmund,FC Koln,2,0,H,1.45,5.0,6.0,1.52,4.91,6.13,1.5,5.02,6.34,1.4,3.0,1.51,2.71
2021-10-30,D1,2122,Freiburg,Greuther Furth,3,1,H,1.36,5.0,8.0,1.37,5.04,8.07,1.45,4.9,7.72,1.61,2.3,1.69,2.29
2021-10-30,D1,2122,Leverkusen,Wolfsburg,0,2,A,1.9,3.75,4.0,1.98,3.66,4.09,1.93,3.81,4.15,1.8,2.0,1.76,2.17
2021-10-30,D1,2122,Union Berlin,Bayern Munich,2,5,A,9.0,5.75,1.3,9.36,5.87,1.34,9.28,5.95,1.33,1.4,3.0,1.44,2.94
2021-10-30,D1,2122,Ein Frankfurt,RB Leipzig,1,1,D,4.2,4.0,1.75,4.22,4.14,1.83,4.84,4.15,1.74,1.53,2.5,1.63,2.4
2021-10-30,E0,2122,Leicester,Arsenal,0,2,A,2.4,3.5,2.87,2.52,3.49,2.95,2.55,3.53,2.88,1.8,2.0,1.79,2.12
2021-10-30,E0,2122,Burnley,Brentford,3,1,H,2.6,3.3,2.75,2.73,3.31,2.84,2.74,3.21,2.9,2.2,1.66,2.35,1.66
2021-10-30,E0,2122,Liverpool,Brighton,2,2,D,1.22,6.5,13.0,1.25,6.92,11.52,1.3,5.75,11.6,1.53,2.5,1.48,2.74
2021-10-30,E0,2122,Man City,Crystal Palace,0,2,A,1.14,8.0,19.0,1.15,8.94,22.14,1.14,9.25,21.0,1.44,2.75,1.43,2.92
2021-10-30,E0,2122,Newcastle,Chelsea,0,3,A,8.5,5.0,1.36,9.28,4.96,1.4,8.43,4.52,1.46,1.72,2.1,1.92,1.98
2021-10-30,E0,2122,Watford,Southampton,0,1,A,3.2,3.3,2.3,3.22,3.4,2.39,3.22,3.54,2.33,1.9,1.9,1.86,2.05
2021-10-30,E0,2122,Tottenham,Man United,0,3,A,2.87,3.6,2.37,3.04,3.66,2.38,3.18,3.74,2.27,1.72,2.1,1.94,1.96
2021-10-30,T1,2122,Kasimpasa,Yeni Malatyaspor,2,0,H,2.0,3.4,3.75,2.11,3.55,3.66,1.95,3.67,4.08,1.8,2.0,1.76,2.15
2021-10-30,T1,2122,Altay,Sivasspor,1,1,D,2.62,3.3,2.62,2.71,3.45,2.71,2.36,3.44,3.19,1.95,1.85,1.98,1.91
2021-10-30,T1,2122,Hatayspor,Besiktas,1,0,H,2.75,3.6,2.3,2.84,3.77,2.44,2.83,3.7,2.48,1.65,2.2,1.58,2.5
2021-10-30,T1,2122,Konyaspor,Fenerbahce,2,1,H,3.0,3.4,2.2,3.12,3.41,2.42,3.15,3.32,2.44,1.9,1.9,2.05,1.85
2021-10-31,D1,2122,Augsburg,Stuttgart,4,1,H,3.0,3.3,2.4,3.03,3.26,2.59,2.77,3.33,2.78,1.95,1.98,1.95,1.95
2021-10-31,D1,2122,M'gladbach,Bochum,2,1,H,1.36,5.0,8.5,1.38,5.18,9.3,1.35,5.59,9.48,1.53,2.5,1.5,2.72
2021-10-31,E0,2122,Norwich,Leeds,1,2,A,3.4,3.5,2.1,3.58,3.7,2.11,3.66,3.72,2.08,1.72,2.1,1.85,2.06
2021-10-31,E0,2122,Aston Villa,West Ham,1,4,A,2.8,3.5,2.45,2.86,3.58,2.54,2.94,3.5,2.52,1.8,2.0,1.83,2.08
2021-10-31,T1,2122,Kayserispor,Karagumruk,2,1,H,2.7,3.5,2.45,2.82,3.63,2.51,2.84,3.55,2.54,1.72,2.07,1.81,2.09
2021-10-31,T1,2122,Alanyaspor,Goztep,2,2,D,1.65,3.8,5.0,1.7,4.12,5.0,1.85,3.74,4.46,1.65,2.2,1.74,2.19
2021-10-31,T1,2122,Galatasaray,Gaziantep,2,0,H,1.4,4.5,7.0,1.47,4.58,7.46,1.51,4.59,6.66,1.66,2.15,1.74,2.18
2021-11-01,E0,2122,Wolves,Everton,2,1,H,2.2,3.2,3.5,2.27,3.4,3.47,2.3,3.19,3.66,2.3,1.61,2.54,1.57
2021-11-01,T1,2122,Buyuksehyr,Ad. Demirspor,2,1,H,2.0,3.5,3.6,2.07,3.65,3.6,2.02,3.64,3.85,1.85,1.95,1.94,1.94
2021-11-01,T1,2122,Giresunspor,Antalyaspor,1,2,A,2.0,3.2,3.8,2.2,3.36,3.56,2.04,3.32,4.2,2.15,1.66,2.3,1.67
2021-11-05,D1,2122,Mainz,M'gladbach,1,1,D,2.62,3.6,2.55,2.74,3.61,2.63,2.8,3.54,2.62,1.72,2.1,1.86,2.05
2021-11-05,E0,2122,Southampton,Aston Villa,1,0,H,1.95,3.6,3.75,2.04,3.71,3.79,2.17,3.59,3.54,1.72,2.1,1.79,2.13
2021-11-05,T1,2122,Gaziantep,Kasimpasa,2,0,H,2.2,3.4,3.2,2.41,3.44,3.11,2.55,3.47,2.88,1.8,2.0,1.9,1.99
2021-11-05,T1,2122,Rizespor,Alanyaspor,2,0,H,3.2,3.5,2.15,3.23,3.66,2.25,3.13,3.59,2.33,1.72,2.07,1.78,2.12
2021-11-06,D1,2122,Bayern Munich,Freiburg,2,1,H,1.16,8.0,15.0,1.19,7.95,15.9,1.18,8.31,15.97,1.25,4.0,1.24,3.96
2021-11-06,D1,2122,Bochum,Hoffenheim,2,0,H,3.8,3.8,1.9,3.74,3.87,2.01,3.95,4.05,1.95,1.61,2.3,1.75,2.19
2021-11-06,D1,2122,Stuttgart,Bielefeld,0,1,A,1.8,3.8,4.33,1.93,3.62,4.33,1.99,3.56,4.16,1.8,2.0,1.93,1.98
2021-11-06,D1,2122,Wolfsburg,Augsburg,1,0,H,1.5,4.2,6.5,1.55,4.24,6.96,1.6,4.2,6.2,1.8,2.0,1.81,2.1
2021-11-06,D1,2122,RB Leipzig,Dortmund,2,1,H,1.9,3.8,3.8,2.04,3.8,3.7,1.86,4.07,4.14,1.57,2.37,1.54,2.63
2021-11-06,E0,2122,Man United,Man City,0,2,A,4.75,4.0,1.7,4.84,4.16,1.74,4.79,4.21,1.73,1.57,2.37,1.7,2.27
2021-11-06,E0,2122,Brentford,Norwich,1,2,A,1.6,4.0,5.75,1.63,4.05,6.06,1.68,4.07,5.46,2.0,1.8,1.97,1.93
2021-11-06,E0,2122,Chelsea,Burnley,1,1,D,1.25,6.0,12.0,1.27,6.08,13.48,1.29,5.77,13.05,1.72,2.1,1.9,2.0
2021-11-06,E0,2122,Crystal Palace,Wolves,2,0,H,2.45,3.2,3.0,2.56,3.17,3.17,2.37,3.16,3.52,2.37,1.57,2.58,1.56
2021-11-06,E0,2122,Brighton,Newcastle,1,1,D,1.57,3.9,6.0,1.63,4.11,6.04,1.61,4.2,6.11,1.9,1.9,1.95,1.95
2021-11-06,T1,2122,Sivasspor,Giresunspor,0,0,D,1.85,3.5,4.2,1.92,3.49,4.53,2.26,3.07,3.84,2.1,1.7,2.42,1.61
2021-11-06,T1,2122,Antalyaspor,Altay,1,0,H,2.45,3.2,2.9,2.58,3.37,2.92,2.47,3.32,3.11,1.85,1.95,2.03,1.87
2021-11-06,T1,2122,Yeni Malatyaspor,Buyuksehyr,1,3,A,3.8,3.2,2.05,3.67,3.47,2.14,3.57,3.29,2.25,1.9,1.9,1.96,1.93
2021-11-06,T1,2122,Besiktas,Trabzonspor,1,2,A,2.4,3.4,2.8,2.43,3.64,2.93,1.94,3.93,3.84,1.66,2.15,1.65,2.35
2021-11-07,D1,2122,Hertha,Leverkusen,1,1,D,3.5,3.75,2.0,3.76,3.69,2.06,3.47,3.55,2.21,1.72,2.1,1.86,2.05
2021-11-07,D1,2122,FC Koln,Union Berlin,2,2,D,2.05,3.5,3.6,2.09,3.62,3.74,2.06,3.57,3.9,1.72,2.1,1.89,2.01
2021-11-07,D1,2122,Greuther Furth,Ein Frankfurt,1,2,A,3.75,3.75,1.95,3.88,3.87,1.97,3.76,3.77,2.03,1.72,2.1,1.74,2.21
2021-11-07,E0,2122,Arsenal,Watford,1,0,H,1.36,4.75,8.5,1.41,4.98,8.73,1.46,4.86,7.41,1.57,2.37,1.66,2.35
2021-11-07,E0,2122,Everton,Tottenham,0,0,D,3.1,3.25,2.37,3.15,3.34,2.46,3.48,3.35,2.31,2.0,1.8,2.13,1.79
2021-11-07,E0,2122,Leeds,Leicester,1,1,D,2.8,3.5,2.45,2.84,3.61,2.54,2.69,3.49,2.76,1.66,2.2,1.88,2.01
2021-11-07,E0,2122,West Ham,Liverpool,3,2,H,4.75,4.0,1.7,4.74,4.15,1.75,4.47,4.4,1.75,1.5,2.62,1.52,2.65
2021-11-07,T1,2122,Goztep,Konyaspor,0,2,A,2.4,3.1,3.1,2.57,3.38,2.93,2.39,3.35,3.22,2.05,1.75,2.05,1.85
2021-11-07,T1,2122,Ad. Demirspor,Hatayspor,1,0,H,2.3,3.2,3.1,2.42,3.63,2.95,2.38,3.64,3.0,1.7,2.1,1.68,2.29
2021-11-07,T1,2122,Karagumruk,Galatasaray,1,1,D,3.4,3.4,2.1,3.55,3.49,2.18,3.35,3.68,2.17,1.65,2.2,1.66,2.32
2021-11-07,T1,2122,Fenerbahce,Kayserispor,2,2,D,1.44,4.5,6.5,1.45,4.88,7.18,1.43,5.15,7.11,1.65,2.2,1.61,2.42
2021-11-19,D1,2122,Augsburg,Bayern Munich,2,1,H,15.0,8.0,1.16,15.42,7.65,1.2,13.46,7.74,1.21,1.3,3.5,1.34,3.39
2021-11-20,D1,2122,Bielefeld,Wolfsburg,2,2,D,4.2,3.5,1.9,4.13,3.48,2.03,3.98,3.43,2.06,2.05,1.85,2.12,1.79
2021-11-20,D1,2122,Dortmund,Stuttgart,2,1,H,1.33,5.5,8.0,1.37,5.51,8.9,1.36,5.48,9.44,1.44,2.75,1.6,2.49
2021-11-20,D1,2122,Hoffenheim,RB Leipzig,2,0,H,4.0,4.33,1.75,4.11,4.36,1.81,4.55,4.12,1.78,1.57,2.37,1.67,2.33
2021-11-20,D1,2122,Leverkusen,Bochum,1,0,H,1.36,5.0,9.0,1.42,4.98,8.29,1.47,4.74,7.09,1.53,2.5,1.57,2.55
2021-11-20,D1,2122,M'gladbach,Greuther Furth,4,0,H,1.28,6.0,10.0,1.33,5.5,11.2,1.28,6.41,11.86,1.44,2.75,1.39,3.11
2021-11-20,D1,2122,Union Berlin,Hertha,2,0,H,2.0,3.5,3.8,2.02,3.45,4.21,2.02,3.3,4.43,2.2,1.66,2.54,1.64
2021-11-20,E0,2122,Leicester,Chelsea,0,3,A,4.75,3.75,1.75,4.92,3.76,1.8,5.06,3.81,1.78,2.03,1.87,2.09,1.83
2021-11-20,E0,2122,Aston Villa,Brighton,2,0,H,2.45,3.3,2.9,2.48,3.33,3.14,2.5,3.37,3.08,2.1,1.72,2.07,1.85
2021-11-20,E0,2122,Burnley,Crystal Palace,3,3,D,2.7,3.2,2.7,2.79,3.29,2.79,2.86,3.25,2.74,2.2,1.66,2.34,1.68
2021-11-20,E0,2122,Newcastle,Brentford,3,3,D,2.62,3.4,2.7,2.67,3.42,2.81,2.51,3.45,3.0,2.0,1.9,1.91,1.99
2021-11-20,E0,2122,Norwich,Southampton,2,1,H,3.6,3.5,2.05,3.71,3.54,2.12,3.53,3.53,2.19,2.03,1.87,1.98,1.93
2021-11-20,E0,2122,Watford,Man United,4,1,H,6.5,4.75,1.45,6.25,4.69,1.53,6.58,4.8,1.5,1.66,2.2,1.61,2.45
2021-11-20,E0,2122,Wolves,West Ham,1,0,H,3.0,3.25,2.4,3.18,3.28,2.49,3.19,3.32,2.46,2.0,1.8,2.01,1.9
2021-11-20,E0,2122,Liverpool,Arsenal,4,0,H,1.45,4.75,6.5,1.47,5.0,6.84,1.55,4.68,6.09,1.5,2.62,1.54,2.64
2021-11-20,T1,2122,Hatayspor,Antalyaspor,3,1,H,1.75,3.6,4.6,1.84,3.73,4.59,2.03,3.45,4.05,1.9,1.95,1.95,1.93
2021-11-20,T1,2122,Buyuksehyr,Sivasspor,2,1,H,1.9,3.3,4.2,2.0,3.29,4.43,2.0,3.32,4.39,2.15,1.66,2.2,1.72
2021-11-20,T1,2122,Giresunspor,Yeni Malatyaspor,1,0,H,1.75,3.5,4.75,1.85,3.57,4.77,1.74,3.66,5.62,2.1,1.7,2.2,1.72
2021-11-20,T1,2122,Alanyaspor,Besiktas,2,0,H,2.8,3.6,2.3,2.91,3.74,2.4,3.09,3.7,2.31,1.72,2.07,1.82,2.07
2021-11-21,D1,2122,Freiburg,Ein Frankfurt,0,2,A,2.0,3.6,3.6,2.04,3.7,3.82,1.88,3.77,4.45,1.72,2.1,1.88,2.03
2021-11-21,D1,2122,Mainz,FC Koln,1,1,D,2.1,3.6,3.4,2.19,3.53,3.53,2.1,3.53,3.8,1.72,2.1,1.81,2.1
2021-11-21,E0,2122,Man City,Everton,3,0,H,1.14,8.0,19.0,1.19,7.71,17.04,1.2,7.5,16.0,1.5,2.62,1.54,2.59
2021-11-21,E0,2122,Tottenham,Leeds,2,1,H,1.7,4.2,4.5,1.77,4.15,4.61,1.61,4.18,6.01,1.72,2.1,1.88,2.03
2021-11-21,T1,2122,Kasimpasa,Karagumruk,1,3,A,2.4,3.4,2.8,2.41,3.6,2.99,2.61,3.47,2.8,1.7,2.1,1.76,2.15
2021-11-21,T1,2122,Altay,Ad. Demirspor,1,3,A,2.1,3.5,3.3,2.25,3.64,3.23,2.47,3.45,3.01,1.72,2.07,1.86,2.03
2021-11-21,T1,2122,Konyaspor,Rizespor,3,0,H,1.65,3.75,5.5,1.68,4.11,5.21,1.57,4.26,6.25,1.85,2.0,1.93,1.95
2021-11-21,T1,2122,Galatasaray,Fenerbahce,1,2,A,2.05,3.4,3.5,2.19,3.41,3.6,2.27,3.36,3.46,1.85,2.0,2.02,1.88
2021-11-22,T1,2122,Kayserispor,Goztep,1,1,D,2.37,3.3,2.87,2.54,3.48,2.84,2.63,3.32,2.89,1.9,1.95,2.03,1.86
2021-11-22,T1,2122,Trabzonspor,Gaziantep,3,0,H,1.5,4.2,5.75,1.56,4.3,6.14,1.7,3.93,5.29,1.72,2.07,1.97,1.91
2021-11-26,D1,2122,Stuttgart,Mainz,2,1,H,2.9,3.3,2.45,2.95,3.4,2.57,2.67,3.4,2.83,2.08,1.85,1.99,1.91
2021-11-26,T1,2122,Ad. Demirspor,Kasimpasa,0,0,D,1.75,3.8,4.33,1.85,3.68,4.6,1.76,4.03,4.65,1.85,2.0,1.58,2.49
2021-11-26,T1,2122,Buyuksehyr,Altay,0,0,D,1.65,3.75,5.25,1.71,3.84,5.33,1.66,4.04,5.55,1.75,2.05,1.72,2.22
2021-11-27,D1,2122,Bochum,Freiburg,2,1,H,3.2,3.4,2.25,3.38,3.27,2.38,3.24,3.4,2.38,2.03,1.9,2.08,1.84
2021-11-27,D1,2122,FC Koln,M'gladbach,4,1,H,2.7,3.8,2.37,2.92,3.65,2.46,3.08,3.64,2.36,1.57,2.37,1.82,2.08
2021-11-27,D1,2122,Greuther Furth,Hoffenheim,3,6,A,4.75,4.33,1.65,4.94,4.49,1.67,5.4,4.47,1.63,1.53,2.5,1.58,2.52
2021-11-27,D1,2122,Hertha,Augsburg,1,1,D,2.05,3.25,3.8,2.22,3.23,3.81,1.95,3.51,4.42,2.2,1.66,2.15,1.77
2021-11-27,D1,2122,Wolfsburg,Dortmund,1,3,A,2.9,3.5,2.37,3.02,3.53,2.45,2.8,3.41,2.69,1.89,2.04,1.87,2.04
2021-11-27,D1,2122,Bayern Munich,Bielefeld,1,0,H,1.07,12.0,27.0,1.09,12.18,28.87,1.08,14.0,27.5,1.22,4.33,1.21,4.17
2021-11-27,E0,2122,Arsenal,Newcastle,2,0,H,1.44,4.75,7.0,1.48,4.95,6.77,1.53,4.52,6.63,1.61,2.3,1.67,2.33
2021-11-27,E0,2122,Crystal Palace,Aston Villa,1,2,A,2.2,3.4,3.3,2.3,3.4,3.42,2.36,3.26,3.43,2.07,1.86,2.3,1.68
2021-11-27,E0,2122,Liverpool,Southampton,4,0,H,1.28,6.0,9.0,1.3,6.08,10.1,1.25,6.75,12.0,1.4,3.0,1.44,2.9
2021-11-27,E0,2122,Norwich,Wolves,0,0,D,3.5,3.3,2.15,3.61,3.44,2.2,3.6,3.35,2.24,2.3,1.61,2.35,1.66
2021-11-27,E0,2122,Brighton,Leeds,0,0,D,2.05,3.4,3.75,2.14,3.44,3.78,2.23,3.34,3.64,1.98,1.95,2.06,1.85
2021-11-27,T1,2122,Antalyaspor,Alanyaspor,3,0,H,2.8,3.25,2.5,2.75,3.52,2.63,2.4,3.5,3.08,1.95,1.9,1.96,1.93
2021-11-27,T1,2122,Rizespor,Kayserispor,1,0,H,2.25,3.3,3.2,2.27,3.66,3.2,2.33,3.43,3.26,1.9,1.95,1.98,1.91
2021-11-27,T1,2122,Besiktas,Giresunspor,0,4,A,1.5,4.2,6.5,1.56,4.38,6.25,1.71,3.92,5.27,1.88,1.98,1.95,1.93
2021-11-28,D1,2122,Ein Frankfurt,Union Berlin,2,1,H,2.3,3.5,3.0,2.39,3.59,3.08,2.46,3.27,3.22,1.97,1.96,2.13,1.79
2021-11-28,D1,2122,RB Leipzig,Leverkusen,1,3,A,1.85,4.0,3.8,1.85,4.07,4.22,2.01,4.01,3.63,1.53,2.5,1.48,2.8
2021-11-28,E0,2122,Brentford,Everton,1,0,H,2.25,3.2,3.4,2.29,3.33,3.51,2.29,3.26,3.62,2.1,1.72,2.33,1.67
2021-11-28,E0,2122,Leicester,Watford,4,2,H,1.61,4.0,5.5,1.65,4.16,5.57,1.69,4.05,5.33,1.66,2.2,1.81,2.09
2021-11-28,E0,2122,Man City,West Ham,2,1,H,1.28,5.75,10.0,1.3,5.98,10.56,1.27,6.5,11.0,1.5,2.62,1.51,2.65
2021-11-28,E0,2122,Chelsea,Man United,1,1,D,1.57,4.0,6.0,1.63,4.21,5.75,1.58,4.21,6.44,1.8,2.0,1.9,1.98
2021-11-28,T1,2122,Gaziantep,Konyaspor,3,2,H,2.7,3.1,2.7,2.71,3.49,2.69,2.33,3.42,3.27,2.02,1.83,2.08,1.81
2021-11-28,T1,2122,Karagumruk,Trabzonspor,0,2,A,3.3,3.4,2.1,3.33,3.94,2.11,3.46,3.77,2.16,1.7,2.1,1.74,2.22
2021-11-28,T1,2122,Sivasspor,Hatayspor,4,0,H,2.2,3.2,3.3,2.37,3.34,3.27,2.28,3.35,3.45,2.05,1.75,2.19,1.73
2021-11-28,T1,2122,Yeni Malatyaspor,Galatasaray,0,0,D,4.75,3.6,1.7,4.77,3.91,1.75,4.5,3.49,1.9,1.7,2.1,2.08,1.81
2021-11-29,T1,2122,Goztep,Fenerbahce,1,1,D,3.8,3.3,2.0,3.76,3.75,1.99,3.19,3.4,2.38,1.9,1.95,1.86,2.03
2021-11-30,E0,2122,Newcastle,Norwich,1,1,D,1.95,3.5,3.9,2.02,3.68,3.91,2.09,3.6,3.75,1.85,2.05,1.9,2.01
2021-11-30,E0,2122,Leeds,Crystal Palace,1,0,H,2.4,3.3,3.0,2.43,3.41,3.15,2.36,3.39,3.31,1.94,1.96,2.04,1.87
2021-12-01,E0,2122,Southampton,Leicester,2,2,D,2.37,3.5,2.87,2.47,3.56,2.98,2.42,3.57,3.02,1.72,2.1,1.83,2.06
2021-12-01,E0,2122,Watford,Chelsea,1,2,A,10.0,5.25,1.3,10.31,5.61,1.33,11.04,5.51,1.32,1.72,2.1,1.74,2.2
2021-12-01,E0,2122,West Ham,Brighton,1,1,D,1.95,3.6,3.8,2.05,3.6,3.87,2.04,3.45,4.49,2.06,1.84,2.23,1.72
2021-12-01,E0,2122,Wolves,Burnley,0,0,D,1.85,3.5,4.33,1.98,3.43,4.39,1.88,3.43,4.94,2.2,1.66,2.21,1.73
2021-12-01,E0,2122,Aston Villa,Man City,1,2,A,9.0,5.25,1.33,8.57,5.25,1.39,7.4,4.69,1.48,1.61,2.3,1.81,2.09
2021-12-01,E0,2122,Everton,Liverpool,1,4,A,7.5,5.25,1.36,7.67,5.17,1.43,9.13,5.18,1.38,1.57,2.37,1.65,2.36
2021-12-02,E0,2122,Tottenham,Brentford,2,0,H,1.6,4.2,5.25,1.67,4.22,5.34,1.69,3.98,5.44,1.92,1.98,2.03,1.88
2021-12-02,E0,2122,Man United,Arsenal,3,2,H,1.95,3.75,3.75,2.07,3.68,3.75,2.08,3.76,3.58,1.8,2.0,1.7,2.25
2021-12-03,D1,2122,Union Berlin,RB Leipzig,2,1,H,3.5,3.7,2.0,3.6,3.53,2.17,3.83,3.6,2.07,1.72,2.1,1.88,2.03
2021-12-03,T1,2122,Kasimpasa,Besiktas,1,1,D,3.5,3.75,1.95,3.6,3.81,2.05,3.66,3.78,2.04,1.61,2.25,1.66,2.32
2021-12-04,D1,2122,Augsburg,Bochum,2,3,A,2.3,3.4,3.1,2.38,3.35,3.28,2.26,3.58,3.32,2.04,1.86,1.83,2.08
2021-12-04,D1,2122,Bielefeld,FC Koln,1,1,D,3.4,3.5,2.1,3.57,3.49,2.2,3.14,3.49,2.4,1.87,2.03,1.81,2.1
2021-12-04,D1,2122,Hoffenheim,Ein Frankfurt,3,2,H,1.9,3.8,3.75,1.9,4.09,3.95,1.98,3.88,3.85,1.57,2.37,1.63,2.41
2021-12-04,D1,2122,Leverkusen,Greuther Furth,7,1,H,1.22,6.5,12.0,1.25,6.7,12.42,1.2,7.78,14.5,1.33,3.4,1.35,3.37
2021-12-04,D1,2122,Mainz,Wolfsburg,3,0,H,2.5,3.3,2.87,2.54,3.37,3.02,2.23,3.49,3.47,2.1,1.72,2.02,1.88
2021-12-04,D1,2122,Dortmund,Bayern Munich,2,3,A,4.0,4.33,1.75,4.04,4.37,1.83,3.62,4.26,1.95,1.33,3.4,1.36,3.34
2021-12-04,E0,2122,West Ham,Chelsea,3,2,H,4.75,3.6,1.75,4.85,3.58,1.85,4.92,3.65,1.83,2.0,1.8,2.13,1.78
2021-12-04,E0,2122,Newcastle,Burnley,1,0,H,2.3,3.3,3.2,2.4,3.38,3.22,2.41,3.49,3.09,1.96,1.94,1.85,2.06
2021-12-04,E0,2122,Southampton,Brighton,1,1,D,2.45,3.2,3.0,2.48,3.25,3.22,2.65,3.23,2.96,2.2,1.66,2.05,1.85
2021-12-04,E0,2122,Wolves,Liverpool,0,1,A,8.0,4.75,1.4,8.08,4.72,1.45,9.24,5.16,1.38,1.66,2.2,1.65,2.35
2021-12-04,E0,2122,Watford,Man City,1,3,A,12.0,7.0,1.2,14.88,7.43,1.21,15.0,7.0,1.22,1.44,2.75,1.49,2.76
2021-12-04,T1,2122,Alanyaspor,Sivasspor,0,1,A,2.3,3.25,3.2,2.37,3.44,3.18,2.66,3.16,2.98,2.05,1.75,2.23,1.71
2021-12-04,T1,2122,Trabzonspor,Ad. Demirspor,2,0,H,1.8,3.6,4.33,1.82,3.99,4.35,1.96,3.56,4.18,1.66,2.15,1.81,2.08
2021-12-04,T1,2122,Galatasaray,Altay,2,2,D,1.44,4.5,6.5,1.48,4.72,7.04,1.41,5.12,7.77,1.61,2.25,1.6,2.57
2021-12-05,D1,2122,Stuttgart,Hertha,2,2,D,2.2,3.4,3.3,2.31,3.43,3.35,2.08,3.66,3.73,1.99,1.91,1.93,1.97
2021-12-05,D1,2122,M'gladbach,Freiburg,0,6,A,1.83,3.75,4.2,1.88,3.8,4.33,1.81,3.92,4.64,1.72,2.1,1.75,2.18
2021-12-05,E0,2122,Leeds,Brentford,2,2,D,1.95,3.6,3.8,1.98,3.63,4.13,1.83,3.63,4.94,1.96,1.94,2.19,1.75
2021-12-05,E0,2122,Man United,Crystal Palace,1,0,H,1.5,4.33,6.5,1.59,4.13,6.46,1.54,4.49,6.56,1.8,2.0,1.7,2.27
2021-12-05,E0,2122,Tottenham,Norwich,3,0,H,1.36,5.0,8.5,1.43,4.9,8.28,1.48,4.51,7.94,1.87,2.03,1.98,1.93
2021-12-05,E0,2122,Aston Villa,Leicester,2,1,H,2.37,3.4,3.0,2.38,3.49,3.17,2.4,3.42,3.17,1.9,2.0,1.87,2.03
2021-12-05,T1,2122,Kayserispor,Antalyaspor,2,0,H,2.55,3.2,2.75,2.62,3.39,2.86,2.58,3.27,2.99,2.02,1.83,2.16,1.75
2021-12-05,T1,2122,Giresunspor,Karagumruk,3,1,H,2.3,3.3,3.0,2.37,3.61,3.04,2.18,3.54,3.49,1.95,1.9,1.98,1.91
2021-12-05,T1,2122,Hatayspor,Buyuksehyr,0,3,A,2.45,3.4,2.7,2.63,3.54,2.74,2.97,3.38,2.53,1.88,1.98,1.99,1.89
2021-12-05,T1,2122,Fenerbahce,Rizespor,4,0,H,1.44,4.5,7.5,1.44,4.72,8.06,1.38,5.25,8.48,1.61,2.25,1.56,2.55
2021-12-06,E0,2122,Everton,Arsenal,2,1,H,3.4,3.5,2.1,3.45,3.65,2.18,3.33,3.42,2.31,2.06,1.84,2.09,1.83
2021-12-06,T1,2122,Goztep,Gaziantep,2,1,H,2.25,3.3,3.1,2.36,3.49,3.09,2.12,3.53,3.65,2.0,1.85,1.94,1.94
2021-12-06,T1,2122,Konyaspor,Yeni Malatyaspor,0,0,D,1.7,3.6,4.75,1.78,3.7,4.87,1.73,3.67,5.54,1.8,2.0,2.07,1.83
2021-12-10,D1,2122,FC Koln,Augsburg,0,2,A,1.65,4.0,5.0,1.72,3.93,5.28,1.75,3.97,4.97,1.72,2.1,1.64,2.39
2021-12-10,E0,2122,Brentford,Watford,2,1,H,2.25,3.3,3.3,2.32,3.33,3.44,2.63,3.45,2.82,2.01,1.89,1.93,1.96
2021-12-10,T1,2122,Altay,Hatayspor,1,2,A,2.37,3.5,2.87,2.4,3.65,2.96,2.44,3.57,2.96,1.7,2.1,1.87,2.02
2021-12-11,D1,2122,Bayern Munich,Mainz,2,1,H,1.2,7.5,12.0,1.24,6.98,12.36,1.23,7.4,12.5,1.33,3.4,1.36,3.39
2021-12-11,D1,2122,Bochum,Dortmund,1,1,D,6.0,4.5,1.5,6.3,4.83,1.52,6.6,4.85,1.5,1.44,2.75,1.58,2.52
2021-12-11,D1,2122,Freiburg,Hoffenheim,1,2,A,2.3,3.5,3.0,2.44,3.56,3.02,2.28,3.55,3.31,1.61,2.3,1.83,2.08
2021-12-11,D1,2122,Hertha,Bielefeld,2,0,H,2.0,3.3,4.0,2.09,3.31,4.15,2.04,3.4,4.19,2.0,1.8,2.21,1.74
2021-12-11,D1,2122,RB Leipzig,M'gladbach,4,1,H,1.75,4.2,4.2,1.74,4.39,4.49,1.88,3.91,4.15,1.53,2.5,1.68,2.31
2021-12-11,D1,2122,Wolfsburg,Stuttgart,0,2,A,1.8,3.75,4.33,1.88,3.69,4.49,2.01,3.53,4.14,1.94,1.99,2.02,1.89
2021-12-11,E0,2122,Man City,Wolves,1,0,H,1.14,8.0,19.0,1.17,8.21,20.21,1.16,8.25,21.0,1.53,2.5,1.53,2.64
2021-12-11,E0,2122,Arsenal,Southampton,3,0,H,1.61,4.0,5.5,1.68,4.01,5.61,1.75,4.1,4.76,1.8,2.0,1.74,2.2
2021-12-11,E0,2122,Chelsea,Leeds,3,2,H,1.25,5.75,12.0,1.28,6.1,11.9,1.25,6.75,13.0,1.57,2.37,1.46,2.84
2021-12-11,E0,2122,Liverpool,Aston Villa,1,0,H,1.2,7.0,13.0,1.23,7.15,12.65,1.24,6.75,13.0,1.4,3.0,1.43,2.83
2021-12-11,E0,2122,Norwich,Man United,0,1,A,7.0,4.5,1.45,7.52,4.9,1.45,7.48,5.11,1.44,1.72,2.1,1.68,2.32
2021-12-11,T1,2122,Karagumruk,Konyaspor,1,4,A,2.37,3.5,2.8,2.52,3.36,3.0,2.29,3.46,3.31,2.0,1.85,1.93,1.95
2021-12-11,T1,2122,Buyuksehyr,Kasimpasa,2,1,H,1.61,4.0,5.0,1.65,4.12,5.54,1.75,3.76,5.18,1.7,2.1,1.96,1.93
2021-12-11,T1,2122,Rizespor,Goztep,3,1,H,2.45,3.5,2.7,2.6,3.56,2.77,2.92,3.37,2.58,1.85,2.0,2.0,1.88
2021-12-11,T1,2122,Antalyaspor,Trabzonspor,2,1,H,3.4,3.5,2.1,3.5,3.63,2.14,3.15,3.16,2.54,1.83,2.02,2.18,1.74
2021-12-12,D1,2122,Greuther Furth,Union Berlin,1,0,H,4.75,4.0,1.7,4.89,4.01,1.75,4.02,3.6,2.01,1.72,2.1,1.91,2.0
2021-12-12,D1,2122,Ein Frankfurt,Leverkusen,5,2,H,3.2,3.8,2.1,3.42,3.84,2.13,3.2,3.75,2.25,1.57,2.37,1.69,2.29
2021-12-12,E0,2122,Burnley,West Ham,0,0,D,3.6,3.6,2.0,3.74,3.75,2.05,3.58,3.53,2.16,1.87,2.03,1.93,1.97
2021-12-12,E0,2122,Leicester,Newcastle,4,0,H,1.66,4.1,4.75,1.78,4.01,4.71,1.7,4.12,5.06,1.57,2.37,1.69,2.27
2021-12-12,E0,2122,Crystal Palace,Everton,3,1,H,2.3,3.2,3.3,2.3,3.22,3.63,2.27,3.25,3.66,2.3,1.61,2.34,1.66
2021-12-12,T1,2122,Ad. Demirspor,Giresunspor,1,0,H,2.05,3.4,3.6,2.12,3.57,3.62,2.25,3.24,3.64,2.0,1.85,2.08,1.81
2021-12-12,T1,2122,Yeni Malatyaspor,Alanyaspor,2,6,A,3.2,3.3,2.25,3.02,3.47,2.44,2.74,3.32,2.77,2.0,1.85,2.14,1.76
2021-12-12,T1,2122,Besiktas,Kayserispor,4,2,H,1.5,4.2,6.5,1.51,4.5,6.76,1.4,5.24,7.87,1.7,2.1,1.57,2.52
2021-12-13,T1,2122,Sivasspor,Galatasaray,1,0,H,3.0,3.1,2.4,2.92,3.45,2.5,2.79,3.15,2.84,1.98,1.88,2.33,1.66
2021-12-13,T1,2122,Gaziantep,Fenerbahce,3,2,H,3.3,3.4,2.15,3.41,3.52,2.19,3.58,3.72,2.08,1.95,1.9,1.79,2.11
2021-12-14,D1,2122,Stuttgart,Bayern Munich,0,5,A,9.0,6.0,1.28,9.74,6.72,1.29,9.5,6.1,1.32,1.36,3.2,1.45,2.9
2021-12-14,D1,2122,Bielefeld,Bochum,2,0,H,2.3,3.4,3.1,2.36,3.39,3.3,2.21,3.51,3.51,1.97,1.96,2.05,1.86
2021-12-14,D1,2122,Mainz,Hertha,4,0,H,1.9,3.5,4.2,1.96,3.51,4.37,1.95,3.5,4.43,2.04,1.89,2.14,1.78
2021-12-14,D1,2122,Wolfsburg,FC Koln,2,3,A,2.1,3.5,3.4,2.23,3.51,3.45,2.24,3.7,3.28,1.9,2.03,1.72,2.23
2021-12-14,E0,2122,Norwich,Aston Villa,0,2,A,3.3,3.3,2.25,3.45,3.3,2.33,3.78,3.43,2.14,2.1,1.72,2.11,1.8
2021-12-14,E0,2122,Man City,Leeds,7,0,H,1.14,8.5,15.0,1.16,9.0,19.75,1.14,9.5,20.0,1.36,3.2,1.33,3.49
2021-12-15,D1,2122,M'gladbach,Ein Frankfurt,2,3,A,1.95,3.8,3.6,2.03,3.83,3.7,2.05,3.82,3.65,1.66,2.2,1.67,2.33
2021-12-15,D1,2122,Augsburg,RB Leipzig,1,1,D,6.5,4.75,1.45,6.4,4.8,1.51,7.46,4.94,1.45,1.61,2.3,1.55,2.59
2021-12-15,D1,2122,Dortmund,Greuther Furth,3,0,H,1.1,10.0,21.0,1.14,9.77,22.3,1.12,10.1,27.0,1.25,4.0,,
2021-12-15,D1,2122,Leverkusen,Hoffenheim,2,2,D,1.8,4.0,4.0,1.88,4.2,3.97,2.05,3.85,3.64,1.44,2.75,1.56,2.57
2021-12-15,D1,2122,Union Berlin,Freiburg,0,0,D,2.4,3.4,2.9,2.52,3.29,3.11,2.68,3.14,3.03,2.05,1.85,2.4,1.63
2021-12-15,E0,2122,Brighton,Wolves,0,1,A,2.25,3.1,3.5,2.37,3.05,3.66,2.0,3.25,4.6,2.5,1.53,2.58,1.55
2021-12-15,E0,2122,Crystal Palace,Southampton,2,2,D,2.15,3.3,3.5,2.17,3.41,3.71,2.03,3.49,4.08,2.1,1.72,2.06,1.85
2021-12-15,E0,2122,Arsenal,West Ham,2,0,H,2.1,3.6,3.3,2.27,3.58,3.32,2.3,3.62,3.19,1.85,2.05,1.87,2.03
2021-12-16,E0,2122,Chelsea,Everton,1,1,D,1.22,6.5,13.0,1.24,6.36,14.4,1.23,7.83,16.72,1.72,2.1,1.71,2.23
2021-12-16,E0,2122,Liverpool,Newcastle,3,1,H,1.12,9.0,19.0,1.13,9.72,24.98,1.1,12.0,27.0,1.33,3.4,1.32,3.54
2021-12-17,D1,2122,Bayern Munich,Wolfsburg,4,0,H,1.18,8.0,13.0,1.2,8.0,14.0,1.18,8.5,15.0,1.3,3.5,1.32,3.22
2021-12-17,T1,2122,Giresunspor,Altay,3,1,H,1.85,3.8,3.75,1.93,3.69,4.13,1.82,3.77,4.66,1.85,2.0,1.93,1.96
2021-12-18,D1,2122,Bochum,Union Berlin,0,1,A,2.9,3.4,2.37,3.15,3.36,2.46,3.78,3.41,2.15,2.0,1.8,2.15,1.78
2021-12-18,D1,2122,Ein Frankfurt,Mainz,1,0,H,2.25,3.5,3.0,2.46,3.48,3.05,2.62,3.36,2.92,1.8,2.0,2.03,1.88
2021-12-18,D1,2122,Greuther Furth,Augsburg,0,0,D,2.9,3.4,2.37,3.07,3.48,2.45,3.54,3.56,2.18,1.96,1.94,2.01,1.89
2021-12-18,D1,2122,Hoffenheim,M'gladbach,1,1,D,1.95,3.8,3.5,2.05,4.08,3.46,2.01,4.09,3.55,1.5,2.62,1.49,2.77
2021-12-18,D1,2122,RB Leipzig,Bielefeld,0,2,A,1.2,7.0,13.0,1.21,6.91,16.02,1.21,7.26,15.43,1.53,2.5,1.44,2.92
2021-12-18,D1,2122,Hertha,Dortmund,3,2,H,5.25,4.33,1.57,5.54,4.46,1.61,5.13,4.39,1.66,1.57,2.37,1.72,2.23
2021-12-18,E0,2122,Leeds,Arsenal,1,4,A,3.9,3.8,1.83,3.89,3.84,1.93,5.58,4.41,1.62,1.72,2.1,1.74,2.21
2021-12-18,T1,2122,Kasimpasa,Sivasspor,1,3,A,2.75,3.4,2.45,2.95,3.38,2.55,2.67,3.21,3.03,2.05,1.8,2.22,1.71
2021-12-18,T1,2122,Konyaspor,Antalyaspor,1,0,H,2.0,3.6,3.5,2.05,3.54,3.88,2.21,3.23,3.77,1.98,1.88,2.13,1.77
2021-12-18,T1,2122,Trabzonspor,Hatayspor,2,0,H,1.75,3.75,4.33,1.83,3.88,4.43,1.74,3.96,4.96,1.75,2.05,1.85,2.05
2021-12-18,T1,2122,Alanyaspor,Ad. Demirspor,1,3,A,2.2,3.5,3.0,2.32,3.63,3.12,2.36,3.54,3.11,1.8,2.0,1.74,2.18
2021-12-18,T1,2122,Galatasaray,Buyuksehyr,1,1,D,2.05,3.5,3.5,2.15,3.74,3.39,2.44,3.46,3.04,1.95,1.9,1.86,2.03
2021-12-19,D1,2122,Freiburg,Leverkusen,2,1,H,2.75,3.5,2.45,2.69,3.7,2.63,2.72,3.72,2.59,1.66,2.2,1.72,2.24
2021-12-19,D1,2122,FC Koln,Stuttgart,1,0,H,1.9,3.9,3.6,1.97,4.09,3.69,1.98,3.99,3.73,1.61,2.3,1.63,2.41
2021-12-19,E0,2122,Newcastle,Man City,0,4,A,13.0,7.5,1.18,16.21,7.42,1.18,23.5,10.0,1.13,,,1.39,3.14
2021-12-19,E0,2122,Wolves,Chelsea,0,0,D,7.0,4.2,1.5,6.52,3.92,1.59,5.74,3.54,1.76,2.1,1.72,2.42,1.63
2021-12-19,E0,2122,Tottenham,Liverpool,2,2,D,5.25,4.75,1.53,5.19,4.78,1.57,5.13,4.4,1.65,1.66,2.2,1.63,2.4
2021-12-19,T1,2122,Rizespor,Yeni Malatyaspor,1,0,H,2.2,3.3,3.3,2.23,3.59,3.33,2.35,3.26,3.39,2.1,1.77,2.07,1.83
2021-12-19,T1,2122,Goztep,Karagumruk,0,1,A,2.3,3.4,3.0,2.4,3.65,2.96,2.05,3.66,3.75,1.88,1.98,1.95,1.93
2021-12-19,T1,2122,Kayserispor,Gaziantep,0,0,D,2.6,3.25,2.7,2.61,3.45,2.82,2.37,3.34,3.26,2.02,1.83,2.09,1.8
2021-12-19,T1,2122,Fenerbahce,Besiktas,2,2,D,2.2,3.5,3.1,2.2,3.67,3.26,2.42,3.55,3.01,1.8,2.0,1.79,2.11
2021-12-21,T1,2122,Antalyaspor,Kasimpasa,1,1,D,1.85,3.5,3.8,1.91,3.65,4.33,1.89,3.52,4.6,2.0,1.85,2.0,1.89
2021-12-21,T1,2122,Buyuksehyr,Giresunspor,3,1,H,1.8,3.5,4.0,1.93,3.48,4.48,2.06,3.13,4.46,2.0,1.85,2.42,1.61
2021-12-21,T1,2122,Ad. Demirspor,Galatasaray,2,0,H,2.7,3.3,2.37,2.82,3.48,2.59,2.54,3.62,2.79,1.8,2.0,1.8,2.09
2021-12-21,T1,2122,Altay,Trabzonspor,1,2,A,3.1,3.5,2.05,3.59,3.45,2.17,3.09,3.51,2.39,1.75,2.05,1.82,2.06
2021-12-22,T1,2122,Hatayspor,Konyaspor,1,3,A,2.3,3.3,2.87,2.35,3.51,3.15,2.74,3.31,2.78,2.02,1.83,2.01,1.88
2021-12-22,T1,2122,Sivasspor,Rizespor,1,1,D,1.6,3.75,5.0,1.61,4.21,5.73,1.58,4.17,6.26,1.88,1.98,1.97,1.92
2021-12-22,T1,2122,Gaziantep,Alanyaspor,2,1,H,2.25,3.4,2.75,2.38,3.55,3.07,2.47,3.42,3.02,1.85,2.0,1.78,2.12
2021-12-22,T1,2122,Karagumruk,Fenerbahce,1,1,D,3.1,3.4,2.1,3.41,3.67,2.16,3.67,3.68,2.07,1.85,2.0,1.86,2.04
2021-12-23,T1,2122,Yeni Malatyaspor,Kayserispor,2,2,D,2.25,3.3,2.9,2.4,3.46,3.1,2.36,3.28,3.35,1.95,1.9,2.25,1.7
2021-12-23,T1,2122,Besiktas,Goztep,2,1,H,1.6,4.0,4.75,1.64,4.35,5.26,1.48,4.94,6.53,1.66,2.15,1.59,2.48
2021-12-25,T1,2122,Kasimpasa,Altay,2,0,H,2.2,3.3,3.1,2.35,3.55,3.13,2.23,3.6,3.31,1.8,2.05,1.77,2.13
2021-12-25,T1,2122,Galatasaray,Antalyaspor,2,0,H,1.6,3.8,5.0,1.65,4.06,5.57,1.71,3.72,5.58,1.85,2.0,2.04,1.85
2021-12-25,T1,2122,Giresunspor,Hatayspor,0,1,A,2.1,3.25,3.6,2.15,3.42,3.7,2.12,3.33,3.92,2.02,1.83,2.18,1.74
2021-12-25,T1,2122,Trabzonspor,Buyuksehyr,0,0,D,2.1,3.2,3.5,2.28,3.34,3.45,2.39,3.39,3.18,1.93,1.93,1.93,1.95
2021-12-26,E0,2122,Man City,Leicester,6,3,H,1.18,7.5,13.0,1.19,7.91,13.72,1.13,10.5,21.0,1.36,3.2,1.32,3.52
2021-12-26,E0,2122,Norwich,Arsenal,0,5,A,8.0,4.75,1.4,8.02,4.81,1.42,6.58,4.54,1.53,1.72,2.1,1.76,2.17
2021-12-26,E0,2122,Tottenham,Crystal Palace,3,0,H,1.72,3.8,4.75,1.7,3.91,5.21,1.75,3.87,5.14,1.95,1.95,1.95,1.95
2021-12-26,E0,2122,West Ham,Southampton,2,3,A,1.8,3.9,4.2,1.86,3.78,4.28,1.98,3.66,4.07,1.72,2.1,1.88,2.02
2021-12-26,E0,2122,Aston Villa,Chelsea,1,3,A,5.25,3.8,1.65,5.57,3.77,1.69,5.37,3.91,1.71,2.05,1.85,2.12,1.79
2021-12-26,E0,2122,Brighton,Brentford,2,0,H,1.9,3.4,4.2,1.95,3.49,4.25,1.99,3.41,4.42,2.2,1.66,2.16,1.77
2021-12-26,T1,2122,Rizespor,Gaziantep,0,1,A,2.7,3.2,2.6,2.76,3.71,2.52,2.77,3.48,2.64,1.83,2.02,1.93,1.95
2021-12-26,T1,2122,Alanyaspor,Karagumruk,1,1,D,2.1,3.25,3.3,2.14,3.65,3.49,2.12,3.56,3.64,1.75,2.05,1.83,2.06
2021-12-26,T1,2122,Goztep,Ad. Demirspor,1,1,D,2.37,3.2,2.87,2.44,3.58,2.96,2.48,3.53,2.96,1.95,1.9,1.85,2.04
2021-12-26,T1,2122,Fenerbahce,Yeni Malatyaspor,2,0,H,1.36,4.5,8.0,1.37,5.17,9.08,1.36,5.37,8.81,1.66,2.15,1.62,2.41
2021-12-27,E0,2122,Newcastle,Man United,1,1,D,6.5,4.75,1.44,6.92,4.46,1.49,6.28,4.74,1.53,1.61,2.3,1.65,2.36
2021-12-27,T1,2122,Kayserispor,Sivasspor,3,0,H,3.1,3.1,2.3,3.17,3.29,2.42,2.98,3.21,2.63,2.13,1.75,2.31,1.66
2021-12-27,T1,2122,Konyaspor,Besiktas,1,0,H,2.7,3.25,2.45,2.61,3.87,2.55,2.93,3.44,2.53,1.8,2.0,1.76,2.15
2021-12-28,E0,2122,Crystal Palace,Norwich,3,0,H,1.65,3.75,5.5,1.69,3.77,5.91,1.78,3.6,5.48,2.2,1.66,2.33,1.67
2021-12-28,E0,2122,Southampton,Tottenham,1,1,D,3.75,3.5,2.0,3.87,3.52,2.08,3.77,3.37,2.17,1.95,1.95,2.11,1.8
2021-12-28,E0,2122,Watford,West Ham,1,4,A,3.4,3.6,2.1,3.35,3.6,2.24,3.59,3.84,2.07,1.72,2.1,1.7,2.27
2021-12-28,E0,2122,Leicester,Liverpool,1,0,H,8.0,5.5,1.33,7.76,5.82,1.38,8.27,6.23,1.33,1.3,3.5,1.35,3.35
2021-12-29,E0,2122,Chelsea,Brighton,1,1,D,1.4,4.5,7.5,1.42,4.56,8.59,1.35,5.04,11.23,1.93,1.97,1.88,2.01
2021-12-29,E0,2122,Brentford,Man City,0,1,A,19.0,8.0,1.14,16.97,7.96,1.17,14.33,8.47,1.19,1.5,2.62,1.41,3.01
2021-12-30,E0,2122,Man United,Burnley,3,1,H,1.36,5.0,9.0,1.38,4.97,8.67,1.39,4.97,9.7,1.72,2.1,1.79,2.13
2022-01-01,E0,2122,Arsenal,Man City,1,2,A,5.75,4.75,1.5,6.01,4.57,1.53,5.24,4.21,1.68,1.57,2.37,1.71,2.24
2022-01-01,E0,2122,Watford,Tottenham,0,1,A,5.0,4.2,1.61,5.42,4.25,1.62,6.01,4.12,1.63,1.72,2.1,1.83,2.08
2022-01-01,E0,2122,Crystal Palace,West Ham,2,3,A,3.1,3.4,2.3,3.09,3.41,2.4,3.56,3.37,2.25,1.87,2.03,2.2,1.74
2022-01-02,E0,2122,Brentford,Aston Villa,2,1,H,3.0,3.3,2.4,3.09,3.3,2.46,2.95,3.21,2.69,2.0,1.8,2.22,1.72
2022-01-02,E0,2122,Everton,Brighton,2,3,A,2.75,3.2,2.62,2.87,3.08,2.78,2.91,3.12,2.67,2.2,1.66,2.41,1.63
2022-01-02,E0,2122,Leeds,Burnley,3,1,H,2.05,3.5,3.5,2.02,3.59,3.83,2.12,3.52,3.73,1.72,2.1,1.88,2.04
2022-01-02,E0,2122,Chelsea,Liverpool,2,2,D,3.1,3.5,2.25,3.14,3.6,2.29,2.67,3.58,2.72,1.83,2.07,1.79,2.11
2022-01-03,E0,2122,Man United,Wolves,0,1,A,1.53,4.33,6.0,1.56,4.37,5.98,1.74,3.74,5.53,1.98,1.92,2.18,1.75
2022-01-07,D1,2122,Bayern Munich,M'gladbach,1,2,A,1.33,5.75,8.0,1.37,6.03,7.56,1.32,6.27,8.77,1.28,3.75,1.32,3.32
2022-01-07,T1,2122,Trabzonspor,Yeni Malatyaspor,1,0,H,1.36,5.0,8.0,1.33,5.51,9.95,1.33,5.65,9.71,1.65,2.2,1.63,2.37
2022-01-08,D1,2122,Freiburg,Bielefeld,2,2,D,1.6,4.0,5.75,1.64,4.21,5.61,1.78,3.81,5.0,2.0,1.9,2.01,1.9
2022-01-08,D1,2122,Greuther Furth,Stuttgart,0,0,D,3.75,3.6,1.95,3.81,3.7,2.04,3.54,3.5,2.2,1.87,2.03,1.99,1.92
2022-01-08,D1,2122,Hoffenheim,Augsburg,3,1,H,1.53,4.33,5.75,1.59,4.51,5.71,1.53,4.62,6.34,1.61,2.3,1.62,2.44
2022-01-08,D1,2122,Leverkusen,Union Berlin,2,2,D,1.8,3.8,4.2,1.86,3.84,4.41,1.79,4.03,4.62,1.72,2.1,1.73,2.22
2022-01-08,D1,2122,RB Leipzig,Mainz,4,1,H,1.8,3.75,4.33,1.81,3.92,4.66,1.78,3.94,4.85,1.72,2.1,1.8,2.11
2022-01-08,D1,2122,Ein Frankfurt,Dortmund,2,3,A,3.5,3.9,1.95,3.67,4.04,1.99,4.35,4.19,1.8,1.44,2.75,1.49,2.75
2022-01-08,T1,2122,Gaziantep,Karagumruk,3,1,H,2.05,3.5,3.5,2.14,3.59,3.56,2.2,3.46,3.5,1.9,1.95,1.85,2.04
2022-01-08,T1,2122,Alanyaspor,Buyuksehyr,1,1,D,3.1,3.6,2.25,3.16,3.72,2.26,3.33,3.4,2.31,1.85,2.0,2.09,1.8
2022-01-08,T1,2122,Kasimpasa,Hatayspor,3,1,H,2.37,3.5,2.9,2.33,3.7,3.05,1.91,4.09,3.84,1.75,2.05,1.57,2.51
2022-01-08,T1,2122,Galatasaray,Giresunspor,0,1,A,1.66,4.0,4.75,1.71,4.07,4.95,1.93,3.53,4.39,1.9,1.95,2.06,1.84
2022-01-09,D1,2122,Hertha,FC Koln,1,3,A,2.75,3.5,2.5,2.87,3.41,2.63,2.94,3.49,2.53,1.72,2.1,1.81,2.1
2022-01-09,D1,2122,Bochum,Wolfsburg,1,0,H,3.5,3.4,2.1,3.57,3.53,2.18,3.55,3.57,2.17,1.96,1.94,1.97,1.93
2022-01-09,T1,2122,Konyaspor,Sivasspor,0,1,A,2.37,3.25,3.1,2.34,3.37,3.28,2.18,3.16,3.98,2.1,1.7,2.61,1.54
2022-01-09,T1,2122,Goztep,Antalyaspor,4,0,H,2.1,3.4,3.5,2.15,3.47,3.64,2.32,3.24,3.48,2.02,1.83,2.2,1.72
2022-01-09,T1,2122,Kayserispor,Altay,1,0,H,2.15,3.5,3.3,2.15,3.62,3.5,2.14,3.58,3.55,1.9,1.95,1.77,2.13
2022-01-09,T1,2122,Rizespor,Besiktas,2,2,D,3.0,3.4,2.3,3.03,3.73,2.33,3.12,3.49,2.38,1.83,2.02,2.04,1.85
2022-01-10,T1,2122,Fenerbahce,Ad. Demirspor,1,2,A,1.83,3.75,4.2,1.85,3.69,4.47,1.72,3.93,5.16,1.72,2.07,1.81,2.08
2022-01-11,E0,2122,Southampton,Brentford,4,1,H,2.05,3.4,3.6,2.15,3.37,3.82,2.23,3.33,3.67,2.06,1.84,2.14,1.78
2022-01-12,E0,2122,West Ham,Norwich,2,0,H,1.28,5.5,10.0,1.32,5.53,10.04,1.4,5.15,8.47,1.66,2.2,1.7,2.26
2022-01-14,D1,2122,Dortmund,Freiburg,5,1,H,1.44,5.0,5.75,1.48,5.18,6.4,1.46,5.25,6.64,1.4,3.0,1.41,3.08
2022-01-14,E0,2122,Brighton,Crystal Palace,1,1,D,2.05,3.3,3.8,2.11,3.29,4.08,2.05,3.4,4.14,2.2,1.66,2.22,1.73
2022-01-14,T1,2122,Besiktas,Gaziantep,1,0,H,1.65,4.2,4.5,1.7,4.03,5.11,1.61,4.34,5.62,1.53,2.4,1.58,2.49
2022-01-14,T1,2122,Yeni Malatyaspor,Goztep,1,2,A,3.25,3.25,2.25,3.3,3.41,2.32,3.16,3.46,2.37,2.02,1.83,1.96,1.93
2022-01-15,D1,2122,FC Koln,Bayern Munich,0,4,A,8.0,5.75,1.33,7.69,5.7,1.36,6.56,5.81,1.43,1.3,3.5,1.33,3.57
2022-01-15,D1,2122,Mainz,Bochum,1,0,H,1.65,3.75,5.5,1.66,3.7,6.03,1.67,3.91,5.92,2.0,1.9,2.02,1.88
2022-01-15,D1,2122,Stuttgart,RB Leipzig,0,2,A,6.0,4.0,1.57,5.46,4.5,1.58,5.96,4.25,1.62,1.57,2.37,1.83,2.06
2022-01-15,D1,2122,Union Berlin,Hoffenheim,2,1,H,2.87,3.5,2.4,2.88,3.48,2.51,3.05,3.54,2.43,1.72,2.1,1.91,2.0
2022-01-15,D1,2122,Wolfsburg,Hertha,0,0,D,1.95,3.6,3.8,1.97,3.58,4.03,1.99,3.45,4.33,1.99,1.91,2.16,1.77
2022-01-15,D1,2122,M'gladbach,Leverkusen,1,2,A,2.55,3.8,2.45,2.67,3.88,2.49,2.68,3.81,2.59,1.44,2.75,1.6,2.49
2022-01-15,E0,2122,Man City,Chelsea,1,0,H,1.65,4.0,5.0,1.72,3.79,5.2,1.67,4.21,5.35,1.85,2.05,1.67,2.32
2022-01-15,E0,2122,Newcastle,Watford,1,1,D,2.0,3.6,3.6,2.05,3.74,3.59,1.84,3.71,4.61,1.8,2.0,1.82,2.09
2022-01-15,E0,2122,Norwich,Everton,2,1,H,3.75,3.5,2.0,3.77,3.54,2.06,3.56,3.37,2.25,2.1,1.72,2.09,1.83
2022-01-15,E0,2122,Wolves,Southampton,3,1,H,2.25,3.2,3.4,2.35,3.18,3.4,2.49,3.04,3.44,2.5,1.53,2.43,1.62
2022-01-15,E0,2122,Aston Villa,Man United,2,2,D,2.87,3.5,2.4,2.89,3.51,2.49,2.49,3.61,2.91,1.89,2.01,1.94,1.96
2022-01-15,T1,2122,Ad. Demirspor,Kayserispor,1,1,D,1.72,3.6,4.75,1.83,3.61,4.86,1.84,3.77,4.54,1.95,1.9,1.85,2.16
2022-01-15,T1,2122,Karagumruk,Rizespor,2,0,H,1.83,3.6,4.2,1.78,3.4,3.54,1.75,3.98,4.86,1.88,1.98,1.78,2.12
2022-01-15,T1,2122,Sivasspor,Trabzonspor,1,1,D,3.0,3.2,2.4,3.07,3.39,2.46,3.14,2.85,2.84,2.2,1.65,2.9,1.44
2022-01-15,T1,2122,Antalyaspor,Fenerbahce,1,1,D,3.25,3.4,2.15,3.54,3.59,2.14,3.22,3.51,2.31,1.88,1.98,2.03,1.86
2022-01-16,D1,2122,Augsburg,Ein Frankfurt,1,1,D,3.3,3.5,2.15,3.67,3.54,2.09,3.3,3.51,2.24,1.85,2.05,1.78,2.11
2022-01-16,D1,2122,Bielefeld,Greuther Furth,2,2,D,1.95,3.6,4.0,2.01,3.42,4.09,1.96,3.42,4.32,2.07,1.83,2.15,1.75
2022-01-16,E0,2122,Liverpool,Brentford,3,0,H,1.3,5.5,10.0,1.3,5.82,10.45,1.29,6.25,11.37,1.66,2.2,1.59,2.5
2022-01-16,E0,2122,West Ham,Leeds,2,3,A,1.61,4.2,5.0,1.65,4.28,5.13,1.69,4.24,5.03,1.61,2.3,1.58,2.54
2022-01-16,T1,2122,Altay,Alanyaspor,0,2,A,2.5,3.2,2.87,2.54,3.68,2.76,2.41,3.5,3.06,1.8,2.0,1.88,2.0
2022-01-16,T1,2122,Giresunspor,Kasimpasa,0,2,A,1.95,3.2,4.33,2.03,3.56,3.93,2.14,3.31,3.87,2.07,1.72,2.14,1.77
2022-01-16,T1,2122,Hatayspor,Galatasaray,4,2,H,3.4,3.25,2.2,3.4,3.61,2.19,3.4,3.62,2.18,1.85,2.0,1.85,2.05
2022-01-18,E0,2122,Brighton,Chelsea,1,1,D,4.75,3.75,1.72,4.75,3.79,1.78,5.48,3.81,1.72,2.1,1.72,2.09,1.81
2022-01-18,T1,2122,Karagumruk,Besiktas,0,1,A,3.4,3.4,2.15,3.27,3.81,2.17,5.04,4.14,1.69,1.75,2.05,1.63,2.37
2022-01-18,T1,2122,Konyaspor,Ad. Demirspor,1,0,H,2.1,3.4,3.5,2.14,3.56,3.56,2.2,3.42,3.56,2.02,1.83,2.05,1.85
2022-01-19,E0,2122,Leicester,Tottenham,2,3,A,3.0,3.5,2.3,3.12,3.41,2.38,3.34,3.5,2.27,1.72,2.1,1.98,1.92
2022-01-19,E0,2122,Brentford,Man United,1,3,A,4.5,3.7,1.8,4.68,3.46,1.88,4.91,3.91,1.76,1.93,1.97,1.91,1.99
2022-01-19,T1,2122,Goztep,Sivasspor,2,1,H,2.3,3.4,2.7,2.51,3.26,3.11,2.12,3.23,4.04,2.1,1.7,2.62,1.53
2022-01-19,T1,2122,Kayserispor,Buyuksehyr,1,0,H,3.3,3.4,2.15,3.69,3.14,2.28,3.62,3.31,2.22,2.02,1.83,2.28,1.68
2022-01-19,T1,2122,Fenerbahce,Altay,2,1,H,1.4,4.5,8.5,1.41,5.17,7.71,1.46,4.92,6.99,1.61,2.25,1.65,2.35
2022-01-19,T1,2122,Trabzonspor,Giresunspor,1,1,D,1.61,4.0,5.25,1.65,4.12,5.48,1.82,3.51,5.24,1.95,1.9,2.43,1.61
2022-01-20,T1,2122,Alanyaspor,Hatayspor,6,0,H,2.37,3.75,2.87,2.42,3.46,3.07,2.24,3.65,3.25,1.72,2.07,1.7,2.25
2022-01-20,T1,2122,Rizespor,Antalyaspor,2,1,H,2.62,3.25,2.62,2.61,3.56,2.76,4.15,3.48,2.0,1.98,1.88,2.22,1.71
2022-01-20,T1,2122,Galatasaray,Kasimpasa,1,3,A,1.7,4.0,5.0,1.76,3.91,4.87,1.85,3.68,4.21,1.9,1.95,1.8,2.09
2022-01-21,D1,2122,Ein Frankfurt,Bielefeld,0,2,A,1.75,3.75,4.75,1.8,3.54,5.07,1.75,3.93,5.03,1.83,2.07,1.76,2.17
2022-01-21,E0,2122,Watford,Norwich,0,3,A,2.0,3.5,3.75,2.09,3.53,3.66,2.07,3.54,3.88,1.94,1.96,2.04,1.88
2022-01-22,D1,2122,Freiburg,Stuttgart,2,0,H,1.9,3.6,4.0,2.01,3.42,4.08,1.84,3.7,4.75,2.02,1.88,2.06,1.85
2022-01-22,D1,2122,Greuther Furth,Mainz,2,1,H,5.0,3.6,1.75,4.77,3.58,1.83,4.52,3.62,1.9,2.02,1.88,2.16,1.77
2022-01-22,D1,2122,Hoffenheim,Dortmund,2,3,A,3.0,4.0,2.1,3.07,4.25,2.11,3.7,4.26,1.93,1.4,3.0,1.4,3.1
2022-01-22,D1,2122,Leverkusen,Augsburg,5,1,H,1.44,4.5,7.0,1.45,4.5,7.86,1.45,5.05,7.35,1.57,2.37,1.48,2.8
2022-01-22,D1,2122,M'gladbach,Union Berlin,1,2,A,2.15,3.6,3.2,2.32,3.36,3.29,2.03,3.6,3.96,1.85,2.05,1.91,2.0
2022-01-22,D1,2122,Bochum,FC Koln,2,2,D,3.2,3.4,2.25,3.39,3.33,2.28,3.38,3.57,2.24,1.72,2.1,1.78,2.14
2022-01-22,E0,2122,Everton,Aston Villa,0,1,A,2.75,3.25,2.62,2.82,3.25,2.7,2.65,3.63,2.69,2.05,1.85,1.92,1.98
2022-01-22,E0,2122,Brentford,Wolves,1,2,A,3.2,2.8,2.6,3.15,3.11,2.54,2.53,3.07,3.33,2.5,1.53,2.71,1.58
2022-01-22,E0,2122,Leeds,Newcastle,0,1,A,2.0,3.5,3.75,2.03,3.72,3.67,1.86,4.06,4.17,1.66,2.2,1.67,2.32
2022-01-22,E0,2122,Man United,West Ham,1,0,H,1.85,3.8,4.0,1.93,3.85,3.9,2.17,3.6,3.52,1.66,2.2,1.76,2.17
2022-01-22,E0,2122,Southampton,Man City,1,1,D,10.0,6.5,1.25,10.23,6.18,1.27,12.25,6.06,1.3,1.44,2.75,1.6,2.48
2022-01-22,T1,2122,Yeni Malatyaspor,Besiktas,1,1,D,4.33,3.6,1.66,4.76,3.96,1.76,5.36,4.06,1.67,1.7,2.1,1.89,2.0
2022-01-22,T1,2122,Ad. Demirspor,Karagumruk,5,0,H,1.9,3.4,4.0,1.99,3.49,4.17,1.78,3.8,4.93,1.88,1.98,1.85,2.05
2022-01-22,T1,2122,Sivasspor,Fenerbahce,1,1,D,2.62,3.25,2.62,2.89,3.1,2.79,2.95,2.96,2.86,2.15,1.66,2.68,1.51
2022-01-22,T1,2122,Buyuksehyr,Goztep,1,2,A,1.95,3.3,4.0,1.93,3.51,4.4,1.89,3.26,5.15,1.95,1.9,2.42,1.61
2022-01-23,D1,2122,RB Leipzig,Wolfsburg,2,0,H,1.53,4.33,6.0,1.54,4.28,6.43,1.53,4.31,6.52,1.72,2.1,1.75,2.15
2022-01-23,D1,2122,Hertha,Bayern Munich,1,4,A,11.0,6.5,1.2,10.08,6.98,1.25,10.13,7.11,1.24,1.36,3.2,1.37,3.13
2022-01-23,E0,2122,Arsenal,Burnley,0,0,D,1.36,4.75,9.0,1.36,5.22,9.18,1.32,5.57,11.9,1.8,2.0,1.65,2.42
2022-01-23,E0,2122,Crystal Palace,Liverpool,1,3,A,6.0,4.2,1.53,5.75,4.14,1.61,6.26,4.27,1.58,1.72,2.1,1.81,2.09
2022-01-23,E0,2122,Leicester,Brighton,1,1,D,2.5,3.25,2.9,2.66,3.36,2.78,2.71,3.39,2.79,1.98,1.92,1.75,2.19
2022-01-23,E0,2122,Chelsea,Tottenham,2,0,H,1.61,4.2,5.0,1.7,4.17,4.82,1.74,3.89,5.2,1.94,1.96,2.06,1.85
2022-01-23,T1,2122,Hatayspor,Rizespor,0,0,D,1.8,3.6,4.5,1.82,3.91,4.47,1.83,3.91,4.37,1.8,2.0,1.77,2.14
2022-01-23,T1,2122,Kasimpasa,Kayserispor,3,1,H,2.0,3.3,3.4,2.12,3.64,3.53,1.95,3.57,4.22,1.8,2.0,1.99,1.89
2022-01-23,T1,2122,Altay,Konyaspor,0,1,A,3.0,3.2,2.2,3.14,3.53,2.35,3.37,3.42,2.28,1.85,2.0,1.98,1.9
2022-01-23,T1,2122,Antalyaspor,Gaziantep,0,0,D,2.2,3.25,3.2,2.27,3.45,3.37,2.16,3.27,3.86,2.0,1.85,2.27,1.68
2022-01-23,T1,2122,Giresunspor,Alanyaspor,1,3,A,2.4,3.2,2.8,2.47,3.44,3.01,2.6,3.24,2.99,2.05,1.8,2.06,1.84
2022-01-23,T1,2122,Galatasaray,Trabzonspor,1,2,A,2.4,3.2,2.8,2.57,3.4,2.91,2.43,3.48,3.04,2.0,1.85,1.99,1.9
2022-02-04,D1,2122,Hertha,Bochum,1,1,D,2.15,3.6,3.25,2.22,3.5,3.5,2.39,3.55,3.09,1.9,2.0,1.92,1.98
2022-02-04,T1,2122,Kayserispor,Hatayspor,4,3,H,2.2,3.25,3.0,2.32,3.37,3.33,2.21,3.37,3.58,1.88,1.98,2.04,1.85
2022-02-04,T1,2122,Konyaspor,Giresunspor,1,0,H,2.0,3.1,3.8,2.07,3.22,4.26,2.39,3.06,3.54,2.35,1.57,2.39,1.63
2022-02-05,D1,2122,Augsburg,Union Berlin,2,0,H,2.75,3.3,2.6,2.78,3.27,2.72,2.88,3.28,2.71,2.05,1.85,2.1,1.81
2022-02-05,D1,2122,Bielefeld,M'gladbach,1,1,D,3.4,3.6,2.1,3.47,3.41,2.21,3.73,3.5,2.13,1.8,2.0,1.95,1.95
2022-02-05,D1,2122,FC Koln,Freiburg,1,0,H,2.3,3.5,3.0,2.47,3.48,2.94,2.62,3.5,2.82,1.72,2.1,1.76,2.17
2022-02-05,D1,2122,Mainz,Hoffenheim,2,0,H,2.6,3.4,2.7,2.68,3.33,2.78,2.77,3.43,2.7,1.72,2.1,1.72,2.11
2022-02-05,D1,2122,Stuttgart,Ein Frankfurt,2,3,A,2.7,3.4,2.62,2.65,3.56,2.66,2.52,3.46,2.97,1.8,2.0,1.99,1.91
2022-02-05,D1,2122,Bayern Munich,RB Leipzig,3,2,H,1.4,5.5,6.0,1.39,5.6,7.19,1.42,5.55,7.0,1.36,3.2,1.38,3.21
2022-02-05,E0,2122,Burnley,Watford,0,0,D,2.2,3.25,3.5,2.19,3.27,3.69,2.22,3.32,3.69,2.1,1.72,2.14,1.78
2022-02-05,T1,2122,Gaziantep,Sivasspor,5,1,H,2.25,3.1,3.25,2.44,3.06,3.44,2.8,2.97,3.0,2.4,1.53,2.51,1.57
2022-02-05,T1,2122,Karagumruk,Yeni Malatyaspor,1,0,H,1.8,3.4,4.2,1.85,3.8,4.42,1.74,3.86,5.14,1.88,1.98,2.07,1.83
2022-02-05,T1,2122,Trabzonspor,Kasimpasa,1,0,H,1.75,3.4,4.33,1.77,4.01,4.65,1.74,3.93,5.02,1.95,1.9,1.88,2.01
2022-02-05,T1,2122,Fenerbahce,Buyuksehyr,0,1,A,2.15,3.4,3.2,2.27,3.43,3.38,2.35,3.19,3.46,1.98,1.88,2.28,1.68
2022-02-06,D1,2122,Dortmund,Leverkusen,2,5,A,1.95,4.2,3.3,1.89,4.1,3.82,1.99,4.02,3.67,1.4,3.0,1.4,3.12
2022-02-06,D1,2122,Wolfsburg,Greuther Furth,4,1,H,1.57,3.8,6.0,1.59,4.06,6.15,1.58,4.1,6.22,1.94,1.96,1.91,1.96
2022-02-06,T1,2122,Alanyaspor,Galatasaray,1,1,D,2.5,3.25,2.62,2.56,3.57,2.8,2.68,3.44,2.75,1.83,2.02,1.83,2.05
2022-02-06,T1,2122,Rizespor,Ad. Demirspor,1,3,A,3.1,3.3,2.15,3.28,3.36,2.35,3.76,3.62,2.05,1.95,1.9,1.88,2.02
2022-02-06,T1,2122,Besiktas,Antalyaspor,0,0,D,1.66,3.6,4.75,1.8,3.92,4.55,1.85,3.7,4.57,1.88,1.98,1.92,1.97
2022-02-06,T1,2122,Goztep,Altay,0,2,A,1.8,3.5,4.0,1.92,3.64,4.28,1.7,3.96,5.23,1.9,1.95,1.89,2.0
2022-02-08,E0,2122,Newcastle,Everton,3,1,H,2.5,3.25,2.87,2.57,3.42,2.94,2.59,3.44,2.87,1.91,1.99,2.0,1.9
2022-02-08,E0,2122,West Ham,Watford,1,0,H,1.55,4.2,5.75,1.54,4.42,6.7,1.55,4.32,7.03,1.72,2.1,1.86,2.05
2022-02-08,E0,2122,Burnley,Man United,1,1,D,5.5,4.0,1.61,6.09,4.13,1.62,6.65,4.25,1.56,1.85,2.05,1.79,2.11
2022-02-09,E0,2122,Man City,Brentford,2,0,H,1.1,9.5,23.0,1.12,10.16,25.77,1.1,11.25,31.0,1.36,3.2,1.43,2.95
2022-02-09,E0,2122,Norwich,Crystal Palace,1,1,D,3.5,3.25,2.15,3.66,3.38,2.21,3.53,3.27,2.31,2.1,1.72,2.22,1.73
2022-02-09,E0,2122,Tottenham,Southampton,2,3,A,1.6,4.0,5.5,1.61,4.19,6.03,1.57,4.27,6.41,1.8,2.0,1.72,2.23
2022-02-09,E0,2122,Aston Villa,Leeds,3,3,D,1.8,3.8,4.2,1.83,4.0,4.4,1.98,3.71,3.96,1.72,2.1,1.69,2.27
2022-02-10,E0,2122,Liverpool,Leicester,2,0,H,1.25,6.5,10.0,1.26,6.84,11.21,1.2,8.0,14.0,1.33,3.4,1.34,3.37
2022-02-10,E0,2122,Wolves,Arsenal,0,1,A,3.5,3.2,2.2,3.72,3.28,2.23,4.16,3.35,2.05,2.3,1.61,2.37,1.64
2022-02-11,D1,2122,RB Leipzig,FC Koln,3,1,H,1.44,4.75,7.0,1.45,5.05,7.3,1.46,5.08,7.05,1.5,2.62,1.49,2.77
2022-02-11,T1,2122,Altay,Rizespor,0,0,D,1.95,3.3,3.8,2.01,3.45,4.16,2.11,3.53,3.67,2.02,1.83,1.94,1.94
2022-02-12,D1,2122,Bochum,Bayern Munich,4,2,H,10.0,7.5,1.22,12.76,7.4,1.22,12.0,7.75,1.22,1.28,3.75,,
2022-02-12,D1,2122,Ein Frankfurt,Wolfsburg,0,2,A,2.2,3.6,3.2,2.27,3.49,3.38,2.11,3.5,3.8,1.96,1.94,2.01,1.9
2022-02-12,D1,2122,Freiburg,Mainz,1,1,D,2.15,3.3,3.5,2.18,3.43,3.67,2.19,3.33,3.76,2.03,1.87,2.23,1.72
2022-02-12,D1,2122,Greuther Furth,Hertha,2,1,H,3.0,3.25,2.45,3.06,3.38,2.51,2.76,3.42,2.72,1.99,1.91,1.95,1.95
2022-02-12,D1,2122,M'gladbach,Augsburg,3,2,H,1.65,4.33,4.75,1.69,4.36,4.93,1.54,4.73,6.08,1.66,2.2,1.62,2.47
2022-02-12,D1,2122,Leverkusen,Stuttgart,4,2,H,1.4,4.75,7.0,1.43,5.16,7.5,1.33,5.94,9.17,1.44,2.75,1.44,2.94
2022-02-12,E0,2122,Man United,Southampton,1,1,D,1.6,4.0,5.5,1.63,4.32,5.53,1.54,4.61,6.26,1.72,2.1,1.57,2.55
2022-02-12,E0,2122,Brentford,Crystal Palace,0,0,D,2.55,3.1,3.0,2.77,3.08,2.98,3.14,3.28,2.49,2.3,1.61,2.31,1.67
2022-02-12,E0,2122,Everton,Leeds,3,0,H,2.25,3.5,3.0,2.37,3.58,3.12,2.66,3.65,2.67,1.66,2.2,1.7,2.26
2022-02-12,E0,2122,Watford,Brighton,0,2,A,3.5,3.3,2.05,3.85,3.38,2.14,4.25,3.45,2.0,2.3,1.61,2.26,1.7
2022-02-12,E0,2122,Norwich,Man City,0,4,A,15.0,8.0,1.16,18.96,7.94,1.18,18.5,7.75,1.18,1.44,2.75,1.57,2.5
2022-02-12,T1,2122,Buyuksehyr,Gaziantep,2,0,H,1.75,3.5,4.2,1.88,3.62,4.52,1.75,3.82,5.06,2.0,1.85,1.93,1.95
2022-02-12,T1,2122,Giresunspor,Fenerbahce,1,2,A,3.3,3.1,2.1,3.33,3.37,2.32,2.98,3.2,2.63,2.07,1.72,2.25,1.7
2022-02-12,T1,2122,Galatasaray,Kayserispor,1,1,D,1.72,3.6,4.5,1.81,3.82,4.64,1.58,4.48,5.73,1.83,2.02,1.78,2.12
2022-02-13,D1,2122,Union Berlin,Dortmund,0,3,A,4.0,3.75,1.83,4.07,3.95,1.91,3.62,3.51,2.17,1.61,2.3,1.9,2.01
2022-02-13,D1,2122,Hoffenheim,Bielefeld,2,0,H,1.5,4.33,5.75,1.54,4.41,6.69,1.49,4.82,6.79,1.66,2.2,1.59,2.52
2022-02-13,E0,2122,Burnley,Liverpool,0,1,A,10.0,5.25,1.28,10.82,6.03,1.29,13.5,7.2,1.22,1.57,2.37,1.45,2.85
2022-02-13,E0,2122,Newcastle,Aston Villa,1,0,H,2.7,3.3,2.62,2.78,3.48,2.67,2.83,3.4,2.67,1.85,2.05,1.87,2.04
2022-02-13,E0,2122,Tottenham,Wolves,0,2,A,1.7,3.6,5.5,1.69,3.82,5.86,1.69,3.78,5.9,2.2,1.66,2.11,1.8
2022-02-13,E0,2122,Leicester,West Ham,2,2,D,2.9,3.5,2.3,3.05,3.62,2.39,3.02,3.62,2.39,1.66,2.2,1.75,2.17
2022-02-13,T1,2122,Sivasspor,Yeni Malatyaspor,2,1,H,1.61,3.8,5.0,1.65,3.99,5.69,1.68,3.81,5.8,2.02,1.83,2.15,1.76
2022-02-13,T1,2122,Antalyaspor,Karagumruk,3,0,H,2.05,3.3,3.5,2.09,3.44,3.84,2.29,3.22,3.58,2.02,1.83,2.1,1.79
2022-02-13,T1,2122,Kasimpasa,Alanyaspor,2,2,D,2.45,3.3,2.7,2.54,3.36,2.98,1.97,3.86,3.82,1.85,2.0,1.71,2.22
2022-02-13,T1,2122,Trabzonspor,Konyaspor,2,1,H,1.9,3.3,3.8,1.99,3.22,4.61,1.88,3.5,4.71,2.05,1.75,2.09,1.8
2022-02-14,T1,2122,Ad. Demirspor,Besiktas,1,1,D,2.3,3.3,2.8,2.43,3.66,2.86,2.52,3.58,2.84,1.88,1.98,1.75,2.27
2022-02-14,T1,2122,Hatayspor,Goztep,2,1,H,2.45,3.25,2.75,2.64,3.22,2.92,2.21,3.63,3.33,1.9,1.95,1.82,2.07
2022-02-15,E0,2122,Man United,Brighton,2,0,H,1.72,3.75,4.75,1.81,3.78,4.87,1.83,3.59,5.0,1.92,1.98,2.03,1.87
2022-02-18,D1,2122,Mainz,Leverkusen,3,2,H,3.1,3.75,2.15,3.32,3.69,2.22,3.07,3.61,2.38,1.72,2.1,1.75,2.16
2022-02-18,T1,2122,Konyaspor,Kasimpasa,4,4,D,2.1,3.3,3.1,2.22,3.46,3.46,2.09,3.5,3.79,1.9,1.95,1.9,2.02
2022-02-18,T1,2122,Rizespor,Buyuksehyr,0,2,A,4.0,3.25,1.8,4.41,3.54,1.93,4.83,3.67,1.82,2.1,1.7,2.05,1.85
2022-02-19,D1,2122,Augsburg,Freiburg,1,2,A,3.1,3.4,2.3,3.25,3.45,2.36,3.34,3.46,2.31,2.03,1.87,1.96,1.94
2022-02-19,D1,2122,Bielefeld,Union Berlin,1,0,H,3.0,3.25,2.45,3.15,3.29,2.5,3.15,3.23,2.55,2.2,1.66,2.23,1.72
2022-02-19,D1,2122,Stuttgart,Bochum,1,1,D,2.2,3.4,3.3,2.26,3.41,3.48,2.11,3.37,3.97,1.95,1.95,2.15,1.77
2022-02-19,D1,2122,Wolfsburg,Hoffenheim,1,2,A,2.7,3.5,2.55,2.85,3.44,2.63,3.09,3.67,2.35,1.72,2.1,1.78,2.14
2022-02-19,D1,2122,FC Koln,Ein Frankfurt,1,0,H,2.25,3.5,3.1,2.34,3.65,3.11,2.4,3.53,3.11,1.61,2.3,1.72,2.24
2022-02-19,E0,2122,West Ham,Newcastle,1,1,D,1.7,4.0,4.75,1.72,3.88,5.4,1.62,4.21,5.8,1.8,2.0,1.91,1.99
2022-02-19,E0,2122,Arsenal,Brentford,2,1,H,1.44,4.2,8.0,1.47,4.46,8.32,1.52,4.12,7.83,1.97,1.93,2.23,1.71
2022-02-19,E0,2122,Aston Villa,Watford,0,1,A,1.65,3.6,5.75,1.68,3.95,5.62,1.61,4.04,6.2,2.01,1.89,1.84,2.07
2022-02-19,E0,2122,Brighton,Burnley,0,3,A,1.66,3.5,6.0,1.67,3.78,6.18,1.68,3.53,6.76,2.2,1.66,2.14,1.77
2022-02-19,E0,2122,Crystal Palace,Chelsea,0,1,A,5.5,3.8,1.65,5.86,3.99,1.66,6.49,3.91,1.62,2.05,1.85,2.15,1.76
2022-02-19,E0,2122,Liverpool,Norwich,3,1,H,1.1,9.0,23.0,1.13,9.98,26.49,1.13,9.55,25.79,1.36,3.2,1.38,3.18
2022-02-19,E0,2122,Southampton,Everton,2,0,H,2.1,3.5,3.5,2.1,3.61,3.71,1.99,3.67,3.97,1.72,2.1,1.86,2.04
2022-02-19,E0,2122,Man City,Tottenham,2,3,A,1.28,6.0,10.0,1.29,6.05,11.91,1.28,6.26,11.17,1.57,2.37,1.54,2.61
2022-02-19,T1,2122,Yeni Malatyaspor,Antalyaspor,1,2,A,2.87,3.3,2.25,3.16,3.38,2.41,3.71,3.31,2.19,2.05,1.8,2.17,1.75
2022-02-19,T1,2122,Kayserispor,Giresunspor,2,1,H,2.25,3.1,3.1,2.39,3.3,3.27,2.43,3.27,3.22,2.15,1.66,2.19,1.73
2022-02-19,T1,2122,Besiktas,Altay,1,0,H,1.44,4.5,6.0,1.47,4.82,7.07,1.51,4.67,6.39,1.61,2.25,1.79,2.11
2022-02-20,D1,2122,Bayern Munich,Greuther Furth,4,1,H,1.07,13.0,26.0,1.08,13.41,30.68,1.08,14.0,31.0,1.14,5.5,,
2022-02-20,D1,2122,Dortmund,M'gladbach,6,0,H,1.6,4.2,5.25,1.67,4.34,5.16,1.9,3.98,4.03,1.44,2.75,1.48,2.79
2022-02-20,D1,2122,Hertha,RB Leipzig,1,6,A,6.5,4.2,1.53,6.47,4.37,1.56,6.4,4.6,1.53,1.66,2.2,1.56,2.59
2022-02-20,E0,2122,Leeds,Man United,2,4,A,3.9,3.8,1.85,4.12,3.84,1.93,5.02,4.27,1.68,1.61,2.3,1.59,2.48
2022-02-20,E0,2122,Wolves,Leicester,2,1,H,2.25,3.3,3.25,2.34,3.24,3.5,2.19,3.27,3.81,2.1,1.72,2.46,1.6
2022-02-20,T1,2122,Gaziantep,Ad. Demirspor,0,3,A,2.45,3.25,2.5,2.68,3.41,2.77,2.62,3.41,2.84,1.85,2.0,1.84,1.97
2022-02-20,T1,2122,Alanyaspor,Trabzonspor,0,4,A,2.8,3.2,2.25,3.14,3.25,2.5,2.63,3.31,2.9,1.85,2.0,1.91,1.98
2022-02-20,T1,2122,Karagumruk,Sivasspor,1,0,H,2.45,3.2,2.6,2.63,3.47,2.78,2.77,3.17,2.85,2.05,1.75,2.24,1.7
2022-02-20,T1,2122,Fenerbahce,Hatayspor,2,0,H,1.65,3.6,4.33,1.7,4.07,5.09,1.85,3.91,4.27,1.72,2.07,1.71,2.22
2022-02-21,T1,2122,Goztep,Galatasaray,2,3,A,2.75,3.2,2.37,3.1,3.26,2.48,2.81,3.39,2.66,1.98,1.88,1.93,1.96
2022-02-22,T1,2122,Buyuksehyr,Konyaspor,2,1,H,2.0,3.3,3.4,2.08,3.33,4.02,1.86,3.6,4.65,1.98,1.88,2.01,1.88
2022-02-23,E0,2122,Burnley,Tottenham,1,0,H,4.6,3.8,1.75,4.94,3.78,1.79,4.71,3.56,1.88,2.1,1.72,2.12,1.79
2022-02-23,E0,2122,Watford,Crystal Palace,1,4,A,3.1,3.3,2.3,3.24,3.24,2.47,3.03,3.17,2.66,2.2,1.66,2.38,1.64
2022-02-23,E0,2122,Liverpool,Leeds,6,0,H,1.16,8.0,15.0,1.16,8.87,17.91,1.18,8.5,16.0,1.28,3.75,1.33,3.5
2022-02-23,T1,2122,Gaziantep,Yeni Malatyaspor,0,0,D,1.7,3.8,4.5,1.73,4.05,4.87,1.72,3.84,5.26,1.8,2.0,2.05,1.85
2022-02-24,E0,2122,Arsenal,Wolves,2,1,H,1.65,3.8,5.5,1.65,3.9,6.08,1.68,3.76,6.16,2.2,1.66,2.22,1.73
2022-02-25,D1,2122,Hoffenheim,Stuttgart,2,1,H,1.5,4.5,5.75,1.55,4.61,6.09,1.58,4.51,5.84,1.53,2.5,1.55,2.61
2022-02-25,E0,2122,Southampton,Norwich,2,0,H,1.53,4.33,6.0,1.56,4.35,6.55,1.51,4.45,6.93,1.72,2.1,1.74,2.2
2022-02-25,T1,2122,Ad. Demirspor,Antalyaspor,0,0,D,1.9,3.4,3.75,1.94,3.63,4.19,1.89,3.69,4.36,1.8,2.0,1.9,1.99
2022-02-25,T1,2122,Trabzonspor,Kayserispor,3,2,H,1.53,4.2,6.0,1.55,4.13,6.95,1.51,4.33,7.32,1.75,2.05,1.79,2.1
2022-02-26,D1,2122,Freiburg,Hertha,3,0,H,1.55,4.33,5.5,1.58,4.35,6.14,1.43,5.0,8.02,1.72,2.1,1.58,2.53
2022-02-26,D1,2122,Greuther Furth,FC Koln,1,1,D,3.6,3.6,2.0,3.72,3.71,2.06,3.85,3.69,2.03,1.72,2.1,1.81,2.12
2022-02-26,D1,2122,Leverkusen,Bielefeld,3,0,H,1.36,5.25,8.0,1.38,5.06,9.47,1.35,5.77,8.99,1.53,2.5,1.49,2.77
2022-02-26,D1,2122,M'gladbach,Wolfsburg,2,2,D,2.0,3.4,3.75,2.11,3.58,3.72,2.11,3.56,3.74,1.8,2.0,1.91,2.0
2022-02-26,D1,2122,Union Berlin,Mainz,3,1,H,2.6,3.3,2.75,2.69,3.27,2.91,2.67,3.12,3.07,2.2,1.66,2.48,1.6
2022-02-26,D1,2122,Ein Frankfurt,Bayern Munich,0,1,A,6.0,5.0,1.44,6.94,5.09,1.46,5.71,5.3,1.51,1.33,3.4,1.38,3.25
2022-02-26,E0,2122,Leeds,Tottenham,0,4,A,4.2,3.6,1.85,4.14,4.03,1.87,3.79,3.87,2.0,1.61,2.3,1.69,2.29
2022-02-26,E0,2122,Brentford,Newcastle,0,2,A,2.5,3.2,3.0,2.55,3.2,3.15,2.32,3.17,3.6,2.3,1.61,2.5,1.58
2022-02-26,E0,2122,Crystal Palace,Burnley,1,1,D,1.9,3.6,4.0,2.0,3.44,4.29,1.92,3.34,4.9,2.2,1.66,2.37,1.65
2022-02-26,E0,2122,Man United,Watford,0,0,D,1.3,5.5,9.5,1.36,5.67,8.94,1.39,4.98,9.14,1.61,2.3,1.75,2.17
2022-02-26,E0,2122,Brighton,Aston Villa,0,2,A,2.2,3.3,3.5,2.24,3.42,3.52,2.26,3.29,3.64,2.1,1.72,2.19,1.75
2022-02-26,E0,2122,Everton,Man City,0,1,A,10.0,5.75,1.28,10.59,6.17,1.29,12.5,6.75,1.25,1.57,2.37,1.56,2.52
2022-02-26,T1,2122,Buyuksehyr,Karagumruk,1,2,A,1.66,3.6,4.5,1.69,3.89,5.44,1.7,3.72,5.7,1.88,1.98,1.97,1.92
2022-02-26,T1,2122,Sivasspor,Besiktas,2,3,A,2.55,3.1,2.7,2.73,3.28,2.81,2.83,3.15,2.81,2.15,1.66,2.27,1.68
2022-02-27,D1,2122,Bochum,RB Leipzig,0,1,A,5.0,4.0,1.65,5.66,4.01,1.67,4.7,3.72,1.85,1.66,2.2,1.93,1.98
2022-02-27,D1,2122,Augsburg,Dortmund,1,1,D,5.0,4.33,1.61,5.67,4.11,1.65,4.22,3.83,1.9,1.5,2.62,1.78,2.14
2022-02-27,E0,2122,West Ham,Wolves,1,0,H,2.05,3.3,3.8,2.15,3.23,4.03,1.94,3.41,4.64,2.3,1.61,2.39,1.64
2022-02-27,T1,2122,Altay,Gaziantep,3,2,H,2.62,3.2,2.6,2.83,3.2,2.77,2.82,3.24,2.74,2.0,1.85,2.16,1.76
2022-02-27,T1,2122,Giresunspor,Goztep,3,1,H,2.3,3.1,2.9,2.52,3.13,3.21,2.42,3.32,3.2,2.1,1.7,2.16,1.75
2022-02-27,T1,2122,Alanyaspor,Konyaspor,5,1,H,2.37,3.25,2.8,2.52,3.25,3.09,2.31,3.56,3.22,1.85,2.0,1.81,2.02
2022-02-27,T1,2122,Hatayspor,Yeni Malatyaspor,5,2,H,1.65,3.75,4.5,1.67,3.86,5.78,1.66,3.98,5.61,1.8,2.0,1.86,2.03
2022-02-27,T1,2122,Galatasaray,Rizespor,4,2,H,1.4,4.5,7.0,1.47,4.32,8.36,1.51,4.34,7.13,1.66,2.15,1.68,2.27
2022-02-28,T1,2122,Kasimpasa,Fenerbahce,1,2,A,2.45,3.2,2.55,2.59,3.61,2.7,2.73,3.59,2.61,1.93,1.93,1.68,2.28
2022-03-01,E0,2122,Burnley,Leicester,0,2,A,2.9,3.4,2.4,2.98,3.39,2.55,2.95,3.31,2.63,2.02,1.88,2.09,1.84
2022-03-04,D1,2122,Bielefeld,Augsburg,0,1,A,2.5,3.25,2.9,2.64,3.22,3.0,2.39,3.39,3.22,2.1,1.72,2.1,1.8
2022-03-04,T1,2122,Yeni Malatyaspor,Ad. Demirspor,1,0,H,4.5,3.5,1.72,4.73,3.92,1.78,4.91,4.01,1.74,1.8,2.0,1.76,2.15
2022-03-05,D1,2122,Bayern Munich,Leverkusen,1,1,D,1.4,5.75,6.0,1.42,5.79,6.79,1.38,5.94,7.27,1.25,4.0,1.33,3.23
2022-03-05,D1,2122,Bochum,Greuther Furth,2,1,H,1.72,3.75,4.75,1.79,3.83,4.89,1.75,3.88,5.14,2.0,1.9,1.94,1.96
2022-03-05,D1,2122,Hertha,Ein Frankfurt,1,4,A,3.3,3.4,2.15,3.33,3.63,2.24,3.36,3.73,2.19,1.72,2.1,1.65,2.37
2022-03-05,D1,2122,RB Leipzig,Freiburg,1,1,D,1.61,4.2,5.25,1.64,4.3,5.49,1.55,4.26,6.63,1.66,2.2,1.85,2.06
2022-03-05,D1,2122,Wolfsburg,Union Berlin,1,0,H,2.2,3.2,3.5,2.3,3.29,3.54,2.38,3.29,3.52,2.2,1.66,2.28,1.69
2022-03-05,D1,2122,Stuttgart,M'gladbach,3,2,H,3.1,3.6,2.15,3.26,3.78,2.22,2.88,3.53,2.58,1.72,2.1,1.75,2.18
2022-03-05,E0,2122,Leicester,Leeds,1,0,H,1.75,4.0,4.2,1.82,4.23,4.21,2.14,3.69,3.51,1.53,2.5,1.6,2.48
2022-03-05,E0,2122,Aston Villa,Southampton,4,0,H,2.3,3.5,3.0,2.42,3.49,3.1,2.27,3.62,3.32,1.86,2.04,1.75,2.22
2022-03-05,E0,2122,Burnley,Chelsea,0,4,A,6.5,4.33,1.5,7.69,4.19,1.52,7.4,4.06,1.55,2.1,1.72,2.2,1.74
2022-03-05,E0,2122,Newcastle,Brighton,2,1,H,2.75,3.2,2.62,2.82,3.23,2.8,2.8,3.17,2.86,2.3,1.61,2.34,1.66
2022-03-05,E0,2122,Norwich,Brentford,1,3,A,2.9,3.1,2.5,3.04,3.19,2.64,3.22,3.25,2.48,2.3,1.61,2.19,1.75
2022-03-05,E0,2122,Wolves,Crystal Palace,0,2,A,2.3,3.1,3.4,2.43,3.08,3.5,2.4,3.09,3.55,2.62,1.5,2.68,1.52
2022-03-05,E0,2122,Liverpool,West Ham,1,0,H,1.28,5.75,9.5,1.3,5.99,10.58,1.27,6.5,11.5,1.5,2.62,1.4,3.07
2022-03-05,T1,2122,Goztep,Kasimpasa,2,3,A,2.25,3.4,2.9,2.38,3.51,3.1,2.43,3.52,3.01,1.88,1.98,1.77,2.13
2022-03-05,T1,2122,Rizespor,Giresunspor,1,2,A,2.7,3.4,2.45,2.89,3.45,2.55,2.93,3.28,2.62,2.07,1.72,2.29,1.68
2022-03-05,T1,2122,Konyaspor,Galatasaray,2,0,H,2.45,3.25,2.8,2.6,3.58,2.75,2.54,3.4,2.95,1.9,1.95,1.98,1.93
2022-03-06,D1,2122,FC Koln,Hoffenheim,0,1,A,2.62,3.6,2.55,2.75,3.56,2.65,2.94,3.78,2.4,1.53,2.5,1.53,2.56
2022-03-06,E0,2122,Watford,Arsenal,2,3,A,6.0,4.0,1.57,6.29,4.03,1.62,6.84,4.31,1.55,2.05,1.85,1.9,2.01
2022-03-06,E0,2122,Man City,Man United,4,1,H,1.4,4.75,7.5,1.43,4.9,8.34,1.43,5.06,7.66,1.61,2.3,1.62,2.44
2022-03-06,T1,2122,Karagumruk,Altay,0,0,D,1.9,3.4,4.0,1.95,3.77,3.97,2.22,3.34,3.6,1.85,2.0,1.9,1.99
2022-03-06,T1,2122,Antalyaspor,Sivasspor,1,0,H,2.45,3.2,2.87,2.51,3.27,3.09,2.18,3.21,3.86,2.15,1.66,2.32,1.66
2022-03-06,T1,2122,Fenerbahce,Trabzonspor,1,1,D,2.2,3.3,3.0,2.3,3.56,3.2,2.31,3.5,3.24,1.9,1.95,1.86,2.03
2022-03-07,E0,2122,Tottenham,Everton,5,0,H,1.57,3.8,5.75,1.61,4.27,5.97,1.77,3.83,5.05,1.72,2.1,1.83,2.07
2022-03-07,T1,2122,Besiktas,Buyuksehyr,2,2,D,2.15,3.5,3.2,2.14,3.52,3.56,2.47,3.32,3.11,1.95,1.9,1.93,1.95
2022-03-07,T1,2122,Gaziantep,Hatayspor,2,2,D,2.2,3.4,3.0,2.39,3.52,3.03,2.21,3.55,3.4,1.85,1.95,1.85,2.05
2022-03-07,T1,2122,Kayserispor,Alanyaspor,1,2,A,2.5,3.25,2.7,2.5,3.57,2.83,2.37,3.35,3.25,1.8,2.0,2.03,1.86
2022-03-10,E0,2122,Norwich,Chelsea,1,3,A,11.0,4.75,1.3,14.15,5.78,1.28,10.58,4.98,1.36,1.72,2.1,1.93,1.98
2022-03-10,E0,2122,Southampton,Newcastle,1,2,A,2.0,3.75,3.5,1.99,3.78,3.89,1.92,3.64,4.41,1.8,2.0,1.99,1.92
2022-03-10,E0,2122,Wolves,Watford,4,0,H,1.75,3.6,4.5,1.84,3.56,5.02,1.97,3.44,4.44,2.3,1.61,2.26,1.7
2022-03-10,E0,2122,Leeds,Aston Villa,0,3,A,2.7,3.5,2.5,2.75,3.64,2.61,2.86,3.63,2.51,1.72,2.1,1.71,2.25
2022-03-12,D1,2122,Freiburg,Wolfsburg,3,2,H,2.1,3.5,3.4,2.1,3.58,3.73,2.01,3.61,4.03,2.1,1.72,1.93,1.98
2022-03-12,D1,2122,Hoffenheim,Bayern Munich,1,1,D,4.75,4.75,1.55,4.94,5.05,1.6,6.36,5.62,1.45,1.28,3.75,1.33,3.27
2022-03-12,D1,2122,Union Berlin,Stuttgart,1,1,D,2.1,3.5,3.5,2.14,3.51,3.7,2.14,3.38,3.87,2.03,1.87,2.2,1.74
2022-03-12,D1,2122,M'gladbach,Hertha,2,0,H,1.57,4.33,5.25,1.61,4.48,5.51,1.53,4.72,6.28,1.53,2.5,1.56,2.57
2022-03-12,E0,2122,Brighton,Liverpool,0,2,A,6.0,4.33,1.5,6.65,4.44,1.54,6.88,4.63,1.51,1.72,2.1,1.76,2.18
2022-03-12,E0,2122,Brentford,Burnley,2,0,H,2.15,3.2,3.6,2.25,3.2,3.78,2.14,3.37,3.88,2.3,1.61,2.33,1.67
2022-03-12,E0,2122,Man United,Tottenham,3,2,H,2.2,3.4,3.25,2.22,3.66,3.35,2.39,3.54,3.12,1.72,2.1,1.82,2.09
2022-03-12,T1,2122,Hatayspor,Karagumruk,3,0,H,1.9,3.4,4.0,2.0,3.62,3.96,2.06,3.44,3.96,1.83,2.02,1.97,1.92
2022-03-12,T1,2122,Altay,Yeni Malatyaspor,1,0,H,1.9,3.3,4.0,1.94,3.65,4.17,1.93,3.6,4.3,1.98,1.88,1.94,1.94
2022-03-12,T1,2122,Kasimpasa,Rizespor,3,1,H,1.6,4.0,5.25,1.65,4.31,5.24,1.53,4.47,6.41,1.65,2.2,1.59,2.48
2022-03-12,T1,2122,Trabzonspor,Goztep,4,2,H,1.57,3.75,5.0,1.62,4.31,5.49,1.7,4.09,5.07,1.83,2.02,1.68,2.29
2022-03-13,D1,2122,Leverkusen,FC Koln,0,1,A,1.61,4.2,5.25,1.63,4.36,5.48,1.7,4.33,4.85,1.5,2.62,1.52,2.65
2022-03-13,D1,2122,Dortmund,Bielefeld,1,0,H,1.28,6.0,10.0,1.27,6.21,11.7,1.35,5.65,9.27,1.44,2.75,1.55,2.62
2022-03-13,D1,2122,Ein Frankfurt,Bochum,2,1,H,1.9,3.5,4.2,1.9,3.58,4.58,1.58,4.11,6.66,1.8,2.0,1.75,2.19
2022-03-13,D1,2122,Greuther Furth,RB Leipzig,1,6,A,8.5,5.0,1.36,8.47,5.51,1.38,9.67,5.65,1.34,1.57,2.37,1.6,2.45
2022-03-13,E0,2122,Chelsea,Newcastle,1,0,H,1.3,5.25,11.0,1.34,5.17,10.18,1.41,4.94,8.76,1.72,2.1,1.81,2.09
2022-03-13,E0,2122,Everton,Wolves,0,1,A,2.3,3.2,3.3,2.37,3.2,3.48,2.33,3.1,3.69,2.3,1.61,2.63,1.57
2022-03-13,E0,2122,Leeds,Norwich,2,1,H,1.55,4.2,5.75,1.65,4.12,5.7,1.62,4.38,5.62,1.66,2.2,1.63,2.42
2022-03-13,E0,2122,Southampton,Watford,1,2,A,1.6,4.2,5.25,1.61,4.33,5.82,1.68,4.05,5.48,1.8,2.0,1.81,2.1
2022-03-13,E0,2122,West Ham,Aston Villa,2,1,H,2.25,3.3,3.3,2.41,3.3,3.28,2.58,3.31,3.01,2.01,1.89,2.02,1.88
2022-03-13,E0,2122,Arsenal,Leicester,2,0,H,1.5,4.5,6.0,1.54,4.62,6.22,1.45,4.78,7.92,1.61,2.3,1.7,2.27
2022-03-13,T1,2122,Kayserispor,Konyaspor,2,3,A,2.7,3.2,2.62,2.88,3.58,2.49,3.4,3.36,2.29,2.05,1.75,1.98,1.9
2022-03-13,T1,2122,Ad. Demirspor,Sivasspor,2,3,A,1.9,3.4,4.0,1.93,3.65,4.2,1.9,3.58,4.47,2.02,1.83,1.98,1.91
2022-03-13,T1,2122,Alanyaspor,Fenerbahce,2,5,A,2.62,3.3,2.6,2.81,3.63,2.52,2.84,3.46,2.59,1.83,2.02,1.92,1.97
2022-03-14,E0,2122,Crystal Palace,Man City,0,0,D,10.0,5.0,1.33,9.58,5.7,1.34,9.88,5.58,1.34,1.72,2.1,1.69,2.28
2022-03-14,T1,2122,Buyuksehyr,Antalyaspor,0,1,A,1.72,3.5,4.75,1.78,3.75,4.99,2.17,3.23,4.01,1.98,1.88,2.41,1.6
2022-03-14,T1,2122,Galatasaray,Besiktas,2,1,H,2.45,3.3,2.75,2.5,3.53,2.85,2.35,3.53,3.14,1.83,2.02,1.82,2.07
2022-03-14,T1,2122,Giresunspor,Gaziantep,2,1,H,2.37,3.3,2.87,2.33,3.4,3.22,2.35,3.25,3.39,2.0,1.85,2.3,1.67
2022-03-16,D1,2122,Mainz,Dortmund,0,1,A,4.0,3.8,1.85,4.25,3.88,1.88,3.03,3.58,2.43,1.61,2.3,1.72,2.24
2022-03-16,E0,2122,Brighton,Tottenham,0,2,A,3.3,3.3,2.25,3.38,3.37,2.33,3.79,3.49,2.12,2.0,1.8,2.14,1.78
2022-03-16,E0,2122,Arsenal,Liverpool,0,2,A,3.5,4.0,1.9,3.78,4.12,1.93,3.75,3.6,2.09,1.72,2.1,1.86,2.05
2022-03-17,E0,2122,Everton,Newcastle,1,0,H,2.4,3.25,3.1,2.4,3.38,3.22,2.41,3.31,3.28,1.9,2.0,2.24,1.71
2022-03-18,D1,2122,Bochum,M'gladbach,0,2,A,2.8,3.6,2.37,2.91,3.64,2.48,2.91,3.64,2.48,1.72,2.1,1.72,2.23
2022-03-18,E0,2122,Wolves,Leeds,2,3,A,2.1,3.5,3.4,2.17,3.53,3.6,2.29,3.38,3.47,1.99,1.91,2.21,1.74
2022-03-18,T1,2122,Karagumruk,Kayserispor,3,0,H,1.95,3.6,3.6,2.03,3.63,3.83,1.99,3.62,4.01,1.88,1.98,1.93,1.95
2022-03-18,T1,2122,Rizespor,Trabzonspor,3,2,H,4.2,4.0,1.7,4.93,3.91,1.75,4.74,3.86,1.79,1.7,2.1,1.78,2.1
2022-03-19,D1,2122,Greuther Furth,Freiburg,0,0,D,4.75,4.0,1.7,4.71,4.23,1.74,5.05,3.98,1.74,1.8,2.0,1.82,2.08
2022-03-19,D1,2122,Hertha,Hoffenheim,3,0,H,4.2,4.2,1.72,4.49,4.37,1.75,3.59,3.71,2.11,1.57,2.37,1.66,2.35
2022-03-19,D1,2122,Mainz,Bielefeld,4,0,H,1.6,3.75,6.0,1.63,3.82,6.62,1.49,4.38,7.98,2.2,1.66,1.88,2.03
2022-03-19,D1,2122,Stuttgart,Augsburg,3,2,H,2.0,3.6,3.6,2.07,3.54,3.88,1.88,3.61,4.66,1.96,1.94,2.03,1.88
2022-03-19,D1,2122,Bayern Munich,Union Berlin,4,0,H,1.16,8.0,13.0,1.18,7.91,17.32,1.14,9.75,19.5,1.3,3.5,1.33,3.5
2022-03-19,E0,2122,Aston Villa,Arsenal,0,1,A,3.0,3.3,2.4,3.06,3.48,2.45,2.96,3.42,2.55,1.92,1.98,1.96,1.92
2022-03-19,T1,2122,Yeni Malatyaspor,Kasimpasa,0,2,A,3.75,3.6,1.9,4.05,3.88,1.91,4.11,3.92,1.88,1.72,2.07,1.71,2.22
2022-03-19,T1,2122,Ad. Demirspor,Buyuksehyr,2,1,H,2.3,3.3,2.9,2.41,3.56,3.01,2.17,3.55,3.51,1.93,1.93,2.01,1.88
2022-03-19,T1,2122,Goztep,Alanyaspor,0,2,A,2.3,3.4,2.87,2.54,3.51,2.87,2.38,3.56,3.06,1.75,2.05,1.71,2.22
2022-03-19,T1,2122,Besiktas,Hatayspor,1,1,D,1.7,4.0,4.33,1.74,4.04,4.84,1.62,4.39,5.41,1.61,2.25,1.52,2.61
2022-03-20,D1,2122,RB Leipzig,Ein Frankfurt,0,0,D,1.44,4.5,7.5,1.43,5.14,7.53,1.43,5.09,7.82,1.57,2.37,1.53,2.67
2022-03-20,D1,2122,Wolfsburg,Leverkusen,0,2,A,3.0,3.4,2.3,3.06,3.55,2.41,3.22,3.57,2.32,1.72,2.1,1.81,2.09
2022-03-20,D1,2122,FC Koln,Dortmund,1,1,D,3.5,3.75,2.0,3.56,3.97,2.04,3.69,4.01,1.99,1.57,2.37,1.52,2.67
2022-03-20,E0,2122,Leicester,Brentford,2,1,H,2.15,3.4,3.4,2.25,3.49,3.43,2.13,3.55,3.68,1.91,1.99,2.04,1.87
2022-03-20,E0,2122,Tottenham,West Ham,3,1,H,1.72,3.8,4.75,1.78,3.89,4.92,1.73,3.86,5.32,1.72,2.1,1.97,1.93
2022-03-20,T1,2122,Antalyaspor,Giresunspor,4,1,H,2.1,3.3,3.4,2.15,3.37,3.76,2.12,3.11,4.26,2.15,1.66,2.56,1.56
2022-03-20,T1,2122,Sivasspor,Altay,2,1,H,1.8,3.5,4.33,1.88,3.53,4.53,1.85,3.37,5.17,2.0,1.85,2.26,1.69
2022-03-20,T1,2122,Gaziantep,Galatasaray,3,1,H,2.7,3.4,2.45,2.86,3.53,2.54,2.74,3.4,2.71,1.9,1.95,1.92,1.97
2022-03-20,T1,2122,Fenerbahce,Konyaspor,2,1,H,1.95,3.5,3.6,2.04,3.56,3.88,1.62,4.33,5.44,1.93,1.93,1.69,2.27
2022-04-01,D1,2122,Union Berlin,FC Koln,1,0,H,2.25,3.3,3.3,2.35,3.24,3.47,2.32,3.28,3.47,2.1,1.72,2.22,1.73
2022-04-02,D1,2122,Bielefeld,Stuttgart,1,1,D,3.0,3.4,2.35,3.29,3.39,2.36,3.52,3.31,2.3,2.03,1.87,2.23,1.72
2022-04-02,D1,2122,Ein Frankfurt,Greuther Furth,0,0,D,1.44,4.75,6.5,1.45,4.94,7.5,1.29,5.84,11.31,1.61,2.3,1.57,2.52
2022-04-02,D1,2122,Freiburg,Bayern Munich,1,4,A,5.5,4.75,1.5,5.76,4.86,1.55,6.3,4.93,1.51,1.44,2.75,1.53,2.65
2022-04-02,D1,2122,Hoffenheim,Bochum,1,2,A,1.5,4.33,6.5,1.52,4.6,6.65,1.48,4.87,6.97,1.57,2.37,1.53,2.66
2022-04-02,D1,2122,Leverkusen,Hertha,2,1,H,1.4,5.25,6.0,1.44,5.16,7.32,1.46,4.79,7.47,1.44,2.75,1.65,2.37
2022-04-02,D1,2122,Dortmund,RB Leipzig,1,4,A,2.5,3.6,2.62,2.49,3.81,2.79,2.35,3.79,3.0,1.53,2.5,1.59,2.5
2022-04-02,E0,2122,Liverpool,Watford,2,0,H,1.12,9.5,17.0,1.13,9.86,23.62,1.17,8.5,18.0,1.36,3.2,1.38,3.2
2022-04-02,E0,2122,Brighton,Norwich,0,0,D,1.5,4.0,7.0,1.53,4.08,7.94,1.52,4.33,7.16,2.0,1.8,2.04,1.86
2022-04-02,E0,2122,Burnley,Man City,0,2,A,15.0,6.5,1.2,15.0,6.63,1.23,16.5,7.3,1.2,1.57,2.37,1.58,2.47
2022-04-02,E0,2122,Chelsea,Brentford,1,4,A,1.33,5.0,10.0,1.35,5.18,10.7,1.4,4.77,9.59,1.91,1.99,1.96,1.93
2022-04-02,E0,2122,Leeds,Southampton,1,1,D,2.37,3.75,2.75,2.39,3.69,3.01,2.5,3.63,2.86,1.61,2.3,1.65,2.36
2022-04-02,E0,2122,Wolves,Aston Villa,2,1,H,3.0,3.1,2.55,3.11,3.13,2.63,3.16,3.09,2.62,2.37,1.57,2.5,1.59
2022-04-02,E0,2122,Man United,Leicester,1,1,D,1.5,4.5,6.0,1.52,4.71,6.41,1.56,4.76,5.69,1.57,2.37,1.63,2.42
2022-04-02,T1,2122,Giresunspor,Sivasspor,2,2,D,2.3,3.0,2.87,2.53,3.24,3.09,2.4,3.23,3.31,2.3,1.6,2.3,1.67
2022-04-02,T1,2122,Altay,Antalyaspor,1,2,A,2.7,3.1,2.37,2.97,3.4,2.52,2.91,3.27,2.63,2.05,1.8,2.2,1.72
2022-04-02,T1,2122,Kayserispor,Fenerbahce,0,4,A,3.5,3.5,1.85,3.72,3.92,1.98,3.72,3.8,2.01,1.72,2.07,1.72,2.22
2022-04-02,T1,2122,Galatasaray,Karagumruk,2,0,H,1.65,3.6,4.33,1.71,4.09,4.93,1.65,4.16,5.43,1.7,2.1,1.8,2.09
2022-04-03,D1,2122,Augsburg,Wolfsburg,3,0,H,2.8,3.4,2.5,3.12,3.31,2.5,2.69,3.41,2.8,2.1,1.72,2.04,1.88
2022-04-03,D1,2122,M'gladbach,Mainz,1,1,D,2.25,3.4,3.2,2.35,3.56,3.16,2.43,3.51,3.05,1.72,2.1,1.83,2.08
2022-04-03,E0,2122,West Ham,Everton,2,1,H,1.75,3.8,4.5,1.81,3.84,4.77,1.79,3.84,4.87,2.0,1.9,1.93,1.98
2022-04-03,E0,2122,Tottenham,Newcastle,5,1,H,1.5,4.33,6.5,1.53,4.42,6.87,1.56,4.33,6.45,1.8,2.0,1.81,2.1
2022-04-03,T1,2122,Kasimpasa,Gaziantep,2,1,H,1.95,3.4,3.25,2.04,3.74,3.69,1.88,3.84,4.21,1.72,2.07,1.66,2.32
2022-04-03,T1,2122,Alanyaspor,Rizespor,2,1,H,1.6,3.6,5.0,1.66,4.3,5.08,1.61,4.47,5.43,1.61,2.25,1.65,2.34
2022-04-03,T1,2122,Konyaspor,Goztep,3,0,H,1.8,3.5,3.6,1.83,3.81,4.55,1.79,3.88,4.69,1.75,2.05,1.72,2.21
2022-04-03,T1,2122,Trabzonspor,Besiktas,1,1,D,2.0,3.25,3.25,2.21,3.56,3.41,2.11,3.75,3.48,1.75,2.05,1.7,2.24
2022-04-04,E0,2122,Crystal Palace,Arsenal,3,0,H,4.0,3.4,1.95,4.15,3.51,2.01,4.15,3.35,2.07,2.1,1.72,2.21,1.74
2022-04-04,T1,2122,Buyuksehyr,Yeni Malatyaspor,1,0,H,1.33,4.5,7.5,1.35,5.1,9.71,1.33,5.45,10.15,1.75,2.05,1.75,2.17
2022-04-04,T1,2122,Hatayspor,Ad. Demirspor,0,0,D,2.62,3.2,2.37,2.76,3.59,2.55,3.24,3.76,2.21,1.7,2.1,1.75,2.16
2022-04-06,D1,2122,Augsburg,Mainz,2,1,H,3.3,3.3,2.25,3.42,3.36,2.31,3.31,3.47,2.32,2.06,1.84,2.02,1.89
2022-04-06,E0,2122,Burnley,Everton,3,2,H,2.62,3.1,2.87,2.54,3.23,3.13,2.59,3.09,3.2,2.2,1.66,2.41,1.63
2022-04-08,D1,2122,Stuttgart,Dortmund,0,2,A,3.9,4.1,1.8,4.07,4.04,1.88,3.82,3.89,1.98,1.61,2.3,1.64,2.39
2022-04-08,E0,2122,Newcastle,Wolves,1,0,H,2.25,3.1,3.4,2.34,3.14,3.62,2.0,3.41,4.47,2.37,1.57,2.43,1.62
2022-04-09,D1,2122,Bayern Munich,Augsburg,1,0,H,1.11,10.0,19.0,1.13,10.04,22.66,1.16,9.5,16.0,1.22,4.33,,
2022-04-09,D1,2122,FC Koln,Mainz,3,2,H,2.45,3.4,2.9,2.56,3.37,3.0,2.76,3.34,2.77,1.97,1.93,2.02,1.89
2022-04-09,D1,2122,Greuther Furth,M'gladbach,0,2,A,4.75,4.0,1.7,5.04,4.13,1.71,4.79,4.12,1.75,1.66,2.2,1.72,2.24
2022-04-09,D1,2122,Wolfsburg,Bielefeld,4,0,H,1.66,3.8,5.25,1.68,3.98,5.59,1.68,3.86,5.83,1.97,1.93,2.02,1.89
2022-04-09,D1,2122,Hertha,Union Berlin,1,4,A,2.87,3.2,2.6,3.0,3.27,2.62,3.63,3.18,2.31,2.2,1.66,2.4,1.64
2022-04-09,E0,2122,Everton,Man United,1,0,H,4.6,3.75,1.75,4.52,3.89,1.83,4.09,3.88,1.92,1.85,2.05,1.79,2.12
2022-04-09,E0,2122,Arsenal,Brighton,1,2,A,1.61,3.8,5.75,1.67,3.95,5.85,1.64,3.88,6.43,2.04,1.86,2.17,1.76
2022-04-09,E0,2122,Southampton,Chelsea,0,6,A,3.8,3.6,1.95,4.08,3.76,1.95,3.93,3.56,2.05,1.95,1.95,1.98,1.93
2022-04-09,E0,2122,Watford,Leeds,0,3,A,2.7,3.4,2.55,2.75,3.6,2.63,2.91,3.45,2.57,1.72,2.1,1.88,2.02
2022-04-09,E0,2122,Aston Villa,Tottenham,0,4,A,3.2,3.4,2.25,3.23,3.6,2.3,3.47,3.59,2.2,1.86,2.04,1.93,1.98
2022-04-09,T1,2122,Karagumruk,Kasimpasa,3,2,H,2.55,3.4,2.5,2.74,3.59,2.61,3.09,3.47,2.41,1.85,2.0,1.79,2.1
2022-04-09,T1,2122,Goztep,Kayserispor,1,2,A,2.05,3.5,3.1,2.1,3.69,3.55,2.0,3.72,3.84,1.8,2.0,1.76,2.15
2022-04-09,T1,2122,Rizespor,Konyaspor,2,1,H,3.5,3.5,1.95,3.58,3.76,2.07,3.46,3.62,2.16,1.85,1.95,1.87,2.02
2022-04-09,T1,2122,Besiktas,Alanyaspor,4,1,H,1.8,3.6,4.0,1.88,3.95,4.12,1.73,4.07,4.83,1.66,2.15,1.68,2.27
2022-04-09,T1,2122,Gaziantep,Trabzonspor,0,0,D,3.1,3.25,2.1,3.28,3.59,2.25,3.0,3.66,2.37,1.88,1.98,1.78,2.12
2022-04-10,D1,2122,Bochum,Leverkusen,0,0,D,4.0,4.2,1.8,4.17,4.18,1.83,3.94,3.93,1.94,1.61,2.3,1.72,2.23
2022-04-10,D1,2122,Ein Frankfurt,Freiburg,1,2,A,2.4,3.4,2.9,2.58,3.34,2.99,2.45,3.44,3.1,1.8,2.1,1.88,2.04
2022-04-10,D1,2122,RB Leipzig,Hoffenheim,3,0,H,1.5,4.75,6.0,1.51,4.95,6.16,1.46,5.06,6.92,1.44,2.75,1.51,2.71
2022-04-10,E0,2122,Brentford,West Ham,2,0,H,2.62,3.3,2.62,2.72,3.34,2.82,2.77,3.35,2.76,2.1,1.72,2.09,1.82
2022-04-10,E0,2122,Leicester,Crystal Palace,2,1,H,2.37,3.3,2.9,2.46,3.48,3.04,2.53,3.29,3.1,1.99,1.91,2.18,1.76
2022-04-10,E0,2122,Norwich,Burnley,2,0,H,2.87,3.2,2.55,3.1,3.18,2.6,3.23,3.42,2.38,2.3,1.61,2.09,1.82
2022-04-10,E0,2122,Man City,Liverpool,2,2,D,2.0,3.75,3.5,2.1,3.75,3.56,1.98,3.82,3.9,1.72,2.1,1.81,2.11
2022-04-10,T1,2122,Yeni Malatyaspor,Giresunspor,0,1,A,3.4,3.4,2.0,3.93,3.56,2.03,4.76,3.7,1.82,2.05,1.75,2.08,1.83
2022-04-10,T1,2122,Ad. Demirspor,Altay,3,1,H,1.57,4.0,4.75,1.61,4.22,5.74,1.39,5.52,7.62,1.75,2.05,1.56,2.54
2022-04-10,T1,2122,Sivasspor,Buyuksehyr,0,2,A,2.62,3.25,2.5,2.83,3.35,2.67,2.71,3.22,2.87,2.1,1.7,2.3,1.67
2022-04-10,T1,2122,Fenerbahce,Galatasaray,2,0,H,1.85,3.5,3.75,1.93,3.81,4.01,2.12,3.56,3.62,1.8,2.0,1.93,1.95
2022-04-11,T1,2122,Antalyaspor,Hatayspor,4,1,H,2.1,3.3,3.2,2.18,3.76,3.25,2.01,3.57,3.97,2.0,1.85,1.89,2.0
2022-04-15,T1,2122,Kayserispor,Rizespor,1,1,D,2.0,3.4,3.6,2.1,3.75,3.49,2.04,3.67,3.75,1.88,1.98,1.9,1.99
2022-04-15,T1,2122,Trabzonspor,Karagumruk,1,1,D,1.44,4.33,6.5,1.5,4.47,7.04,1.46,4.91,7.01,1.65,2.2,1.74,2.18
2022-04-16,D1,2122,Augsburg,Hertha,0,1,A,1.9,3.5,4.2,1.96,3.61,4.21,1.97,3.6,4.2,1.91,1.99,1.88,2.02
2022-04-16,D1,2122,Dortmund,Wolfsburg,6,1,H,1.53,4.33,5.75,1.55,4.54,6.29,1.58,4.55,5.78,1.57,2.37,1.51,2.68
2022-04-16,D1,2122,Freiburg,Bochum,3,0,H,1.65,4.0,5.25,1.71,4.05,5.16,1.67,4.03,5.65,1.93,1.97,1.85,2.07
2022-04-16,D1,2122,Mainz,Stuttgart,0,0,D,2.05,3.5,3.6,2.03,3.61,3.96,2.06,3.64,3.81,1.95,1.95,1.79,2.13
2022-04-16,D1,2122,M'gladbach,FC Koln,1,3,A,2.05,3.6,3.5,2.03,3.86,3.7,2.14,3.79,3.43,1.61,2.3,1.62,2.48
2022-04-16,E0,2122,Tottenham,Brighton,0,1,A,1.53,4.0,6.5,1.56,4.35,6.52,1.51,4.56,6.92,1.9,2.0,1.75,2.19
2022-04-16,E0,2122,Man United,Norwich,3,2,H,1.25,6.5,10.0,1.23,6.6,14.96,1.29,6.35,9.95,1.5,2.62,1.41,3.03
2022-04-16,E0,2122,Southampton,Arsenal,1,0,H,3.8,3.6,1.95,3.97,3.79,1.97,4.08,3.79,1.94,1.9,2.0,1.85,2.07
2022-04-16,E0,2122,Watford,Brentford,1,2,A,2.7,3.3,2.55,2.95,3.33,2.62,2.94,3.39,2.58,2.1,1.72,2.07,1.85
2022-04-16,T1,2122,Hatayspor,Sivasspor,1,1,D,2.5,3.2,2.62,2.62,3.48,2.78,2.1,3.45,3.82,1.98,1.88,1.91,1.97
2022-04-16,T1,2122,Alanyaspor,Antalyaspor,1,3,A,2.05,3.25,3.25,2.18,3.46,3.56,2.16,3.4,3.69,2.0,1.85,1.97,1.92
2022-04-16,T1,2122,Altay,Buyuksehyr,1,1,D,3.6,3.3,1.95,3.98,3.61,2.0,5.29,3.92,1.7,2.02,1.83,2.11,1.79
2022-04-16,T1,2122,Fenerbahce,Goztep,2,0,H,1.33,4.75,8.0,1.41,4.96,8.18,1.4,4.89,8.84,1.65,2.2,1.47,2.78
2022-04-17,D1,2122,Bielefeld,Bayern Munich,0,3,A,13.0,7.5,1.18,15.91,7.72,1.19,16.0,8.5,1.18,1.33,3.4,1.34,3.42
2022-04-17,D1,2122,Hoffenheim,Greuther Furth,0,0,D,1.28,6.5,9.0,1.29,6.18,10.67,1.2,7.5,15.5,1.4,3.0,1.37,3.23
2022-04-17,D1,2122,Union Berlin,Ein Frankfurt,2,0,H,2.15,3.4,3.4,2.17,3.5,3.61,2.05,3.59,3.92,2.04,1.86,2.0,1.91
2022-04-17,D1,2122,Leverkusen,RB Leipzig,0,1,A,3.0,3.6,2.3,3.1,3.73,2.32,2.65,3.37,2.87,1.66,2.2,1.96,1.94
2022-04-17,E0,2122,Newcastle,Leicester,2,1,H,2.2,3.4,3.3,2.25,3.46,3.46,2.06,3.56,3.9,1.99,1.91,1.94,1.96
2022-04-17,E0,2122,West Ham,Burnley,1,1,D,1.7,3.8,5.0,1.73,3.99,5.11,1.81,3.8,4.84,1.95,1.95,1.94,1.96
2022-04-17,T1,2122,Konyaspor,Gaziantep,4,1,H,1.75,3.6,4.0,1.83,3.89,4.42,1.87,3.75,4.41,1.83,2.02,1.81,2.08
2022-04-17,T1,2122,Kasimpasa,Ad. Demirspor,4,0,H,2.3,3.3,2.9,2.32,3.81,2.94,2.78,3.64,2.54,1.7,2.1,1.72,2.2
2022-04-17,T1,2122,Giresunspor,Besiktas,0,0,D,2.8,3.3,2.3,3.04,3.52,2.38,3.38,3.64,2.19,1.85,2.0,1.89,2.0
2022-04-18,T1,2122,Galatasaray,Yeni Malatyaspor,2,0,H,1.28,5.0,10.0,1.31,5.33,11.71,1.21,7.17,14.12,1.66,2.15,1.49,2.69
2022-04-19,E0,2122,Liverpool,Man United,4,0,H,1.4,5.0,7.0,1.41,5.36,7.82,1.34,5.78,9.17,1.5,2.62,1.48,2.79
2022-04-20,E0,2122,Chelsea,Arsenal,2,4,A,1.83,3.6,4.33,1.88,3.77,4.42,1.96,3.52,4.36,2.1,1.8,2.19,1.75
2022-04-20,E0,2122,Everton,Leicester,1,1,D,2.25,3.4,3.25,2.32,3.52,3.26,2.67,3.31,2.9,1.92,1.98,2.03,1.88
2022-04-20,E0,2122,Newcastle,Crystal Palace,1,0,H,2.25,3.4,3.25,2.4,3.24,3.36,2.32,3.24,3.54,2.2,1.66,2.41,1.63
2022-04-20,E0,2122,Man City,Brighton,3,0,H,1.16,7.0,17.0,1.2,7.09,18.98,1.23,6.5,16.0,1.61,2.3,1.57,2.51
2022-04-21,E0,2122,Burnley,Southampton,2,0,H,2.75,3.25,2.62,2.75,3.48,2.69,2.7,3.35,2.8,1.98,1.92,2.01,1.89
2022-04-22,D1,2122,Wolfsburg,Mainz,5,0,H,2.3,3.4,3.1,2.37,3.46,3.22,2.58,3.44,2.92,1.93,1.97,1.95,1.95
2022-04-22,T1,2122,Rizespor,Fenerbahce,0,6,A,6.0,3.8,1.53,5.73,4.34,1.6,5.37,4.42,1.62,1.72,2.07,1.73,2.2
2022-04-23,D1,2122,Ein Frankfurt,Hoffenheim,2,2,D,2.55,3.6,2.62,2.6,3.73,2.71,2.34,3.84,2.96,1.53,2.5,1.56,2.57
2022-04-23,D1,2122,FC Koln,Bielefeld,3,1,H,1.53,4.2,6.5,1.55,4.44,6.52,1.41,5.06,8.52,1.72,2.1,1.68,2.3
2022-04-23,D1,2122,Freiburg,M'gladbach,3,3,D,1.83,4.0,4.0,1.88,3.9,4.28,1.85,4.0,4.29,1.57,2.37,1.6,2.47
2022-04-23,D1,2122,Greuther Furth,Leverkusen,1,4,A,8.5,5.25,1.33,8.94,5.39,1.37,9.75,6.35,1.3,1.53,2.5,1.54,2.6
2022-04-23,D1,2122,RB Leipzig,Union Berlin,1,2,A,1.55,4.0,6.5,1.56,4.12,6.99,1.65,3.76,6.48,2.0,1.9,2.13,1.79
2022-04-23,D1,2122,Bayern Munich,Dortmund,3,1,H,1.36,5.75,7.0,1.39,5.76,7.6,1.33,6.25,8.25,1.25,4.0,1.34,3.23
2022-04-23,E0,2122,Arsenal,Man United,3,1,H,2.05,3.5,3.5,2.13,3.64,3.58,2.06,3.68,3.75,1.81,2.09,1.8,2.11
2022-04-23,E0,2122,Leicester,Aston Villa,0,0,D,2.8,3.4,2.5,2.95,3.43,2.55,3.05,3.39,2.5,1.85,2.05,1.95,1.95
2022-04-23,E0,2122,Man City,Watford,5,1,H,1.1,10.0,26.0,1.13,9.68,27.79,1.13,9.5,26.0,1.36,3.2,1.39,3.15
2022-04-23,E0,2122,Norwich,Newcastle,0,3,A,3.5,3.3,2.15,3.62,3.39,2.22,3.54,3.38,2.25,1.98,1.92,2.11,1.8
2022-04-23,E0,2122,Brentford,Tottenham,0,0,D,4.33,3.5,1.85,4.39,3.78,1.88,4.93,3.99,1.75,1.89,2.01,1.71,2.24
2022-04-23,T1,2122,Gaziantep,Goztep,1,1,D,1.8,3.6,4.2,1.88,3.94,4.13,1.69,4.32,4.78,1.7,2.1,1.63,2.39
2022-04-23,T1,2122,Karagumruk,Giresunspor,2,1,H,2.3,3.4,2.87,2.5,3.44,2.97,2.29,3.43,3.33,2.02,1.83,2.0,1.88
2022-04-23,T1,2122,Ad. Demirspor,Trabzonspor,1,3,A,2.3,3.4,2.9,2.42,3.43,3.09,2.27,3.57,3.24,1.75,2.05,1.77,2.13
2022-04-24,D1,2122,Bochum,Augsburg,0,2,A,2.25,3.2,3.5,2.31,3.31,3.48,2.29,3.28,3.56,2.01,1.89,2.01,1.89
2022-04-24,D1,2122,Hertha,Stuttgart,2,0,H,3.1,3.3,2.3,3.18,3.34,2.45,3.31,3.31,2.39,1.98,1.92,2.04,1.87
2022-04-24,E0,2122,Brighton,Southampton,2,2,D,2.1,3.4,3.6,2.19,3.34,3.76,2.15,3.33,3.91,2.02,1.88,2.11,1.76
2022-04-24,E0,2122,Burnley,Wolves,1,0,H,2.7,3.0,2.87,2.73,3.15,2.95,2.57,3.14,3.17,2.37,1.57,2.42,1.63
2022-04-24,E0,2122,Chelsea,West Ham,1,0,H,1.5,4.33,6.5,1.53,4.53,6.68,1.43,4.72,8.16,1.83,2.07,1.79,2.12
2022-04-24,E0,2122,Liverpool,Everton,2,0,H,1.18,7.0,15.0,1.18,7.75,18.0,1.21,7.06,16.67,1.44,2.75,1.45,2.86
2022-04-24,T1,2122,Buyuksehyr,Hatayspor,3,0,H,1.65,3.6,5.25,1.68,3.91,5.58,1.63,4.06,5.89,1.88,1.98,1.92,1.97
2022-04-24,T1,2122,Yeni Malatyaspor,Konyaspor,2,3,A,4.75,4.2,1.6,5.89,4.24,1.6,6.07,4.51,1.55,1.72,2.07,1.71,2.23
2022-04-24,T1,2122,Altay,Galatasaray,0,1,A,4.0,3.4,1.85,4.0,3.85,1.93,4.06,3.61,1.98,1.85,2.0,1.9,1.99
2022-04-24,T1,2122,Antalyaspor,Kayserispor,1,1,D,1.66,3.6,4.75,1.72,4.01,4.95,1.61,4.15,5.92,1.9,1.95,1.84,2.06
2022-04-25,E0,2122,Crystal Palace,Leeds,0,0,D,2.05,3.5,3.5,2.11,3.69,3.6,2.44,3.49,2.99,1.88,2.02,1.91,1.98
2022-04-25,T1,2122,Besiktas,Kasimpasa,0,3,A,1.72,4.0,4.0,1.78,4.08,4.41,1.85,4.02,4.14,1.57,2.35,1.54,2.6
2022-04-25,T1,2122,Sivasspor,Alanyaspor,1,0,H,2.25,3.3,3.1,2.34,3.53,3.1,2.22,3.53,3.4,1.95,1.9,1.97,1.92
2022-04-28,E0,2122,Man United,Chelsea,1,1,D,3.2,3.4,2.25,3.23,3.68,2.27,3.6,3.62,2.13,1.86,2.04,1.85,2.07
2022-04-29,D1,2122,Union Berlin,Greuther Furth,1,1,D,1.28,5.25,13.0,1.27,5.76,15.2,1.26,6.03,14.42,1.8,2.0,1.68,2.28
2022-04-29,T1,2122,Fenerbahce,Gaziantep,3,2,H,1.33,5.0,8.0,1.41,5.2,7.62,1.4,5.25,7.87,1.5,2.5,1.49,2.74
2022-04-29,T1,2122,Giresunspor,Ad. Demirspor,2,0,H,2.45,3.4,2.55,2.63,3.55,2.74,2.73,3.57,2.62,1.9,1.95,1.87,2.02
2022-04-30,D1,2122,Augsburg,FC Koln,1,4,A,2.8,3.25,2.6,2.91,3.4,2.6,3.19,3.65,2.3,1.84,2.06,1.75,2.19
2022-04-30,D1,2122,Bielefeld,Hertha,1,1,D,2.62,3.2,2.8,2.74,3.29,2.84,2.82,3.29,2.76,2.1,1.72,2.11,1.8
2022-04-30,D1,2122,Dortmund,Bochum,3,4,A,1.36,5.25,7.5,1.37,5.52,8.58,1.44,5.4,6.93,1.44,2.75,1.37,3.28
2022-04-30,D1,2122,Mainz,Bayern Munich,3,1,H,5.75,4.5,1.53,5.87,4.83,1.54,4.78,4.55,1.67,1.44,2.75,1.41,3.07
2022-04-30,D1,2122,Stuttgart,Wolfsburg,1,1,D,2.05,3.5,3.6,2.07,3.72,3.69,1.9,3.79,4.28,1.72,2.1,1.83,2.07
2022-04-30,D1,2122,Hoffenheim,Freiburg,3,4,A,2.5,3.5,2.75,2.54,3.55,2.88,2.37,3.78,2.99,1.66,2.2,1.58,2.51
2022-04-30,E0,2122,Newcastle,Liverpool,0,1,A,8.5,5.0,1.36,8.02,4.99,1.43,6.72,4.32,1.55,1.66,2.2,1.85,2.06
2022-04-30,E0,2122,Aston Villa,Norwich,2,0,H,1.4,4.5,9.0,1.4,5.12,8.47,1.41,5.19,8.08,1.66,2.2,1.65,2.37
2022-04-30,E0,2122,Southampton,Crystal Palace,1,2,A,2.4,3.3,3.1,2.47,3.35,3.13,2.53,3.16,3.22,2.03,1.87,2.29,1.69
2022-04-30,E0,2122,Watford,Burnley,1,2,A,2.6,3.3,2.75,2.71,3.4,2.78,2.71,3.22,2.92,2.1,1.72,2.23,1.72
2022-04-30,E0,2122,Wolves,Brighton,0,3,A,2.7,3.2,2.75,2.77,3.23,2.85,2.81,3.02,2.99,2.5,1.53,2.81,1.49
2022-04-30,E0,2122,Leeds,Man City,0,4,A,8.5,6.0,1.3,9.72,6.15,1.32,9.2,5.8,1.34,1.5,2.62,1.56,2.57
2022-04-30,T1,2122,Kasimpasa,Buyuksehyr,2,3,A,2.7,3.2,2.5,2.76,3.67,2.55,3.04,3.47,2.44,1.85,2.0,1.88,2.01
2022-04-30,T1,2122,Konyaspor,Karagumruk,1,2,A,1.66,3.6,4.5,1.75,3.99,4.84,1.61,4.5,5.29,1.7,2.1,1.64,2.37
2022-04-30,T1,2122,Hatayspor,Altay,0,1,A,1.75,3.5,4.2,1.81,4.06,4.31,1.64,4.36,5.19,1.7,2.1,1.71,2.22
2022-04-30,T1,2122,Trabzonspor,Antalyaspor,2,2,D,1.75,3.5,4.33,1.83,3.78,4.58,1.72,3.93,5.14,1.88,1.98,1.86,2.03
2022-05-01,E0,2122,Everton,Chelsea,1,0,H,5.0,3.6,1.75,4.98,3.77,1.79,5.21,3.94,1.73,2.02,1.88,2.04,1.87
2022-05-01,E0,2122,Tottenham,Leicester,3,1,H,1.44,4.75,7.0,1.45,4.99,7.29,1.38,5.32,9.05,1.57,2.37,1.6,2.48
2022-05-01,E0,2122,West Ham,Arsenal,1,2,A,4.33,3.8,1.8,4.68,3.92,1.8,4.57,3.92,1.83,1.89,2.01,1.79,2.12
2022-05-01,T1,2122,Alanyaspor,Yeni Malatyaspor,2,1,H,1.25,5.25,11.0,1.29,5.9,10.95,,,,1.5,2.5,,
2022-05-01,T1,2122,Kayserispor,Besiktas,2,3,A,3.5,3.75,1.85,3.81,3.98,1.94,3.41,3.77,2.13,1.7,2.1,1.67,2.29
2022-05-01,T1,2122,Galatasaray,Sivasspor,2,3,A,1.85,3.25,4.0,1.88,3.86,4.06,1.89,3.78,4.22,1.98,1.88,1.87,2.02
2022-05-01,T1,2122,Goztep,Rizespor,1,7,A,2.0,3.6,3.4,2.05,3.72,3.67,2.16,3.62,3.47,1.72,2.07,1.68,2.28
2022-05-02,D1,2122,Leverkusen,Ein Frankfurt,2,0,H,1.4,5.0,7.0,1.44,5.31,6.96,1.48,4.99,6.63,1.44,2.75,1.47,2.81
2022-05-02,D1,2122,M'gladbach,RB Leipzig,3,1,H,4.33,4.0,1.75,4.27,4.29,1.79,5.06,4.3,1.68,1.57,2.37,1.61,2.46
2022-05-02,E0,2122,Man United,Brentford,3,0,H,1.72,4.0,4.5,1.78,4.08,4.61,1.8,3.96,4.62,1.72,2.1,1.72,2.23
2022-05-06,D1,2122,Bochum,Bielefeld,2,1,H,2.15,3.6,3.2,2.23,3.63,3.36,2.2,3.67,3.38,1.8,2.0,1.81,2.1
2022-05-06,T1,2122,Gaziantep,Kayserispor,1,1,D,1.72,3.6,3.8,1.78,3.75,4.94,1.69,4.01,5.29,1.72,2.07,1.74,2.18
2022-05-06,T1,2122,Hatayspor,Trabzonspor,1,1,D,2.4,3.5,2.5,2.58,3.75,2.68,2.58,3.74,2.68,1.7,2.1,1.74,2.19
2022-05-07,D1,2122,FC Koln,Wolfsburg,0,1,A,1.6,4.5,5.0,1.63,4.59,5.16,1.51,4.9,6.34,1.53,2.5,1.5,2.74
2022-05-07,D1,2122,Freiburg,Union Berlin,1,4,A,1.9,3.6,4.0,1.97,3.66,4.12,1.81,3.76,4.85,1.8,2.0,2.0,1.91
2022-05-07,D1,2122,Greuther Furth,Dortmund,1,3,A,9.0,6.0,1.3,9.35,5.76,1.33,7.54,5.74,1.39,1.36,3.2,1.35,3.4
2022-05-07,D1,2122,Hoffenheim,Leverkusen,2,4,A,3.2,4.0,2.05,3.31,4.18,2.08,2.94,4.04,2.3,1.44,2.75,1.48,2.78
2022-05-07,D1,2122,Hertha,Mainz,1,2,A,2.55,3.4,2.7,2.54,3.47,2.94,2.92,3.36,2.62,1.87,2.03,1.89,2.01
2022-05-07,E0,2122,Brentford,Southampton,3,0,H,2.15,3.5,3.3,2.25,3.42,3.5,2.11,3.64,3.65,1.95,1.95,1.89,2.01
2022-05-07,E0,2122,Burnley,Aston Villa,1,3,A,3.0,3.3,2.4,3.07,3.34,2.52,3.19,3.21,2.52,2.07,1.83,2.34,1.66
2022-05-07,E0,2122,Chelsea,Wolves,2,2,D,1.33,5.0,9.5,1.36,5.1,10.4,1.38,4.94,9.9,1.93,1.97,1.91,2.0
2022-05-07,E0,2122,Crystal Palace,Watford,1,0,H,1.65,4.0,5.0,1.7,3.95,5.45,1.7,3.89,5.59,1.99,1.91,2.08,1.84
2022-05-07,E0,2122,Brighton,Man United,4,0,H,2.8,3.5,2.45,2.81,3.55,2.61,2.99,3.3,2.6,1.95,1.95,2.07,1.85
2022-05-07,E0,2122,Liverpool,Tottenham,1,1,D,1.4,5.0,7.0,1.46,5.11,6.95,1.43,5.3,7.3,1.53,2.5,1.55,2.6
2022-05-07,T1,2122,Karagumruk,Goztep,3,1,H,1.53,3.75,5.0,1.6,4.58,5.39,1.58,4.66,5.45,1.57,2.35,1.61,2.43
2022-05-07,T1,2122,Sivasspor,Kasimpasa,1,3,A,2.2,3.3,2.75,2.38,3.62,3.01,2.93,3.57,2.46,1.72,2.07,1.72,2.21
2022-05-07,T1,2122,Ad. Demirspor,Alanyaspor,1,2,A,1.9,3.6,3.25,2.06,3.78,3.6,2.09,3.76,3.51,1.61,2.25,1.59,2.47
2022-05-07,T1,2122,Buyuksehyr,Galatasaray,0,0,D,1.9,3.5,3.4,1.97,3.58,4.11,1.9,3.61,4.42,1.88,1.98,1.92,1.97
2022-05-08,D1,2122,Ein Frankfurt,M'gladbach,1,1,D,2.3,3.8,2.8,2.41,4.0,2.81,2.67,3.9,2.56,1.4,3.0,1.53,2.65
2022-05-08,D1,2122,Bayern Munich,Stuttgart,2,2,D,1.25,7.0,9.5,1.26,6.82,11.2,1.29,6.74,9.25,1.3,3.5,1.33,3.4
2022-05-08,D1,2122,RB Leipzig,Augsburg,4,0,H,1.25,6.0,12.0,1.27,6.35,11.78,1.23,6.7,15.29,1.5,2.62,1.5,2.71
2022-05-08,E0,2122,Arsenal,Leeds,2,1,H,1.45,4.5,7.0,1.46,5.01,7.04,1.54,4.56,6.38,1.61,2.3,1.7,2.27
2022-05-08,E0,2122,Leicester,Everton,1,2,A,2.6,3.3,2.75,2.71,3.35,2.82,2.74,3.3,2.83,2.01,1.89,2.18,1.75
2022-05-08,E0,2122,Norwich,West Ham,0,4,A,4.5,3.8,1.75,4.68,3.88,1.81,4.94,4.15,1.72,1.85,2.05,1.75,2.18
2022-05-08,E0,2122,Man City,Newcastle,5,0,H,1.16,7.0,17.0,1.19,7.66,17.22,1.17,8.25,18.0,1.5,2.62,1.42,2.99
2022-05-08,T1,2122,Altay,Giresunspor,1,1,D,2.3,3.2,2.75,2.53,3.77,2.73,2.99,3.55,2.43,1.83,2.02,1.89,2.0
2022-05-08,T1,2122,Yeni Malatyaspor,Rizespor,1,3,A,3.75,3.4,1.8,3.97,4.05,1.88,3.53,3.64,2.13,1.7,2.1,1.77,2.14
2022-05-08,T1,2122,Besiktas,Fenerbahce,1,1,D,2.4,3.3,2.45,2.59,3.56,2.78,2.28,3.74,3.11,1.66,2.15,1.6,2.44
2022-05-09,T1,2122,Antalyaspor,Konyaspor,3,2,H,2.7,3.25,2.62,2.65,3.68,2.6,2.46,3.65,2.88,1.83,2.02,1.71,2.22
2022-05-10,E0,2122,Aston Villa,Liverpool,1,2,A,7.5,4.75,1.4,7.54,5.0,1.44,6.6,4.5,1.54,1.61,2.3,1.71,2.26
2022-05-11,E0,2122,Leeds,Chelsea,0,3,A,4.75,4.2,1.65,5.15,4.25,1.68,4.95,4.19,1.71,1.61,2.3,1.73,2.22
2022-05-11,E0,2122,Leicester,Norwich,3,0,H,1.44,4.75,7.0,1.45,5.12,7.2,1.36,5.51,9.35,1.61,2.3,1.56,2.58
2022-05-11,E0,2122,Watford,Everton,0,0,D,4.2,3.6,1.83,4.43,3.73,1.88,6.01,3.79,1.68,1.94,1.96,2.24,1.72
2022-05-11,E0,2122,Wolves,Man City,1,5,A,11.0,6.0,1.25,14.04,5.93,1.26,12.79,6.75,1.25,1.66,2.2,1.58,2.47
2022-05-12,E0,2122,Tottenham,Arsenal,3,0,H,2.05,3.75,3.5,2.18,3.61,3.49,2.32,3.49,3.27,1.8,2.0,1.94,1.96
2022-05-14,D1,2122,Augsburg,Greuther Furth,2,1,H,1.55,4.75,5.0,1.59,4.84,5.13,1.7,4.28,4.75,1.4,3.0,1.62,2.41
2022-05-14,D1,2122,Bielefeld,RB Leipzig,1,1,D,10.0,6.0,1.25,10.35,6.67,1.26,8.67,5.38,1.37,1.4,3.0,1.65,2.34
2022-05-14,D1,2122,Dortmund,Hertha,2,1,H,1.5,5.0,5.25,1.54,4.98,5.52,1.54,4.94,5.33,1.3,3.5,1.35,3.18
2022-05-14,D1,2122,Leverkusen,Freiburg,2,1,H,2.4,3.8,2.62,2.4,4.08,2.73,2.25,4.02,2.99,1.4,3.0,1.47,2.78
2022-05-14,D1,2122,Mainz,Ein Frankfurt,2,2,D,1.7,4.33,4.33,1.72,4.34,4.55,1.87,4.13,3.97,1.4,3.0,1.6,2.44
2022-05-14,D1,2122,M'gladbach,Hoffenheim,5,1,H,2.0,4.33,3.1,2.06,4.41,3.17,2.07,4.37,3.15,1.22,4.33,1.35,3.17
2022-05-14,D1,2122,Stuttgart,FC Koln,2,1,H,2.2,4.0,2.87,2.27,4.16,2.89,2.25,4.03,3.04,1.4,3.0,1.54,2.63
2022-05-14,D1,2122,Union Berlin,Bochum,3,2,H,1.4,5.0,7.0,1.41,5.26,7.59,1.32,5.84,9.95,1.53,2.5,1.58,2.49
2022-05-14,D1,2122,Wolfsburg,Bayern Munich,2,2,D,5.0,4.75,1.55,5.14,5.15,1.56,6.39,5.82,1.42,1.22,4.33,1.34,3.19
2022-05-14,T1,2122,Kayserispor,Yeni Malatyaspor,3,0,H,1.44,4.5,6.5,1.46,4.94,6.86,1.46,5.06,6.66,1.57,2.35,1.51,2.68
2022-05-15,E0,2122,Tottenham,Burnley,1,0,H,1.33,5.25,9.0,1.34,5.53,9.3,1.32,5.75,10.72,1.57,2.37,1.66,2.35
2022-05-15,E0,2122,Aston Villa,Crystal Palace,1,1,D,2.0,3.5,3.75,2.09,3.56,3.72,1.87,3.63,4.57,1.93,1.97,2.08,1.81
2022-05-15,E0,2122,Leeds,Brighton,1,1,D,2.62,3.5,2.62,2.75,3.56,2.62,2.73,3.45,2.73,1.84,2.06,1.94,1.97
2022-05-15,E0,2122,Watford,Leicester,1,5,A,3.8,3.5,1.95,3.7,3.8,2.02,5.54,4.01,1.67,1.72,2.1,1.88,2.01
2022-05-15,E0,2122,West Ham,Man City,2,2,D,7.5,5.0,1.4,8.28,5.28,1.39,8.32,5.43,1.39,1.53,2.5,1.56,2.58
2022-05-15,E0,2122,Wolves,Norwich,1,1,D,1.45,4.75,6.5,1.49,4.56,7.12,1.57,4.44,5.9,1.86,2.04,1.7,2.23
2022-05-15,E0,2122,Everton,Brentford,2,3,A,2.05,3.6,3.5,2.13,3.62,3.55,1.93,3.64,4.32,2.03,1.87,1.9,2.01
2022-05-15,T1,2122,Goztep,Besiktas,0,2,A,4.2,4.5,1.65,4.82,4.57,1.65,5.4,5.0,1.55,1.44,2.7,1.49,2.73
2022-05-15,T1,2122,Trabzonspor,Altay,2,1,H,1.4,4.75,7.0,1.43,5.19,7.11,1.56,4.82,5.52,1.53,2.4,1.58,2.49
2022-05-15,T1,2122,Alanyaspor,Gaziantep,3,0,H,1.65,4.0,4.75,1.63,4.43,5.19,1.43,5.1,7.35,1.66,2.15,1.51,2.65
2022-05-15,T1,2122,Fenerbahce,Karagumruk,0,0,D,1.5,4.5,5.5,1.46,5.02,6.71,1.68,4.35,4.85,1.53,2.4,1.53,2.62
2022-05-15,T1,2122,Giresunspor,Buyuksehyr,1,1,D,4.0,3.4,1.9,4.13,3.52,1.99,4.87,3.95,1.75,2.02,1.83,1.97,1.92
2022-05-15,T1,2122,Kasimpasa,Antalyaspor,2,4,A,1.9,3.75,3.5,2.04,4.01,3.47,2.49,3.88,2.71,1.65,2.2,1.45,2.85
2022-05-15,T1,2122,Konyaspor,Hatayspor,3,1,H,1.6,4.2,5.0,1.68,4.42,4.83,1.52,4.84,5.94,1.6,2.3,1.5,2.69
2022-05-16,E0,2122,Newcastle,Arsenal,2,0,H,4.33,3.6,1.83,4.31,3.72,1.89,4.31,3.85,1.81,1.9,2.0,1.79,2.12
2022-05-16,T1,2122,Galatasaray,Ad. Demirspor,3,2,H,1.9,3.75,3.5,1.99,3.81,3.7,1.94,3.9,3.89,1.61,2.25,1.55,2.58
2022-05-16,T1,2122,Rizespor,Sivasspor,1,2,A,2.75,3.3,2.45,2.82,3.54,2.52,3.14,3.55,2.34,1.85,2.0,1.76,2.15
2022-05-17,E0,2122,Southampton,Liverpool,1,2,A,7.5,5.5,1.33,8.15,5.53,1.38,6.93,5.24,1.45,1.44,2.75,1.57,2.56
2022-05-19,E0,2122,Everton,Crystal Palace,3,2,H,1.9,3.4,4.33,1.98,3.46,4.25,1.9,3.54,4.64,2.0,1.8,2.35,1.66
2022-05-19,E0,2122,Aston Villa,Burnley,1,1,D,2.05,3.5,3.6,2.07,3.59,3.75,2.04,3.46,4.1,1.99,1.91,2.12,1.79
2022-05-19,E0,2122,Chelsea,Leicester,1,1,D,1.4,4.75,8.0,1.39,4.97,9.07,1.44,4.87,7.49,1.61,2.3,1.57,2.52
2022-05-20,T1,2122,Antalyaspor,Galatasaray,1,1,D,2.3,3.5,3.0,2.34,3.7,3.03,2.12,3.76,3.44,1.57,2.35,1.61,2.42
2022-05-20,T1,2122,Gaziantep,Rizespor,2,0,H,1.8,3.8,4.0,1.88,4.26,3.81,1.82,4.43,3.92,1.47,2.6,1.41,3.01
2022-05-21,T1,2122,Altay,Kasimpasa,2,4,A,3.1,3.6,2.1,3.08,4.1,2.18,3.58,4.5,1.88,1.44,2.7,1.37,3.26
2022-05-21,T1,2122,Sivasspor,Kayserispor,2,1,H,1.8,3.6,4.33,1.86,3.75,4.44,2.26,3.53,3.31,1.7,2.1,1.78,2.12
2022-05-21,T1,2122,Besiktas,Konyaspor,1,1,D,1.9,3.75,3.6,1.95,4.03,3.72,2.13,3.86,3.34,1.53,2.4,1.5,2.7
2022-05-21,T1,2122,Yeni Malatyaspor,Fenerbahce,0,5,A,12.0,5.75,1.22,11.27,7.24,1.23,11.37,6.47,1.26,1.4,2.87,1.43,2.89
2022-05-22,E0,2122,Arsenal,Everton,5,1,H,1.36,4.75,9.0,1.37,5.13,9.24,1.36,5.61,8.84,1.57,2.37,1.55,2.6
2022-05-22,E0,2122,Brentford,Leeds,1,2,A,2.45,3.8,2.62,2.38,3.9,2.85,2.38,3.9,2.89,1.57,2.37,1.55,2.61
2022-05-22,E0,2122,Brighton,West Ham,3,1,H,2.37,3.5,2.9,2.38,3.69,2.97,2.75,3.4,2.74,1.72,2.1,1.84,2.06
2022-05-22,E0,2122,Burnley,Newcastle,1,2,A,2.25,3.4,3.2,2.27,3.51,3.3,2.55,3.31,3.05,1.94,1.96,2.26,1.7
2022-05-22,E0,2122,Chelsea,Watford,2,1,H,1.18,7.5,15.0,1.16,8.35,18.77,1.18,7.58,17.72,1.44,2.75,1.46,2.8
2022-05-22,E0,2122,Crystal Palace,Man United,1,0,H,3.0,3.6,2.25,3.15,3.79,2.24,2.82,3.57,2.59,1.72,2.1,1.83,2.08
2022-05-22,E0,2122,Leicester,Southampton,4,1,H,1.85,4.0,3.8,1.88,4.13,3.91,1.7,4.39,4.67,1.57,2.37,1.51,2.67
2022-05-22,E0,2122,Liverpool,Wolves,3,1,H,1.14,8.5,15.0,1.15,8.49,21.36,1.14,9.75,19.0,1.44,2.75,1.34,3.43
2022-05-22,E0,2122,Man City,Aston Villa,3,2,H,1.16,8.0,17.0,1.15,8.74,20.27,1.17,8.4,17.0,1.44,2.75,1.34,3.41
2022-05-22,E0,2122,Norwich,Tottenham,0,5,A,9.5,6.5,1.25,11.2,6.23,1.27,9.82,5.51,1.34,1.44,2.75,1.63,2.37
2022-05-22,T1,2122,Buyuksehyr,Trabzonspor,3,1,H,1.8,3.6,4.33,1.81,3.93,4.47,1.51,4.66,6.56,1.8,2.05,1.72,2.22
2022-05-22,T1,2122,Karagumruk,Alanyaspor,0,1,A,3.1,3.6,2.2,3.12,3.78,2.26,3.03,3.74,2.32,1.53,2.4,1.59,2.47
2022-05-22,T1,2122,Ad. Demirspor,Goztep,7,0,H,1.4,5.0,6.0,1.44,5.25,6.83,1.48,5.3,5.91,1.36,3.1,1.4,3.08
2022-05-22,T1,2122,Hatayspor,Giresunspor,4,1,H,2.1,3.4,3.4,2.12,3.72,3.49,1.71,4.4,4.57,1.7,2.1,1.61,2.43
2022-08-05,D1,2223,Ein Frankfurt,Bayern Munich,1,6,A,6.0,5.0,1.5,5.84,5.13,1.52,6.24,5.3,1.48,1.4,3.0,1.39,3.16
2022-08-05,E0,2223,Crystal Palace,Arsenal,0,2,A,4.2,3.6,1.85,4.5,3.65,1.89,4.58,3.63,1.88,2.1,1.72,2.14,1.78
2022-08-05,T1,2223,Istanbulspor,Trabzonspor,0,2,A,4.7,3.75,1.61,4.89,3.84,1.77,5.56,4.28,1.62,1.75,2.05,1.66,2.32
2022-08-06,D1,2223,Augsburg,Freiburg,0,4,A,3.3,3.5,2.15,3.53,3.59,2.17,3.51,3.54,2.2,1.92,1.98,1.92,1.98
2022-08-06,D1,2223,Bochum,Mainz,1,2,A,3.2,3.4,2.2,3.34,3.43,2.32,3.37,3.43,2.3,1.96,1.94,1.9,2.01
2022-08-06,D1,2223,M'gladbach,Hoffenheim,3,1,H,2.05,4.2,3.0,2.15,4.22,3.12,2.08,4.08,3.38,1.36,3.2,1.47,2.83
2022-08-06,D1,2223,Union Berlin,Hertha,3,1,H,1.72,3.75,4.5,1.79,3.78,4.97,1.91,3.68,4.37,2.06,1.84,1.93,1.97
2022-08-06,D1,2223,Wolfsburg,Werder Bremen,2,2,D,1.85,3.8,3.8,1.93,3.7,4.29,2.15,3.66,3.53,1.8,2.0,1.78,2.14
2022-08-06,D1,2223,Dortmund,Leverkusen,1,0,H,2.0,4.2,3.2,2.08,4.22,3.28,2.1,4.02,3.35,1.4,3.0,1.45,2.95
2022-08-06,E0,2223,Fulham,Liverpool,2,2,D,11.0,6.0,1.25,11.2,6.22,1.28,10.5,6.5,1.29,1.5,2.62,1.49,2.77
2022-08-06,E0,2223,Bournemouth,Aston Villa,2,0,H,3.75,3.5,2.0,3.93,3.58,2.04,4.09,3.59,2.0,2.0,1.8,2.13,1.79
2022-08-06,E0,2223,Leeds,Wolves,2,1,H,2.25,3.4,3.2,2.39,3.33,3.3,2.45,3.44,3.09,2.05,1.85,1.96,1.94
2022-08-06,E0,2223,Newcastle,Nott'm Forest,2,0,H,1.66,3.8,5.25,1.71,3.74,5.83,1.57,4.22,6.6,2.05,1.85,1.97,1.93
2022-08-06,E0,2223,Tottenham,Southampton,4,1,H,1.33,5.5,8.5,1.37,5.39,9.11,1.39,5.34,8.55,1.61,2.3,1.65,2.36
2022-08-06,E0,2223,Everton,Chelsea,0,1,A,5.5,4.0,1.61,6.04,4.06,1.63,6.89,4.16,1.56,2.02,1.88,2.13,1.79
2022-08-06,T1,2223,Sivasspor,Gaziantep,1,1,D,1.95,3.5,3.3,2.01,3.71,3.81,2.21,3.51,3.45,1.88,1.98,1.97,1.92
2022-08-06,T1,2223,Besiktas,Kayserispor,1,0,H,1.5,4.33,5.25,1.52,4.6,6.44,1.54,4.69,5.96,1.7,2.1,1.61,2.43
2022-08-07,D1,2223,Stuttgart,RB Leipzig,1,1,D,4.5,3.8,1.75,4.44,4.12,1.8,4.08,3.8,1.94,1.72,2.1,1.83,2.08
2022-08-07,D1,2223,FC Koln,Schalke 04,3,1,H,1.7,4.0,4.5,1.75,4.28,4.58,2.11,3.64,3.64,1.57,2.37,1.8,2.11
2022-08-07,E0,2223,Leicester,Brentford,2,2,D,2.0,3.75,3.5,2.07,3.69,3.74,1.96,3.69,4.29,1.72,2.1,1.9,2.01
2022-08-07,E0,2223,Man United,Brighton,1,2,A,1.6,4.2,5.25,1.65,4.14,5.68,1.81,3.86,4.72,1.92,1.98,1.96,1.94
2022-08-07,E0,2223,West Ham,Man City,0,2,A,8.0,5.0,1.36,8.58,5.48,1.38,8.0,5.35,1.41,1.53,2.5,1.52,2.67
2022-08-07,T1,2223,Giresunspor,Ad. Demirspor,2,3,A,2.87,3.4,2.2,3.07,3.69,2.32,3.17,3.5,2.34,1.8,2.0,2.02,1.87
2022-08-07,T1,2223,Karagumruk,Alanyaspor,2,4,A,2.55,3.5,2.4,2.72,3.66,2.59,2.33,3.7,3.05,1.75,2.05,1.78,2.12
2022-08-07,T1,2223,Antalyaspor,Galatasaray,0,1,A,2.37,3.6,2.6,2.55,3.54,2.83,2.53,3.45,2.92,1.72,2.07,1.93,1.95
2022-08-08,T1,2223,Buyuksehyr,Kasimpasa,4,0,H,1.75,3.6,4.2,1.83,3.74,4.49,1.95,3.7,4.06,1.9,1.95,1.9,1.99
2022-08-08,T1,2223,Ankaragucu,Konyaspor,0,0,D,2.9,3.4,2.15,3.33,3.54,2.22,3.15,3.52,2.34,1.9,1.95,1.88,2.01
2022-08-08,T1,2223,Fenerbahce,Umraniyespor,3,3,D,1.33,5.0,7.5,1.32,5.59,9.84,1.33,5.59,9.24,1.57,2.35,1.46,2.81
2022-08-12,D1,2223,Freiburg,Dortmund,1,3,A,3.0,3.75,2.2,3.15,3.83,2.26,3.07,3.73,2.34,1.57,2.37,1.63,2.41
2022-08-12,T1,2223,Trabzonspor,Hatayspor,1,0,H,1.5,4.5,6.5,1.5,4.61,6.71,1.5,4.66,6.75,1.66,2.15,1.7,2.26
2022-08-13,D1,2223,Hertha,Ein Frankfurt,1,1,D,3.0,3.5,2.3,3.12,3.57,2.37,3.28,3.69,2.24,1.8,2.0,1.72,2.23
2022-08-13,D1,2223,Hoffenheim,Bochum,3,2,H,1.57,4.5,5.25,1.61,4.5,5.48,1.6,4.61,5.43,1.5,2.62,1.53,2.63
2022-08-13,D1,2223,Leverkusen,Augsburg,1,2,A,1.3,5.75,9.5,1.34,5.68,9.74,1.31,6.12,9.3,1.44,2.75,1.43,2.95
2022-08-13,D1,2223,RB Leipzig,FC Koln,2,2,D,1.44,4.75,7.0,1.44,4.91,7.76,1.46,5.09,6.99,1.57,2.37,1.53,2.71
2022-08-13,D1,2223,Werder Bremen,Stuttgart,2,2,D,2.25,3.6,3.0,2.36,3.62,3.1,2.32,3.66,3.15,1.66,2.2,1.7,2.27
2022-08-13,D1,2223,Schalke 04,M'gladbach,2,2,D,3.1,3.8,2.15,3.21,3.81,2.23,3.26,3.81,2.21,1.57,2.37,1.61,2.44
2022-08-13,E0,2223,Aston Villa,Everton,2,1,H,1.8,3.5,4.75,1.83,3.55,5.12,1.81,3.64,5.11,2.1,1.72,2.23,1.72
2022-08-13,E0,2223,Arsenal,Leicester,4,2,H,1.53,4.33,5.75,1.58,4.34,6.22,1.58,4.42,5.97,1.66,2.2,1.73,2.22
2022-08-13,E0,2223,Brighton,Newcastle,0,0,D,2.45,3.2,3.0,2.48,3.24,3.22,2.5,3.3,3.14,2.1,1.72,2.2,1.74
2022-08-13,E0,2223,Man City,Bournemouth,4,0,H,1.06,13.0,29.0,1.07,13.82,41.0,1.08,13.5,36.0,1.33,3.4,1.33,3.41
2022-08-13,E0,2223,Southampton,Leeds,2,2,D,2.25,3.5,3.1,2.34,3.55,3.18,2.44,3.64,2.96,1.72,2.1,1.67,2.33
2022-08-13,E0,2223,Wolves,Fulham,0,0,D,2.3,3.3,3.2,2.44,3.24,3.29,2.23,3.48,3.5,2.1,1.72,2.0,1.91
2022-08-13,E0,2223,Brentford,Man United,4,0,H,3.75,3.5,2.0,3.82,3.64,2.06,4.65,4.09,1.78,1.8,2.0,1.74,2.23
2022-08-13,T1,2223,Kayserispor,Istanbulspor,1,0,H,1.85,3.8,4.0,1.86,3.97,4.15,1.71,4.23,4.74,1.66,2.15,1.67,2.3
2022-08-13,T1,2223,Ad. Demirspor,Sivasspor,3,0,H,1.9,3.6,4.0,1.96,3.81,3.88,1.93,3.76,4.09,1.85,2.0,1.89,2.0
2022-08-13,T1,2223,Galatasaray,Giresunspor,0,1,A,1.44,4.33,8.0,1.44,4.85,7.58,1.53,4.38,6.76,1.7,2.1,1.92,1.97
2022-08-14,D1,2223,Mainz,Union Berlin,0,0,D,2.2,3.25,3.4,2.3,3.23,3.6,2.28,3.35,3.51,2.06,1.84,2.05,1.87
2022-08-14,D1,2223,Bayern Munich,Wolfsburg,2,0,H,1.12,9.5,17.0,1.17,9.29,14.98,1.17,9.5,16.0,1.22,4.33,,
2022-08-14,E0,2223,Nott'm Forest,West Ham,1,0,H,4.2,3.6,1.85,4.28,3.72,1.92,4.03,3.68,1.99,1.92,1.98,1.92,2.01
2022-08-14,E0,2223,Chelsea,Tottenham,2,2,D,2.25,3.4,3.2,2.28,3.52,3.35,2.17,3.53,3.61,1.98,1.92,1.95,1.95
2022-08-14,T1,2223,Gaziantep,Ankaragucu,1,0,H,1.95,3.6,3.6,2.05,3.43,4.0,2.07,3.44,3.93,1.9,1.95,1.94,1.94
2022-08-14,T1,2223,Umraniyespor,Antalyaspor,0,1,A,3.1,3.3,2.25,3.05,3.62,2.36,3.56,3.73,2.09,1.75,2.05,1.88,2.01
2022-08-14,T1,2223,Alanyaspor,Besiktas,3,3,D,2.75,3.6,2.45,2.89,3.56,2.49,2.88,3.67,2.45,1.66,2.15,1.67,2.3
2022-08-15,E0,2223,Liverpool,Crystal Palace,1,1,D,1.18,6.75,16.0,1.2,7.09,18.57,1.29,6.25,12.0,1.57,2.37,1.61,2.42
2022-08-15,T1,2223,Konyaspor,Buyuksehyr,0,0,D,2.75,3.4,2.5,2.84,3.53,2.52,3.31,3.47,2.29,1.93,1.93,2.08,1.82
2022-08-15,T1,2223,Kasimpasa,Fenerbahce,0,6,A,3.2,3.8,2.1,3.21,3.85,2.16,3.79,3.99,1.94,1.57,2.35,1.54,2.61
2022-08-19,D1,2223,M'gladbach,Hertha,1,0,H,1.5,4.5,6.0,1.54,4.87,5.83,1.56,4.77,5.77,1.5,2.62,1.5,2.72
2022-08-19,T1,2223,Umraniyespor,Galatasaray,0,1,A,4.2,3.75,1.8,4.4,3.9,1.83,4.87,3.98,1.75,1.88,1.98,1.76,2.13
2022-08-20,D1,2223,Augsburg,Mainz,1,2,A,3.5,3.5,2.1,3.66,3.58,2.13,4.07,3.7,1.97,1.87,2.03,1.83,2.08
2022-08-20,D1,2223,Dortmund,Werder Bremen,2,3,A,1.36,5.25,7.5,1.41,5.41,7.64,1.44,5.13,7.2,1.4,3.0,1.47,2.84
2022-08-20,D1,2223,Leverkusen,Hoffenheim,0,3,A,1.66,4.33,4.5,1.72,4.42,4.6,1.61,4.75,5.21,1.44,2.75,1.37,3.27
2022-08-20,D1,2223,Stuttgart,Freiburg,0,1,A,2.62,3.6,2.55,2.67,3.66,2.67,2.71,3.62,2.66,1.72,2.1,1.76,2.17
2022-08-20,D1,2223,Wolfsburg,Schalke 04,0,0,D,1.83,3.8,4.2,1.88,3.78,4.38,1.88,3.88,4.3,1.66,2.2,1.63,2.41
2022-08-20,D1,2223,Union Berlin,RB Leipzig,2,1,H,3.6,3.5,2.05,3.7,3.63,2.1,3.31,3.51,2.3,1.91,1.99,1.94,1.96
2022-08-20,E0,2223,Tottenham,Wolves,1,0,H,1.4,4.75,7.5,1.43,4.94,7.95,1.48,4.88,6.99,1.72,2.1,1.69,2.28
2022-08-20,E0,2223,Crystal Palace,Aston Villa,3,1,H,2.5,3.25,2.9,2.58,3.19,3.12,2.56,3.26,3.08,2.2,1.66,2.27,1.7
2022-08-20,E0,2223,Everton,Nott'm Forest,1,1,D,1.9,3.6,4.0,2.0,3.45,4.27,1.89,3.58,4.62,2.1,1.72,2.18,1.77
2022-08-20,E0,2223,Fulham,Brentford,3,2,H,2.45,3.4,2.9,2.52,3.53,2.93,2.7,3.44,2.8,1.96,1.94,1.92,1.99
2022-08-20,E0,2223,Leicester,Southampton,1,2,A,1.83,4.0,4.0,1.86,4.09,4.12,1.78,4.18,4.51,1.61,2.3,1.6,2.42
2022-08-20,E0,2223,Bournemouth,Arsenal,0,3,A,8.0,4.75,1.4,7.55,4.8,1.46,7.26,4.82,1.47,1.72,2.1,1.81,2.1
2022-08-20,T1,2223,Giresunspor,Kasimpasa,1,0,H,2.25,3.5,3.0,2.35,3.64,3.06,2.17,3.7,3.37,1.72,2.07,1.8,2.09
2022-08-20,T1,2223,Hatayspor,Gaziantep,1,2,A,2.1,3.5,3.25,2.21,3.75,3.22,2.7,3.48,2.7,1.7,2.1,1.79,2.11
2022-08-20,T1,2223,Antalyaspor,Trabzonspor,5,2,H,2.5,3.2,2.87,2.58,3.31,2.96,2.71,3.34,2.79,1.9,1.95,1.96,1.93
2022-08-21,D1,2223,Ein Frankfurt,FC Koln,1,1,D,1.95,3.75,3.6,2.06,3.84,3.61,2.19,3.86,3.27,1.66,2.2,1.63,2.42
2022-08-21,D1,2223,Bochum,Bayern Munich,0,7,A,13.0,8.0,1.18,13.39,8.03,1.2,13.5,8.0,1.2,1.25,4.0,,
2022-08-21,E0,2223,Leeds,Chelsea,3,0,H,5.75,4.5,1.53,6.23,4.6,1.54,6.14,4.63,1.55,1.66,2.2,1.65,2.35
2022-08-21,E0,2223,West Ham,Brighton,0,2,A,2.3,3.4,3.1,2.34,3.52,3.22,2.6,3.42,2.9,1.99,1.91,1.97,1.93
2022-08-21,E0,2223,Newcastle,Man City,3,3,D,7.5,5.0,1.36,9.43,5.22,1.37,7.0,5.0,1.47,1.66,2.2,1.61,2.45
2022-08-21,T1,2223,Buyuksehyr,Kayserispor,2,0,H,1.55,3.8,6.5,1.57,4.18,6.36,1.71,3.81,5.42,1.88,1.98,1.87,2.03
2022-08-21,T1,2223,Besiktas,Karagumruk,4,1,H,1.57,4.2,5.0,1.66,4.39,5.01,1.75,4.06,4.72,1.6,2.3,1.69,2.26
2022-08-22,E0,2223,Man United,Liverpool,2,1,H,5.25,4.33,1.6,5.39,4.35,1.64,4.65,4.5,1.7,1.5,2.62,1.54,2.61
2022-08-22,T1,2223,Istanbulspor,Konyaspor,0,4,A,3.6,3.5,2.0,3.95,3.55,2.0,3.44,3.75,2.12,2.0,1.85,1.77,2.14
2022-08-22,T1,2223,Sivasspor,Alanyaspor,1,1,D,2.5,3.4,2.75,2.55,3.53,2.8,2.5,3.54,2.9,1.98,1.88,1.88,2.01
2022-08-22,T1,2223,Fenerbahce,Ad. Demirspor,4,2,H,1.7,4.0,4.5,1.75,4.49,4.16,1.69,4.44,4.64,1.53,2.4,1.52,2.63
2022-08-26,D1,2223,Freiburg,Bochum,1,0,H,1.5,4.5,6.0,1.53,4.81,6.12,1.55,4.62,6.18,1.61,2.3,1.68,2.3
2022-08-26,T1,2223,Gaziantep,Antalyaspor,5,2,H,2.5,3.3,2.8,2.57,3.41,2.9,2.58,3.39,2.9,2.02,1.83,2.01,1.88
2022-08-27,D1,2223,Hertha,Dortmund,0,1,A,4.5,4.33,1.66,4.55,4.62,1.7,4.22,4.4,1.76,1.5,2.62,1.5,2.74
2022-08-27,D1,2223,Hoffenheim,Augsburg,1,0,H,1.45,4.5,7.0,1.49,4.99,6.52,1.44,5.22,7.09,1.5,2.62,1.43,2.98
2022-08-27,D1,2223,Mainz,Leverkusen,0,3,A,2.75,3.75,2.37,2.75,3.82,2.52,2.4,3.67,3.0,1.61,2.3,1.76,2.18
2022-08-27,D1,2223,RB Leipzig,Wolfsburg,2,0,H,1.45,4.75,6.0,1.5,4.73,6.89,1.58,4.54,5.77,1.57,2.37,1.6,2.48
2022-08-27,D1,2223,Schalke 04,Union Berlin,1,6,A,3.1,3.4,2.3,3.16,3.48,2.39,3.21,3.42,2.39,1.96,1.94,2.01,1.9
2022-08-27,D1,2223,Bayern Munich,M'gladbach,1,1,D,1.18,8.0,12.0,1.2,8.4,13.14,1.2,8.5,13.0,1.2,4.5,,
2022-08-27,E0,2223,Southampton,Man United,0,1,A,4.2,4.0,1.8,4.31,4.0,1.85,3.65,3.95,2.02,1.57,2.37,1.61,2.44
2022-08-27,E0,2223,Brentford,Everton,1,1,D,2.0,3.5,3.75,2.1,3.49,3.84,2.08,3.51,3.91,2.06,1.84,2.06,1.85
2022-08-27,E0,2223,Brighton,Leeds,1,0,H,1.9,3.8,3.8,1.93,3.72,4.24,1.74,3.98,5.09,1.88,2.02,1.88,2.02
2022-08-27,E0,2223,Chelsea,Leicester,2,1,H,1.4,5.0,7.0,1.45,4.86,7.66,1.41,5.2,7.99,1.61,2.3,1.67,2.33
2022-08-27,E0,2223,Liverpool,Bournemouth,9,0,H,1.1,10.0,26.0,1.13,10.48,23.11,1.15,9.25,19.5,1.36,3.2,1.35,3.34
2022-08-27,E0,2223,Man City,Crystal Palace,4,2,H,1.18,7.5,13.0,1.2,7.5,16.26,1.2,7.75,16.0,1.44,2.75,1.5,2.69
2022-08-27,E0,2223,Arsenal,Fulham,2,1,H,1.3,5.75,9.0,1.33,5.83,9.75,1.42,5.35,7.5,1.5,2.62,1.57,2.54
2022-08-27,T1,2223,Karagumruk,Ankaragucu,4,1,H,1.9,3.6,4.0,1.91,3.95,3.97,2.19,3.68,3.34,1.8,2.05,1.76,2.15
2022-08-27,T1,2223,Ad. Demirspor,Umraniyespor,1,0,H,1.55,4.33,5.75,1.56,4.37,6.28,1.5,4.72,6.59,1.61,2.25,1.55,2.56
2022-08-27,T1,2223,Alanyaspor,Istanbulspor,0,1,A,1.5,4.75,6.0,1.49,4.79,6.6,1.44,5.09,7.17,1.57,2.35,1.51,2.66
2022-08-28,D1,2223,FC Koln,Stuttgart,0,0,D,2.05,3.75,3.4,2.16,3.67,3.48,2.46,3.57,2.99,1.66,2.2,1.81,2.1
2022-08-28,D1,2223,Werder Bremen,Ein Frankfurt,3,4,A,2.45,3.5,2.8,2.58,3.55,2.83,2.38,3.68,3.03,1.61,2.3,1.68,2.3
2022-08-28,E0,2223,Aston Villa,West Ham,0,1,A,2.3,3.4,3.1,2.41,3.41,3.18,2.12,3.53,3.74,1.91,1.99,1.95,1.95
2022-08-28,E0,2223,Wolves,Newcastle,1,1,D,2.7,3.3,2.7,2.76,3.32,2.79,2.59,3.3,3.0,2.1,1.72,2.1,1.81
2022-08-28,E0,2223,Nott'm Forest,Tottenham,0,2,A,7.0,4.6,1.44,7.15,4.63,1.49,7.1,5.05,1.45,1.72,2.1,1.66,2.35
2022-08-28,T1,2223,Kasimpasa,Hatayspor,1,0,H,1.95,3.5,3.75,2.05,3.75,3.64,2.05,3.84,3.57,1.65,2.2,1.66,2.32
2022-08-28,T1,2223,Kayserispor,Giresunspor,3,0,H,2.15,3.4,3.3,2.2,3.48,3.49,2.29,3.39,3.37,1.95,1.9,1.97,1.92
2022-08-28,T1,2223,Trabzonspor,Galatasaray,0,0,D,2.37,3.5,2.9,2.47,3.32,3.11,2.7,3.45,2.72,1.88,1.98,1.88,2.01
2022-08-29,T1,2223,Konyaspor,Fenerbahce,1,0,H,3.4,3.6,2.05,3.42,3.75,2.1,4.27,3.94,1.85,1.66,2.15,1.67,2.3
2022-08-29,T1,2223,Besiktas,Sivasspor,3,1,H,1.5,4.2,5.5,1.53,4.51,6.17,1.51,4.68,6.43,1.66,2.15,1.62,2.4
2022-08-30,E0,2223,Crystal Palace,Brentford,1,1,D,2.05,3.4,3.6,2.11,3.47,3.83,2.12,3.49,3.78,2.1,1.72,2.01,1.9
2022-08-30,E0,2223,Fulham,Brighton,2,1,H,3.1,3.3,2.3,3.26,3.44,2.36,3.36,3.29,2.38,2.01,1.89,2.18,1.76
2022-08-30,E0,2223,Southampton,Chelsea,2,1,H,5.25,4.0,1.61,5.28,4.24,1.67,5.22,4.11,1.69,1.72,2.1,1.82,2.08
2022-08-30,E0,2223,Leeds,Everton,1,1,D,2.15,3.5,3.3,2.16,3.61,3.53,2.17,3.65,3.49,1.87,2.03,1.86,2.06
2022-08-31,E0,2223,Arsenal,Aston Villa,2,1,H,1.45,4.5,6.0,1.5,4.67,6.97,1.55,4.57,6.27,1.72,2.1,1.71,2.24
2022-08-31,E0,2223,Bournemouth,Wolves,0,0,D,3.5,3.3,2.15,3.52,3.43,2.24,3.4,3.32,2.34,2.1,1.72,2.25,1.71
2022-08-31,E0,2223,Man City,Nott'm Forest,6,0,H,1.06,13.0,29.0,1.08,13.43,31.06,1.1,12.5,26.0,1.22,4.33,1.33,3.16
2022-08-31,E0,2223,West Ham,Tottenham,1,1,D,3.6,3.8,1.95,3.67,3.84,2.04,3.29,3.51,2.3,1.72,2.1,1.88,2.03
2022-08-31,E0,2223,Liverpool,Newcastle,2,1,H,1.33,5.25,9.0,1.33,5.89,9.75,1.29,6.26,10.61,1.5,2.62,1.41,3.05
2022-09-01,E0,2223,Leicester,Man United,0,1,A,3.4,3.75,2.05,3.45,3.86,2.11,3.2,3.76,2.25,1.66,2.2,1.69,2.29
2022-09-02,D1,2223,Dortmund,Hoffenheim,1,0,H,1.61,4.5,4.75,1.69,4.66,4.59,1.78,4.31,4.37,1.4,3.0,1.49,2.77
2022-09-02,T1,2223,Umraniyespor,Trabzonspor,0,1,A,3.6,3.6,1.9,4.02,3.73,1.95,4.11,3.66,1.95,1.88,1.98,1.91,1.97
2022-09-03,D1,2223,Bochum,Werder Bremen,0,2,A,2.9,3.6,2.3,2.99,3.71,2.39,3.09,3.67,2.35,1.66,2.2,1.68,2.31
2022-09-03,D1,2223,Leverkusen,Freiburg,2,3,A,1.9,3.75,3.8,1.92,4.01,3.97,1.82,3.99,4.45,1.57,2.37,1.68,2.31
2022-09-03,D1,2223,Stuttgart,Schalke 04,1,1,D,1.75,4.0,4.33,1.79,4.18,4.4,1.73,4.13,4.89,1.72,2.1,1.72,2.23
2022-09-03,D1,2223,Union Berlin,Bayern Munich,1,1,D,7.0,5.25,1.36,7.55,5.74,1.39,7.87,5.64,1.39,1.4,3.0,1.49,2.77
2022-09-03,D1,2223,Wolfsburg,FC Koln,2,4,A,2.05,3.4,3.75,2.16,3.58,3.57,2.2,3.57,3.47,1.8,2.0,1.83,2.07
2022-09-03,D1,2223,Ein Frankfurt,RB Leipzig,4,0,H,3.5,3.75,2.0,3.68,3.78,2.06,3.4,3.73,2.17,1.61,2.3,1.68,2.3
2022-09-03,E0,2223,Everton,Liverpool,0,0,D,7.0,4.75,1.4,8.08,5.21,1.41,7.8,5.4,1.4,1.57,2.37,1.52,2.65
2022-09-03,E0,2223,Brentford,Leeds,5,2,H,2.1,3.5,3.4,2.21,3.59,3.44,2.17,3.57,3.55,1.72,2.1,1.83,2.07
2022-09-03,E0,2223,Chelsea,West Ham,2,1,H,1.55,4.5,5.5,1.58,4.37,6.17,1.69,4.03,5.44,1.72,2.1,1.95,1.95
2022-09-03,E0,2223,Newcastle,Crystal Palace,0,0,D,2.0,3.5,3.75,2.1,3.44,3.89,2.12,3.47,3.82,2.0,1.8,2.14,1.78
2022-09-03,E0,2223,Nott'm Forest,Bournemouth,2,3,A,1.95,3.5,3.8,2.05,3.51,4.0,2.21,3.38,3.65,2.1,1.72,2.21,1.74
2022-09-03,E0,2223,Tottenham,Fulham,2,1,H,1.5,4.5,6.5,1.52,4.63,6.51,1.54,4.62,6.24,1.61,2.3,1.63,2.41
2022-09-03,E0,2223,Wolves,Southampton,1,0,H,2.2,3.4,3.25,2.3,3.41,3.41,2.14,3.53,3.68,2.04,1.86,1.99,1.92
2022-09-03,E0,2223,Aston Villa,Man City,1,1,D,8.0,5.5,1.33,9.25,5.98,1.33,9.35,5.85,1.33,1.53,2.5,1.49,2.77
2022-09-03,T1,2223,Buyuksehyr,Alanyaspor,2,0,H,1.9,3.5,3.8,1.98,3.74,3.89,1.76,3.88,4.86,1.85,2.0,1.85,2.05
2022-09-03,T1,2223,Sivasspor,Karagumruk,0,0,D,2.2,3.3,3.1,2.3,3.42,3.32,2.15,3.46,3.64,1.85,2.0,1.85,2.05
2022-09-03,T1,2223,Fenerbahce,Kayserispor,2,0,H,1.4,4.75,5.75,1.43,5.31,7.01,1.47,5.03,6.47,1.47,2.6,1.6,2.44
2022-09-03,T1,2223,Giresunspor,Konyaspor,0,1,A,2.6,3.2,2.62,2.69,3.32,2.82,2.81,3.24,2.76,2.02,1.83,2.15,1.76
2022-09-04,D1,2223,Augsburg,Hertha,0,2,A,2.45,3.3,2.87,2.59,3.4,2.94,2.63,3.56,2.77,1.89,2.01,1.71,2.23
2022-09-04,D1,2223,M'gladbach,Mainz,0,1,A,2.2,3.8,3.0,2.29,3.73,3.16,2.41,3.72,2.96,1.66,2.2,1.74,2.2
2022-09-04,E0,2223,Brighton,Leicester,5,2,H,1.83,3.5,4.5,1.85,3.63,4.85,1.94,3.63,4.29,2.01,1.89,2.0,1.91
2022-09-04,E0,2223,Man United,Arsenal,3,1,H,2.5,3.5,2.7,2.7,3.58,2.68,2.71,3.56,2.69,1.66,2.2,1.76,2.18
2022-09-04,T1,2223,Hatayspor,Ad. Demirspor,1,1,D,2.9,3.3,2.25,3.16,3.56,2.32,3.22,3.73,2.23,1.7,2.1,1.7,2.24
2022-09-04,T1,2223,Ankaragucu,Besiktas,2,3,A,4.0,3.5,1.8,4.42,3.67,1.88,4.85,4.09,1.72,1.72,2.07,1.65,2.35
2022-09-04,T1,2223,Antalyaspor,Kasimpasa,0,2,A,1.7,3.6,4.5,1.78,3.76,4.97,1.77,3.99,4.67,1.72,2.07,1.64,2.35
2022-09-05,T1,2223,Galatasaray,Gaziantep,2,1,H,1.57,3.75,5.25,1.61,4.17,5.66,1.64,4.15,5.52,1.75,2.05,1.66,2.32
2022-09-09,D1,2223,Werder Bremen,Augsburg,0,1,A,1.53,4.5,5.5,1.56,4.71,5.9,1.53,4.71,6.25,1.57,2.37,1.6,2.48
2022-09-09,T1,2223,Alanyaspor,Ankaragucu,2,1,H,1.72,3.8,4.5,1.76,4.12,4.53,1.78,4.08,4.52,1.66,2.15,1.69,2.25
2022-09-10,D1,2223,Bayern Munich,Stuttgart,2,2,D,1.14,8.0,17.0,1.17,8.98,16.13,1.22,7.77,12.22,1.22,4.33,,
2022-09-10,D1,2223,Ein Frankfurt,Wolfsburg,0,1,A,2.0,3.6,3.6,2.09,3.57,3.8,1.9,3.93,4.13,1.66,2.2,1.68,2.31
2022-09-10,D1,2223,Hertha,Leverkusen,2,2,D,3.6,4.0,1.9,3.76,4.11,1.94,4.17,4.14,1.85,1.53,2.5,1.6,2.47
2022-09-10,D1,2223,Hoffenheim,Mainz,4,1,H,2.25,3.75,2.9,2.36,3.58,3.14,2.52,3.63,2.86,1.66,2.2,1.72,2.22
2022-09-10,D1,2223,RB Leipzig,Dortmund,3,0,H,2.3,3.9,2.75,2.39,3.94,2.86,2.45,3.89,2.83,1.57,2.37,1.57,2.54
2022-09-10,D1,2223,Schalke 04,Bochum,3,1,H,2.0,3.8,3.5,2.07,3.69,3.73,2.16,3.69,3.45,1.72,2.1,1.7,2.27
2022-09-10,T1,2223,Konyaspor,Hatayspor,1,0,H,1.7,4.0,4.75,1.74,3.97,4.91,1.72,3.96,5.07,1.83,2.02,1.85,2.02
2022-09-10,T1,2223,Karagumruk,Giresunspor,1,1,D,1.9,3.6,4.0,1.96,3.55,4.22,2.11,3.41,3.82,1.93,1.93,1.96,1.93
2022-09-11,D1,2223,FC Koln,Union Berlin,0,1,A,2.37,3.4,2.9,2.54,3.53,2.89,2.51,3.4,3.03,1.94,1.96,2.0,1.9
2022-09-11,D1,2223,Freiburg,M'gladbach,0,0,D,2.0,3.6,3.5,2.07,3.8,3.62,2.2,3.72,3.35,1.57,2.37,1.67,2.33
2022-09-11,T1,2223,Sivasspor,Istanbulspor,1,1,D,1.75,3.6,4.75,1.8,3.95,4.51,1.95,3.69,4.08,1.85,2.0,1.92,1.97
2022-09-11,T1,2223,Gaziantep,Umraniyespor,1,1,D,1.75,3.8,4.5,1.81,3.97,4.48,1.82,3.95,4.4,1.72,2.07,1.76,2.14
2022-09-11,T1,2223,Kasimpasa,Galatasaray,2,3,A,3.75,3.8,1.85,4.21,4.1,1.83,4.62,4.31,1.72,1.66,2.15,1.64,2.37
2022-09-11,T1,2223,Kayserispor,Antalyaspor,1,0,H,2.55,3.5,2.7,2.61,3.34,2.9,2.65,3.38,2.82,1.85,2.0,1.91,1.98
2022-09-12,T1,2223,Besiktas,Buyuksehyr,0,1,A,1.95,3.5,4.0,2.0,3.47,4.04,2.33,3.47,3.21,1.9,1.95,1.86,2.03
2022-09-12,T1,2223,Ad. Demirspor,Trabzonspor,3,2,H,2.2,3.6,3.0,2.26,3.69,3.12,2.72,3.64,2.6,1.8,2.0,1.78,2.13
2022-09-16,D1,2223,Mainz,Hertha,1,1,D,1.72,4.0,4.33,1.79,4.0,4.64,1.83,3.9,4.51,1.72,2.1,1.79,2.12
2022-09-16,E0,2223,Aston Villa,Southampton,1,0,H,2.1,3.5,3.5,2.14,3.62,3.6,2.14,3.58,3.64,1.88,2.02,1.93,1.97
2022-09-16,E0,2223,Nott'm Forest,Fulham,2,3,A,2.75,3.3,2.62,2.82,3.43,2.67,2.8,3.49,2.64,1.93,1.97,1.92,1.99
2022-09-16,T1,2223,Galatasaray,Konyaspor,2,1,H,1.7,3.8,5.0,1.75,3.87,5.02,1.78,3.84,4.82,1.9,1.95,1.87,2.02
2022-09-16,T1,2223,Hatayspor,Kayserispor,0,4,A,2.25,3.5,3.2,2.28,3.37,3.41,2.43,3.37,3.14,1.95,1.9,1.95,1.93
2022-09-17,D1,2223,Augsburg,Bayern Munich,1,0,H,17.0,8.0,1.16,14.69,9.0,1.18,15.0,9.25,1.17,1.28,3.75,,
2022-09-17,D1,2223,Dortmund,Schalke 04,1,0,H,1.36,5.0,8.0,1.41,5.61,7.33,1.45,5.18,6.98,1.44,2.75,1.49,2.75
2022-09-17,D1,2223,Leverkusen,Werder Bremen,1,1,D,1.61,4.33,5.0,1.67,4.6,4.83,1.65,4.52,5.1,1.5,2.62,1.53,2.64
2022-09-17,D1,2223,Stuttgart,Ein Frankfurt,1,3,A,2.25,3.5,3.1,2.37,3.64,3.08,2.65,3.4,2.86,1.66,2.2,1.95,1.95
2022-09-17,D1,2223,M'gladbach,RB Leipzig,3,0,H,3.0,3.6,2.25,3.16,3.67,2.31,3.18,3.63,2.31,1.57,2.37,1.71,2.24
2022-09-17,E0,2223,Wolves,Man City,0,3,A,9.5,5.0,1.33,9.3,5.52,1.36,9.25,5.65,1.35,1.57,2.37,1.59,2.5
2022-09-17,E0,2223,Newcastle,Bournemouth,1,1,D,1.44,4.4,7.5,1.49,4.56,7.5,1.43,5.01,7.85,1.87,2.03,1.78,2.15
2022-09-17,E0,2223,Tottenham,Leicester,6,2,H,1.45,4.5,7.0,1.52,4.46,7.04,1.56,4.45,6.38,1.57,2.37,1.61,2.46
2022-09-17,T1,2223,Umraniyespor,Kasimpasa,1,2,A,2.25,3.6,2.9,2.47,3.58,2.91,2.56,3.73,2.71,1.8,2.05,1.65,2.33
2022-09-17,T1,2223,Antalyaspor,Ad. Demirspor,0,3,A,2.05,3.8,3.3,2.21,3.56,3.39,2.7,3.56,2.66,1.72,2.07,1.69,2.26
2022-09-17,T1,2223,Istanbulspor,Besiktas,2,2,D,5.5,4.2,1.53,5.71,4.61,1.56,7.05,4.65,1.48,1.61,2.25,1.62,2.4
2022-09-18,D1,2223,Union Berlin,Wolfsburg,2,0,H,1.95,3.5,3.8,2.07,3.43,4.02,2.08,3.4,4.04,2.03,1.87,2.19,1.75
2022-09-18,D1,2223,Bochum,FC Koln,1,1,D,3.1,3.6,2.2,3.09,3.75,2.31,3.43,3.75,2.15,1.72,2.1,1.63,2.42
2022-09-18,D1,2223,Hoffenheim,Freiburg,0,0,D,2.15,3.6,3.2,2.24,3.71,3.27,2.26,3.65,3.27,1.57,2.37,1.75,2.18
2022-09-18,E0,2223,Brentford,Arsenal,0,3,A,4.2,3.8,1.8,4.46,3.98,1.83,4.5,3.85,1.85,1.66,2.2,1.79,2.13
2022-09-18,E0,2223,Everton,West Ham,1,0,H,2.9,3.25,2.5,2.96,3.39,2.57,2.95,3.35,2.6,2.06,1.84,2.09,1.83
2022-09-18,T1,2223,Buyuksehyr,Karagumruk,0,0,D,1.55,4.2,6.0,1.54,4.4,6.38,1.66,4.09,5.45,1.8,2.05,1.88,2.0
2022-09-18,T1,2223,Trabzonspor,Gaziantep,3,2,H,1.66,4.0,4.75,1.64,4.22,5.4,1.68,4.28,4.92,1.7,2.1,1.75,2.17
2022-09-18,T1,2223,Ankaragucu,Sivasspor,2,1,H,2.37,3.6,2.87,2.37,3.46,3.15,2.18,3.4,3.64,1.93,1.93,2.0,1.89
2022-09-18,T1,2223,Fenerbahce,Alanyaspor,5,0,H,1.45,4.5,6.5,1.51,4.92,5.97,1.59,4.56,5.45,1.53,2.4,1.57,2.52
2022-09-30,D1,2223,Bayern Munich,Leverkusen,4,0,H,1.36,6.0,7.0,1.41,6.02,6.71,1.37,6.1,7.56,1.3,3.5,,
2022-10-01,D1,2223,Ein Frankfurt,Union Berlin,2,0,H,2.25,3.4,3.2,2.31,3.52,3.27,2.42,3.38,3.11,1.99,1.91,2.08,1.84
2022-10-01,D1,2223,FC Koln,Dortmund,3,2,H,3.1,4.0,2.05,3.36,3.93,2.12,3.07,3.79,2.27,1.57,2.37,1.68,2.31
2022-10-01,D1,2223,Freiburg,Mainz,2,1,H,2.1,3.6,3.4,2.13,3.66,3.57,2.21,3.54,3.4,1.92,1.98,1.96,1.94
2022-10-01,D1,2223,RB Leipzig,Bochum,4,0,H,1.22,6.5,12.0,1.25,7.21,11.05,1.27,6.6,10.59,1.44,2.75,1.47,2.79
2022-10-01,D1,2223,Wolfsburg,Stuttgart,3,2,H,2.4,3.4,2.9,2.41,3.53,3.08,2.56,3.35,2.93,1.99,1.91,2.12,1.79
2022-10-01,D1,2223,Werder Bremen,M'gladbach,5,1,H,2.5,3.9,2.5,2.62,3.84,2.63,2.65,3.88,2.53,1.57,2.37,1.58,2.53
2022-10-01,E0,2223,Arsenal,Tottenham,3,1,H,2.05,3.75,3.3,2.13,3.65,3.57,1.99,3.75,3.84,1.72,2.1,1.76,2.17
2022-10-01,E0,2223,Bournemouth,Brentford,0,0,D,3.3,3.4,2.2,3.45,3.49,2.25,3.3,3.53,2.27,2.02,1.88,1.93,1.98
2022-10-01,E0,2223,Crystal Palace,Chelsea,1,2,A,4.2,3.6,1.85,4.42,3.56,1.93,4.83,3.78,1.79,2.1,1.72,2.01,1.9
2022-10-01,E0,2223,Fulham,Newcastle,1,4,A,3.0,3.4,2.37,3.11,3.57,2.38,2.95,3.42,2.51,1.91,1.99,1.92,1.99
2022-10-01,E0,2223,Liverpool,Brighton,3,3,D,1.33,5.25,8.5,1.38,5.49,8.42,1.49,4.76,6.85,1.53,2.5,1.63,2.42
2022-10-01,E0,2223,Southampton,Everton,1,2,A,2.15,3.4,3.4,2.23,3.48,3.49,2.38,3.32,3.23,2.04,1.86,2.17,1.76
2022-10-01,E0,2223,West Ham,Wolves,2,0,H,1.95,3.5,4.2,2.01,3.42,4.31,2.07,3.36,4.01,2.2,1.66,2.23,1.72
2022-10-01,T1,2223,Kasimpasa,Gaziantep,1,0,H,2.2,3.5,2.87,2.35,3.67,3.03,2.21,3.73,3.17,1.57,2.35,1.63,2.39
2022-10-01,T1,2223,Ankaragucu,Buyuksehyr,1,2,A,3.75,3.4,1.9,4.14,3.6,1.96,3.68,3.42,2.12,2.0,1.85,2.04,1.85
2022-10-01,T1,2223,Kayserispor,Trabzonspor,1,2,A,3.25,3.4,2.0,3.69,3.66,2.07,3.71,3.64,2.03,1.83,2.02,1.83,2.05
2022-10-01,T1,2223,Ad. Demirspor,Galatasaray,0,0,D,2.55,3.3,2.5,2.72,3.52,2.66,2.93,3.61,2.39,1.7,2.1,1.63,2.38
2022-10-02,D1,2223,Hertha,Hoffenheim,1,1,D,2.75,3.75,2.37,2.88,3.81,2.42,3.01,3.61,2.42,1.57,2.37,1.72,2.24
2022-10-02,D1,2223,Schalke 04,Augsburg,2,3,A,1.95,3.8,3.6,1.99,3.75,3.95,1.9,3.88,4.18,1.8,2.0,1.76,2.17
2022-10-02,E0,2223,Man City,Man United,6,3,H,1.33,5.75,7.5,1.37,5.91,7.74,1.43,5.6,6.7,1.44,2.75,1.47,2.84
2022-10-02,E0,2223,Leeds,Aston Villa,0,0,D,2.35,3.4,3.0,2.43,3.44,3.12,2.45,3.49,3.06,1.8,2.0,1.91,1.99
2022-10-02,T1,2223,Alanyaspor,Giresunspor,1,1,D,1.85,3.5,3.6,1.91,3.79,4.06,2.06,3.57,3.81,1.83,2.02,1.89,2.0
2022-10-02,T1,2223,Sivasspor,Hatayspor,1,2,A,1.95,3.3,3.5,2.07,3.54,3.81,1.94,3.59,4.23,2.0,1.85,1.98,1.9
2022-10-02,T1,2223,Konyaspor,Umraniyespor,1,0,H,1.6,3.8,5.0,1.59,4.21,6.02,1.63,4.23,5.6,1.85,2.0,1.78,2.11
2022-10-02,T1,2223,Besiktas,Fenerbahce,0,0,D,2.25,3.5,2.75,2.38,3.77,2.93,2.57,3.43,2.89,1.57,2.35,1.9,1.99
2022-10-03,E0,2223,Leicester,Nott'm Forest,4,0,H,1.75,4.0,4.33,1.78,4.2,4.48,1.74,4.15,4.75,1.66,2.2,1.74,2.28
2022-10-03,T1,2223,Karagumruk,Istanbulspor,1,2,A,1.66,3.75,4.5,1.69,4.16,4.85,1.87,3.85,4.26,1.7,2.1,1.83,2.06
2022-10-07,D1,2223,Hoffenheim,Werder Bremen,1,2,A,1.95,3.8,3.5,2.05,4.02,3.48,1.96,4.05,3.74,1.57,2.37,1.52,2.65
2022-10-07,T1,2223,Gaziantep,Ad. Demirspor,1,1,D,2.8,3.5,2.25,3.08,3.71,2.31,2.9,3.77,2.39,1.7,2.1,1.65,2.35
2022-10-08,D1,2223,Augsburg,Wolfsburg,1,1,D,2.9,3.4,2.4,3.04,3.43,2.49,2.95,3.46,2.54,1.97,1.93,1.97,1.93
2022-10-08,D1,2223,Bochum,Ein Frankfurt,3,0,H,3.75,3.8,1.9,4.01,4.01,1.91,4.02,3.84,1.94,1.66,2.2,1.8,2.11
2022-10-08,D1,2223,Leverkusen,Schalke 04,4,0,H,1.45,4.5,7.0,1.47,5.02,6.83,1.43,5.23,7.43,1.5,2.62,1.5,2.72
2022-10-08,D1,2223,Mainz,RB Leipzig,1,1,D,3.0,3.6,2.3,3.07,3.66,2.36,3.35,3.59,2.25,1.72,2.1,1.84,2.06
2022-10-08,D1,2223,Dortmund,Bayern Munich,2,2,D,4.33,4.75,1.65,4.53,4.88,1.67,4.2,4.54,1.77,1.36,3.2,1.43,2.99
2022-10-08,E0,2223,Bournemouth,Leicester,2,1,H,3.6,3.4,2.05,3.64,3.7,2.09,3.45,3.54,2.22,1.8,2.0,1.96,1.94
2022-10-08,E0,2223,Chelsea,Wolves,3,0,H,1.4,4.5,8.0,1.41,4.92,8.68,1.53,4.36,7.03,1.87,2.03,1.96,1.94
2022-10-08,E0,2223,Man City,Southampton,4,0,H,1.11,10.0,17.0,1.13,10.77,20.4,1.13,11.0,21.0,1.25,4.0,,
2022-10-08,E0,2223,Newcastle,Brentford,5,1,H,1.83,3.8,4.2,1.81,3.99,4.55,1.69,4.05,5.35,1.72,2.1,1.81,2.09
2022-10-08,E0,2223,Brighton,Tottenham,0,1,A,2.8,3.4,2.5,2.82,3.45,2.65,2.58,3.4,2.94,1.88,2.02,2.04,1.88
2022-10-08,T1,2223,Istanbulspor,Ankaragucu,1,2,A,2.5,3.4,2.62,2.61,3.48,2.79,3.0,3.41,2.5,1.93,1.93,1.98,1.9
2022-10-08,T1,2223,Antalyaspor,Konyaspor,1,1,D,2.4,3.4,2.7,2.54,3.37,2.96,2.74,3.25,2.82,2.0,1.85,2.19,1.74
2022-10-08,T1,2223,Giresunspor,Besiktas,0,1,A,4.0,3.6,1.8,4.38,3.71,1.88,4.74,3.71,1.82,1.85,2.0,2.0,1.89
2022-10-09,D1,2223,M'gladbach,FC Koln,5,2,H,1.95,3.75,3.6,2.02,4.05,3.57,2.12,3.79,3.47,1.61,2.3,1.62,2.43
2022-10-09,D1,2223,Hertha,Freiburg,2,2,D,3.0,3.5,2.3,3.18,3.41,2.41,3.28,3.49,2.32,1.91,1.99,1.97,1.93
2022-10-09,D1,2223,Stuttgart,Union Berlin,0,1,A,2.55,3.1,2.9,2.65,3.25,2.97,2.99,3.04,2.79,2.1,1.72,2.59,1.56
2022-10-09,E0,2223,Crystal Palace,Leeds,2,1,H,2.05,3.5,3.6,2.06,3.68,3.76,2.09,3.62,3.73,1.86,2.04,1.94,1.96
2022-10-09,E0,2223,West Ham,Fulham,3,1,H,1.72,3.8,4.75,1.79,3.9,4.82,1.63,4.11,5.89,1.8,2.0,1.89,2.01
2022-10-09,E0,2223,Arsenal,Liverpool,3,2,H,2.5,3.6,2.62,2.67,3.69,2.66,2.58,3.84,2.67,1.57,2.37,1.58,2.53
2022-10-09,E0,2223,Everton,Man United,1,2,A,3.6,3.5,2.05,3.62,3.67,2.11,3.65,3.68,2.09,1.88,2.02,1.85,2.07
2022-10-09,T1,2223,Umraniyespor,Kayserispor,2,2,D,2.55,3.5,2.6,2.62,3.62,2.71,2.5,3.47,2.94,1.88,1.98,1.94,1.94
2022-10-09,T1,2223,Hatayspor,Alanyaspor,1,0,H,2.45,3.5,2.55,2.56,3.68,2.74,2.9,3.68,2.43,1.72,2.07,1.75,2.16
2022-10-09,T1,2223,Fenerbahce,Karagumruk,5,4,H,1.36,5.0,6.5,1.39,5.26,8.11,1.41,5.04,7.99,1.5,2.5,1.6,2.45
2022-10-10,E0,2223,Nott'm Forest,Aston Villa,1,1,D,3.3,3.4,2.2,3.4,3.6,2.22,3.79,3.64,2.03,2.03,1.87,1.92,1.99
2022-10-10,T1,2223,Buyuksehyr,Sivasspor,0,2,A,1.53,4.0,5.5,1.56,4.2,6.38,1.69,3.74,5.8,1.85,2.0,2.12,1.78
2022-10-10,T1,2223,Trabzonspor,Kasimpasa,0,0,D,1.4,4.75,7.0,1.44,4.85,7.15,1.51,4.88,6.02,1.53,2.4,1.5,2.71
2022-10-14,D1,2223,Schalke 04,Hoffenheim,0,3,A,3.6,3.8,1.95,3.72,3.87,2.02,3.51,3.8,2.11,1.66,2.2,1.72,2.22
2022-10-14,E0,2223,Brentford,Brighton,2,0,H,3.1,3.4,2.3,3.32,3.52,2.29,3.35,3.53,2.27,1.97,1.93,1.93,1.98
2022-10-14,T1,2223,Alanyaspor,Antalyaspor,3,2,H,2.25,3.25,3.1,2.29,3.5,3.26,2.28,3.57,3.24,1.93,1.93,1.82,2.07
2022-10-15,D1,2223,Ein Frankfurt,Leverkusen,5,1,H,2.75,3.6,2.45,2.84,3.62,2.54,2.63,3.57,2.76,1.61,2.3,1.76,2.17
2022-10-15,D1,2223,Stuttgart,Bochum,4,1,H,1.65,4.0,5.25,1.68,4.03,5.5,1.72,4.05,5.07,1.8,2.0,1.75,2.19
2022-10-15,D1,2223,Werder Bremen,Mainz,0,2,A,2.37,3.6,2.87,2.38,3.68,3.02,2.29,3.71,3.17,1.72,2.1,1.71,2.25
2022-10-15,D1,2223,Wolfsburg,M'gladbach,2,2,D,2.62,3.5,2.6,2.69,3.66,2.65,2.93,3.69,2.44,1.66,2.2,1.67,2.32
2022-10-15,D1,2223,RB Leipzig,Hertha,3,2,H,1.4,5.0,7.0,1.43,5.03,7.84,1.49,4.74,6.92,1.53,2.5,1.6,2.47
2022-10-15,E0,2223,Leicester,Crystal Palace,0,0,D,2.3,3.4,3.1,2.38,3.55,3.12,2.49,3.54,2.96,1.89,2.01,1.86,2.05
2022-10-15,E0,2223,Fulham,Bournemouth,2,2,D,1.85,3.75,4.0,1.92,3.77,4.23,1.98,3.69,4.03,1.96,1.94,1.93,1.98
2022-10-15,E0,2223,Wolves,Nott'm Forest,1,0,H,1.7,3.75,5.0,1.74,3.78,5.41,1.76,3.91,5.02,2.06,1.84,2.0,1.9
2022-10-15,E0,2223,Tottenham,Everton,2,0,H,1.5,4.5,6.5,1.48,4.67,7.26,1.5,4.7,6.9,1.72,2.1,1.72,2.24
2022-10-15,T1,2223,Karagumruk,Hatayspor,3,0,H,1.9,3.6,3.6,1.97,3.84,3.82,2.07,3.66,3.66,1.8,2.0,1.82,2.06
2022-10-15,T1,2223,Kasimpasa,Ad. Demirspor,1,4,A,3.0,3.5,2.2,3.18,3.69,2.26,3.13,3.77,2.25,1.66,2.15,1.61,2.42
2022-10-15,T1,2223,Kayserispor,Galatasaray,2,1,H,4.2,3.6,1.83,4.26,3.85,1.87,4.12,3.72,1.93,1.72,2.07,1.85,2.04
2022-10-15,T1,2223,Konyaspor,Gaziantep,0,1,A,1.8,3.75,4.2,1.83,3.93,4.35,1.74,4.0,4.91,1.85,2.0,1.88,2.01
2022-10-16,D1,2223,FC Koln,Augsburg,3,2,H,1.66,4.0,5.0,1.71,4.27,4.84,1.64,4.47,5.39,1.61,2.3,1.6,2.49
2022-10-16,D1,2223,Union Berlin,Dortmund,2,0,H,2.9,3.5,2.37,3.06,3.51,2.44,3.05,3.26,2.58,1.97,1.93,2.19,1.75
2022-10-16,D1,2223,Bayern Munich,Freiburg,5,0,H,1.25,6.5,9.0,1.29,6.13,10.79,1.46,5.23,6.77,1.36,3.2,1.39,3.19
2022-10-16,E0,2223,Aston Villa,Chelsea,0,2,A,4.33,3.75,1.8,4.78,3.65,1.85,3.97,3.49,2.07,2.03,1.87,2.1,1.81
2022-10-16,E0,2223,Leeds,Arsenal,0,1,A,6.0,4.2,1.55,6.23,4.49,1.56,4.97,4.22,1.7,1.61,2.3,1.64,2.39
2022-10-16,E0,2223,Man United,Newcastle,0,0,D,1.95,3.8,3.5,2.04,3.71,3.8,2.08,3.68,3.71,1.72,2.1,1.76,2.18
2022-10-16,E0,2223,Southampton,West Ham,1,1,D,2.9,3.4,2.4,3.08,3.42,2.47,3.01,3.37,2.54,2.0,1.9,2.04,1.88
2022-10-16,E0,2223,Liverpool,Man City,1,0,H,3.6,4.0,1.9,4.0,4.11,1.88,3.81,4.25,1.9,1.44,2.75,1.49,2.76
2022-10-16,T1,2223,Buyuksehyr,Istanbulspor,2,0,H,1.44,4.75,6.5,1.43,4.78,8.11,1.57,4.22,6.29,1.75,2.05,1.93,1.95
2022-10-16,T1,2223,Besiktas,Trabzonspor,2,2,D,2.05,3.6,3.4,2.08,3.69,3.61,2.06,3.55,3.82,1.8,2.0,1.93,1.96
2022-10-17,T1,2223,Ankaragucu,Fenerbahce,0,3,A,4.75,4.0,1.65,5.05,4.1,1.68,4.22,3.73,1.91,1.65,2.2,1.79,2.1
2022-10-17,T1,2223,Sivasspor,Giresunspor,3,0,H,2.05,3.3,3.5,2.09,3.45,3.77,2.13,3.22,4.01,2.05,1.75,2.4,1.62
2022-10-18,E0,2223,Brighton,Nott'm Forest,0,0,D,1.4,4.75,7.0,1.39,5.17,8.97,1.41,5.08,8.53,1.72,2.1,1.76,2.17
2022-10-18,E0,2223,Crystal Palace,Wolves,2,1,H,2.25,3.1,3.4,2.32,3.21,3.58,2.13,3.39,3.89,2.5,1.53,2.29,1.69
2022-10-19,E0,2223,Bournemouth,Southampton,0,1,A,2.62,3.3,2.62,2.76,3.4,2.74,2.71,3.3,2.86,2.0,1.8,2.2,1.74
2022-10-19,E0,2223,Brentford,Chelsea,0,0,D,4.75,3.8,1.72,4.85,3.93,1.78,4.49,3.72,1.88,1.88,2.02,1.96,1.94
2022-10-19,E0,2223,Liverpool,West Ham,1,0,H,1.4,5.0,7.0,1.45,5.1,7.08,1.44,5.05,7.4,1.5,2.62,1.58,2.53
2022-10-19,E0,2223,Newcastle,Everton,1,0,H,1.6,3.8,5.75,1.65,4.06,5.81,1.66,4.06,5.74,1.92,1.98,1.95,1.95
2022-10-19,E0,2223,Man United,Tottenham,2,0,H,2.45,3.5,2.75,2.49,3.59,2.93,2.43,3.55,3.05,1.72,2.1,1.83,2.06
2022-10-20,E0,2223,Fulham,Aston Villa,3,0,H,2.9,3.3,2.5,2.94,3.47,2.54,3.03,3.47,2.47,2.0,1.9,1.96,1.94
2022-10-20,E0,2223,Leicester,Leeds,2,0,H,2.25,3.6,3.0,2.36,3.65,3.08,2.37,3.64,3.05,1.72,2.1,1.68,2.31
2022-10-21,D1,2223,Mainz,FC Koln,5,0,H,2.15,3.5,3.25,2.19,3.59,3.47,2.12,3.62,3.63,1.72,2.1,1.79,2.13
2022-10-21,T1,2223,Antalyaspor,Istanbulspor,2,1,H,1.72,3.6,4.5,1.79,3.95,4.61,1.76,3.93,4.85,1.83,2.02,1.91,1.98
2022-10-22,D1,2223,Augsburg,RB Leipzig,3,3,D,5.5,4.33,1.57,5.75,4.4,1.6,5.28,4.21,1.66,1.57,2.37,1.65,2.36
2022-10-22,D1,2223,Dortmund,Stuttgart,5,0,H,1.53,4.75,5.5,1.57,4.44,6.06,1.59,4.49,5.7,1.57,2.37,1.6,2.48
2022-10-22,D1,2223,Freiburg,Werder Bremen,2,0,H,1.9,3.75,3.8,1.94,3.86,4.0,2.0,3.81,3.83,1.66,2.2,1.69,2.29
2022-10-22,D1,2223,Hoffenheim,Bayern Munich,0,2,A,5.5,5.0,1.5,5.89,4.97,1.53,5.22,4.69,1.61,1.33,3.4,1.4,3.11
2022-10-22,D1,2223,Leverkusen,Wolfsburg,2,2,D,1.7,4.2,4.5,1.74,4.31,4.6,1.83,3.92,4.63,1.57,2.37,1.75,2.19
2022-10-22,D1,2223,M'gladbach,Ein Frankfurt,1,3,A,2.3,3.75,2.87,2.42,3.77,2.9,2.74,3.74,2.57,1.61,2.3,1.58,2.53
2022-10-22,E0,2223,Nott'm Forest,Liverpool,1,0,H,11.0,6.0,1.25,11.14,5.8,1.3,9.5,5.5,1.36,1.5,2.62,1.63,2.47
2022-10-22,E0,2223,Everton,Crystal Palace,3,0,H,2.6,3.2,2.87,2.69,3.19,2.97,2.54,3.18,3.18,2.2,1.66,2.35,1.66
2022-10-22,E0,2223,Man City,Brighton,3,1,H,1.2,7.0,13.0,1.21,7.21,15.39,1.23,7.25,14.0,1.44,2.75,1.52,2.65
2022-10-22,E0,2223,Chelsea,Man United,1,1,D,2.05,3.5,3.5,2.15,3.54,3.64,2.17,3.65,3.62,1.91,1.99,1.89,2.01
2022-10-22,T1,2223,Umraniyespor,Karagumruk,1,3,A,2.45,3.4,2.7,2.53,3.55,2.8,2.89,3.61,2.47,1.83,2.02,1.81,2.08
2022-10-22,T1,2223,Trabzonspor,Sivasspor,1,0,H,1.6,4.2,4.75,1.62,4.22,5.63,1.57,4.3,6.09,1.72,2.07,1.81,2.07
2022-10-22,T1,2223,Fenerbahce,Buyuksehyr,1,0,H,1.9,3.6,3.6,1.95,3.79,3.96,1.88,3.53,4.66,1.83,2.02,2.11,1.79
2022-10-23,D1,2223,Bochum,Union Berlin,2,1,H,4.33,3.4,1.9,4.48,3.48,1.95,4.92,3.51,1.87,2.1,1.72,2.26,1.7
2022-10-23,D1,2223,Hertha,Schalke 04,2,1,H,1.75,3.75,4.75,1.78,3.99,4.71,1.79,4.05,4.58,1.72,2.1,1.7,2.27
2022-10-23,E0,2223,Aston Villa,Brentford,4,0,H,2.1,3.5,3.5,2.23,3.46,3.51,2.08,3.57,3.81,1.94,1.96,1.95,1.95
2022-10-23,E0,2223,Leeds,Fulham,2,3,A,2.05,3.5,3.6,2.06,3.69,3.75,2.1,3.81,3.51,1.72,2.1,1.6,2.47
2022-10-23,E0,2223,Southampton,Arsenal,1,1,D,6.0,4.0,1.57,6.2,4.31,1.58,7.07,4.79,1.48,1.66,2.2,1.7,2.27
2022-10-23,E0,2223,Wolves,Leicester,0,4,A,2.25,3.25,3.25,2.3,3.35,3.46,2.41,3.43,3.18,2.0,1.9,1.97,1.93
2022-10-23,E0,2223,Tottenham,Newcastle,1,2,A,2.05,3.5,3.5,2.12,3.62,3.63,2.25,3.52,3.41,1.92,1.98,1.96,1.94
2022-10-23,T1,2223,Kasimpasa,Kayserispor,0,1,A,2.15,3.4,3.1,2.24,3.57,3.32,2.12,3.61,3.56,1.7,2.1,1.74,2.18
2022-10-23,T1,2223,Ad. Demirspor,Konyaspor,1,1,D,2.15,3.4,3.2,2.21,3.56,3.39,2.25,3.42,3.45,1.75,2.05,1.87,2.02
2022-10-23,T1,2223,Galatasaray,Alanyaspor,2,2,D,1.53,4.2,5.25,1.57,4.59,5.65,1.43,5.21,7.22,1.6,2.3,1.49,2.72
2022-10-24,E0,2223,West Ham,Bournemouth,2,0,H,1.55,4.0,6.0,1.59,4.12,6.53,1.62,4.08,6.12,2.01,1.89,1.99,1.92
2022-10-24,T1,2223,Giresunspor,Ankaragucu,1,1,D,2.2,3.25,3.1,2.42,3.33,3.14,2.51,3.29,3.08,2.02,1.83,2.19,1.74
2022-10-24,T1,2223,Hatayspor,Besiktas,2,1,H,4.5,3.8,1.66,5.02,4.24,1.66,5.19,4.09,1.68,1.66,2.15,1.74,2.19
2022-10-28,D1,2223,Werder Bremen,Hertha,1,0,H,2.0,3.8,3.4,2.06,3.99,3.49,2.12,3.93,3.38,1.57,2.37,1.61,2.46
2022-10-28,T1,2223,Karagumruk,Galatasaray,0,2,A,4.33,3.5,1.75,4.21,3.89,1.87,4.44,4.07,1.79,1.66,2.15,1.61,2.47
2022-10-29,D1,2223,Bayern Munich,Mainz,6,2,H,1.25,6.5,11.0,1.27,6.7,10.23,1.22,7.5,13.0,1.33,3.4,1.33,3.47
2022-10-29,D1,2223,RB Leipzig,Leverkusen,2,0,H,1.8,4.0,4.1,1.83,4.12,4.27,1.7,4.23,5.01,1.53,2.5,1.6,2.52
2022-10-29,D1,2223,Stuttgart,Augsburg,2,1,H,1.8,3.8,4.33,1.81,3.98,4.51,1.57,4.49,6.0,1.72,2.1,1.6,2.49
2022-10-29,D1,2223,Wolfsburg,Bochum,4,0,H,1.65,4.2,4.75,1.72,4.24,4.85,1.8,3.96,4.66,1.72,2.1,1.85,2.07
2022-10-29,D1,2223,Ein Frankfurt,Dortmund,1,2,A,2.75,3.75,2.4,2.88,3.7,2.47,2.61,3.8,2.66,1.61,2.3,1.61,2.44
2022-10-29,E0,2223,Leicester,Man City,0,1,A,10.0,6.5,1.25,9.62,5.93,1.32,7.75,5.2,1.42,1.44,2.75,1.64,2.39
2022-10-29,E0,2223,Bournemouth,Tottenham,2,3,A,5.0,3.8,1.7,5.41,3.85,1.72,5.18,3.79,1.75,1.96,1.94,2.05,1.86
2022-10-29,E0,2223,Brentford,Wolves,1,1,D,2.2,3.4,3.3,2.24,3.5,3.44,2.2,3.55,3.49,2.01,1.89,1.96,1.94
2022-10-29,E0,2223,Brighton,Chelsea,4,1,H,3.0,3.3,2.4,3.17,3.43,2.41,3.17,3.37,2.44,2.1,1.72,2.06,1.85
2022-10-29,E0,2223,Crystal Palace,Southampton,1,0,H,1.9,3.6,4.0,1.96,3.62,4.22,2.08,3.47,3.94,2.06,1.84,2.16,1.77
2022-10-29,E0,2223,Newcastle,Aston Villa,4,0,H,1.8,3.75,4.5,1.83,3.82,4.6,1.78,3.89,4.92,1.94,1.96,1.92,1.98
2022-10-29,E0,2223,Fulham,Everton,0,0,D,2.37,3.4,3.0,2.39,3.46,3.18,2.33,3.49,3.27,1.87,2.03,1.92,1.99
2022-10-29,E0,2223,Liverpool,Leeds,1,2,A,1.3,6.0,9.0,1.32,5.98,9.43,1.23,7.5,12.0,1.36,3.2,1.36,3.32
2022-10-29,T1,2223,Konyaspor,Kasimpasa,1,1,D,1.66,3.8,4.5,1.72,3.96,5.08,1.72,4.01,5.03,1.75,2.05,1.77,2.13
2022-10-29,T1,2223,Alanyaspor,Gaziantep,2,0,H,1.9,3.75,3.5,1.96,4.02,3.69,1.93,3.96,3.85,1.66,2.15,1.62,2.41
2022-10-30,D1,2223,Union Berlin,M'gladbach,2,1,H,2.05,3.4,3.8,2.06,3.53,3.95,1.97,3.58,4.22,1.9,2.0,1.94,1.96
2022-10-30,D1,2223,Schalke 04,Freiburg,0,2,A,4.0,3.75,1.9,4.13,3.75,1.94,4.33,3.76,1.9,1.72,2.1,1.86,2.05
2022-10-30,D1,2223,FC Koln,Hoffenheim,1,1,D,2.9,3.5,2.37,3.06,3.66,2.37,3.38,3.66,2.21,1.57,2.37,1.63,2.42
2022-10-30,E0,2223,Arsenal,Nott'm Forest,5,0,H,1.2,7.0,12.0,1.2,7.4,16.85,1.22,7.25,13.5,1.5,2.62,1.55,2.56
2022-10-30,E0,2223,Man United,West Ham,1,0,H,1.66,4.0,4.8,1.71,4.05,5.14,1.73,3.97,5.12,1.86,2.04,1.91,2.0
2022-10-30,T1,2223,Ankaragucu,Hatayspor,4,1,H,1.95,3.5,3.5,2.06,3.61,3.76,2.02,3.63,3.88,1.83,2.02,1.87,2.02
2022-10-30,T1,2223,Besiktas,Umraniyespor,5,2,H,1.33,5.0,7.5,1.35,5.62,8.79,1.34,5.73,9.09,1.53,2.4,1.5,2.69
2022-10-30,T1,2223,Kayserispor,Ad. Demirspor,2,2,D,2.7,3.6,2.3,3.06,3.5,2.41,2.84,3.82,2.42,1.72,2.07,1.63,2.39
2022-10-30,T1,2223,Istanbulspor,Fenerbahce,2,5,A,5.75,4.33,1.45,6.91,4.56,1.5,6.76,4.75,1.49,1.65,2.2,1.59,2.47
2022-10-31,T1,2223,Buyuksehyr,Giresunspor,3,1,H,1.5,4.0,6.5,1.51,4.13,7.39,1.76,3.54,5.59,2.02,1.83,2.39,1.63
2022-10-31,T1,2223,Sivasspor,Antalyaspor,0,2,A,2.2,3.3,3.0,2.32,3.26,3.38,2.26,3.22,3.64,2.05,1.75,2.27,1.68
2022-11-04,D1,2223,M'gladbach,Stuttgart,3,1,H,2.15,3.75,3.1,2.26,3.81,3.16,2.33,3.86,2.99,1.57,2.37,1.59,2.5
2022-11-04,T1,2223,Kasimpasa,Ankaragucu,1,1,D,2.25,3.5,3.0,2.57,3.54,2.82,2.63,3.35,2.87,1.75,2.05,1.94,1.94
2022-11-04,T1,2223,Umraniyespor,Alanyaspor,3,1,H,2.55,3.4,2.62,2.62,3.7,2.66,2.56,3.62,2.77,1.66,2.15,1.74,2.18
2022-11-05,D1,2223,Augsburg,Ein Frankfurt,1,2,A,4.33,4.0,1.72,4.52,4.16,1.78,4.49,4.12,1.79,1.57,2.37,1.61,2.41
2022-11-05,D1,2223,Dortmund,Bochum,3,0,H,1.22,7.0,11.0,1.25,6.51,12.47,1.27,6.35,12.0,1.4,3.0,1.46,2.83
2022-11-05,D1,2223,Hertha,Bayern Munich,2,3,A,10.0,6.5,1.25,11.21,6.52,1.27,11.0,6.75,1.26,1.3,3.5,1.33,3.24
2022-11-05,D1,2223,Hoffenheim,RB Leipzig,1,3,A,2.9,3.75,2.25,3.06,3.75,2.33,2.71,3.67,2.48,1.66,2.2,1.66,2.35
2022-11-05,D1,2223,Mainz,Wolfsburg,0,3,A,2.0,3.75,3.5,2.07,3.68,3.72,2.05,3.63,3.86,1.87,2.03,1.92,1.99
2022-11-05,D1,2223,Werder Bremen,Schalke 04,2,1,H,1.65,4.33,4.5,1.66,4.42,5.11,1.58,4.62,5.65,1.61,2.3,1.56,2.57
2022-11-05,E0,2223,Leeds,Bournemouth,4,3,H,1.72,3.8,4.75,1.74,3.99,5.08,1.65,4.22,5.52,1.8,2.0,1.74,2.2
2022-11-05,E0,2223,Man City,Fulham,2,1,H,1.11,9.5,19.0,1.13,10.33,22.62,1.18,8.5,16.0,1.28,3.75,1.38,3.16
2022-11-05,E0,2223,Nott'm Forest,Brentford,2,2,D,2.75,3.3,2.6,2.83,3.43,2.66,2.7,3.24,2.92,2.03,1.87,2.27,1.7
2022-11-05,E0,2223,Wolves,Brighton,2,3,A,3.3,3.3,2.25,3.49,3.33,2.3,3.64,3.33,2.24,2.1,1.72,2.24,1.71
2022-11-05,E0,2223,Everton,Leicester,0,2,A,2.4,3.3,3.0,2.48,3.36,3.12,2.56,3.4,2.96,2.0,1.8,2.04,1.87
2022-11-05,T1,2223,Giresunspor,Istanbulspor,3,2,H,1.85,3.4,4.2,1.91,3.68,4.27,2.08,3.62,3.67,2.0,1.85,1.93,1.95
2022-11-05,T1,2223,Galatasaray,Besiktas,2,1,H,2.05,3.5,3.5,2.14,3.74,3.39,1.95,3.76,3.98,1.72,2.07,1.76,2.15
2022-11-06,D1,2223,Leverkusen,Union Berlin,5,0,H,2.15,3.4,3.4,2.2,3.48,3.57,2.27,3.23,3.67,2.0,1.9,2.3,1.68
2022-11-06,D1,2223,Freiburg,FC Koln,2,0,H,1.7,4.0,4.75,1.72,4.06,5.1,1.65,4.18,5.52,1.72,2.1,1.75,2.19
2022-11-06,E0,2223,Chelsea,Arsenal,0,1,A,2.55,3.4,2.7,2.72,3.5,2.71,2.71,3.48,2.69,1.93,1.97,1.95,1.95
2022-11-06,E0,2223,Aston Villa,Man United,3,1,H,3.3,3.8,2.1,3.38,3.63,2.22,3.18,3.57,2.34,1.94,1.96,1.94,1.96
2022-11-06,E0,2223,Southampton,Newcastle,1,4,A,4.0,3.6,1.9,4.22,3.71,1.93,4.49,3.8,1.85,1.95,1.95,1.95,1.95
2022-11-06,E0,2223,West Ham,Crystal Palace,1,2,A,1.9,3.4,4.2,1.95,3.56,4.34,1.89,3.59,4.6,2.1,1.72,2.14,1.78
2022-11-06,E0,2223,Tottenham,Liverpool,1,2,A,3.3,3.6,2.1,3.33,3.76,2.19,3.59,3.89,2.05,1.66,2.2,1.7,2.27
2022-11-06,T1,2223,Gaziantep,Kayserispor,1,2,A,2.2,3.4,3.2,2.35,3.4,3.25,2.4,3.38,3.17,1.8,2.0,1.9,1.99
2022-11-06,T1,2223,Antalyaspor,Karagumruk,4,2,H,1.9,3.5,4.0,1.98,3.7,3.84,1.93,3.77,4.06,1.83,2.02,1.85,2.05
2022-11-06,T1,2223,Trabzonspor,Konyaspor,2,2,D,1.85,3.4,4.2,1.89,3.64,4.43,1.92,3.5,4.5,2.02,1.83,2.06,1.84
2022-11-07,T1,2223,Fenerbahce,Sivasspor,1,0,H,1.36,5.0,8.0,1.34,5.4,9.33,1.34,5.53,9.3,1.57,2.35,1.57,2.52
2022-11-07,T1,2223,Hatayspor,Buyuksehyr,3,3,D,4.5,3.3,1.85,4.51,3.68,1.85,4.6,3.59,1.88,2.02,1.83,2.19,1.74
2022-11-08,D1,2223,Wolfsburg,Dortmund,2,0,H,3.1,3.6,2.2,3.17,3.64,2.32,3.0,3.77,2.36,1.72,2.1,1.68,2.32
2022-11-08,D1,2223,Bayern Munich,Werder Bremen,6,1,H,1.14,9.5,15.0,1.16,8.84,17.46,1.18,8.75,14.5,1.22,4.33,,
2022-11-08,D1,2223,Bochum,M'gladbach,2,1,H,3.2,3.5,2.25,3.28,3.64,2.26,2.74,3.7,2.61,1.72,2.1,1.71,2.24
2022-11-08,D1,2223,Stuttgart,Hertha,2,1,H,1.95,3.8,3.75,1.97,3.76,3.99,2.11,3.71,3.57,1.72,2.1,1.77,2.16
2022-11-09,D1,2223,FC Koln,Leverkusen,1,2,A,3.0,3.75,2.2,3.21,3.6,2.31,3.25,3.6,2.29,1.66,2.2,1.8,2.11
2022-11-09,D1,2223,Ein Frankfurt,Hoffenheim,4,2,H,1.9,3.8,3.75,1.96,3.84,3.95,1.68,4.33,5.03,1.57,2.37,1.58,2.52
2022-11-09,D1,2223,RB Leipzig,Freiburg,3,1,H,1.72,4.0,4.5,1.8,4.2,4.36,1.8,3.88,4.73,1.66,2.2,1.88,2.02
2022-11-09,D1,2223,Schalke 04,Mainz,1,0,H,3.4,3.75,2.05,3.52,3.77,2.11,3.71,3.72,2.07,1.72,2.1,1.85,2.07
2022-11-09,D1,2223,Union Berlin,Augsburg,2,2,D,1.55,4.2,6.0,1.57,4.21,6.65,1.75,3.69,5.47,1.87,2.03,2.11,1.8
2022-11-11,D1,2223,M'gladbach,Dortmund,4,2,H,3.2,4.0,2.15,3.33,3.9,2.15,3.47,4.01,2.06,1.57,2.37,1.49,2.75
2022-11-11,T1,2223,Alanyaspor,Ad. Demirspor,0,0,D,3.0,3.6,2.2,3.0,3.77,2.33,3.0,3.7,2.37,1.6,2.3,1.62,2.37
2022-11-11,T1,2223,Ankaragucu,Trabzonspor,1,1,D,2.9,3.4,2.3,3.16,3.42,2.39,3.12,3.35,2.45,2.0,1.85,2.17,1.75
2022-11-12,D1,2223,Augsburg,Bochum,0,1,A,2.2,3.5,3.2,2.23,3.62,3.36,2.51,3.44,3.02,1.72,2.1,1.93,1.98
2022-11-12,D1,2223,Hertha,FC Koln,2,0,H,2.2,3.6,3.1,2.3,3.68,3.17,2.63,3.46,2.84,1.72,2.1,1.93,1.97
2022-11-12,D1,2223,Hoffenheim,Wolfsburg,1,2,A,2.25,3.75,3.1,2.28,3.77,3.14,2.09,3.72,3.63,1.66,2.2,1.77,2.16
2022-11-12,D1,2223,Leverkusen,Stuttgart,2,0,H,1.72,4.2,4.33,1.73,4.21,4.78,1.87,3.85,4.37,1.57,2.37,1.81,2.11
2022-11-12,D1,2223,Werder Bremen,RB Leipzig,1,2,A,3.6,4.0,1.9,3.7,4.12,1.96,3.68,4.03,1.99,1.57,2.37,1.64,2.39
2022-11-12,D1,2223,Schalke 04,Bayern Munich,0,2,A,15.0,7.5,1.16,17.47,8.34,1.17,12.0,7.5,1.23,1.28,3.75,1.35,3.37
2022-11-12,E0,2223,Man City,Brentford,1,2,A,1.14,8.0,17.0,1.15,9.28,20.24,1.15,9.0,19.5,1.36,3.2,1.41,3.04
2022-11-12,E0,2223,Bournemouth,Everton,3,0,H,2.8,3.25,2.6,2.94,3.32,2.63,2.88,3.26,2.73,2.1,1.72,2.27,1.7
2022-11-12,E0,2223,Liverpool,Southampton,3,1,H,1.25,6.5,11.0,1.26,6.49,11.55,1.28,6.66,9.77,1.4,3.0,1.4,3.12
2022-11-12,E0,2223,Nott'm Forest,Crystal Palace,1,0,H,3.1,3.1,2.45,3.25,3.31,2.43,3.34,3.2,2.44,2.2,1.66,2.34,1.66
2022-11-12,E0,2223,Tottenham,Leeds,4,3,H,1.65,4.2,4.75,1.67,4.35,5.15,1.65,4.42,5.24,1.61,2.3,1.61,2.46
2022-11-12,E0,2223,West Ham,Leicester,0,2,A,2.05,3.4,3.75,2.14,3.56,3.64,1.99,3.68,4.03,1.99,1.91,1.93,1.98
2022-11-12,E0,2223,Newcastle,Chelsea,1,0,H,2.35,3.4,3.0,2.36,3.53,3.18,2.17,3.46,3.67,1.98,1.92,2.12,1.79
2022-11-12,E0,2223,Wolves,Arsenal,0,2,A,6.0,4.2,1.55,6.5,4.3,1.56,6.54,4.22,1.57,1.8,2.0,1.93,1.97
2022-11-12,T1,2223,Sivasspor,Umraniyespor,2,2,D,1.9,3.5,3.75,2.0,3.7,3.86,1.98,3.59,4.08,1.88,1.98,1.99,1.9
2022-11-12,T1,2223,Fenerbahce,Giresunspor,1,2,A,1.3,5.25,8.0,1.3,5.9,10.94,1.36,5.47,8.75,1.53,2.4,1.57,2.51
2022-11-12,T1,2223,Buyuksehyr,Galatasaray,0,7,A,2.7,3.3,2.45,2.84,3.47,2.59,3.4,3.28,2.33,1.9,1.95,2.06,1.84
2022-11-13,D1,2223,Mainz,Ein Frankfurt,1,1,D,2.75,3.5,2.45,2.84,3.76,2.47,2.73,3.61,2.64,1.72,2.1,1.8,2.11
2022-11-13,D1,2223,Freiburg,Union Berlin,4,1,H,2.0,3.3,4.0,2.06,3.32,4.25,2.14,3.16,4.21,2.2,1.66,2.68,1.52
2022-11-13,E0,2223,Brighton,Aston Villa,1,2,A,1.83,3.75,4.2,1.88,3.84,4.33,1.76,3.85,5.05,1.96,1.94,2.0,1.91
2022-11-13,E0,2223,Fulham,Man United,1,2,A,3.8,3.8,1.9,4.0,4.02,1.91,4.29,3.9,1.87,1.61,2.3,1.76,2.16
2022-11-13,T1,2223,Karagumruk,Gaziantep,3,3,D,2.0,3.4,3.4,2.09,3.5,3.78,2.21,3.56,3.39,1.7,2.1,1.75,2.17
2022-11-13,T1,2223,Istanbulspor,Hatayspor,0,1,A,2.3,3.25,3.0,2.34,3.55,3.14,2.3,3.58,3.19,1.8,2.0,1.79,2.1
2022-11-13,T1,2223,Kayserispor,Konyaspor,1,2,A,2.6,3.25,2.6,2.76,3.5,2.63,2.63,3.36,2.86,1.98,1.88,2.0,1.89
2022-12-23,T1,2223,Antalyaspor,Ankaragucu,0,2,A,2.1,3.5,3.4,2.18,3.38,3.66,2.2,3.42,3.55,2.05,1.75,2.08,1.81
2022-12-23,T1,2223,Umraniyespor,Buyuksehyr,1,3,A,3.3,3.3,2.15,3.47,3.41,2.24,4.02,3.56,2.0,2.08,1.73,2.05,1.85
2022-12-24,T1,2223,Hatayspor,Giresunspor,1,1,D,2.15,3.6,3.1,2.25,3.68,3.21,2.11,3.7,3.52,1.8,2.0,1.76,2.15
2022-12-24,T1,2223,Kasimpasa,Sivasspor,1,2,A,2.2,3.5,3.1,2.32,3.4,3.3,2.28,3.58,3.25,1.9,1.95,1.76,2.15
2022-12-24,T1,2223,Trabzonspor,Fenerbahce,2,0,H,2.75,3.5,2.45,2.83,3.52,2.56,2.97,3.37,2.54,1.8,2.0,1.96,1.93
2022-12-25,T1,2223,Ad. Demirspor,Karagumruk,2,1,H,1.67,3.8,4.75,1.75,3.91,4.91,1.65,4.5,4.9,1.67,2.15,1.4,3.1
2022-12-25,T1,2223,Gaziantep,Besiktas,1,1,D,3.75,4.0,1.83,4.01,4.15,1.85,4.44,4.09,1.78,1.62,2.25,1.63,2.37
2022-12-25,T1,2223,Konyaspor,Alanyaspor,2,2,D,1.8,3.8,4.0,1.83,3.67,4.77,1.81,3.95,4.45,1.73,2.08,1.65,2.34
2022-12-25,T1,2223,Galatasaray,Istanbulspor,2,1,H,1.25,6.0,9.0,1.27,6.35,10.68,1.23,7.11,12.2,1.44,2.7,1.28,3.85
2022-12-26,E0,2223,Brentford,Tottenham,2,2,D,4.0,3.6,1.91,4.0,3.89,1.93,3.36,3.68,2.2,1.8,2.0,1.8,2.12
2022-12-26,E0,2223,Crystal Palace,Fulham,0,3,A,2.05,3.6,3.5,2.09,3.66,3.68,2.29,3.55,3.3,2.02,1.88,1.99,1.92
2022-12-26,E0,2223,Everton,Wolves,1,2,A,2.3,3.25,3.2,2.41,3.26,3.34,2.57,3.25,3.07,2.2,1.67,2.29,1.68
2022-12-26,E0,2223,Leicester,Newcastle,0,3,A,3.25,3.5,2.2,3.36,3.64,2.22,3.47,3.51,2.23,1.86,2.04,2.0,1.91
2022-12-26,E0,2223,Southampton,Brighton,1,3,A,3.3,3.5,2.15,3.5,3.6,2.18,3.83,3.52,2.08,1.94,1.96,2.01,1.89
2022-12-26,E0,2223,Aston Villa,Liverpool,1,3,A,4.75,4.0,1.7,4.51,4.09,1.79,4.89,4.13,1.73,1.67,2.2,1.68,2.32
2022-12-26,E0,2223,Arsenal,West Ham,3,1,H,1.5,4.33,6.5,1.52,4.48,6.85,1.57,4.3,6.43,1.73,2.1,1.88,2.02
2022-12-27,E0,2223,Chelsea,Bournemouth,2,0,H,1.3,5.5,10.0,1.32,5.72,10.69,1.37,5.35,9.25,1.67,2.2,1.67,2.33
2022-12-27,E0,2223,Man United,Nott'm Forest,3,0,H,1.29,5.5,11.0,1.31,5.7,11.66,1.36,5.5,9.2,1.67,2.2,1.5,2.73
2022-12-27,T1,2223,Ankaragucu,Umraniyespor,1,2,A,1.91,3.6,3.8,1.92,3.74,4.17,1.89,3.75,4.27,1.9,1.95,1.89,2.0
2022-12-27,T1,2223,Buyuksehyr,Antalyaspor,2,0,H,1.85,3.5,4.0,1.94,3.58,4.23,1.92,3.59,4.38,2.02,1.83,2.03,1.86
2022-12-27,T1,2223,Fenerbahce,Hatayspor,4,0,H,1.29,5.5,8.0,1.32,5.93,9.22,1.34,5.63,9.16,1.53,2.4,1.53,2.62
2022-12-28,E0,2223,Leeds,Man City,1,3,A,9.5,6.0,1.29,9.78,6.09,1.31,10.34,6.03,1.3,1.44,2.75,1.4,2.99
2022-12-28,T1,2223,Alanyaspor,Kayserispor,3,1,H,2.05,3.6,3.1,2.11,3.82,3.42,2.03,3.98,3.49,1.7,2.1,1.55,2.5
2022-12-28,T1,2223,Istanbulspor,Kasimpasa,2,1,H,2.63,3.6,2.38,2.85,3.74,2.44,3.52,3.92,2.04,1.65,2.2,1.59,2.47
2022-12-28,T1,2223,Karagumruk,Trabzonspor,4,1,H,3.4,3.6,1.91,3.76,3.7,2.03,4.63,3.97,1.78,1.75,2.05,1.74,2.18
2022-12-29,T1,2223,Giresunspor,Gaziantep,2,1,H,2.2,3.4,3.1,2.3,3.53,3.23,2.27,3.57,3.24,1.85,2.0,1.82,2.06
2022-12-29,T1,2223,Sivasspor,Galatasaray,1,2,A,4.75,3.75,1.7,4.68,3.94,1.78,5.0,4.12,1.7,1.73,2.08,1.73,2.19
2022-12-29,T1,2223,Besiktas,Ad. Demirspor,1,0,H,1.73,3.8,4.0,1.79,4.33,4.13,1.78,4.22,4.33,1.57,2.35,1.42,3.0
2022-12-30,E0,2223,West Ham,Brentford,0,2,A,2.0,3.6,3.6,2.08,3.66,3.73,2.15,3.65,3.53,1.98,1.95,1.87,2.04
2022-12-30,E0,2223,Liverpool,Leicester,2,1,H,1.29,6.0,9.5,1.31,6.08,9.55,1.26,6.43,12.34,1.44,2.75,1.43,2.94
2022-12-31,E0,2223,Wolves,Man United,0,1,A,4.0,3.6,1.91,4.16,3.71,1.94,4.12,3.69,1.96,2.03,1.9,1.9,2.01
2022-12-31,E0,2223,Bournemouth,Crystal Palace,0,2,A,2.8,3.3,2.5,2.97,3.32,2.6,3.01,3.22,2.65,2.1,1.73,2.31,1.68
2022-12-31,E0,2223,Fulham,Southampton,2,1,H,1.95,3.6,3.75,2.04,3.59,3.95,1.84,3.9,4.47,1.73,2.1,1.79,2.12
2022-12-31,E0,2223,Man City,Everton,1,1,D,1.13,9.0,19.0,1.16,7.97,23.85,1.15,9.75,20.0,1.36,3.2,1.36,3.28
2022-12-31,E0,2223,Newcastle,Leeds,0,0,D,1.45,4.5,7.0,1.49,4.8,6.8,1.46,4.87,6.94,1.62,2.3,1.68,2.3
2022-12-31,E0,2223,Brighton,Arsenal,2,4,A,3.4,3.5,2.1,3.6,3.62,2.13,4.47,3.77,1.87,1.89,2.04,1.93,1.98
2023-01-01,E0,2223,Tottenham,Aston Villa,0,2,A,1.67,4.0,5.0,1.7,4.21,5.01,1.68,4.26,5.1,1.8,2.0,1.61,2.44
2023-01-01,E0,2223,Nott'm Forest,Chelsea,1,1,D,5.0,3.8,1.7,5.43,3.98,1.7,5.8,4.2,1.63,2.02,1.91,1.91,2.0
2023-01-02,E0,2223,Brentford,Liverpool,3,1,H,5.5,4.33,1.55,5.76,4.56,1.58,6.24,4.65,1.54,1.57,2.38,1.64,2.39
2023-01-03,E0,2223,Arsenal,Newcastle,0,0,D,1.8,3.8,4.33,1.83,3.95,4.45,1.78,3.91,4.88,1.8,2.0,1.91,1.99
2023-01-03,E0,2223,Everton,Brighton,1,4,A,3.5,3.5,2.1,3.67,3.51,2.15,3.23,3.39,2.43,2.02,1.88,2.23,1.78
2023-01-03,E0,2223,Leicester,Fulham,0,1,A,2.2,3.6,3.1,2.26,3.73,3.2,2.36,3.67,3.06,1.73,2.1,1.69,2.28
2023-01-03,E0,2223,Man United,Bournemouth,3,0,H,1.29,5.5,11.0,1.29,6.02,10.83,1.29,6.05,11.5,1.53,2.5,1.57,2.51
2023-01-03,T1,2223,Umraniyespor,Hatayspor,2,2,D,2.2,3.3,3.1,2.28,3.54,3.26,2.07,3.66,3.68,1.83,2.02,1.76,2.15
2023-01-03,T1,2223,Antalyaspor,Fenerbahce,1,2,A,4.2,3.75,1.75,4.49,3.96,1.8,4.31,3.67,1.91,1.7,2.1,1.94,1.94
2023-01-04,E0,2223,Southampton,Nott'm Forest,0,1,A,2.0,3.5,3.8,2.1,3.52,3.82,2.43,3.37,3.19,2.06,1.84,2.19,1.75
2023-01-04,E0,2223,Leeds,West Ham,2,2,D,2.6,3.5,2.6,2.65,3.59,2.73,2.93,3.45,2.56,1.8,2.0,1.95,1.95
2023-01-04,E0,2223,Aston Villa,Wolves,1,1,D,1.95,3.6,4.0,1.99,3.76,3.93,1.95,3.58,4.32,2.08,1.82,2.19,1.75
2023-01-04,E0,2223,Crystal Palace,Tottenham,0,4,A,3.4,3.5,2.15,3.39,3.58,2.23,3.32,3.47,2.31,1.92,1.98,2.01,1.9
2023-01-04,T1,2223,Kasimpasa,Alanyaspor,4,1,H,2.25,3.3,2.9,2.33,3.73,3.02,2.57,3.79,2.67,1.62,2.25,1.56,2.53
2023-01-04,T1,2223,Kayserispor,Karagumruk,2,4,A,1.91,3.5,3.6,1.97,4.14,3.57,2.07,3.82,3.5,1.62,2.25,1.63,2.4
2023-01-04,T1,2223,Galatasaray,Ankaragucu,2,1,H,1.44,4.2,6.5,1.43,4.98,7.62,1.47,4.88,6.84,1.57,2.35,1.5,2.71
2023-01-04,T1,2223,Konyaspor,Sivasspor,2,2,D,1.85,3.4,4.0,1.96,3.72,3.98,2.03,3.41,4.12,2.0,1.85,2.11,1.79
2023-01-05,E0,2223,Chelsea,Man City,0,1,A,5.0,4.0,1.67,5.6,4.19,1.65,5.44,4.19,1.67,1.8,2.0,1.81,2.1
2023-01-05,T1,2223,Gaziantep,Buyuksehyr,1,1,D,3.25,3.3,2.1,3.41,3.59,2.17,3.16,3.28,2.46,1.95,1.9,2.2,1.72
2023-01-05,T1,2223,Ad. Demirspor,Istanbulspor,6,0,H,1.4,4.33,6.5,1.47,4.96,6.51,1.48,4.91,6.56,1.53,2.4,1.48,2.76
2023-01-05,T1,2223,Trabzonspor,Giresunspor,3,0,H,1.45,4.2,6.5,1.51,4.56,6.43,1.62,4.02,6.12,1.75,2.05,1.9,1.99
2023-01-07,T1,2223,Hatayspor,Antalyaspor,0,0,D,2.7,3.4,2.5,2.87,3.56,2.51,3.15,3.29,2.47,1.93,1.93,2.02,1.87
2023-01-07,T1,2223,Besiktas,Kasimpasa,2,1,H,1.57,4.2,5.25,1.63,4.55,5.05,1.81,4.06,4.24,1.44,2.7,1.51,2.67
2023-01-08,T1,2223,Karagumruk,Konyaspor,3,3,D,2.7,3.4,2.5,2.73,3.71,2.56,2.49,3.68,2.82,1.7,2.1,1.65,2.35
2023-01-08,T1,2223,Ankaragucu,Kayserispor,2,1,H,2.25,3.5,3.0,2.18,3.57,3.46,1.93,3.58,4.3,1.8,2.0,1.94,1.94
2023-01-08,T1,2223,Giresunspor,Umraniyespor,0,1,A,2.1,3.5,3.3,2.24,3.57,3.32,2.07,3.64,3.7,1.9,1.95,1.79,2.1
2023-01-08,T1,2223,Fenerbahce,Galatasaray,0,3,A,2.05,3.5,3.4,2.14,3.7,3.43,2.25,3.35,3.5,1.67,2.15,1.92,1.97
2023-01-09,T1,2223,Buyuksehyr,Ad. Demirspor,2,1,H,2.0,3.5,3.6,2.04,3.78,3.57,2.18,3.41,3.63,1.8,2.0,1.9,1.99
2023-01-09,T1,2223,Alanyaspor,Trabzonspor,5,0,H,3.0,3.5,2.2,3.14,3.78,2.22,3.29,3.49,2.29,1.7,2.1,1.85,2.05
2023-01-09,T1,2223,Istanbulspor,Gaziantep,1,1,D,2.63,3.5,2.5,2.75,3.64,2.53,2.87,3.52,2.54,1.73,2.08,1.8,2.09
2023-01-12,E0,2223,Fulham,Chelsea,2,1,H,3.3,3.5,2.15,3.43,3.6,2.21,4.07,3.48,2.04,1.87,2.03,2.3,1.68
2023-01-13,E0,2223,Aston Villa,Leeds,2,1,H,1.91,3.6,4.0,1.96,3.7,4.11,2.05,3.66,3.89,1.8,2.0,1.81,2.1
2023-01-13,T1,2223,Kayserispor,Sivasspor,4,1,H,2.25,3.4,3.1,2.3,3.63,3.15,2.3,3.36,3.4,1.88,1.98,2.1,1.8
2023-01-13,T1,2223,Galatasaray,Hatayspor,4,0,H,1.3,5.75,8.5,1.34,5.89,8.77,1.27,6.35,10.75,1.44,2.7,1.43,2.92
2023-01-14,E0,2223,Man United,Man City,2,1,H,4.2,3.6,1.85,4.26,3.98,1.86,4.18,4.02,1.91,1.73,2.1,1.71,2.25
2023-01-14,E0,2223,Brighton,Liverpool,3,0,H,3.4,3.6,2.1,3.39,3.74,2.17,2.9,3.81,2.41,1.57,2.38,1.61,2.44
2023-01-14,E0,2223,Everton,Southampton,1,2,A,2.25,3.25,3.3,2.28,3.48,3.36,2.42,3.26,3.31,2.1,1.73,2.33,1.67
2023-01-14,E0,2223,Nott'm Forest,Leicester,2,0,H,2.7,3.3,2.63,2.74,3.46,2.72,2.8,3.2,2.84,2.03,1.87,2.32,1.67
2023-01-14,E0,2223,Wolves,West Ham,1,0,H,2.63,3.3,2.7,2.75,3.29,2.82,2.54,3.17,3.19,2.2,1.67,2.3,1.68
2023-01-14,E0,2223,Brentford,Bournemouth,2,0,H,1.65,4.0,5.25,1.69,4.14,5.23,1.61,4.15,6.25,1.8,2.0,1.94,1.96
2023-01-14,T1,2223,Antalyaspor,Giresunspor,2,2,D,1.91,3.5,4.0,1.95,3.59,4.07,2.07,3.37,4.01,2.0,1.85,2.04,1.85
2023-01-14,T1,2223,Ad. Demirspor,Ankaragucu,3,1,H,1.8,3.8,4.2,1.85,3.87,4.36,2.18,3.68,3.35,1.67,2.15,1.67,2.3
2023-01-14,T1,2223,Konyaspor,Besiktas,1,2,A,2.8,3.4,2.45,2.82,3.66,2.5,2.74,3.56,2.62,1.75,2.05,1.86,2.03
2023-01-14,T1,2223,Trabzonspor,Buyuksehyr,1,0,H,2.1,3.4,3.4,2.09,3.67,3.6,2.01,3.27,4.44,1.93,1.93,2.42,1.61
2023-01-15,E0,2223,Chelsea,Crystal Palace,1,0,H,1.62,4.0,5.25,1.68,3.96,5.64,1.88,3.5,4.8,2.02,1.88,2.28,1.69
2023-01-15,E0,2223,Newcastle,Fulham,1,0,H,1.5,4.33,6.5,1.53,4.55,6.52,1.47,4.74,7.33,1.73,2.1,1.7,2.27
2023-01-15,E0,2223,Tottenham,Arsenal,0,2,A,3.1,3.6,2.2,3.34,3.71,2.21,3.4,3.59,2.22,1.8,2.0,1.95,1.95
2023-01-15,T1,2223,Umraniyespor,Istanbulspor,0,2,A,1.91,3.6,3.8,1.96,3.9,3.81,2.14,3.68,3.46,1.67,2.15,1.75,2.17
2023-01-15,T1,2223,Kasimpasa,Karagumruk,2,2,D,2.2,3.5,3.1,2.2,3.79,3.24,2.25,3.77,3.13,1.53,2.4,1.53,2.61
2023-01-15,T1,2223,Gaziantep,Fenerbahce,1,2,A,5.0,4.0,1.65,5.03,4.2,1.68,4.59,3.91,1.76,1.67,2.15,1.7,2.25
2023-01-18,E0,2223,Crystal Palace,Man United,1,1,D,4.5,3.6,1.8,4.62,3.87,1.82,5.4,3.98,1.7,1.97,1.93,1.94,1.96
2023-01-19,E0,2223,Man City,Tottenham,4,2,H,1.36,5.0,8.5,1.39,5.58,7.8,1.51,4.75,6.55,1.53,2.5,1.56,2.56
2023-01-20,D1,2223,RB Leipzig,Bayern Munich,1,1,D,3.6,4.33,1.85,3.93,4.24,1.88,3.79,4.29,1.9,1.5,2.63,1.48,2.79
2023-01-20,T1,2223,Ad. Demirspor,Giresunspor,1,1,D,1.75,4.0,4.0,1.8,4.25,4.18,1.83,4.01,4.3,1.5,2.5,1.56,2.56
2023-01-21,D1,2223,Bochum,Hertha,3,1,H,2.38,3.5,2.9,2.44,3.61,2.98,2.38,3.41,3.23,1.86,2.04,2.05,1.86
2023-01-21,D1,2223,Ein Frankfurt,Schalke 04,3,0,H,1.36,5.0,8.5,1.4,5.34,8.09,1.37,5.43,8.95,1.53,2.5,1.59,2.5
2023-01-21,D1,2223,Stuttgart,Mainz,1,1,D,2.4,3.5,2.88,2.44,3.54,3.03,2.34,3.5,3.24,1.86,2.04,1.96,1.94
2023-01-21,D1,2223,Union Berlin,Hoffenheim,3,1,H,2.25,3.4,3.2,2.29,3.45,3.38,2.29,3.23,3.62,1.97,1.93,2.3,1.68
2023-01-21,D1,2223,Wolfsburg,Freiburg,6,0,H,2.55,3.4,2.75,2.58,3.49,2.87,2.31,3.41,3.37,1.96,1.94,2.02,1.89
2023-01-21,D1,2223,FC Koln,Werder Bremen,7,1,H,2.25,3.8,2.9,2.25,3.89,3.11,2.01,3.81,3.78,1.62,2.3,1.83,2.07
2023-01-21,E0,2223,Liverpool,Chelsea,0,0,D,1.85,3.75,4.0,1.89,3.88,4.2,2.07,3.57,3.84,1.73,2.1,1.89,2.01
2023-01-21,E0,2223,Bournemouth,Nott'm Forest,1,1,D,2.75,3.1,2.75,2.86,3.15,2.82,2.93,3.22,2.71,2.3,1.62,2.28,1.69
2023-01-21,E0,2223,Leicester,Brighton,2,2,D,3.6,3.5,2.05,3.61,3.71,2.1,4.35,4.06,1.83,1.86,2.04,1.74,2.21
2023-01-21,E0,2223,Southampton,Aston Villa,0,1,A,2.88,3.25,2.55,2.96,3.4,2.57,2.66,3.26,2.95,2.1,1.73,2.3,1.68
2023-01-21,E0,2223,West Ham,Everton,2,0,H,1.8,3.75,4.75,1.82,3.65,5.0,1.88,3.55,4.75,2.1,1.73,2.14,1.78
2023-01-21,E0,2223,Crystal Palace,Newcastle,0,0,D,4.4,3.5,1.85,4.52,3.57,1.92,4.66,3.64,1.87,2.1,1.73,2.09,1.81
2023-01-21,T1,2223,Kasimpasa,Buyuksehyr,1,3,A,3.1,3.2,2.3,3.1,3.46,2.41,3.33,3.43,2.29,2.05,1.75,2.0,1.89
2023-01-21,T1,2223,Galatasaray,Antalyaspor,2,1,H,1.33,4.75,7.5,1.37,5.31,8.73,1.33,5.7,10.0,1.62,2.25,1.57,2.51
2023-01-22,D1,2223,Dortmund,Augsburg,4,3,H,1.3,6.0,8.0,1.35,5.88,8.74,1.29,6.1,10.5,1.36,3.2,1.42,2.98
2023-01-22,D1,2223,M'gladbach,Leverkusen,2,3,A,2.63,3.8,2.45,2.76,4.05,2.42,2.85,3.66,2.51,1.57,2.38,1.85,2.06
2023-01-22,E0,2223,Leeds,Brentford,0,0,D,2.38,3.6,2.88,2.39,3.72,2.99,2.37,3.61,3.09,1.67,2.2,1.81,2.08
2023-01-22,E0,2223,Man City,Wolves,3,0,H,1.2,8.0,11.0,1.2,7.65,14.95,1.27,6.25,12.25,1.5,2.63,1.54,2.59
2023-01-22,E0,2223,Arsenal,Man United,3,2,H,1.8,3.8,4.2,1.88,3.92,4.19,1.86,3.9,4.34,1.73,2.1,1.72,2.22
2023-01-22,T1,2223,Gaziantep,Sivasspor,1,2,A,2.63,3.4,2.55,2.77,3.36,2.72,2.44,3.36,3.15,1.98,1.88,2.04,1.85
2023-01-22,T1,2223,Alanyaspor,Karagumruk,2,2,D,1.91,4.0,3.5,1.88,4.15,3.88,1.85,4.15,4.0,1.5,2.5,1.44,2.9
2023-01-22,T1,2223,Kayserispor,Besiktas,0,2,A,3.3,3.5,2.05,3.43,3.98,2.06,3.5,3.59,2.15,1.67,2.15,1.79,2.11
2023-01-22,T1,2223,Trabzonspor,Istanbulspor,4,0,H,1.33,4.75,9.0,1.35,5.4,9.25,1.36,5.28,9.26,1.62,2.25,1.65,2.33
2023-01-23,E0,2223,Fulham,Tottenham,0,1,A,3.3,3.6,2.1,3.33,3.88,2.15,3.33,3.86,2.16,1.73,2.1,1.69,2.29
2023-01-23,T1,2223,Konyaspor,Ankaragucu,0,1,A,1.91,3.5,4.0,2.04,3.53,3.82,2.25,3.41,3.44,1.88,1.98,1.88,2.01
2023-01-23,T1,2223,Umraniyespor,Fenerbahce,1,2,A,6.0,4.5,1.5,5.93,4.53,1.54,7.06,4.73,1.46,1.53,2.4,1.56,2.56
2023-01-24,D1,2223,Schalke 04,RB Leipzig,1,6,A,5.75,4.33,1.53,5.91,4.41,1.59,6.24,4.42,1.56,1.67,2.2,1.72,2.24
2023-01-24,D1,2223,Bayern Munich,FC Koln,1,1,D,1.2,7.5,12.0,1.23,7.6,12.0,1.24,7.75,11.0,1.29,3.75,,
2023-01-24,D1,2223,Hertha,Wolfsburg,0,5,A,3.0,3.4,2.3,3.12,3.53,2.39,3.12,3.41,2.45,1.94,1.96,1.99,1.92
2023-01-24,D1,2223,Hoffenheim,Stuttgart,2,2,D,2.1,3.5,3.4,2.19,3.63,3.44,2.14,3.73,3.48,1.73,2.1,1.68,2.3
2023-01-25,D1,2223,Mainz,Dortmund,1,2,A,2.9,3.6,2.3,3.0,3.72,2.38,3.27,3.76,2.22,1.67,2.2,1.64,2.39
2023-01-25,D1,2223,Augsburg,M'gladbach,1,0,H,3.0,3.6,2.25,3.14,3.65,2.33,3.23,3.75,2.24,1.62,2.3,1.63,2.42
2023-01-25,D1,2223,Freiburg,Ein Frankfurt,1,1,D,2.5,3.5,2.7,2.58,3.57,2.82,2.33,3.48,3.28,1.8,2.0,1.95,1.95
2023-01-25,D1,2223,Leverkusen,Bochum,2,0,H,1.4,5.25,6.5,1.45,4.98,7.28,1.49,4.89,6.75,1.62,2.3,1.63,2.4
2023-01-25,D1,2223,Werder Bremen,Union Berlin,1,2,A,2.8,3.2,2.63,2.94,3.33,2.62,3.05,3.21,2.62,2.1,1.73,2.25,1.71
2023-01-27,D1,2223,RB Leipzig,Stuttgart,2,1,H,1.33,5.0,9.0,1.38,5.27,9.19,1.36,5.27,10.04,1.53,2.5,1.61,2.46
2023-01-27,T1,2223,Besiktas,Alanyaspor,3,0,H,1.62,4.2,4.75,1.66,4.36,5.02,1.65,4.28,5.24,1.48,2.6,1.52,2.64
2023-01-28,D1,2223,Freiburg,Augsburg,3,1,H,1.5,4.5,6.25,1.52,4.65,6.55,1.68,4.07,5.47,1.67,2.2,1.85,2.04
2023-01-28,D1,2223,Hertha,Union Berlin,0,2,A,3.5,3.25,2.2,3.76,3.37,2.18,3.86,3.19,2.24,2.2,1.67,2.48,1.6
2023-01-28,D1,2223,Hoffenheim,M'gladbach,1,4,A,2.0,3.9,3.4,2.11,3.99,3.37,2.05,3.84,3.74,1.5,2.63,1.65,2.36
2023-01-28,D1,2223,Mainz,Bochum,5,2,H,1.7,4.0,4.75,1.74,4.06,4.96,1.84,3.81,4.58,1.8,2.0,1.94,1.96
2023-01-28,D1,2223,Werder Bremen,Wolfsburg,2,1,H,3.2,3.6,2.15,3.41,3.75,2.16,3.62,3.72,2.09,1.73,2.1,1.74,2.21
2023-01-28,D1,2223,Bayern Munich,Ein Frankfurt,1,1,D,1.33,6.0,7.5,1.35,6.36,7.74,1.4,5.7,7.45,1.3,3.5,1.37,3.3
2023-01-28,T1,2223,Sivasspor,Ad. Demirspor,1,2,A,2.63,3.3,2.6,2.73,3.65,2.58,3.2,3.65,2.27,1.7,2.1,1.69,2.26
2023-01-28,T1,2223,Ankaragucu,Gaziantep,0,2,A,1.8,3.6,4.2,1.92,3.73,4.18,1.76,3.85,4.95,1.83,2.02,1.85,2.05
2023-01-28,T1,2223,Hatayspor,Trabzonspor,2,1,H,4.5,3.5,1.8,4.67,3.95,1.78,4.94,3.66,1.79,1.88,1.98,1.87,2.02
2023-01-28,T1,2223,Antalyaspor,Umraniyespor,3,2,H,1.83,3.6,4.2,1.88,3.93,4.11,1.87,3.66,4.51,1.73,2.08,1.92,1.97
2023-01-28,T1,2223,Giresunspor,Galatasaray,0,4,A,6.0,4.0,1.53,6.0,4.35,1.57,7.39,4.82,1.45,1.67,2.15,1.6,2.44
2023-01-29,D1,2223,Schalke 04,FC Koln,0,0,D,3.8,3.6,1.95,3.81,3.75,2.02,3.7,3.83,2.03,1.8,2.0,1.75,2.19
2023-01-29,D1,2223,Leverkusen,Dortmund,0,2,A,2.45,3.8,2.63,2.5,3.89,2.74,2.57,3.76,2.72,1.53,2.5,1.63,2.41
2023-01-29,T1,2223,Istanbulspor,Kayserispor,2,4,A,3.1,3.3,2.3,3.06,3.63,2.35,3.4,3.33,2.31,1.75,2.05,2.08,1.83
2023-01-29,T1,2223,Buyuksehyr,Konyaspor,2,0,H,1.85,3.4,4.0,1.97,3.56,4.14,1.98,3.28,4.58,1.98,1.88,2.28,1.68
2023-01-29,T1,2223,Fenerbahce,Kasimpasa,5,1,H,1.33,5.75,7.5,1.33,5.75,9.53,1.34,5.84,8.57,1.44,2.7,1.39,3.12
2023-01-31,T1,2223,Alanyaspor,Sivasspor,0,3,A,2.05,3.5,3.2,2.09,3.63,3.65,2.11,3.64,3.59,1.67,2.15,1.71,2.23
2023-01-31,T1,2223,Karagumruk,Besiktas,1,1,D,3.8,3.8,1.83,3.92,4.06,1.89,4.02,3.99,1.88,1.53,2.4,1.56,2.56
2023-02-01,T1,2223,Gaziantep,Hatayspor,4,1,H,2.0,3.5,3.6,2.09,3.5,3.79,2.25,3.55,3.32,1.85,2.0,1.75,2.16
2023-02-01,T1,2223,Kasimpasa,Giresunspor,5,1,H,1.95,3.6,3.6,2.04,3.88,3.55,2.19,3.72,3.31,1.67,2.15,1.67,2.31
2023-02-01,T1,2223,Galatasaray,Umraniyespor,3,2,H,1.2,7.5,11.0,1.22,7.31,12.81,1.26,6.6,11.09,1.4,2.88,1.36,3.25
2023-02-01,T1,2223,Trabzonspor,Antalyaspor,2,0,H,1.6,3.8,5.0,1.64,4.06,5.76,1.72,3.89,5.2,1.9,1.95,1.9,1.99
2023-02-02,T1,2223,Kayserispor,Buyuksehyr,1,0,H,2.9,3.25,2.38,3.1,3.32,2.47,3.37,3.15,2.42,2.05,1.75,2.45,1.6
2023-02-02,T1,2223,Konyaspor,Istanbulspor,0,1,A,1.45,4.2,6.5,1.52,4.64,6.42,1.57,4.28,6.27,1.7,2.1,1.71,2.23
2023-02-02,T1,2223,Ad. Demirspor,Fenerbahce,1,1,D,3.4,3.6,2.0,3.36,4.04,2.07,3.46,4.0,2.04,1.53,2.4,1.4,3.08
2023-02-03,D1,2223,Augsburg,Leverkusen,1,0,H,4.0,3.8,1.85,4.25,3.97,1.86,3.92,3.81,1.98,1.67,2.2,1.74,2.21
2023-02-03,E0,2223,Chelsea,Fulham,0,0,D,1.62,4.0,5.25,1.65,4.11,5.79,1.61,4.18,6.09,1.91,1.99,1.88,2.02
2023-02-04,D1,2223,Bochum,Hoffenheim,5,2,H,2.75,3.5,2.5,2.8,3.64,2.56,2.86,3.48,2.6,1.67,2.2,1.9,2.01
2023-02-04,D1,2223,Dortmund,Freiburg,5,1,H,1.67,4.0,5.0,1.71,4.18,4.99,1.72,4.1,5.02,1.67,2.2,1.66,2.35
2023-02-04,D1,2223,Ein Frankfurt,Hertha,3,0,H,1.45,4.5,6.5,1.51,4.63,6.77,1.54,4.34,6.23,1.62,2.3,1.76,2.2
2023-02-04,D1,2223,FC Koln,RB Leipzig,0,0,D,4.2,3.6,1.91,4.11,3.79,1.93,3.87,3.66,2.04,1.73,2.1,1.77,2.15
2023-02-04,D1,2223,Union Berlin,Mainz,2,1,H,1.95,3.5,4.0,1.99,3.42,4.36,1.95,3.4,4.58,2.2,1.67,2.37,1.65
2023-02-04,D1,2223,M'gladbach,Schalke 04,0,0,D,1.53,4.5,5.75,1.56,4.73,5.78,1.63,4.42,5.37,1.57,2.38,1.68,2.32
2023-02-04,E0,2223,Everton,Arsenal,1,0,H,8.5,4.5,1.4,8.93,4.84,1.41,8.0,4.28,1.5,1.87,2.03,2.06,1.85
2023-02-04,E0,2223,Aston Villa,Leicester,2,4,A,1.95,3.6,3.8,2.02,3.63,3.95,2.13,3.5,3.73,1.94,1.96,2.03,1.88
2023-02-04,E0,2223,Brentford,Southampton,3,0,H,1.85,3.6,4.2,1.92,3.68,4.36,1.82,3.7,4.89,2.04,1.86,2.1,1.81
2023-02-04,E0,2223,Brighton,Bournemouth,1,0,H,1.33,5.25,8.5,1.35,5.42,9.88,1.39,5.25,8.25,1.73,2.1,1.66,2.34
2023-02-04,E0,2223,Man United,Crystal Palace,2,1,H,1.4,4.75,8.0,1.41,4.91,8.97,1.39,5.11,9.13,1.88,2.02,1.79,2.13
2023-02-04,E0,2223,Wolves,Liverpool,3,0,H,4.0,3.8,1.85,4.14,3.93,1.89,3.98,3.79,1.97,1.8,2.0,1.83,2.07
2023-02-04,E0,2223,Newcastle,West Ham,1,1,D,1.6,3.8,6.0,1.63,3.97,6.3,1.67,3.93,5.81,2.0,1.8,1.97,1.93
2023-02-04,T1,2223,Ankaragucu,Karagumruk,0,2,A,2.15,3.4,3.2,2.16,3.79,3.32,2.27,3.48,3.34,1.65,2.2,1.71,2.22
2023-02-04,T1,2223,Sivasspor,Besiktas,1,0,H,3.4,3.4,2.05,3.56,3.66,2.11,3.2,3.37,2.39,1.8,2.0,1.92,1.97
2023-02-04,T1,2223,Antalyaspor,Gaziantep,1,0,H,1.91,3.5,3.8,1.96,3.84,3.87,1.88,3.78,4.33,1.83,2.02,1.85,2.04
2023-02-05,D1,2223,Stuttgart,Werder Bremen,0,2,A,2.0,3.6,3.6,2.09,3.77,3.57,1.83,3.88,4.53,1.67,2.2,1.75,2.19
2023-02-05,D1,2223,Wolfsburg,Bayern Munich,2,4,A,5.25,4.5,1.57,5.28,4.64,1.61,5.73,4.69,1.57,1.44,2.75,1.52,2.68
2023-02-05,E0,2223,Nott'm Forest,Leeds,1,0,H,2.63,3.3,2.7,2.69,3.46,2.76,2.85,3.46,2.62,1.94,1.96,1.94,1.96
2023-02-05,E0,2223,Tottenham,Man City,1,0,H,4.33,4.2,1.73,4.44,4.23,1.78,4.03,3.91,1.93,1.67,2.2,1.76,2.17
2023-02-05,T1,2223,Istanbulspor,Alanyaspor,2,1,H,3.2,3.5,2.1,3.24,3.88,2.16,3.52,3.59,2.15,1.62,2.25,1.71,2.22
2023-02-05,T1,2223,Hatayspor,Kasimpasa,1,0,H,2.3,3.5,2.7,2.39,3.77,2.9,2.66,3.74,2.6,1.65,2.2,1.63,2.37
2023-02-05,T1,2223,Galatasaray,Trabzonspor,2,1,H,1.62,3.75,4.75,1.7,4.23,4.86,1.68,4.07,5.2,1.7,2.1,1.73,2.19
2023-02-08,E0,2223,Man United,Leeds,2,2,D,1.45,5.0,6.0,1.48,4.98,6.69,1.56,4.49,6.11,1.57,2.38,1.72,2.22
2023-02-10,D1,2223,Schalke 04,Wolfsburg,0,0,D,3.6,3.8,1.95,3.92,3.78,1.99,3.62,3.67,2.11,1.87,2.03,1.91,2.0
2023-02-11,D1,2223,Bayern Munich,Bochum,3,0,H,1.11,10.0,17.0,1.15,9.98,16.58,1.14,9.75,21.0,1.25,4.0,,
2023-02-11,D1,2223,Freiburg,Stuttgart,2,1,H,1.8,3.8,4.33,1.88,3.74,4.45,2.15,3.46,3.72,1.96,1.94,2.07,1.85
2023-02-11,D1,2223,Hoffenheim,Leverkusen,1,3,A,2.88,3.6,2.38,2.98,3.75,2.38,2.71,3.64,2.64,1.67,2.2,1.74,2.21
2023-02-11,D1,2223,Mainz,Augsburg,3,1,H,1.8,4.0,4.2,1.87,3.9,4.3,1.84,4.01,4.34,1.8,2.0,1.75,2.18
2023-02-11,D1,2223,Werder Bremen,Dortmund,0,2,A,4.0,4.0,1.8,4.06,4.37,1.83,4.47,4.56,1.72,1.5,2.63,1.48,2.78
2023-02-11,D1,2223,RB Leipzig,Union Berlin,1,2,A,1.7,3.75,5.0,1.75,3.76,5.31,1.79,3.55,5.41,2.1,1.73,2.31,1.68
2023-02-11,E0,2223,West Ham,Chelsea,1,1,D,3.3,3.3,2.25,3.43,3.37,2.3,3.51,3.38,2.27,2.2,1.67,2.15,1.77
2023-02-11,E0,2223,Arsenal,Brentford,1,1,D,1.44,4.75,7.0,1.47,4.77,7.32,1.58,4.25,6.35,1.73,2.1,1.88,2.03
2023-02-11,E0,2223,Crystal Palace,Brighton,1,1,D,3.8,3.5,2.0,3.9,3.56,2.06,5.15,3.79,1.76,2.0,1.8,2.15,1.78
2023-02-11,E0,2223,Fulham,Nott'm Forest,2,0,H,1.91,3.5,4.33,1.94,3.57,4.37,1.97,3.52,4.33,2.1,1.73,2.1,1.81
2023-02-11,E0,2223,Leicester,Tottenham,4,1,H,3.4,3.6,2.1,3.46,3.7,2.16,3.57,3.76,2.1,1.73,2.1,1.74,2.2
2023-02-11,E0,2223,Southampton,Wolves,1,2,A,2.9,3.2,2.55,3.16,3.18,2.55,3.26,3.18,2.5,2.3,1.62,2.4,1.63
2023-02-11,E0,2223,Bournemouth,Newcastle,1,1,D,6.5,4.0,1.53,6.53,4.08,1.6,6.1,4.05,1.63,2.04,1.86,1.98,1.93
2023-02-12,D1,2223,Hertha,M'gladbach,4,1,H,2.88,3.5,2.4,2.9,3.68,2.47,2.86,3.61,2.53,1.73,2.1,1.93,1.98
2023-02-12,D1,2223,FC Koln,Ein Frankfurt,3,0,H,2.7,3.5,2.5,2.71,3.66,2.63,2.8,3.5,2.64,1.73,2.1,1.89,2.01
2023-02-12,E0,2223,Leeds,Man United,0,2,A,3.75,3.8,1.91,3.98,3.87,1.94,3.81,3.9,1.98,1.67,2.2,1.68,2.32
2023-02-12,E0,2223,Man City,Aston Villa,3,1,H,1.25,6.5,11.0,1.26,6.66,11.78,1.37,5.25,9.0,1.5,2.63,1.52,2.66
2023-02-13,E0,2223,Liverpool,Everton,2,0,H,1.5,4.33,6.5,1.55,4.48,6.39,1.62,4.3,5.75,1.73,2.1,1.79,2.13
2023-02-15,E0,2223,Arsenal,Man City,1,3,A,2.9,3.5,2.35,2.95,3.6,2.46,3.36,3.52,2.27,1.88,2.02,1.92,1.98
2023-02-17,D1,2223,Augsburg,Hoffenheim,1,0,H,2.7,3.5,2.6,2.73,3.65,2.62,2.7,3.68,2.63,1.73,2.1,1.72,2.23
2023-02-18,D1,2223,Bochum,Freiburg,0,2,A,3.1,3.5,2.25,3.15,3.56,2.36,2.87,3.51,2.58,1.93,1.97,1.98,1.93
2023-02-18,D1,2223,M'gladbach,Bayern Munich,3,2,H,7.0,5.75,1.36,7.11,5.81,1.4,6.75,5.25,1.44,1.33,3.4,1.43,2.97
2023-02-18,D1,2223,Stuttgart,FC Koln,3,0,H,2.45,3.4,2.88,2.48,3.53,2.97,2.34,3.45,3.28,1.94,1.96,2.03,1.88
2023-02-18,D1,2223,Wolfsburg,RB Leipzig,0,3,A,3.3,3.6,2.15,3.34,3.68,2.22,3.08,3.68,2.35,1.8,2.0,1.74,2.21
2023-02-18,D1,2223,Ein Frankfurt,Werder Bremen,2,0,H,1.62,4.2,5.25,1.63,4.46,5.31,1.59,4.55,5.68,1.57,2.38,1.59,2.5
2023-02-18,E0,2223,Aston Villa,Arsenal,2,4,A,4.5,3.6,1.5,4.54,3.8,1.85,4.24,3.63,1.95,2.02,1.88,1.98,1.93
2023-02-18,E0,2223,Brentford,Crystal Palace,1,1,D,1.83,3.5,4.5,1.85,3.62,4.84,1.83,3.62,4.96,2.1,1.73,2.22,1.73
2023-02-18,E0,2223,Brighton,Fulham,0,1,A,1.65,3.8,5.5,1.66,4.16,5.46,1.56,4.42,6.39,1.73,2.1,1.74,2.21
2023-02-18,E0,2223,Chelsea,Southampton,0,1,A,1.4,4.75,8.5,1.4,4.78,9.69,1.43,4.68,8.24,1.98,1.92,1.78,2.15
2023-02-18,E0,2223,Everton,Leeds,1,0,H,2.4,3.3,3.0,2.53,3.36,3.03,2.82,3.28,2.78,2.1,1.73,2.22,1.69
2023-02-18,E0,2223,Nott'm Forest,Man City,1,1,D,8.5,5.5,1.3,10.3,5.67,1.33,10.5,5.4,1.33,1.62,2.3,1.61,2.44
2023-02-18,E0,2223,Wolves,Bournemouth,0,1,A,1.67,3.6,6.0,1.69,3.86,5.78,1.83,3.62,4.98,2.1,1.73,2.03,1.88
2023-02-18,E0,2223,Newcastle,Liverpool,0,2,A,2.5,3.5,2.7,2.57,3.58,2.82,2.56,3.52,2.88,1.8,2.0,1.88,2.02
2023-02-19,D1,2223,Union Berlin,Schalke 04,0,0,D,1.6,3.8,6.0,1.61,3.97,6.65,1.7,3.57,6.41,2.0,1.8,2.38,1.65
2023-02-19,D1,2223,Dortmund,Hertha,4,1,H,1.33,5.5,8.5,1.36,5.89,8.41,1.49,4.76,6.75,1.5,2.63,1.53,2.64
2023-02-19,D1,2223,Leverkusen,Mainz,2,3,A,1.8,3.8,4.2,1.85,4.0,4.27,1.98,3.68,4.07,1.73,2.1,1.83,2.08
2023-02-19,E0,2223,Man United,Leicester,3,0,H,1.62,4.33,5.25,1.65,4.34,5.37,1.58,4.53,5.87,1.62,2.3,1.63,2.42
2023-02-19,E0,2223,Tottenham,West Ham,2,0,H,1.75,3.6,4.75,1.87,3.76,4.47,1.88,3.53,4.72,1.88,2.02,2.14,1.78
2023-02-24,D1,2223,Mainz,M'gladbach,4,0,H,2.15,3.6,3.2,2.19,3.68,3.4,2.2,3.73,3.35,1.73,2.1,1.76,2.16
2023-02-24,E0,2223,Fulham,Wolves,1,1,D,2.5,3.2,3.0,2.59,3.26,3.04,2.68,3.15,3.02,2.2,1.67,2.34,1.63
2023-02-25,D1,2223,FC Koln,Wolfsburg,0,2,A,2.3,3.5,3.0,2.4,3.6,3.06,2.45,3.34,3.17,1.88,2.02,2.1,1.81
2023-02-25,D1,2223,Hertha,Augsburg,2,0,H,2.1,3.6,3.25,2.16,3.73,3.43,2.13,3.61,3.64,1.73,2.1,1.92,1.99
2023-02-25,D1,2223,Hoffenheim,Dortmund,0,1,A,4.0,4.2,1.75,4.27,4.39,1.78,4.64,4.47,1.71,1.53,2.5,1.52,2.66
2023-02-25,D1,2223,RB Leipzig,Ein Frankfurt,2,1,H,1.7,4.0,4.6,1.73,4.25,4.74,1.66,4.16,5.5,1.67,2.2,1.79,2.12
2023-02-25,D1,2223,Werder Bremen,Bochum,3,0,H,2.0,3.8,3.6,2.04,3.78,3.72,1.93,3.84,4.12,1.73,2.1,1.78,2.14
2023-02-25,D1,2223,Schalke 04,Stuttgart,2,1,H,3.0,3.4,2.45,3.05,3.46,2.47,3.26,3.39,2.35,2.0,1.8,2.14,1.78
2023-02-25,E0,2223,Everton,Aston Villa,0,2,A,2.5,3.2,3.0,2.59,3.25,3.05,2.61,3.15,3.12,2.3,1.62,2.49,1.59
2023-02-25,E0,2223,Leeds,Southampton,1,0,H,1.95,3.5,4.0,2.02,3.62,3.97,1.96,3.78,4.03,2.05,1.85,1.93,1.97
2023-02-25,E0,2223,Leicester,Arsenal,0,1,A,4.75,4.0,1.7,4.93,4.15,1.72,6.02,4.31,1.6,1.67,2.2,1.74,2.2
2023-02-25,E0,2223,West Ham,Nott'm Forest,4,0,H,1.75,3.6,5.0,1.81,3.63,5.16,1.71,3.84,5.6,2.2,1.67,2.14,1.82
2023-02-25,E0,2223,Bournemouth,Man City,1,4,A,10.0,5.75,1.29,9.67,5.74,1.3,10.1,5.11,1.36,1.57,2.38,1.68,2.31
2023-02-25,E0,2223,Crystal Palace,Liverpool,0,0,D,4.75,3.8,1.73,4.86,3.99,1.76,5.08,4.12,1.71,1.85,2.05,1.81,2.06
2023-02-25,T1,2223,Umraniyespor,Gaziantep,3,0,H,,,,,,,,,,,,,
2023-02-25,T1,2223,Fenerbahce,Konyaspor,4,0,H,1.5,4.5,6.0,1.51,4.63,6.55,1.43,4.97,7.63,1.62,2.25,1.61,2.43
2023-02-25,T1,2223,Giresunspor,Kayserispor,1,2,A,2.55,3.3,2.8,2.6,3.43,2.84,2.3,3.22,3.54,1.95,1.9,2.29,1.68
2023-02-26,D1,2223,Freiburg,Leverkusen,1,1,D,2.15,3.5,3.25,2.24,3.66,3.3,2.43,3.54,3.06,1.84,2.06,1.85,2.06
2023-02-26,D1,2223,Bayern Munich,Union Berlin,3,0,H,1.33,5.25,9.0,1.34,5.68,9.74,1.49,4.45,7.5,1.57,2.38,1.74,2.21
2023-02-26,E0,2223,Tottenham,Chelsea,2,0,H,2.55,3.25,2.9,2.59,3.36,2.96,3.04,3.33,2.54,2.08,1.82,2.08,1.84
2023-02-26,T1,2223,Umraniyespor,Ad. Demirspor,1,1,D,3.6,3.5,2.0,3.47,3.96,2.05,3.38,4.09,2.05,1.57,2.35,1.43,2.94
2023-02-26,T1,2223,Besiktas,Antalyaspor,0,0,D,1.65,3.8,5.0,1.66,4.14,5.32,1.52,4.53,6.56,1.8,2.0,1.72,2.21
2023-03-01,E0,2223,Arsenal,Everton,4,0,H,1.36,4.75,10.0,1.38,5.01,9.1,1.34,5.21,10.65,1.85,2.05,1.85,2.07
2023-03-01,E0,2223,Liverpool,Wolves,2,0,H,1.5,4.75,6.0,1.5,4.63,6.68,1.53,4.44,6.43,1.73,2.1,1.78,2.13
2023-03-03,D1,2223,Dortmund,RB Leipzig,2,1,H,2.2,3.5,3.2,2.23,3.71,3.23,2.38,3.67,3.03,1.62,2.3,1.65,2.37
2023-03-03,T1,2223,Alanyaspor,Buyuksehyr,1,0,H,2.6,3.2,2.6,2.71,3.34,2.78,2.69,3.35,2.79,2.05,1.8,2.05,1.85
2023-03-04,D1,2223,Augsburg,Werder Bremen,2,1,H,2.3,3.5,3.0,2.37,3.61,3.04,2.25,3.7,3.25,1.73,2.1,1.74,2.21
2023-03-04,D1,2223,Bochum,Schalke 04,0,2,A,2.3,3.4,3.1,2.44,3.48,3.03,2.69,3.3,2.89,1.96,1.94,2.14,1.78
2023-03-04,D1,2223,Mainz,Hoffenheim,1,0,H,1.91,3.6,4.0,1.93,3.85,3.97,1.93,3.78,4.13,1.73,2.1,1.77,2.16
2023-03-04,D1,2223,M'gladbach,Freiburg,0,0,D,2.4,3.6,2.8,2.52,3.57,2.86,2.28,3.61,3.25,1.73,2.1,1.78,2.14
2023-03-04,D1,2223,Union Berlin,FC Koln,0,0,D,1.91,3.4,4.33,1.93,3.45,4.56,2.08,3.26,4.24,2.3,1.62,2.41,1.63
2023-03-04,D1,2223,Stuttgart,Bayern Munich,1,2,A,7.0,5.25,1.4,6.29,5.0,1.49,6.62,4.65,1.5,1.44,2.75,1.56,2.53
2023-03-04,E0,2223,Man City,Newcastle,2,0,H,1.45,4.5,7.0,1.52,4.6,6.5,1.51,4.55,6.65,1.73,2.1,1.76,2.17
2023-03-04,E0,2223,Arsenal,Bournemouth,3,2,H,1.22,7.0,12.0,1.22,6.83,13.69,1.23,6.75,14.0,1.57,2.38,1.57,2.48
2023-03-04,E0,2223,Aston Villa,Crystal Palace,1,0,H,2.05,3.3,3.8,2.08,3.37,3.99,2.15,3.38,3.82,2.3,1.62,2.26,1.7
2023-03-04,E0,2223,Brighton,West Ham,4,0,H,1.8,3.6,4.5,1.78,3.88,4.75,1.68,4.0,5.54,1.95,1.95,1.97,1.93
2023-03-04,E0,2223,Chelsea,Leeds,1,0,H,1.62,4.0,5.5,1.65,4.05,5.62,1.6,4.2,6.11,1.95,1.95,1.93,1.97
2023-03-04,E0,2223,Wolves,Tottenham,1,0,H,3.3,3.4,2.2,3.32,3.41,2.31,3.35,3.34,2.37,2.1,1.73,2.28,1.69
2023-03-04,E0,2223,Southampton,Leicester,1,0,H,2.75,3.3,2.6,2.85,3.3,2.67,2.98,3.36,2.57,2.06,1.84,2.08,1.82
2023-03-04,T1,2223,Karagumruk,Sivasspor,4,3,H,2.15,3.3,3.1,2.26,3.53,3.32,2.31,3.2,3.55,1.75,2.05,2.06,1.84
2023-03-04,T1,2223,Trabzonspor,Umraniyespor,1,2,A,1.4,4.33,6.5,1.46,4.79,7.34,1.4,5.21,7.82,1.67,2.15,1.57,2.51
2023-03-04,T1,2223,Kayserispor,Fenerbahce,1,2,A,4.2,3.5,1.75,4.48,3.86,1.83,4.69,3.82,1.8,1.73,2.08,1.72,2.2
2023-03-05,D1,2223,Leverkusen,Hertha,4,1,H,1.53,4.2,6.0,1.58,4.36,5.95,1.53,4.46,6.78,1.67,2.2,1.8,2.11
2023-03-05,D1,2223,Wolfsburg,Ein Frankfurt,2,2,D,2.45,3.5,2.8,2.49,3.57,2.9,2.47,3.52,3.0,1.8,2.0,1.92,1.99
2023-03-05,E0,2223,Nott'm Forest,Everton,2,2,D,2.7,3.0,2.88,2.7,3.11,2.98,3.1,3.1,2.66,2.5,1.53,2.65,1.53
2023-03-05,E0,2223,Liverpool,Man United,7,0,H,2.38,3.6,2.88,2.39,3.76,2.91,2.43,3.66,2.97,1.67,2.2,1.74,2.21
2023-03-05,T1,2223,Ad. Demirspor,Hatayspor,3,0,H,,,,,,,,,,,,,
2023-03-05,T1,2223,Gaziantep,Galatasaray,0,3,A,,,,,,,,,,,,,
2023-03-05,T1,2223,Konyaspor,Giresunspor,0,0,D,1.8,3.75,3.6,1.87,3.74,4.25,1.88,3.71,4.38,1.9,1.95,1.91,1.98
2023-03-05,T1,2223,Besiktas,Ankaragucu,2,1,H,1.5,4.2,5.5,1.52,4.77,6.11,1.6,4.29,5.79,1.57,2.35,1.64,2.37
2023-03-06,E0,2223,Brentford,Fulham,3,2,H,1.95,3.6,3.75,2.0,3.76,3.82,2.08,3.6,3.8,1.94,1.96,2.02,1.89
2023-03-06,T1,2223,Kasimpasa,Antalyaspor,3,1,H,2.25,3.4,2.8,2.31,3.47,3.15,2.32,3.54,3.19,1.73,2.08,1.88,2.01
2023-03-10,D1,2223,FC Koln,Bochum,0,2,A,1.73,3.75,4.75,1.78,3.87,4.92,1.75,3.79,5.27,1.92,2.01,2.0,1.9
2023-03-10,T1,2223,Giresunspor,Karagumruk,2,2,D,2.3,3.4,2.7,2.45,3.69,2.83,2.81,3.59,2.54,1.67,2.15,1.7,2.24
2023-03-11,D1,2223,Bayern Munich,Augsburg,5,3,H,1.13,9.0,19.0,1.14,10.07,16.64,1.11,11.5,23.0,1.22,4.33,,
2023-03-11,D1,2223,Ein Frankfurt,Stuttgart,1,1,D,1.8,4.0,4.2,1.86,3.88,4.26,2.15,3.44,3.74,1.87,2.06,2.13,1.79
2023-03-11,D1,2223,Hertha,Mainz,1,1,D,2.9,3.4,2.45,2.97,3.5,2.47,3.24,3.4,2.39,1.93,2.0,2.1,1.81
2023-03-11,D1,2223,RB Leipzig,M'gladbach,3,0,H,1.4,5.0,7.0,1.43,5.16,7.18,1.39,5.55,7.98,1.5,2.63,1.5,2.72
2023-03-11,D1,2223,Schalke 04,Dortmund,2,2,D,4.5,4.0,1.73,4.56,4.21,1.74,4.43,3.91,1.84,1.67,2.2,1.83,2.08
2023-03-11,E0,2223,Bournemouth,Liverpool,1,0,H,7.5,5.0,1.4,7.07,5.07,1.44,6.98,5.15,1.45,1.62,2.3,1.55,2.61
2023-03-11,E0,2223,Everton,Brentford,1,0,H,2.7,3.25,2.7,2.75,3.23,2.82,2.7,3.15,2.99,2.2,1.67,2.54,1.57
2023-03-11,E0,2223,Leeds,Brighton,2,2,D,3.75,3.6,1.95,3.94,3.76,1.96,4.47,3.8,1.85,1.89,2.04,1.92,1.99
2023-03-11,E0,2223,Leicester,Chelsea,1,3,A,3.75,3.5,1.95,3.9,3.61,2.02,4.1,3.75,1.95,2.02,1.91,1.96,1.94
2023-03-11,E0,2223,Tottenham,Nott'm Forest,3,1,H,1.44,4.75,7.0,1.45,4.69,7.8,1.47,4.63,7.65,1.88,2.05,1.93,1.97
2023-03-11,E0,2223,Crystal Palace,Man City,0,1,A,9.0,4.75,1.36,9.18,5.2,1.37,10.05,5.17,1.35,1.8,2.0,1.93,1.98
2023-03-11,T1,2223,Antalyaspor,Kayserispor,4,0,H,2.15,3.3,3.0,2.24,3.44,3.45,1.98,3.73,3.91,1.98,1.88,1.91,2.06
2023-03-11,T1,2223,Galatasaray,Kasimpasa,1,0,H,1.25,5.25,9.0,1.29,6.29,9.65,1.47,4.9,6.32,1.4,2.88,1.4,3.02
2023-03-12,D1,2223,Freiburg,Hoffenheim,2,1,H,1.91,3.6,4.0,1.93,3.71,4.1,1.88,3.79,4.43,1.8,2.0,1.88,2.02
2023-03-12,D1,2223,Werder Bremen,Leverkusen,2,3,A,3.3,3.75,2.1,3.32,3.82,2.15,3.67,3.66,2.1,1.62,2.3,1.88,2.04
2023-03-12,D1,2223,Wolfsburg,Union Berlin,1,1,D,2.25,3.25,3.3,2.28,3.22,3.59,2.79,3.05,2.99,2.3,1.62,2.61,1.55
2023-03-12,E0,2223,Fulham,Arsenal,0,3,A,6.0,4.0,1.57,6.02,4.23,1.59,7.83,4.9,1.43,1.85,2.08,1.76,2.17
2023-03-12,E0,2223,Man United,Southampton,0,0,D,1.36,5.0,9.0,1.34,5.33,10.01,1.28,6.28,10.69,1.62,2.3,1.49,2.68
2023-03-12,E0,2223,West Ham,Aston Villa,1,1,D,2.2,3.3,3.4,2.25,3.4,3.45,2.42,3.28,3.29,2.08,1.85,2.19,1.75
2023-03-12,E0,2223,Newcastle,Wolves,2,1,H,1.65,3.75,5.5,1.68,3.88,5.55,1.66,3.96,5.91,2.2,1.67,2.15,1.77
2023-03-12,T1,2223,Ankaragucu,Alanyaspor,2,0,H,2.2,3.4,2.88,2.31,3.35,3.31,2.32,3.51,3.21,1.73,2.08,1.75,2.16
2023-03-12,T1,2223,Hatayspor,Konyaspor,0,3,A,,,,,,,,,,,,,
2023-03-12,T1,2223,Trabzonspor,Ad. Demirspor,4,1,H,1.67,3.6,4.5,1.73,4.11,4.78,1.85,3.96,4.24,1.7,2.1,1.62,2.41
2023-03-12,T1,2223,Buyuksehyr,Besiktas,0,2,A,2.7,3.3,2.45,2.76,3.34,2.67,3.2,3.25,2.46,2.02,1.83,2.22,1.72
2023-03-13,T1,2223,Istanbulspor,Sivasspor,3,0,H,3.0,3.3,2.15,3.22,3.53,2.28,3.03,3.4,2.48,1.93,1.93,2.01,1.88
2023-03-15,E0,2223,Brighton,Crystal Palace,1,0,H,1.44,4.2,8.0,1.47,4.51,7.72,1.39,5.23,9.54,1.93,1.97,1.85,2.07
2023-03-15,E0,2223,Southampton,Brentford,0,2,A,2.88,3.25,2.5,3.05,3.36,2.49,3.31,3.27,2.42,2.1,1.73,2.35,1.66
2023-03-17,D1,2223,M'gladbach,Werder Bremen,2,2,D,1.8,4.0,4.2,1.83,4.02,4.39,1.9,4.09,3.95,1.57,2.38,1.57,2.52
2023-03-17,E0,2223,Nott'm Forest,Newcastle,1,2,A,5.5,3.8,1.62,5.81,3.87,1.68,5.48,3.7,1.75,2.07,1.83,2.2,1.74
2023-03-17,T1,2223,Konyaspor,Galatasaray,2,1,H,4.33,3.6,1.8,4.37,3.79,1.84,4.42,3.84,1.84,1.75,2.05,1.81,2.05
2023-03-18,D1,2223,Augsburg,Schalke 04,1,1,D,2.3,3.4,3.1,2.38,3.45,3.14,2.48,3.44,3.05,2.04,1.86,2.04,1.87
2023-03-18,D1,2223,Bochum,RB Leipzig,1,0,H,5.5,4.33,1.55,5.93,4.45,1.57,6.02,4.41,1.58,1.73,2.1,1.77,2.15
2023-03-18,D1,2223,Hoffenheim,Hertha,3,1,H,2.05,3.5,3.5,2.13,3.62,3.54,1.96,3.76,4.02,1.88,2.02,1.81,2.09
2023-03-18,D1,2223,Stuttgart,Wolfsburg,0,1,A,2.38,3.4,2.9,2.46,3.47,3.0,2.05,3.49,4.02,1.99,1.91,2.09,1.82
2023-03-18,D1,2223,Dortmund,FC Koln,6,1,H,1.45,4.75,6.5,1.47,4.99,6.61,1.57,4.59,5.54,1.62,2.3,1.56,2.57
2023-03-18,E0,2223,Aston Villa,Bournemouth,3,0,H,1.7,3.8,5.0,1.74,3.88,5.11,1.74,3.95,5.13,1.97,1.93,1.94,1.96
2023-03-18,E0,2223,Brentford,Leicester,1,1,D,1.91,3.6,3.75,1.95,3.79,3.94,1.9,3.84,4.21,1.89,2.01,1.84,2.06
2023-03-18,E0,2223,Southampton,Tottenham,3,3,D,4.75,3.6,1.75,4.62,3.78,1.82,4.62,3.73,1.85,2.06,1.84,2.07,1.85
2023-03-18,E0,2223,Wolves,Leeds,2,4,A,2.25,3.2,3.3,2.3,3.25,3.5,2.32,3.34,3.43,2.2,1.67,2.19,1.73
2023-03-18,E0,2223,Chelsea,Everton,2,2,D,1.5,4.2,7.5,1.5,4.19,7.95,1.52,4.14,7.71,2.1,1.73,2.22,1.73
2023-03-18,T1,2223,Kasimpasa,Umraniyespor,1,1,D,1.73,3.75,4.5,1.82,4.16,4.18,1.92,4.07,3.81,1.57,2.35,1.57,2.51
2023-03-18,T1,2223,Ad. Demirspor,Antalyaspor,2,0,H,1.75,3.8,4.33,1.79,4.18,4.32,1.94,4.07,3.7,1.62,2.25,1.56,2.55
2023-03-18,T1,2223,Besiktas,Istanbulspor,3,1,H,1.25,5.75,10.0,1.26,6.41,11.24,1.31,6.03,9.65,1.5,2.5,1.49,2.73
2023-03-19,D1,2223,Union Berlin,Ein Frankfurt,2,0,H,2.38,3.2,3.2,2.44,3.22,3.25,2.38,3.06,3.63,2.3,1.62,2.74,1.51
2023-03-19,D1,2223,Leverkusen,Bayern Munich,2,1,H,5.25,4.5,1.55,4.73,5.04,1.61,4.45,4.4,1.75,1.4,3.0,1.46,2.79
2023-03-19,D1,2223,Mainz,Freiburg,1,1,D,2.1,3.5,3.3,2.17,3.51,3.55,2.08,3.42,4.03,2.0,1.9,2.22,1.73
2023-03-19,E0,2223,Arsenal,Crystal Palace,4,1,H,1.25,5.5,15.0,1.26,6.02,12.73,1.27,6.12,12.21,1.73,2.1,1.72,2.2
2023-03-19,T1,2223,Karagumruk,Buyuksehyr,2,2,D,2.8,3.25,2.5,2.95,3.46,2.51,2.88,3.24,2.69,1.9,1.95,2.2,1.72
2023-03-19,T1,2223,Sivasspor,Ankaragucu,2,0,H,2.15,3.25,3.4,2.3,3.35,3.4,2.65,3.15,3.0,1.98,1.88,2.28,1.68
2023-03-19,T1,2223,Alanyaspor,Fenerbahce,1,3,A,4.75,3.75,1.73,4.46,4.2,1.76,5.52,4.42,1.6,1.5,2.5,1.58,2.49
2023-03-19,T1,2223,Gaziantep,Trabzonspor,0,3,A,,,,,,,,,,,,,
2023-03-19,T1,2223,Kayserispor,Hatayspor,3,0,H,,,,,,,,,,,,,
2023-03-31,D1,2223,Ein Frankfurt,Bochum,1,1,D,1.5,4.33,6.5,1.52,4.55,6.59,1.56,4.37,6.35,1.73,2.1,1.75,2.19
2023-04-01,D1,2223,Freiburg,Hertha,1,1,D,1.62,4.0,5.5,1.69,3.98,5.33,1.88,3.5,4.83,1.99,1.91,2.3,1.68
2023-04-01,D1,2223,RB Leipzig,Mainz,0,3,A,1.53,4.5,5.5,1.56,4.52,5.98,1.53,4.54,6.7,1.67,2.2,1.81,2.09
2023-04-01,D1,2223,Schalke 04,Leverkusen,0,3,A,3.8,3.75,1.91,4.1,3.73,1.93,4.4,3.79,1.88,1.9,2.0,1.93,1.97
2023-04-01,D1,2223,Union Berlin,Stuttgart,3,0,H,2.05,3.2,3.9,2.12,3.28,3.98,2.2,3.2,3.95,2.38,1.57,2.65,1.53
2023-04-01,D1,2223,Wolfsburg,Augsburg,2,2,D,1.62,4.0,5.5,1.63,4.31,5.36,1.6,4.43,5.69,1.73,2.1,1.69,2.29
2023-04-01,D1,2223,Bayern Munich,Dortmund,4,2,H,1.45,5.0,6.0,1.51,5.26,5.62,1.54,4.97,5.71,1.33,3.4,1.43,3.0
2023-04-01,E0,2223,Man City,Liverpool,4,1,H,1.62,4.2,5.0,1.66,4.22,5.26,1.67,4.25,5.3,1.67,2.2,1.67,2.32
2023-04-01,E0,2223,Arsenal,Leeds,4,1,H,1.29,6.0,9.0,1.29,5.97,10.92,1.27,6.75,10.5,1.53,2.5,1.45,2.83
2023-04-01,E0,2223,Bournemouth,Fulham,2,1,H,2.55,3.3,2.8,2.56,3.44,2.89,2.61,3.32,2.97,2.0,1.8,2.24,1.72
2023-04-01,E0,2223,Brighton,Brentford,3,3,D,1.67,4.0,5.0,1.67,4.18,5.16,1.64,4.34,5.57,1.73,2.1,1.81,2.09
2023-04-01,E0,2223,Crystal Palace,Leicester,2,1,H,2.5,3.25,2.9,2.56,3.28,3.02,2.37,3.39,3.27,2.1,1.73,2.12,1.79
2023-04-01,E0,2223,Nott'm Forest,Wolves,1,1,D,3.0,3.1,2.55,3.01,3.16,2.64,3.44,3.16,2.41,2.38,1.57,2.56,1.56
2023-04-01,E0,2223,Chelsea,Aston Villa,0,2,A,1.67,3.8,5.25,1.69,3.83,5.57,1.63,4.09,6.06,1.97,1.93,1.99,1.92
2023-04-01,T1,2223,Buyuksehyr,Ankaragucu,1,0,H,1.7,3.6,4.5,1.81,3.73,4.81,1.87,3.65,4.52,2.05,1.75,2.04,1.85
2023-04-01,T1,2223,Trabzonspor,Kayserispor,3,4,A,1.5,4.33,5.75,1.53,4.44,6.59,1.49,4.68,6.91,1.7,2.1,1.68,2.27
2023-04-01,T1,2223,Galatasaray,Ad. Demirspor,2,0,H,1.4,4.5,6.5,1.46,5.12,6.53,1.4,5.65,6.96,1.4,2.88,1.3,3.74
2023-04-02,D1,2223,FC Koln,M'gladbach,0,0,D,2.25,3.6,3.0,2.23,3.71,3.24,2.24,3.54,3.38,1.73,2.1,1.92,1.99
2023-04-02,D1,2223,Werder Bremen,Hoffenheim,1,2,A,2.3,3.5,3.0,2.37,3.74,2.95,2.18,3.76,3.35,1.73,2.1,1.66,2.35
2023-04-02,E0,2223,West Ham,Southampton,1,0,H,1.73,3.6,5.0,1.77,3.89,4.82,1.77,3.8,4.94,2.0,1.8,2.1,1.81
2023-04-02,E0,2223,Newcastle,Man United,2,0,H,2.4,3.4,2.9,2.4,3.55,3.03,2.32,3.63,3.17,1.95,1.95,1.86,2.05
2023-04-02,T1,2223,Umraniyespor,Konyaspor,2,2,D,2.9,3.3,2.25,3.09,3.51,2.36,2.67,3.47,2.74,1.75,2.05,1.83,2.06
2023-04-02,T1,2223,Giresunspor,Alanyaspor,2,2,D,2.45,3.4,2.7,2.51,3.64,2.8,2.28,3.64,3.17,1.7,2.1,1.77,2.13
2023-04-02,T1,2223,Gaziantep,Kasimpasa,0,3,A,,,,,,,,,,,,,
2023-04-02,T1,2223,Hatayspor,Sivasspor,0,3,A,,,,,,,,,,,,,
2023-04-02,T1,2223,Fenerbahce,Besiktas,2,4,A,1.83,3.5,4.0,1.91,3.92,4.01,2.07,3.51,3.84,1.67,2.15,1.89,2.0
2023-04-03,E0,2223,Everton,Tottenham,1,1,D,3.4,3.3,2.2,3.44,3.45,2.24,3.97,3.51,2.06,2.1,1.73,2.17,1.76
2023-04-03,T1,2223,Istanbulspor,Karagumruk,0,1,A,3.25,3.3,2.15,3.19,3.66,2.24,3.19,3.69,2.26,1.67,2.15,1.74,2.19
2023-04-04,E0,2223,Bournemouth,Brighton,0,2,A,6.0,4.2,1.53,6.16,4.37,1.58,5.99,4.37,1.59,1.8,2.0,1.78,2.15
2023-04-04,E0,2223,Leeds,Nott'm Forest,2,1,H,1.7,3.75,5.0,1.72,3.97,5.23,1.72,3.94,5.22,1.98,1.92,1.91,2.0
2023-04-04,E0,2223,Leicester,Aston Villa,1,2,A,2.55,3.3,2.75,2.68,3.4,2.82,2.74,3.5,2.7,1.99,1.91,1.95,1.95
2023-04-04,E0,2223,Chelsea,Liverpool,0,0,D,2.2,3.4,3.25,2.26,3.51,3.4,2.23,3.47,3.5,1.95,1.95,1.97,1.93
2023-04-05,E0,2223,Man United,Brentford,1,0,H,1.65,4.0,5.0,1.67,4.23,5.09,1.65,4.31,5.48,1.73,2.1,1.66,2.35
2023-04-05,E0,2223,West Ham,Newcastle,1,5,A,3.6,3.25,2.15,3.63,3.46,2.15,3.49,3.33,2.3,2.1,1.73,2.35,1.66
2023-04-07,T1,2223,Konyaspor,Antalyaspor,1,1,D,2.25,3.3,3.25,2.32,3.29,3.41,2.46,3.17,3.28,2.05,1.75,2.34,1.65
2023-04-08,D1,2223,Augsburg,FC Koln,1,3,A,2.8,3.4,2.55,2.88,3.51,2.53,3.77,3.44,2.14,1.88,2.02,2.13,1.79
2023-04-08,D1,2223,Dortmund,Union Berlin,2,1,H,1.6,4.0,5.75,1.61,4.11,6.07,1.68,4.14,5.33,1.87,2.03,1.75,2.18
2023-04-08,D1,2223,Freiburg,Bayern Munich,0,1,A,6.5,5.0,1.45,6.54,5.11,1.46,6.49,4.91,1.5,1.53,2.5,1.58,2.51
2023-04-08,D1,2223,Leverkusen,Ein Frankfurt,3,1,H,1.8,4.0,4.0,1.85,4.08,4.1,1.9,3.96,4.08,1.67,2.2,1.75,2.19
2023-04-08,D1,2223,Mainz,Werder Bremen,2,2,D,1.7,4.0,4.75,1.74,4.1,4.73,1.69,4.06,5.34,1.73,2.1,1.84,2.06
2023-04-08,D1,2223,Hertha,RB Leipzig,0,1,A,5.5,4.0,1.62,5.48,4.23,1.63,5.48,3.87,1.71,1.8,2.0,1.97,1.93
2023-04-08,E0,2223,Man United,Everton,2,0,H,1.5,4.33,6.5,1.52,4.42,6.88,1.61,4.2,6.0,1.86,2.04,1.76,2.17
2023-04-08,E0,2223,Aston Villa,Nott'm Forest,2,0,H,1.6,4.2,5.25,1.64,4.16,5.5,1.6,4.25,6.12,1.94,1.96,1.93,1.98
2023-04-08,E0,2223,Brentford,Newcastle,1,2,A,3.6,3.4,2.05,3.58,3.58,2.13,4.28,3.58,1.96,2.03,1.87,2.16,1.77
2023-04-08,E0,2223,Fulham,West Ham,0,1,A,2.8,3.25,2.63,2.81,3.33,2.69,2.89,3.29,2.69,2.2,1.67,2.16,1.76
2023-04-08,E0,2223,Leicester,Bournemouth,0,1,A,1.83,3.75,4.2,1.91,3.76,4.18,2.12,3.51,3.75,1.88,2.02,1.99,1.91
2023-04-08,E0,2223,Tottenham,Brighton,2,1,H,2.55,3.5,2.7,2.58,3.68,2.72,2.83,3.51,2.61,1.85,2.05,1.83,2.07
2023-04-08,E0,2223,Wolves,Chelsea,1,0,H,4.2,3.5,1.91,4.28,3.58,1.93,5.08,3.7,1.79,2.2,1.67,2.21,1.74
2023-04-08,E0,2223,Southampton,Man City,1,4,A,11.0,6.0,1.25,12.65,6.46,1.24,12.0,6.4,1.26,1.62,2.3,1.71,2.23
2023-04-08,T1,2223,Ankaragucu,Istanbulspor,3,2,H,1.67,3.8,4.75,1.67,4.21,5.17,1.72,4.11,4.82,1.7,2.1,1.72,2.21
2023-04-08,T1,2223,Kasimpasa,Trabzonspor,2,0,H,3.1,3.6,2.15,3.0,3.89,2.29,2.78,3.6,2.56,1.62,2.25,1.81,2.08
2023-04-09,D1,2223,M'gladbach,Wolfsburg,2,0,H,2.38,3.6,2.88,2.43,3.72,2.88,2.55,3.64,2.81,1.73,2.1,1.65,2.34
2023-04-09,D1,2223,Bochum,Stuttgart,2,3,A,3.1,3.5,2.25,3.09,3.53,2.38,3.25,3.31,2.42,1.99,1.91,2.22,1.73
2023-04-09,D1,2223,Hoffenheim,Schalke 04,2,0,H,1.91,3.8,3.8,1.95,3.94,3.81,1.95,3.86,3.99,1.73,2.1,1.76,2.16
2023-04-09,E0,2223,Leeds,Crystal Palace,1,5,A,2.1,3.4,3.6,2.14,3.48,3.67,2.09,3.53,3.82,2.1,1.73,2.09,1.83
2023-04-09,E0,2223,Liverpool,Arsenal,2,2,D,2.88,3.6,2.38,2.82,3.81,2.44,2.8,3.71,2.51,1.62,2.3,1.7,2.26
2023-04-09,T1,2223,Sivasspor,Buyuksehyr,1,1,D,2.88,3.0,2.55,2.99,3.05,2.71,2.73,3.07,2.98,2.5,1.5,2.47,1.59
2023-04-09,T1,2223,Ad. Demirspor,Gaziantep,3,0,H,,,,,,,,,,,,,
2023-04-09,T1,2223,Alanyaspor,Hatayspor,3,0,H,,,,,,,,,,,,,
2023-04-09,T1,2223,Besiktas,Giresunspor,3,1,H,1.4,4.75,6.5,1.41,5.11,7.74,1.41,5.3,7.43,1.6,2.3,1.5,2.76
2023-04-10,T1,2223,Kayserispor,Umraniyespor,3,1,H,1.85,3.6,3.8,1.83,3.92,4.24,1.89,3.88,4.12,1.67,2.15,1.59,2.43
2023-04-10,T1,2223,Karagumruk,Fenerbahce,1,2,A,4.5,4.0,1.62,4.76,4.28,1.68,6.28,4.94,1.49,1.53,2.4,1.47,2.78
2023-04-14,D1,2223,Schalke 04,Hertha,5,2,H,2.25,3.3,3.2,2.38,3.31,3.28,2.4,3.36,3.26,2.1,1.73,2.21,1.74
2023-04-14,T1,2223,Antalyaspor,Alanyaspor,3,1,H,1.85,3.5,4.2,1.93,3.67,4.19,1.91,3.66,4.3,1.7,2.1,1.81,2.08
2023-04-14,T1,2223,Galatasaray,Kayserispor,6,0,H,1.3,5.0,8.5,1.34,5.79,8.47,1.33,5.77,8.5,1.36,3.1,1.29,3.43
2023-04-15,D1,2223,Bayern Munich,Hoffenheim,1,1,D,1.22,7.5,11.0,1.22,7.89,10.9,1.18,8.5,14.5,1.25,4.0,1.34,3.38
2023-04-15,D1,2223,FC Koln,Mainz,1,1,D,2.55,3.4,2.7,2.68,3.43,2.76,2.81,3.29,2.77,2.05,1.85,2.22,1.72
2023-04-15,D1,2223,RB Leipzig,Augsburg,3,2,H,1.25,6.5,10.0,1.26,6.63,10.84,1.22,7.0,14.0,1.44,2.75,1.53,2.64
2023-04-15,D1,2223,Stuttgart,Dortmund,3,3,D,3.5,3.8,1.95,3.53,3.96,2.03,2.94,3.76,2.41,1.67,2.2,1.63,2.4
2023-04-15,D1,2223,Ein Frankfurt,M'gladbach,1,1,D,1.73,4.2,4.33,1.77,4.25,4.37,1.95,3.97,3.88,1.62,2.3,1.68,2.3
2023-04-15,E0,2223,Aston Villa,Newcastle,3,0,H,3.6,3.4,2.05,3.71,3.47,2.13,3.71,3.48,2.15,2.07,1.83,2.01,1.89
2023-04-15,E0,2223,Chelsea,Brighton,1,2,A,2.63,3.4,2.63,2.67,3.52,2.72,3.12,3.42,2.45,1.94,1.96,2.03,1.88
2023-04-15,E0,2223,Everton,Fulham,1,3,A,2.05,3.4,3.7,2.08,3.48,3.85,2.26,3.36,3.55,2.2,1.67,2.29,1.69
2023-04-15,E0,2223,Southampton,Crystal Palace,0,2,A,2.8,3.1,2.7,2.88,3.19,2.73,2.93,3.17,2.75,2.3,1.62,2.46,1.61
2023-04-15,E0,2223,Tottenham,Bournemouth,2,3,A,1.45,4.5,7.0,1.49,4.68,6.8,1.52,4.52,6.6,1.67,2.2,1.79,2.13
2023-04-15,E0,2223,Wolves,Brentford,2,0,H,2.45,3.1,3.0,2.57,3.26,3.01,2.9,3.19,2.75,2.2,1.67,2.28,1.69
2023-04-15,E0,2223,Man City,Leicester,3,1,H,1.14,8.5,15.0,1.16,8.82,16.85,1.13,10.25,19.5,1.33,3.4,1.35,3.25
2023-04-15,T1,2223,Ad. Demirspor,Kasimpasa,5,0,H,1.7,3.8,4.5,1.75,4.29,4.43,1.78,4.27,4.17,1.44,2.7,1.42,2.97
2023-04-15,T1,2223,Istanbulspor,Buyuksehyr,1,0,H,4.33,3.5,1.73,4.77,3.68,1.82,3.9,3.44,2.08,2.05,1.75,2.15,1.75
2023-04-15,T1,2223,Fenerbahce,Ankaragucu,2,1,H,1.33,5.0,8.0,1.35,5.5,9.05,1.4,5.34,7.65,1.48,2.6,1.44,2.87
2023-04-16,D1,2223,Werder Bremen,Freiburg,1,2,A,2.7,3.5,2.55,2.71,3.58,2.64,2.8,3.32,2.77,1.89,2.01,2.19,1.75
2023-04-16,D1,2223,Union Berlin,Bochum,1,1,D,1.6,3.8,6.0,1.62,3.94,6.28,1.79,3.69,5.18,2.1,1.73,2.21,1.74
2023-04-16,D1,2223,Wolfsburg,Leverkusen,0,0,D,2.75,3.6,2.4,2.82,3.78,2.45,2.86,3.61,2.53,1.73,2.1,1.76,2.16
2023-04-16,E0,2223,West Ham,Arsenal,2,2,D,6.0,4.2,1.55,6.14,4.29,1.57,5.72,4.3,1.61,1.8,2.0,1.78,2.15
2023-04-16,E0,2223,Nott'm Forest,Man United,0,2,A,5.5,4.0,1.62,5.07,4.01,1.71,5.14,4.06,1.7,1.8,2.0,1.79,2.12
2023-04-16,T1,2223,Giresunspor,Sivasspor,1,0,H,2.5,3.3,2.75,2.62,3.38,2.82,2.58,3.41,2.88,2.0,1.85,1.95,1.93
2023-04-16,T1,2223,Gaziantep,Konyaspor,0,3,A,,,,,,,,,,,,,
2023-04-16,T1,2223,Hatayspor,Karagumruk,0,3,A,,,,,,,,,,,,,
2023-04-16,T1,2223,Trabzonspor,Besiktas,0,0,D,2.9,3.3,2.4,2.97,3.52,2.46,2.75,3.57,2.6,1.85,2.0,1.79,2.1
2023-04-17,E0,2223,Leeds,Liverpool,1,6,A,4.2,4.2,1.73,4.39,4.42,1.74,4.48,4.44,1.73,1.57,2.38,1.48,2.76
2023-04-18,T1,2223,Alanyaspor,Galatasaray,1,4,A,5.75,4.5,1.5,6.04,4.85,1.5,6.85,5.24,1.44,1.44,2.7,1.4,3.06
2023-04-18,T1,2223,Karagumruk,Umraniyespor,4,2,H,1.8,4.0,3.8,1.85,4.12,4.04,2.23,3.85,3.13,1.5,2.5,1.54,2.59
2023-04-19,T1,2223,Istanbulspor,Antalyaspor,3,3,D,3.0,3.4,2.2,3.39,3.5,2.24,3.48,3.44,2.22,1.85,2.0,2.02,1.87
2023-04-19,T1,2223,Kayserispor,Kasimpasa,0,0,D,2.25,3.3,2.9,2.38,3.82,2.9,2.52,3.74,2.75,1.6,2.3,1.56,2.56
2023-04-19,T1,2223,Besiktas,Hatayspor,3,0,H,,,,,,,,,,,,,
2023-04-19,T1,2223,Buyuksehyr,Fenerbahce,1,2,A,4.0,3.6,1.8,4.15,3.85,1.89,4.1,3.71,1.94,1.73,2.08,1.93,1.95
2023-04-19,T1,2223,Konyaspor,Ad. Demirspor,1,2,A,2.38,3.4,2.7,2.52,3.72,2.76,2.58,3.63,2.75,1.65,2.2,1.65,2.33
2023-04-20,T1,2223,Ankaragucu,Giresunspor,3,1,H,1.91,3.6,3.5,1.96,3.75,3.96,1.71,4.08,4.97,1.7,2.1,1.65,2.34
2023-04-20,T1,2223,Sivasspor,Trabzonspor,4,1,H,2.63,3.2,2.55,2.82,3.36,2.67,2.38,3.23,3.35,2.02,1.83,2.12,1.78
2023-04-21,D1,2223,Augsburg,Stuttgart,1,1,D,3.2,3.6,2.15,3.39,3.76,2.17,3.35,3.67,2.22,1.73,2.1,1.81,2.1
2023-04-21,E0,2223,Arsenal,Southampton,3,3,D,1.2,7.0,13.0,1.21,7.62,14.32,1.22,7.26,14.16,1.5,2.63,1.57,2.52
2023-04-22,D1,2223,Bochum,Wolfsburg,1,5,A,3.0,3.5,2.3,3.07,3.65,2.34,3.28,3.76,2.23,1.91,1.99,1.78,2.15
2023-04-22,D1,2223,Hertha,Werder Bremen,2,4,A,2.25,3.5,3.1,2.31,3.58,3.16,2.37,3.51,3.17,1.98,1.92,2.02,1.88
2023-04-22,D1,2223,Hoffenheim,FC Koln,1,3,A,2.2,3.5,3.2,2.21,3.69,3.28,2.35,3.57,3.16,1.8,2.0,1.93,1.98
2023-04-22,D1,2223,Mainz,Bayern Munich,3,1,H,5.25,4.5,1.57,5.23,4.7,1.6,6.26,4.69,1.53,1.5,2.63,1.58,2.5
2023-04-22,D1,2223,Dortmund,Ein Frankfurt,4,0,H,1.62,4.5,4.75,1.62,4.67,5.03,1.61,4.73,5.2,1.5,2.63,1.47,2.85
2023-04-22,E0,2223,Fulham,Leeds,2,1,H,2.3,3.4,3.1,2.44,3.47,3.03,2.39,3.48,3.11,1.92,1.98,1.93,1.97
2023-04-22,E0,2223,Brentford,Aston Villa,1,1,D,2.5,3.25,2.88,2.55,3.51,2.85,2.72,3.33,2.83,2.0,1.9,2.15,1.78
2023-04-22,E0,2223,Crystal Palace,Everton,0,0,D,2.05,3.2,3.75,2.15,3.28,3.87,1.98,3.4,4.48,2.3,1.62,2.51,1.64
2023-04-22,E0,2223,Leicester,Wolves,2,1,H,2.38,3.3,3.0,2.46,3.31,3.14,2.45,3.4,3.13,2.1,1.73,2.22,1.73
2023-04-22,E0,2223,Liverpool,Nott'm Forest,3,2,H,1.17,7.5,17.0,1.19,7.71,15.51,1.17,8.5,16.5,1.44,2.75,1.42,2.89
2023-04-22,T1,2223,Umraniyespor,Besiktas,0,2,A,4.33,3.8,1.67,4.69,4.23,1.72,5.36,4.57,1.6,1.57,2.35,1.51,2.68
2023-04-23,D1,2223,Freiburg,Schalke 04,4,0,H,1.8,3.75,4.5,1.81,3.7,4.84,1.84,3.62,4.87,2.06,1.84,2.12,1.79
2023-04-23,D1,2223,Leverkusen,RB Leipzig,2,0,H,2.5,3.6,2.63,2.55,3.74,2.72,2.72,3.51,2.71,1.73,2.1,1.85,2.06
2023-04-23,D1,2223,M'gladbach,Union Berlin,0,1,A,2.38,3.3,3.1,2.42,3.36,3.16,2.54,3.36,3.02,2.1,1.73,2.14,1.78
2023-04-23,E0,2223,Bournemouth,West Ham,0,4,A,2.88,3.2,2.55,2.85,3.3,2.68,3.03,3.34,2.55,2.1,1.73,2.1,1.81
2023-04-23,E0,2223,Newcastle,Tottenham,6,1,H,1.83,3.75,4.2,1.84,3.94,4.31,1.93,3.82,4.11,1.86,2.04,1.81,2.1
2023-04-23,T1,2223,Kasimpasa,Konyaspor,1,2,A,2.38,3.6,2.75,2.41,3.66,2.95,2.38,3.5,3.11,1.73,2.08,1.74,2.18
2023-04-23,T1,2223,Ad. Demirspor,Kayserispor,5,3,H,1.6,4.33,4.75,1.61,4.63,5.22,1.49,5.2,5.99,1.44,2.7,1.37,3.26
2023-04-23,T1,2223,Galatasaray,Karagumruk,3,3,D,1.25,5.75,8.5,1.32,6.03,8.64,1.35,5.48,8.78,1.3,3.5,1.41,2.98
2023-04-23,T1,2223,Gaziantep,Alanyaspor,0,3,A,,,,,,,,,,,,,
2023-04-23,T1,2223,Hatayspor,Ankaragucu,0,3,A,,,,,,,,,,,,,
2023-04-24,T1,2223,Giresunspor,Buyuksehyr,2,4,A,2.9,3.3,2.3,2.9,3.62,2.42,2.57,3.44,2.88,1.93,1.93,1.94,1.94
2023-04-24,T1,2223,Antalyaspor,Sivasspor,1,2,A,2.15,3.2,3.3,2.15,3.42,3.61,2.08,3.44,3.79,2.0,1.85,1.95,1.92
2023-04-24,T1,2223,Fenerbahce,Istanbulspor,3,3,D,1.22,5.75,11.0,1.22,7.28,11.29,1.19,7.72,13.68,1.4,2.88,1.33,3.18
2023-04-25,E0,2223,Wolves,Crystal Palace,2,0,H,2.45,3.2,3.0,2.56,3.15,3.13,2.34,3.05,3.82,2.5,1.53,2.86,1.48
2023-04-25,E0,2223,Aston Villa,Fulham,1,0,H,1.75,4.0,4.2,1.8,3.99,4.45,1.77,3.84,4.99,1.81,2.09,2.01,1.9
2023-04-25,E0,2223,Leeds,Leicester,1,1,D,2.3,3.5,3.0,2.39,3.59,3.02,2.42,3.6,3.02,1.73,2.1,1.65,2.36
2023-04-26,E0,2223,Nott'm Forest,Brighton,3,1,H,6.0,4.2,1.53,6.12,4.42,1.56,5.83,4.37,1.59,1.73,2.1,1.78,2.15
2023-04-26,E0,2223,Chelsea,Brentford,0,2,A,1.7,4.0,4.75,1.73,3.93,5.06,1.88,3.69,4.55,2.0,1.9,2.12,1.79
2023-04-26,E0,2223,West Ham,Liverpool,1,2,A,3.9,3.9,1.85,4.07,3.97,1.88,3.64,3.89,2.04,1.67,2.2,1.68,2.31
2023-04-26,E0,2223,Man City,Arsenal,4,1,H,1.55,4.5,5.25,1.57,4.52,5.71,1.68,4.17,5.2,1.62,2.3,1.78,2.14
2023-04-27,E0,2223,Everton,Newcastle,1,4,A,4.75,3.6,1.73,5.03,3.83,1.75,4.71,3.73,1.84,2.0,1.8,2.05,1.86
2023-04-27,E0,2223,Southampton,Bournemouth,0,1,A,2.25,3.4,3.2,2.34,3.49,3.19,2.62,3.26,3.0,2.03,1.87,2.24,1.72
2023-04-27,E0,2223,Tottenham,Man United,2,2,D,2.8,3.6,2.4,2.81,3.72,2.48,2.95,3.91,2.34,1.67,2.2,1.6,2.48
2023-04-28,D1,2223,Bochum,Dortmund,1,1,D,6.0,5.25,1.44,6.55,5.26,1.47,6.29,5.17,1.49,1.4,3.0,1.4,3.11
2023-04-28,T1,2223,Alanyaspor,Umraniyespor,1,0,H,1.91,3.8,3.3,2.01,3.95,3.6,1.85,4.05,4.12,1.53,2.4,1.53,2.64
2023-04-29,D1,2223,Ein Frankfurt,Augsburg,1,1,D,1.53,4.5,5.5,1.57,4.6,5.63,1.61,4.48,5.58,1.62,2.3,1.66,2.34
2023-04-29,D1,2223,FC Koln,Freiburg,0,1,A,2.4,3.25,3.0,2.48,3.39,3.03,2.53,3.41,3.0,2.1,1.73,2.14,1.78
2023-04-29,D1,2223,RB Leipzig,Hoffenheim,1,0,H,1.44,5.0,6.5,1.44,5.2,6.89,1.4,5.42,7.79,1.57,2.38,1.48,2.8
2023-04-29,D1,2223,Stuttgart,M'gladbach,2,1,H,1.8,4.0,4.2,1.84,4.08,4.15,1.72,4.25,4.82,1.73,2.1,1.67,2.32
2023-04-29,D1,2223,Union Berlin,Leverkusen,0,0,D,2.8,3.4,2.45,2.91,3.39,2.58,2.95,3.28,2.65,2.0,1.8,2.31,1.68
2023-04-29,D1,2223,Schalke 04,Werder Bremen,2,1,H,2.25,3.5,3.1,2.28,3.65,3.18,2.5,3.78,2.8,1.88,2.02,1.71,2.25
2023-04-29,E0,2223,Crystal Palace,West Ham,4,3,H,2.63,3.25,2.75,2.73,3.24,2.83,2.56,3.26,3.08,2.2,1.67,2.2,1.74
2023-04-29,E0,2223,Brentford,Nott'm Forest,2,1,H,1.65,3.8,5.5,1.68,3.92,5.54,1.77,3.8,5.02,1.99,1.91,2.05,1.86
2023-04-29,E0,2223,Brighton,Wolves,6,0,H,1.5,4.33,6.5,1.51,4.48,6.75,1.64,4.17,5.66,1.85,2.05,1.83,2.07
2023-04-29,T1,2223,Karagumruk,Antalyaspor,0,1,A,2.38,3.6,2.55,2.5,3.83,2.72,2.84,3.63,2.5,1.62,2.25,1.65,2.35
2023-04-29,T1,2223,Konyaspor,Trabzonspor,2,1,H,2.45,3.25,2.7,2.6,3.44,2.84,2.44,3.45,3.05,2.0,1.85,1.89,2.0
2023-04-29,T1,2223,Ankaragucu,Kasimpasa,0,0,D,1.85,3.4,3.6,2.0,3.81,3.76,1.93,3.88,3.96,1.67,2.15,1.63,2.39
2023-04-29,T1,2223,Sivasspor,Fenerbahce,1,3,A,4.33,3.75,1.7,4.9,3.93,1.75,3.82,3.67,2.02,1.7,2.1,1.74,2.17
2023-04-30,D1,2223,Bayern Munich,Hertha,2,0,H,1.11,10.0,19.0,1.12,10.61,20.33,1.08,14.0,26.0,1.29,3.75,,
2023-04-30,D1,2223,Wolfsburg,Mainz,3,0,H,2.2,3.5,3.1,2.35,3.48,3.17,2.28,3.73,3.17,1.86,2.04,1.71,2.25
2023-04-30,E0,2223,Bournemouth,Leeds,4,1,H,2.55,3.5,2.7,2.65,3.57,2.69,2.51,3.43,3.01,1.8,2.0,1.99,1.92
2023-04-30,E0,2223,Fulham,Man City,1,2,A,12.0,6.0,1.25,11.97,6.48,1.25,11.62,6.36,1.26,1.53,2.5,1.62,2.38
2023-04-30,E0,2223,Man United,Aston Villa,1,0,H,1.73,3.9,4.6,1.81,4.03,4.34,1.76,4.05,4.72,1.67,2.2,1.58,2.53
2023-04-30,E0,2223,Newcastle,Southampton,3,1,H,1.3,5.25,10.0,1.33,5.71,9.61,1.25,6.41,12.44,1.73,2.1,1.56,2.52
2023-04-30,E0,2223,Liverpool,Tottenham,4,3,H,1.53,4.5,5.75,1.54,4.97,5.51,1.54,4.98,5.65,1.5,2.63,1.41,3.02
2023-04-30,T1,2223,Besiktas,Galatasaray,3,1,H,2.6,3.4,2.38,2.72,3.67,2.58,2.73,3.72,2.55,1.7,2.1,1.6,2.49
2023-04-30,T1,2223,Buyuksehyr,Hatayspor,3,0,H,,,,,,,,,,,,,
2023-04-30,T1,2223,Kayserispor,Gaziantep,3,0,H,,,,,,,,,,,,,
2023-05-01,E0,2223,Leicester,Everton,2,2,D,2.0,3.5,3.75,2.04,3.48,3.98,2.06,3.48,4.01,2.07,1.83,2.12,1.79
2023-05-01,T1,2223,Istanbulspor,Giresunspor,1,0,H,2.4,3.3,2.7,2.49,3.48,2.91,2.38,3.69,2.98,1.75,2.05,1.7,2.25
2023-05-02,E0,2223,Arsenal,Chelsea,3,1,H,1.6,4.0,5.5,1.59,4.32,5.96,1.63,4.17,5.71,1.73,2.1,1.81,2.09
2023-05-03,E0,2223,Liverpool,Fulham,1,0,H,1.25,5.75,11.0,1.27,6.5,10.02,1.32,6.15,8.79,1.44,2.75,1.44,2.91
2023-05-03,E0,2223,Man City,West Ham,3,0,H,1.2,7.0,13.0,1.21,7.27,13.54,1.17,8.33,17.25,1.44,2.75,1.39,3.07
2023-05-04,E0,2223,Brighton,Man United,1,0,H,1.95,3.5,3.75,2.05,3.84,3.57,2.18,3.86,3.27,1.57,2.38,1.56,2.56
2023-05-05,D1,2223,Leverkusen,FC Koln,1,2,A,1.67,4.0,5.0,1.7,4.14,4.99,1.62,4.32,5.66,1.73,2.1,1.74,2.2
2023-05-05,D1,2223,Mainz,Schalke 04,2,3,A,1.62,4.0,5.25,1.65,4.13,5.52,1.69,4.19,5.16,1.73,2.1,1.71,2.25
2023-05-06,D1,2223,Augsburg,Union Berlin,1,0,H,3.4,3.25,2.2,3.49,3.27,2.29,3.35,3.28,2.39,2.2,1.67,2.27,1.7
2023-05-06,D1,2223,Freiburg,RB Leipzig,0,1,A,4.0,3.75,1.85,4.05,3.69,1.95,4.21,3.96,1.88,1.93,1.97,1.75,2.18
2023-05-06,D1,2223,Hertha,Stuttgart,2,1,H,3.1,3.5,2.25,3.16,3.59,2.31,3.02,3.6,2.42,1.89,2.01,1.92,1.99
2023-05-06,D1,2223,Hoffenheim,Ein Frankfurt,3,1,H,2.3,3.6,2.9,2.37,3.69,2.99,2.53,3.9,2.7,1.67,2.2,1.56,2.56
2023-05-06,D1,2223,M'gladbach,Bochum,2,0,H,1.85,3.8,4.0,1.93,4.0,3.86,2.13,3.83,3.44,1.62,2.3,1.61,2.46
2023-05-06,D1,2223,Werder Bremen,Bayern Munich,1,2,A,8.5,6.0,1.3,7.8,6.23,1.33,10.46,6.97,1.26,1.33,3.4,1.33,3.48
2023-05-06,E0,2223,Bournemouth,Chelsea,1,3,A,3.3,3.5,2.15,3.46,3.55,2.19,3.62,3.67,2.11,1.99,1.91,1.85,2.07
2023-05-06,E0,2223,Man City,Leeds,2,1,H,1.17,8.5,15.0,1.18,8.6,14.23,1.17,8.75,17.0,1.3,3.5,1.33,3.45
2023-05-06,E0,2223,Tottenham,Crystal Palace,1,0,H,1.8,3.8,4.2,1.84,3.98,4.24,1.82,3.94,4.53,1.73,2.1,1.88,2.04
2023-05-06,E0,2223,Wolves,Aston Villa,1,0,H,2.88,3.3,2.5,3.06,3.31,2.51,3.19,3.4,2.41,2.2,1.67,2.1,1.81
2023-05-06,E0,2223,Liverpool,Brentford,1,0,H,1.44,5.0,6.0,1.49,5.09,6.17,1.43,5.39,6.91,1.5,2.63,1.48,2.76
2023-05-06,T1,2223,Antalyaspor,Besiktas,1,3,A,3.6,3.4,2.0,3.61,3.7,2.08,3.24,3.47,2.3,1.8,2.0,1.87,2.02
2023-05-06,T1,2223,Ad. Demirspor,Alanyaspor,4,2,H,1.53,4.5,5.0,1.57,4.83,5.35,1.57,4.85,5.35,1.36,3.1,1.36,3.3
2023-05-07,D1,2223,Dortmund,Wolfsburg,6,0,H,1.44,5.25,5.75,1.54,5.16,5.32,1.54,5.16,5.36,1.4,3.0,1.35,3.4
2023-05-07,E0,2223,Newcastle,Arsenal,0,2,A,2.45,3.75,2.63,2.51,3.8,2.73,2.32,3.77,3.07,1.62,2.3,1.69,2.28
2023-05-07,E0,2223,West Ham,Man United,1,0,H,3.4,3.75,2.05,3.57,3.78,2.07,3.64,3.76,2.05,1.73,2.1,1.76,2.16
2023-05-07,T1,2223,Umraniyespor,Sivasspor,4,1,H,2.88,3.4,2.3,3.11,3.48,2.39,2.65,3.64,2.67,1.8,2.0,1.71,2.23
2023-05-07,T1,2223,Konyaspor,Kayserispor,2,2,D,1.67,4.0,4.5,1.75,4.12,4.65,1.72,4.28,4.59,1.62,2.25,1.57,2.51
2023-05-07,T1,2223,Giresunspor,Fenerbahce,1,1,D,5.75,4.5,1.5,6.62,4.61,1.51,5.48,4.65,1.58,1.5,2.5,1.49,2.77
2023-05-07,T1,2223,Gaziantep,Karagumruk,0,3,A,,,,,,,,,,,,,
2023-05-07,T1,2223,Hatayspor,Istanbulspor,0,3,A,,,,,,,,,,,,,
2023-05-08,E0,2223,Fulham,Leicester,5,3,H,2.63,3.5,2.6,2.71,3.61,2.62,2.72,3.49,2.72,1.86,2.04,1.99,1.92
2023-05-08,E0,2223,Brighton,Everton,1,5,A,1.33,5.25,9.0,1.38,5.34,8.38,1.37,5.55,8.52,1.57,2.38,1.53,2.62
2023-05-08,E0,2223,Nott'm Forest,Southampton,4,3,H,2.1,3.6,3.4,2.17,3.6,3.45,2.03,3.61,3.93,2.03,1.87,2.16,1.75
2023-05-08,T1,2223,Galatasaray,Buyuksehyr,1,0,H,1.44,4.33,6.5,1.44,4.78,7.51,1.38,5.28,8.56,1.6,2.3,1.56,2.54
2023-05-08,T1,2223,Trabzonspor,Ankaragucu,2,0,H,1.75,3.6,4.2,1.83,3.88,4.32,2.06,3.66,3.7,1.7,2.1,1.75,2.16
2023-05-12,D1,2223,FC Koln,Hertha,5,2,H,1.85,3.75,4.0,1.9,3.86,4.19,1.93,3.91,3.97,1.84,2.06,1.76,2.18
2023-05-13,D1,2223,Bayern Munich,Schalke 04,6,0,H,1.13,10.0,17.0,1.14,10.41,17.11,1.14,9.5,18.5,1.22,4.33,,
2023-05-13,D1,2223,Bochum,Augsburg,3,2,H,2.1,3.6,3.3,2.19,3.61,3.39,2.32,3.72,3.11,1.86,2.04,1.74,2.2
2023-05-13,D1,2223,Ein Frankfurt,Mainz,3,0,H,2.1,3.6,3.3,2.13,3.73,3.45,2.11,3.77,3.53,1.73,2.1,1.69,2.29
2023-05-13,D1,2223,Union Berlin,Freiburg,4,2,H,2.2,3.2,3.5,2.23,3.19,3.76,2.12,3.18,4.23,2.38,1.57,2.66,1.53
2023-05-13,D1,2223,Wolfsburg,Hoffenheim,2,1,H,1.91,3.75,3.8,1.93,4.02,3.8,1.98,4.04,3.69,1.57,2.38,1.5,2.73
2023-05-13,D1,2223,Dortmund,M'gladbach,5,2,H,1.25,6.5,10.0,1.26,7.21,9.54,1.23,7.74,11.06,1.25,4.0,1.34,3.2
2023-05-13,E0,2223,Leeds,Newcastle,2,2,D,4.33,4.2,1.7,4.62,4.33,1.71,5.16,4.5,1.63,1.62,2.3,1.58,2.53
2023-05-13,E0,2223,Aston Villa,Tottenham,2,1,H,2.25,3.6,2.9,2.34,3.72,3.01,2.24,3.79,3.2,1.73,2.1,1.71,2.25
2023-05-13,E0,2223,Chelsea,Nott'm Forest,2,2,D,1.5,4.5,6.0,1.51,4.47,6.88,1.57,4.38,5.75,1.86,2.04,1.85,2.06
2023-05-13,E0,2223,Crystal Palace,Bournemouth,2,0,H,1.83,3.6,4.2,1.88,3.82,4.24,1.81,3.78,4.9,1.94,1.96,2.04,1.87
2023-05-13,E0,2223,Man United,Wolves,2,0,H,1.36,5.0,7.5,1.38,5.24,8.6,1.39,5.39,8.1,1.67,2.2,1.6,2.48
2023-05-13,E0,2223,Southampton,Fulham,0,2,A,2.75,3.3,2.5,2.84,3.56,2.54,2.74,3.57,2.65,1.91,1.99,1.93,1.98
2023-05-14,D1,2223,Stuttgart,Leverkusen,1,1,D,2.5,3.4,2.75,2.51,3.71,2.78,2.65,3.58,2.74,1.73,2.1,1.85,2.06
2023-05-14,D1,2223,RB Leipzig,Werder Bremen,2,1,H,1.25,6.5,10.0,1.26,6.76,10.27,1.24,7.25,11.5,1.4,3.0,1.37,3.17
2023-05-14,E0,2223,Brentford,West Ham,2,0,H,2.0,3.5,3.6,2.06,3.65,3.71,1.83,3.7,4.79,2.0,1.9,2.12,1.79
2023-05-14,E0,2223,Everton,Man City,0,3,A,9.0,4.75,1.36,8.95,5.45,1.36,8.35,5.27,1.39,1.67,2.2,1.65,2.35
2023-05-14,E0,2223,Arsenal,Brighton,0,3,A,1.73,4.2,4.2,1.78,4.36,4.21,1.74,4.39,4.48,1.53,2.5,1.48,2.74
2023-05-15,E0,2223,Leicester,Liverpool,0,3,A,5.25,4.33,1.57,4.99,4.74,1.61,4.63,4.27,1.74,1.5,2.63,1.51,2.63
2023-05-16,T1,2223,Sivasspor,Kasimpasa,1,2,A,1.95,3.5,3.8,1.96,3.72,4.0,1.97,3.77,3.9,1.7,2.1,1.67,2.31
2023-05-16,T1,2223,Alanyaspor,Konyaspor,0,3,A,2.4,3.6,2.7,2.4,3.93,2.81,2.41,3.69,2.93,1.57,2.35,1.66,2.31
2023-05-16,T1,2223,Istanbulspor,Galatasaray,0,2,A,9.0,6.0,1.29,8.99,6.18,1.31,10.6,6.58,1.26,1.33,3.4,1.33,3.4
2023-05-17,T1,2223,Buyuksehyr,Umraniyespor,1,1,D,1.65,3.8,4.75,1.71,4.24,4.79,2.13,3.84,3.36,1.7,2.1,1.65,2.33
2023-05-17,T1,2223,Ankaragucu,Antalyaspor,1,1,D,2.3,3.3,2.88,2.43,3.48,3.05,2.58,3.23,3.02,1.9,1.95,2.02,1.87
2023-05-17,T1,2223,Besiktas,Gaziantep,3,0,H,,,,,,,,,,,,,
2023-05-17,T1,2223,Giresunspor,Hatayspor,3,0,H,,,,,,,,,,,,,
2023-05-17,T1,2223,Karagumruk,Ad. Demirspor,2,3,A,3.0,3.75,2.05,3.14,4.15,2.13,3.52,4.6,1.89,1.4,2.88,1.31,3.66
2023-05-18,E0,2223,Newcastle,Brighton,4,1,H,2.0,3.8,3.5,2.06,3.95,3.44,1.8,4.2,4.33,1.62,2.3,1.57,2.54
2023-05-18,T1,2223,Fenerbahce,Trabzonspor,3,1,H,1.55,3.8,5.25,1.57,4.47,5.82,1.45,4.81,7.37,1.6,2.3,1.53,2.6
2023-05-19,D1,2223,Freiburg,Wolfsburg,2,0,H,2.0,3.8,3.4,2.04,3.83,3.69,2.23,3.79,3.22,1.67,2.2,1.67,2.32
2023-05-20,D1,2223,Hertha,Bochum,1,1,D,2.2,3.6,3.1,2.26,3.81,3.1,2.45,3.9,2.8,1.67,2.2,1.6,2.48
2023-05-20,D1,2223,Hoffenheim,Union Berlin,4,2,H,2.5,3.4,2.8,2.56,3.54,2.82,2.31,3.44,3.35,2.0,1.9,2.08,1.84
2023-05-20,D1,2223,Schalke 04,Ein Frankfurt,2,2,D,3.0,3.6,2.25,2.97,3.86,2.31,2.83,3.77,2.48,1.67,2.2,1.66,2.35
2023-05-20,D1,2223,Werder Bremen,FC Koln,1,1,D,2.6,3.6,2.55,2.58,3.88,2.62,2.52,3.85,2.73,1.67,2.2,1.66,2.34
2023-05-20,D1,2223,Bayern Munich,RB Leipzig,1,3,A,1.5,5.0,5.5,1.52,5.17,5.49,1.56,4.75,5.83,1.36,3.2,1.37,3.28
2023-05-20,E0,2223,Tottenham,Brentford,1,3,A,1.83,3.9,4.0,1.85,3.99,4.16,2.03,3.86,3.69,1.73,2.1,1.74,2.21
2023-05-20,E0,2223,Bournemouth,Man United,0,1,A,6.0,4.75,1.5,5.87,4.84,1.53,7.42,5.39,1.41,1.57,2.38,1.47,2.79
2023-05-20,E0,2223,Fulham,Crystal Palace,2,2,D,2.45,3.4,2.9,2.49,3.39,3.03,2.44,3.3,3.24,2.05,1.85,2.36,1.65
2023-05-20,E0,2223,Liverpool,Aston Villa,1,1,D,1.45,5.0,6.25,1.5,5.07,5.94,1.48,5.0,6.46,1.53,2.5,1.5,2.73
2023-05-20,E0,2223,Wolves,Everton,1,1,D,2.75,3.3,2.6,2.81,3.36,2.67,3.24,3.58,2.37,2.1,1.73,1.96,1.94
2023-05-20,E0,2223,Nott'm Forest,Arsenal,1,0,H,5.25,4.33,1.57,5.37,4.47,1.61,5.28,4.23,1.66,1.57,2.38,1.76,2.17
2023-05-20,T1,2223,Kasimpasa,Istanbulspor,1,0,H,1.8,3.6,3.6,1.86,4.14,3.98,1.83,4.13,4.15,1.5,2.5,1.55,2.59
2023-05-20,T1,2223,Galatasaray,Sivasspor,2,0,H,1.25,5.5,7.5,1.3,6.33,8.93,1.19,7.97,14.41,1.44,2.7,1.36,3.27
2023-05-20,T1,2223,Kayserispor,Alanyaspor,0,4,A,2.1,3.4,3.1,2.16,3.88,3.25,2.28,3.66,3.17,1.5,2.5,1.68,2.27
2023-05-21,D1,2223,Mainz,Stuttgart,1,4,A,2.5,3.5,2.7,2.58,3.66,2.72,2.78,3.48,2.67,1.73,2.1,1.83,2.07
2023-05-21,D1,2223,Augsburg,Dortmund,0,3,A,7.0,5.5,1.36,6.52,5.7,1.42,6.4,5.62,1.44,1.36,3.2,1.32,3.54
2023-05-21,D1,2223,Leverkusen,M'gladbach,2,2,D,1.45,5.25,5.75,1.49,5.24,5.97,1.3,6.15,10.21,1.44,2.75,1.42,2.98
2023-05-21,E0,2223,West Ham,Leeds,3,1,H,2.4,3.5,2.88,2.51,3.65,2.82,2.74,3.56,2.65,1.8,2.0,1.83,2.07
2023-05-21,E0,2223,Brighton,Southampton,3,1,H,1.22,7.0,11.0,1.23,6.99,12.43,1.21,7.65,13.5,1.4,3.0,1.33,3.43
2023-05-21,E0,2223,Man City,Chelsea,1,0,H,1.25,6.0,11.0,1.26,6.39,11.14,1.6,4.2,5.96,1.5,2.63,2.07,1.83
2023-05-21,T1,2223,Umraniyespor,Ankaragucu,1,2,A,,,,2.52,3.75,2.74,2.64,3.84,2.58,,,1.6,2.46
2023-05-21,T1,2223,Ad. Demirspor,Besiktas,1,4,A,,,,2.36,3.91,2.87,2.84,3.94,2.37,,,1.45,2.87
2023-05-21,T1,2223,Antalyaspor,Buyuksehyr,0,0,D,,,,2.21,3.49,3.47,1.8,3.81,4.71,,,1.89,2.0
2023-05-21,T1,2223,Gaziantep,Giresunspor,0,3,A,,,,,,,,,,,,,
2023-05-21,T1,2223,Hatayspor,Fenerbahce,0,3,A,,,,,,,,,,,,,
2023-05-22,E0,2223,Newcastle,Leicester,0,0,D,1.36,5.5,7.0,1.4,5.55,7.24,1.33,5.92,9.37,1.5,2.63,1.54,2.61
2023-05-22,T1,2223,Trabzonspor,Karagumruk,4,1,H,,,,1.63,4.45,5.05,1.53,5.09,5.51,,,1.32,3.14
2023-05-24,E0,2223,Brighton,Man City,1,1,D,4.0,4.33,1.75,3.93,4.39,1.83,3.8,4.24,1.91,1.53,2.5,1.49,2.73
2023-05-25,E0,2223,Man United,Chelsea,4,1,H,1.6,4.33,5.0,1.63,4.49,5.19,1.55,4.39,6.53,1.57,2.38,1.68,2.3
2023-05-27,D1,2223,Bochum,Leverkusen,3,0,H,3.25,4.0,2.0,3.31,4.22,2.02,4.48,4.62,1.71,1.44,2.75,1.43,2.99
2023-05-27,D1,2223,Dortmund,Mainz,2,2,D,1.14,8.5,15.0,1.15,9.75,14.9,1.22,7.75,12.0,1.22,4.33,1.32,3.35
2023-05-27,D1,2223,Ein Frankfurt,Freiburg,2,1,H,2.4,3.75,2.7,2.41,3.91,2.76,2.0,3.98,3.68,1.53,2.5,1.6,2.48
2023-05-27,D1,2223,FC Koln,Bayern Munich,1,2,A,7.5,6.0,1.3,7.82,6.29,1.32,5.94,5.44,1.49,1.29,3.75,1.34,3.46
2023-05-27,D1,2223,M'gladbach,Augsburg,2,0,H,2.2,3.8,3.0,2.19,3.83,3.16,1.98,3.97,3.66,1.5,2.63,1.43,2.94
2023-05-27,D1,2223,RB Leipzig,Schalke 04,4,2,H,1.6,4.5,4.75,1.63,4.74,4.7,1.57,5.0,5.18,1.36,3.2,1.33,3.45
2023-05-27,D1,2223,Stuttgart,Hoffenheim,1,1,D,1.57,4.75,5.0,1.61,4.68,4.92,1.55,4.85,5.77,1.44,2.75,1.49,2.74
2023-05-27,D1,2223,Union Berlin,Werder Bremen,1,0,H,1.44,4.75,7.0,1.43,4.82,7.44,1.5,4.72,6.6,1.67,2.2,1.63,2.39
2023-05-27,D1,2223,Wolfsburg,Hertha,1,2,A,1.36,5.25,8.0,1.33,6.05,8.12,1.24,7.01,11.14,1.4,3.0,1.31,3.49
2023-05-28,E0,2223,Arsenal,Wolves,5,0,H,1.36,5.25,8.0,1.38,5.51,7.66,1.28,6.28,9.77,1.44,2.75,1.37,3.14
2023-05-28,E0,2223,Aston Villa,Brighton,2,1,H,2.0,3.6,3.5,2.05,4.03,3.35,1.88,4.07,3.95,1.53,2.5,1.52,2.61
2023-05-28,E0,2223,Brentford,Man City,1,0,H,3.8,4.0,1.83,4.04,4.1,1.84,3.46,3.66,2.25,1.62,2.3,1.86,2.05
2023-05-28,E0,2223,Chelsea,Newcastle,1,1,D,2.9,3.5,2.38,2.89,3.74,2.38,2.76,3.82,2.48,1.73,2.1,1.56,2.56
2023-05-28,E0,2223,Crystal Palace,Nott'm Forest,1,1,D,1.67,4.0,5.0,1.68,4.28,4.8,1.62,4.19,5.75,1.67,2.2,1.83,2.06
2023-05-28,E0,2223,Everton,Bournemouth,1,0,H,1.5,4.5,6.5,1.5,4.63,6.54,1.65,4.26,5.31,1.67,2.2,1.74,2.17
2023-05-28,E0,2223,Leeds,Tottenham,1,4,A,2.75,3.8,2.3,2.81,3.93,2.36,2.8,3.95,2.39,1.5,2.63,1.55,2.54
2023-05-28,E0,2223,Leicester,West Ham,2,1,H,1.91,3.8,3.6,1.95,4.02,3.64,2.11,4.01,3.29,1.67,2.2,1.57,2.5
2023-05-28,E0,2223,Man United,Fulham,2,1,H,1.5,4.33,6.0,1.53,4.65,5.84,1.49,5.09,6.14,1.5,2.63,1.41,3.01
2023-05-28,E0,2223,Southampton,Liverpool,4,4,D,6.5,4.75,1.44,6.68,5.29,1.43,5.77,4.87,1.53,1.4,3.0,1.36,3.23
2023-05-30,T1,2223,Alanyaspor,Kasimpasa,1,3,A,2.1,3.75,3.0,2.3,3.82,3.02,2.28,3.7,3.14,1.44,2.7,1.61,2.42
2023-05-30,T1,2223,Ankaragucu,Galatasaray,1,4,A,5.25,4.75,1.45,5.78,5.1,1.51,5.03,4.49,1.64,1.36,3.1,1.47,2.79
2023-05-30,T1,2223,Buyuksehyr,Gaziantep,3,0,H,,,,,,,,,,,,,
2023-05-30,T1,2223,Fenerbahce,Antalyaspor,2,0,H,1.29,5.75,9.5,1.36,5.74,8.04,1.38,5.63,7.77,1.44,2.7,1.44,2.9
2023-05-30,T1,2223,Giresunspor,Trabzonspor,2,4,A,2.4,3.5,2.75,2.49,4.05,2.63,2.51,3.97,2.65,1.57,2.35,1.56,2.53
2023-05-30,T1,2223,Hatayspor,Umraniyespor,0,3,A,,,,,,,,,,,,,
2023-05-30,T1,2223,Istanbulspor,Ad. Demirspor,0,2,A,2.0,4.5,2.88,2.02,4.39,3.0,2.45,4.26,2.42,1.33,3.4,1.33,3.22
2023-05-30,T1,2223,Karagumruk,Kayserispor,2,0,H,1.95,4.0,3.2,2.0,4.47,3.27,2.3,4.18,2.82,1.36,3.1,1.41,3.03
2023-05-30,T1,2223,Sivasspor,Konyaspor,1,0,H,1.91,3.6,3.75,2.04,3.78,3.65,1.9,3.78,4.18,1.7,2.1,1.78,2.12
2023-06-03,T1,2223,Konyaspor,Karagumruk,1,1,D,1.85,4.33,3.4,1.9,4.72,3.43,1.72,4.57,4.34,1.36,3.1,1.49,2.71
2023-06-03,T1,2223,Ad. Demirspor,Buyuksehyr,2,3,A,1.73,3.8,4.0,1.79,4.26,4.24,1.55,5.01,5.4,1.5,2.5,1.38,3.19
2023-06-03,T1,2223,Antalyaspor,Hatayspor,3,0,H,,,,,,,,,,,,,
2023-06-03,T1,2223,Gaziantep,Istanbulspor,0,3,A,,,,,,,,,,,,,
2023-06-03,T1,2223,Kasimpasa,Besiktas,2,5,A,4.0,4.2,1.65,4.45,4.52,1.71,4.19,4.39,1.78,1.44,2.7,1.5,2.69
2023-06-03,T1,2223,Kayserispor,Ankaragucu,0,1,A,2.25,3.5,2.9,2.41,3.64,2.97,3.54,3.94,2.03,1.62,2.25,1.58,2.5
2023-06-03,T1,2223,Trabzonspor,Alanyaspor,5,1,H,1.5,4.5,5.5,1.52,4.98,5.8,1.38,5.98,7.26,1.44,2.7,1.29,3.79
2023-06-03,T1,2223,Umraniyespor,Giresunspor,0,1,A,2.45,3.75,2.55,2.46,3.95,2.72,2.6,4.24,2.45,1.44,2.7,1.42,2.97
2023-06-04,T1,2223,Galatasaray,Fenerbahce,3,0,H,2.0,3.6,3.3,2.07,3.74,3.58,2.07,3.94,3.43,1.62,2.25,1.5,2.71
2023-06-06,T1,2223,Karagumruk,Kasimpasa,3,0,H,2.1,4.0,2.8,2.23,4.32,2.87,2.54,4.14,2.55,1.33,3.4,1.42,3.0
2023-06-06,T1,2223,Sivasspor,Kayserispor,1,1,D,1.65,4.0,4.2,1.74,4.32,4.44,1.97,3.78,3.88,1.5,2.5,1.74,2.18
2023-06-06,T1,2223,Buyuksehyr,Trabzonspor,3,1,H,2.38,3.6,2.6,2.43,3.87,2.8,2.04,4.0,3.47,1.62,2.25,1.5,2.71
2023-06-07,T1,2223,Ankaragucu,Ad. Demirspor,1,2,A,2.15,4.0,2.7,2.26,4.16,2.9,2.39,4.41,2.5,1.36,3.1,1.32,3.37
2023-06-07,T1,2223,Besiktas,Konyaspor,3,3,D,1.36,5.5,6.5,1.4,5.41,7.56,1.32,5.95,8.11,1.44,2.7,1.32,3.4
2023-06-07,T1,2223,Fenerbahce,Gaziantep,3,0,H,,,,,,,,,,,,,
2023-06-07,T1,2223,Giresunspor,Antalyaspor,2,0,H,1.8,3.75,3.6,1.88,4.02,3.76,2.18,3.74,3.14,1.57,2.35,1.61,2.35
2023-06-07,T1,2223,Hatayspor,Galatasaray,0,3,A,,,,,,,,,,,,,
2023-06-07,T1,2223,Istanbulspor,Umraniyespor,4,0,H,1.45,4.5,5.25,1.49,4.67,6.02,1.37,5.38,7.65,1.44,2.7,1.48,2.66
2023-08-11,E0,2324,Burnley,Man City,0,3,A,8.0,5.5,1.33,8.58,5.51,1.37,9.62,5.81,1.33,1.67,2.2,1.65,2.35
2023-08-11,T1,2324,Trabzonspor,Antalyaspor,1,0,H,1.83,3.6,3.75,1.92,3.81,4.06,1.94,3.67,4.14,1.73,2.08,1.81,2.08
2023-08-12,E0,2324,Arsenal,Nott'm Forest,2,1,H,1.18,7.0,15.0,1.18,7.86,15.67,1.19,8.0,16.0,1.44,2.75,1.49,2.65
2023-08-12,E0,2324,Bournemouth,West Ham,1,1,D,2.7,3.4,2.55,2.7,3.47,2.71,2.75,3.6,2.63,1.9,2.0,1.76,2.18
2023-08-12,E0,2324,Brighton,Luton,4,1,H,1.33,5.5,9.0,1.33,5.65,9.61,1.27,6.36,11.36,1.62,2.3,1.56,2.54
2023-08-12,E0,2324,Everton,Fulham,0,1,A,2.2,3.4,3.3,2.27,3.45,3.35,2.39,3.32,3.3,2.01,1.89,2.23,1.72
2023-08-12,E0,2324,Sheffield United,Crystal Palace,0,1,A,3.0,3.3,2.38,3.28,3.22,2.43,3.98,3.22,2.17,2.2,1.67,2.59,1.56
2023-08-12,E0,2324,Newcastle,Aston Villa,5,1,H,1.75,3.75,4.6,1.77,3.92,4.77,1.68,4.2,5.29,1.73,2.1,1.72,2.23
2023-08-12,T1,2324,Kasimpasa,Ankaragucu,3,2,H,2.2,3.5,2.88,2.36,3.73,2.98,2.73,3.5,2.67,1.6,2.3,1.8,2.09
2023-08-12,T1,2324,Konyaspor,Istanbulspor,1,1,D,1.73,3.75,4.2,1.8,3.93,4.55,1.83,3.9,4.41,1.67,2.15,1.71,2.23
2023-08-12,T1,2324,Kayserispor,Galatasaray,0,0,D,4.75,4.0,1.6,5.15,4.41,1.64,5.65,4.75,1.55,1.57,2.35,1.5,2.7
2023-08-12,T1,2324,Pendikspor,Hatayspor,1,5,A,2.15,3.5,3.0,2.27,3.48,3.33,2.26,3.58,3.27,1.67,2.15,1.7,2.24
2023-08-13,E0,2324,Brentford,Tottenham,2,2,D,2.75,3.4,2.45,2.76,3.65,2.55,2.62,3.54,2.8,1.73,2.1,1.77,2.16
2023-08-13,E0,2324,Chelsea,Liverpool,1,1,D,2.9,3.4,2.38,2.97,3.64,2.4,3.21,3.89,2.2,1.67,2.2,1.53,2.66
2023-08-13,T1,2324,Sivasspor,Samsunspor,1,1,D,2.25,3.5,2.8,2.33,3.6,3.12,2.51,3.35,3.03,1.75,2.05,1.93,1.95
2023-08-13,T1,2324,Ad. Demirspor,Rizespor,2,1,H,1.55,4.0,5.25,1.6,4.61,5.34,1.62,4.63,5.09,1.53,2.4,1.45,2.85
2023-08-13,T1,2324,Fenerbahce,Gaziantep,2,1,H,1.3,5.25,8.0,1.33,6.04,8.69,1.25,6.82,11.09,1.44,2.7,1.42,2.95
2023-08-14,E0,2324,Man United,Wolves,1,0,H,1.33,5.5,9.0,1.32,5.79,9.66,1.27,6.3,12.25,1.62,2.3,1.63,2.38
2023-08-14,T1,2324,Alanyaspor,Buyuksehyr,2,0,H,2.7,3.5,2.38,2.83,3.58,2.49,2.93,3.44,2.53,1.73,2.08,1.95,1.93
2023-08-14,T1,2324,Karagumruk,Besiktas,0,1,A,4.33,4.0,1.65,4.53,4.58,1.67,5.49,4.51,1.6,1.44,2.7,1.63,2.38
2023-08-18,D1,2324,Werder Bremen,Bayern Munich,0,4,A,7.5,6.5,1.3,8.59,6.36,1.33,8.8,6.3,1.31,1.33,3.4,1.34,3.38
2023-08-18,E0,2324,Nott'm Forest,Sheffield United,2,1,H,1.95,3.4,4.0,1.97,3.48,4.37,1.94,3.51,4.48,2.2,1.67,2.27,1.7
2023-08-18,T1,2324,Antalyaspor,Konyaspor,1,1,D,2.15,3.4,3.0,2.3,3.61,3.16,2.05,3.6,3.79,1.85,2.0,1.96,1.93
2023-08-18,T1,2324,Istanbulspor,Kayserispor,1,1,D,2.5,3.4,2.6,2.67,3.55,2.69,2.51,3.6,2.85,1.7,2.1,1.69,2.25
2023-08-19,D1,2324,Augsburg,M'gladbach,4,4,D,2.7,3.6,2.45,2.74,3.78,2.51,2.92,3.72,2.43,1.62,2.3,1.67,2.33
2023-08-19,D1,2324,Hoffenheim,Freiburg,1,2,A,2.3,3.6,2.9,2.43,3.67,2.92,2.2,3.74,3.32,1.67,2.2,1.69,2.28
2023-08-19,D1,2324,Leverkusen,RB Leipzig,3,2,H,2.45,3.6,2.75,2.5,3.61,2.85,2.48,3.63,2.98,1.67,2.2,1.74,2.2
2023-08-19,D1,2324,Stuttgart,Bochum,5,0,H,1.65,4.33,4.5,1.7,4.25,4.78,1.78,4.16,4.52,1.62,2.3,1.67,2.33
2023-08-19,D1,2324,Wolfsburg,Heidenheim,2,0,H,1.6,4.2,5.25,1.62,4.49,5.24,1.66,4.42,5.16,1.62,2.3,1.6,2.49
2023-08-19,D1,2324,Dortmund,FC Koln,1,0,H,1.4,5.0,7.0,1.41,5.42,7.25,1.51,4.98,6.21,1.44,2.75,1.47,2.81
2023-08-19,E0,2324,Fulham,Brentford,0,3,A,2.7,3.3,2.63,2.76,3.43,2.67,2.87,3.22,2.75,1.96,1.94,2.19,1.75
2023-08-19,E0,2324,Liverpool,Bournemouth,3,1,H,1.2,7.0,13.0,1.23,7.14,11.46,1.2,8.25,13.0,1.33,3.4,1.33,3.48
2023-08-19,E0,2324,Wolves,Brighton,1,4,A,4.0,3.8,1.85,4.12,3.92,1.88,4.11,4.21,1.83,1.73,2.1,1.55,2.6
2023-08-19,E0,2324,Tottenham,Man United,2,0,H,2.8,3.6,2.38,2.85,3.82,2.41,3.07,3.87,2.28,1.57,2.38,1.54,2.61
2023-08-19,E0,2324,Man City,Newcastle,1,0,H,1.67,4.0,5.0,1.73,4.1,4.8,1.87,3.84,4.37,1.73,2.1,1.86,2.05
2023-08-19,T1,2324,Rizespor,Alanyaspor,0,0,D,2.3,3.4,2.8,2.48,3.61,2.86,2.08,3.78,3.54,1.67,2.15,1.69,2.26
2023-08-19,T1,2324,Galatasaray,Trabzonspor,2,0,H,1.6,3.8,5.25,1.64,4.55,4.98,1.76,4.14,4.51,1.5,2.5,1.56,2.53
2023-08-19,T1,2324,Hatayspor,Kasimpasa,0,0,D,2.38,3.6,2.63,2.49,3.6,2.87,2.63,3.43,2.85,1.57,2.35,1.8,2.13
2023-08-20,D1,2324,Union Berlin,Mainz,4,1,H,1.95,3.5,3.9,2.02,3.5,4.02,2.24,3.29,3.68,2.1,1.73,2.27,1.7
2023-08-20,D1,2324,Ein Frankfurt,Darmstadt,1,0,H,1.36,5.25,7.5,1.4,5.42,7.44,1.49,4.78,6.68,1.67,2.2,1.67,2.32
2023-08-20,E0,2324,Aston Villa,Everton,4,0,H,1.7,4.0,4.5,1.72,3.99,5.06,1.85,3.92,4.38,1.92,1.98,1.78,2.14
2023-08-20,E0,2324,West Ham,Chelsea,3,1,H,3.75,3.5,2.0,3.68,3.57,2.1,3.25,3.65,2.27,1.96,1.94,1.75,2.19
2023-08-20,T1,2324,Buyuksehyr,Karagumruk,0,2,A,1.62,4.0,5.0,1.68,4.31,4.95,1.93,3.65,4.25,1.65,2.2,1.98,1.91
2023-08-20,T1,2324,Besiktas,Pendikspor,1,1,D,1.25,5.5,10.0,1.24,6.75,11.71,1.28,6.31,10.07,1.44,2.7,1.43,2.93
2023-08-20,T1,2324,Gaziantep,Sivasspor,1,3,A,2.5,3.5,2.5,2.71,3.73,2.56,2.84,3.42,2.61,1.7,2.1,2.02,1.88
2023-08-21,E0,2324,Crystal Palace,Arsenal,0,1,A,5.5,4.0,1.6,5.73,4.12,1.63,4.51,3.53,1.93,1.94,1.96,2.12,1.79
2023-08-21,T1,2324,Ankaragucu,Ad. Demirspor,1,1,D,2.6,3.6,2.45,2.72,3.63,2.56,2.89,3.55,2.5,1.44,2.7,1.76,2.15
2023-08-21,T1,2324,Samsunspor,Fenerbahce,0,2,A,5.25,4.2,1.55,5.53,4.5,1.57,4.13,3.81,1.91,1.53,2.4,1.82,2.06
2023-08-25,D1,2324,RB Leipzig,Stuttgart,5,1,H,1.5,4.75,5.75,1.53,4.69,6.14,1.64,4.33,5.33,1.53,2.5,1.64,2.38
2023-08-25,E0,2324,Chelsea,Luton,3,0,H,1.29,5.5,11.0,1.3,6.08,10.68,1.27,6.25,12.5,1.67,2.2,1.63,2.4
2023-08-25,T1,2324,Konyaspor,Gaziantep,2,0,H,1.7,4.0,3.8,1.8,4.01,4.46,1.91,3.71,4.25,1.67,2.15,1.88,2.01
2023-08-26,D1,2324,Bochum,Dortmund,1,1,D,7.0,5.0,1.4,6.63,5.36,1.44,5.62,4.72,1.57,1.36,3.2,1.51,2.71
2023-08-26,D1,2324,Darmstadt,Union Berlin,1,4,A,4.0,3.3,1.95,3.94,3.42,2.08,4.17,3.42,2.04,2.1,1.73,2.24,1.71
2023-08-26,D1,2324,FC Koln,Wolfsburg,1,2,A,2.3,3.4,3.0,2.41,3.53,3.04,2.19,3.61,3.47,1.73,2.1,1.81,2.11
2023-08-26,D1,2324,Freiburg,Werder Bremen,1,0,H,1.7,3.75,4.75,1.72,4.15,4.76,1.77,4.1,4.67,1.67,2.2,1.65,2.38
2023-08-26,D1,2324,Heidenheim,Hoffenheim,2,3,A,3.0,3.6,2.25,2.96,3.81,2.34,3.15,3.83,2.26,1.67,2.2,1.59,2.5
2023-08-26,D1,2324,M'gladbach,Leverkusen,0,3,A,3.8,3.8,1.85,3.73,4.2,1.91,4.35,4.08,1.81,1.5,2.63,1.63,2.43
2023-08-26,E0,2324,Bournemouth,Tottenham,0,2,A,3.8,3.75,1.91,3.72,4.04,1.95,3.47,3.89,2.09,1.53,2.5,1.56,2.54
2023-08-26,E0,2324,Arsenal,Fulham,2,2,D,1.2,7.0,13.0,1.24,6.07,15.25,1.29,6.29,10.32,1.44,2.75,1.53,2.64
2023-08-26,E0,2324,Brentford,Crystal Palace,1,1,D,2.15,3.4,3.5,2.17,3.43,3.62,2.16,3.37,3.81,2.1,1.73,2.33,1.67
2023-08-26,E0,2324,Everton,Wolves,0,1,A,2.3,3.3,3.2,2.34,3.32,3.34,2.45,3.38,3.14,2.1,1.73,2.01,1.9
2023-08-26,E0,2324,Man United,Nott'm Forest,3,2,H,1.3,6.0,8.0,1.32,5.98,9.11,1.38,5.3,8.51,1.5,2.63,1.59,2.48
2023-08-26,E0,2324,Brighton,West Ham,1,3,A,1.53,4.75,5.25,1.54,4.74,5.81,1.5,4.95,6.25,1.5,2.63,1.49,2.73
2023-08-26,T1,2324,Kasimpasa,Pendikspor,1,1,D,1.7,3.75,4.2,1.79,3.85,4.71,2.1,3.66,3.57,1.6,2.3,1.8,2.09
2023-08-26,T1,2324,Trabzonspor,Rizespor,2,3,A,1.45,4.0,5.75,1.51,4.72,6.34,1.76,3.9,4.89,1.57,2.35,1.86,2.03
2023-08-26,T1,2324,Sivasspor,Antalyaspor,1,1,D,2.25,3.3,2.9,2.36,3.31,3.31,2.61,3.3,2.93,1.98,1.88,2.02,1.87
2023-08-27,D1,2324,Mainz,Ein Frankfurt,1,1,D,2.38,3.5,2.88,2.39,3.74,2.92,2.82,3.4,2.68,1.73,2.1,2.04,1.88
2023-08-27,D1,2324,Bayern Munich,Augsburg,3,1,H,1.08,12.0,19.0,1.09,14.24,22.48,1.11,11.5,23.0,1.2,4.5,,
2023-08-27,E0,2324,Burnley,Aston Villa,1,3,A,3.4,3.4,2.15,3.39,3.65,2.18,3.24,3.6,2.29,1.86,2.04,1.81,2.09
2023-08-27,E0,2324,Sheffield United,Man City,1,2,A,13.0,8.0,1.17,16.72,7.73,1.18,16.0,7.4,1.2,1.57,2.38,1.61,2.41
2023-08-27,E0,2324,Newcastle,Liverpool,1,2,A,2.2,3.75,3.0,2.2,3.95,3.13,2.24,3.93,3.11,1.5,2.63,1.57,2.54
2023-08-27,T1,2324,Karagumruk,Ankaragucu,1,1,D,2.15,3.5,2.88,2.38,3.47,3.13,2.48,3.38,3.05,1.65,2.2,1.86,2.04
2023-08-27,T1,2324,Kayserispor,Samsunspor,2,1,H,2.4,3.4,2.63,2.53,3.53,2.87,2.68,3.35,2.81,1.8,2.0,1.97,1.92
2023-08-27,T1,2324,Alanyaspor,Hatayspor,0,0,D,1.85,3.6,3.6,1.99,3.84,3.77,2.13,3.54,3.62,1.7,2.1,1.92,1.97
2023-09-01,D1,2324,Dortmund,Heidenheim,2,2,D,1.25,7.0,9.5,1.26,7.07,10.23,1.27,7.05,9.9,1.33,3.4,1.32,3.51
2023-09-01,E0,2324,Luton,West Ham,1,2,A,4.75,3.8,1.73,4.82,4.04,1.75,4.67,4.09,1.76,1.87,2.03,1.76,2.17
2023-09-01,T1,2324,Kasimpasa,Trabzonspor,1,5,A,2.75,3.6,2.25,3.03,3.6,2.38,2.96,3.55,2.45,1.75,2.05,1.92,1.97
2023-09-01,T1,2324,Rizespor,Karagumruk,1,0,H,2.05,3.5,3.1,1.76,4.1,3.34,1.76,4.13,3.31,1.73,2.08,2.04,1.85
2023-09-02,D1,2324,Augsburg,Bochum,2,2,D,2.0,3.75,3.75,2.09,3.67,3.61,2.25,3.68,3.26,1.73,2.1,1.74,2.2
2023-09-02,D1,2324,Hoffenheim,Wolfsburg,3,1,H,2.5,3.6,2.63,2.48,3.86,2.73,2.58,3.97,2.62,1.53,2.5,1.48,2.78
2023-09-02,D1,2324,Leverkusen,Darmstadt,5,1,H,1.2,7.0,12.0,1.2,7.79,13.72,1.22,7.25,13.0,1.4,3.0,1.45,2.86
2023-09-02,D1,2324,Stuttgart,Freiburg,5,0,H,2.2,3.5,3.2,2.18,3.79,3.28,2.35,3.64,3.11,1.73,2.1,1.78,2.15
2023-09-02,D1,2324,Werder Bremen,Mainz,4,0,H,2.63,3.5,2.55,2.76,3.55,2.61,2.73,3.51,2.7,1.73,2.1,1.85,2.06
2023-09-02,D1,2324,M'gladbach,Bayern Munich,1,2,A,8.5,5.75,1.3,7.93,6.61,1.31,10.0,7.2,1.26,1.25,4.0,,
2023-09-02,E0,2324,Sheffield United,Everton,2,2,D,2.9,3.25,2.5,3.06,3.27,2.53,3.21,3.42,2.39,2.2,1.67,2.05,1.87
2023-09-02,E0,2324,Brentford,Bournemouth,2,2,D,1.73,3.8,4.75,1.75,4.14,4.62,1.75,4.01,4.86,1.73,2.1,1.83,2.07
2023-09-02,E0,2324,Burnley,Tottenham,2,5,A,3.6,4.0,1.85,3.97,4.04,1.88,3.71,3.79,2.04,1.62,2.3,1.69,2.28
2023-09-02,E0,2324,Chelsea,Nott'm Forest,0,1,A,1.4,4.5,8.5,1.39,5.1,8.62,1.41,5.01,8.45,1.62,2.3,1.78,2.12
2023-09-02,E0,2324,Man City,Fulham,5,1,H,1.17,8.0,15.0,1.15,8.93,18.11,1.19,7.65,16.0,1.4,3.0,1.41,2.99
2023-09-02,E0,2324,Brighton,Newcastle,3,1,H,2.5,3.8,2.55,2.59,3.94,2.58,2.64,3.87,2.59,1.5,2.63,1.51,2.69
2023-09-02,T1,2324,Buyuksehyr,Konyaspor,0,1,A,2.2,3.4,2.88,2.4,3.53,3.05,2.27,3.48,3.34,2.03,1.83,2.06,1.83
2023-09-02,T1,2324,Pendikspor,Alanyaspor,1,1,D,2.25,3.5,2.75,2.38,3.63,3.02,2.78,3.53,2.6,1.7,2.1,1.78,2.12
2023-09-02,T1,2324,Antalyaspor,Kayserispor,1,1,D,1.91,3.8,3.3,1.94,3.87,3.91,1.83,3.85,4.47,1.8,2.0,1.85,2.05
2023-09-02,T1,2324,Gaziantep,Galatasaray,0,3,A,6.0,4.75,1.4,7.45,5.13,1.42,6.25,4.83,1.51,1.5,2.5,1.56,2.55
2023-09-03,D1,2324,Ein Frankfurt,FC Koln,1,1,D,2.1,3.4,3.5,2.18,3.49,3.54,2.17,3.48,3.66,1.97,1.93,2.0,1.91
2023-09-03,D1,2324,Union Berlin,RB Leipzig,0,3,A,3.4,3.25,2.2,3.24,3.48,2.31,3.58,3.77,2.09,1.97,1.93,1.72,2.23
2023-09-03,E0,2324,Crystal Palace,Wolves,3,2,H,1.91,3.3,4.33,1.97,3.5,4.25,1.9,3.61,4.54,2.2,1.67,2.08,1.84
2023-09-03,E0,2324,Liverpool,Aston Villa,3,0,H,1.65,4.5,4.5,1.68,4.61,4.6,1.65,4.67,5.02,1.4,3.0,1.42,3.01
2023-09-03,E0,2324,Arsenal,Man United,3,1,H,1.75,3.8,4.5,1.77,4.08,4.55,1.76,4.2,4.49,1.57,2.38,1.48,2.81
2023-09-03,T1,2324,Besiktas,Sivasspor,2,0,H,1.44,4.5,5.5,1.45,4.72,7.56,1.39,5.17,8.37,1.6,2.3,1.58,2.49
2023-09-03,T1,2324,Ankaragucu,Fenerbahce,0,1,A,4.2,4.0,1.67,5.03,4.08,1.7,4.52,3.95,1.8,1.6,2.3,1.77,2.14
2023-09-03,T1,2324,Hatayspor,Ad. Demirspor,3,3,D,3.0,4.0,2.0,3.45,3.62,2.16,3.55,3.89,2.04,1.53,2.4,1.62,2.4
2023-09-15,D1,2324,Bayern Munich,Leverkusen,2,2,D,1.65,4.5,4.5,1.65,4.7,4.78,1.61,4.55,5.38,1.36,3.2,1.41,3.06
2023-09-16,D1,2324,FC Koln,Hoffenheim,1,3,A,2.25,3.6,3.1,2.26,3.87,3.06,2.22,3.86,3.19,1.62,2.3,1.59,2.5
2023-09-16,D1,2324,Freiburg,Dortmund,2,4,A,3.1,3.8,2.1,3.16,3.86,2.21,2.97,3.82,2.36,1.5,2.63,1.52,2.67
2023-09-16,D1,2324,Mainz,Stuttgart,1,3,A,2.63,3.4,2.7,2.57,3.71,2.71,2.71,3.54,2.71,1.67,2.2,1.83,2.07
2023-09-16,D1,2324,RB Leipzig,Augsburg,3,0,H,1.25,7.0,10.0,1.24,7.19,11.19,1.27,6.75,10.25,1.36,3.2,1.39,3.15
2023-09-16,D1,2324,Wolfsburg,Union Berlin,2,1,H,2.25,3.4,3.2,2.27,3.55,3.27,2.23,3.35,3.63,1.96,1.94,2.16,1.77
2023-09-16,D1,2324,Bochum,Ein Frankfurt,1,1,D,2.88,3.6,2.38,2.95,3.63,2.42,2.93,3.4,2.59,1.73,2.1,2.07,1.85
2023-09-16,E0,2324,Wolves,Liverpool,1,3,A,6.0,5.0,1.45,6.66,4.98,1.47,4.58,4.46,1.71,1.44,2.75,1.53,2.64
2023-09-16,E0,2324,Aston Villa,Crystal Palace,3,1,H,1.91,3.6,4.0,1.93,3.76,4.1,1.98,3.66,4.08,1.89,2.01,1.94,1.96
2023-09-16,E0,2324,Fulham,Luton,1,0,H,1.67,3.75,5.5,1.68,4.03,5.31,1.69,3.82,5.68,1.89,2.01,2.18,1.75
2023-09-16,E0,2324,Man United,Brighton,1,3,A,2.15,4.0,2.88,2.25,4.02,2.99,2.07,3.9,3.53,1.44,2.75,1.49,2.75
2023-09-16,E0,2324,Tottenham,Sheffield United,2,1,H,1.29,5.5,11.0,1.29,6.08,10.21,1.3,6.31,9.4,1.5,2.63,1.41,3.02
2023-09-16,E0,2324,West Ham,Man City,1,3,A,7.0,4.5,1.45,6.58,4.7,1.5,5.49,4.3,1.63,1.62,2.3,1.75,2.17
2023-09-16,E0,2324,Newcastle,Brentford,1,0,H,1.53,4.2,6.0,1.54,4.47,6.3,1.66,4.17,5.43,1.67,2.2,1.78,2.13
2023-09-16,T1,2324,Kayserispor,Gaziantep,2,0,H,1.85,3.6,3.75,1.89,3.79,4.21,2.3,3.49,3.27,1.75,2.05,1.9,1.99
2023-09-16,T1,2324,Konyaspor,Rizespor,1,2,A,1.91,3.5,3.8,1.99,3.69,3.92,2.0,3.51,4.11,1.88,1.98,1.89,1.99
2023-09-16,T1,2324,Ad. Demirspor,Pendikspor,3,0,H,1.5,4.2,5.75,1.52,4.93,5.92,1.62,4.6,5.12,1.48,2.6,1.48,2.77
2023-09-16,T1,2324,Galatasaray,Samsunspor,4,2,H,1.33,5.0,7.5,1.34,5.78,8.87,1.4,5.38,8.02,1.44,2.7,1.55,2.6
2023-09-17,D1,2324,Heidenheim,Werder Bremen,4,2,H,2.3,4.0,2.7,2.39,3.88,2.85,2.33,3.87,2.99,1.62,2.3,1.66,2.35
2023-09-17,D1,2324,Darmstadt,M'gladbach,3,3,D,2.9,3.5,2.38,3.01,3.74,2.34,2.42,3.71,2.94,1.73,2.1,1.65,2.37
2023-09-17,E0,2324,Bournemouth,Chelsea,0,0,D,4.33,3.75,1.8,4.39,4.05,1.8,4.34,3.97,1.83,1.67,2.2,1.75,2.19
2023-09-17,E0,2324,Everton,Arsenal,0,1,A,6.0,4.5,1.5,6.3,4.54,1.53,6.0,4.3,1.59,1.67,2.2,1.75,2.17
2023-09-17,T1,2324,Fenerbahce,Antalyaspor,3,2,H,1.4,4.5,7.5,1.4,5.41,7.66,1.4,5.43,7.36,1.57,2.35,1.6,2.44
2023-09-17,T1,2324,Istanbulspor,Buyuksehyr,0,2,A,3.1,3.25,2.25,3.34,3.48,2.27,3.62,3.47,2.16,1.93,1.93,2.01,1.88
2023-09-17,T1,2324,Alanyaspor,Kasimpasa,3,3,D,2.05,3.4,3.3,2.09,3.67,3.56,1.95,3.6,4.17,1.7,2.1,1.88,2.02
2023-09-17,T1,2324,Trabzonspor,Besiktas,3,0,H,3.1,3.4,2.15,3.12,3.47,2.39,3.28,3.62,2.24,1.73,2.08,1.74,2.17
2023-09-18,E0,2324,Nott'm Forest,Burnley,1,1,D,2.2,3.5,3.25,2.23,3.58,3.33,2.14,3.51,3.69,1.92,1.98,2.08,1.89
2023-09-18,T1,2324,Karagumruk,Hatayspor,0,0,D,1.91,3.4,3.8,1.99,3.63,3.89,1.98,3.56,4.1,1.85,2.0,1.89,2.0
2023-09-18,T1,2324,Sivasspor,Ankaragucu,1,3,A,2.3,3.3,2.9,2.42,3.4,3.08,2.28,3.34,3.44,1.98,1.88,2.06,1.84
2023-09-22,D1,2324,Stuttgart,Darmstadt,3,1,H,1.36,4.5,8.0,1.4,5.24,8.18,1.39,5.25,8.29,1.57,2.38,1.56,2.58
2023-09-22,T1,2324,Gaziantep,Istanbulspor,2,0,H,1.83,3.6,4.2,1.88,3.91,4.12,1.85,3.94,4.27,1.73,2.08,1.74,2.18
2023-09-23,D1,2324,Augsburg,Mainz,2,1,H,2.55,3.5,2.63,2.61,3.7,2.68,2.56,3.52,2.88,1.67,2.2,1.88,2.03
2023-09-23,D1,2324,Bayern Munich,Bochum,7,0,H,1.11,10.0,19.0,1.1,12.85,20.11,1.12,10.5,21.0,1.22,4.33,,
2023-09-23,D1,2324,Dortmund,Wolfsburg,1,0,H,1.65,4.0,4.75,1.71,4.47,4.48,1.74,4.42,4.48,1.44,2.75,1.47,2.81
2023-09-23,D1,2324,M'gladbach,RB Leipzig,0,1,A,4.75,4.75,1.57,5.26,4.74,1.59,4.91,4.55,1.66,1.4,3.0,1.5,2.72
2023-09-23,D1,2324,Union Berlin,Hoffenheim,0,2,A,2.05,3.6,3.4,2.15,3.72,3.39,2.13,3.72,3.51,1.8,2.0,1.76,2.17
2023-09-23,D1,2324,Werder Bremen,FC Koln,2,1,H,2.5,3.6,2.6,2.56,3.69,2.74,2.38,3.69,3.02,1.73,2.1,1.72,2.23
2023-09-23,E0,2324,Crystal Palace,Fulham,0,0,D,1.91,3.4,4.2,1.99,3.54,4.11,2.1,3.39,3.97,2.0,1.8,2.24,1.72
2023-09-23,E0,2324,Luton,Wolves,1,1,D,3.25,3.4,2.2,3.26,3.47,2.31,3.28,3.31,2.41,2.02,1.88,2.18,1.79
2023-09-23,E0,2324,Man City,Nott'm Forest,2,0,H,1.14,8.5,15.0,1.15,9.04,17.91,1.17,8.5,18.0,1.4,3.0,1.51,2.66
2023-09-23,E0,2324,Brentford,Everton,1,3,A,1.8,3.8,4.2,1.81,3.8,4.67,1.95,3.53,4.4,1.95,1.95,2.14,1.78
2023-09-23,E0,2324,Burnley,Man United,0,1,A,4.2,4.2,1.73,4.28,4.31,1.77,4.32,4.0,1.83,1.62,2.3,1.73,2.21
2023-09-23,T1,2324,Pendikspor,Karagumruk,1,1,D,2.7,3.25,2.63,2.56,3.44,2.89,2.44,3.33,3.15,1.7,2.1,1.94,1.94
2023-09-23,T1,2324,Rizespor,Sivasspor,1,1,D,2.2,3.4,3.2,2.29,3.39,3.37,1.96,3.7,4.01,1.88,1.98,1.88,1.99
2023-09-23,T1,2324,Antalyaspor,Samsunspor,2,0,H,2.1,3.4,3.5,2.12,3.75,3.46,2.18,3.55,3.47,1.8,2.0,1.85,2.04
2023-09-23,T1,2324,Buyuksehyr,Galatasaray,1,2,A,4.5,3.6,1.8,4.44,3.86,1.83,4.24,3.75,1.9,1.73,2.08,1.83,2.06
2023-09-24,D1,2324,Leverkusen,Heidenheim,4,1,H,1.22,6.5,12.0,1.23,7.35,11.42,1.2,7.91,13.62,1.33,3.4,1.35,3.32
2023-09-24,D1,2324,Ein Frankfurt,Freiburg,0,0,D,2.05,3.6,3.4,2.16,3.66,3.42,2.22,3.52,3.47,1.87,2.03,2.0,1.9
2023-09-24,E0,2324,Arsenal,Tottenham,2,2,D,1.67,4.33,4.33,1.68,4.45,4.69,1.65,4.39,5.11,1.5,2.63,1.55,2.6
2023-09-24,E0,2324,Brighton,Bournemouth,3,1,H,1.36,5.25,7.5,1.41,5.08,7.9,1.52,4.97,5.9,1.36,3.2,1.46,2.85
2023-09-24,E0,2324,Chelsea,Aston Villa,0,1,A,1.91,3.75,3.8,1.93,3.9,3.93,1.91,3.93,4.1,1.73,2.1,1.72,2.21
2023-09-24,E0,2324,Liverpool,West Ham,3,1,H,1.4,5.0,7.0,1.4,5.67,7.21,1.39,5.64,7.61,1.4,3.0,1.41,3.08
2023-09-24,E0,2324,Sheffield United,Newcastle,0,8,A,7.0,4.75,1.44,7.05,4.98,1.45,6.05,4.39,1.57,1.67,2.2,1.85,2.06
2023-09-24,T1,2324,Ankaragucu,Konyaspor,1,1,D,2.3,3.25,3.1,2.4,3.58,3.01,2.51,3.43,2.97,1.88,1.98,1.93,1.96
2023-09-24,T1,2324,Besiktas,Kayserispor,2,1,H,1.36,4.75,8.5,1.4,5.2,8.13,1.37,5.4,8.72,1.53,2.4,1.52,2.62
2023-09-24,T1,2324,Alanyaspor,Fenerbahce,0,1,A,5.25,3.8,1.65,5.11,4.35,1.65,5.65,4.49,1.58,1.57,2.35,1.6,2.44
2023-09-24,T1,2324,Kasimpasa,Ad. Demirspor,2,1,H,3.2,3.5,2.15,3.2,3.83,2.2,3.51,4.14,1.99,1.5,2.5,1.5,2.7
2023-09-25,T1,2324,Hatayspor,Trabzonspor,3,2,H,3.2,3.4,2.25,3.05,3.68,2.3,3.42,3.57,2.2,1.73,2.08,1.9,1.99
2023-09-26,T1,2324,Istanbulspor,Galatasaray,0,1,A,9.5,5.25,1.3,9.13,5.73,1.34,10.0,6.12,1.29,1.4,2.88,1.43,2.89
2023-09-27,T1,2324,Ad. Demirspor,Besiktas,4,2,H,3.3,3.75,2.05,3.37,3.93,2.09,3.25,4.04,2.11,1.5,2.5,1.52,2.63
2023-09-28,T1,2324,Fenerbahce,Buyuksehyr,4,0,H,1.45,4.5,7.0,1.44,5.07,7.13,1.38,5.34,8.99,1.57,2.35,1.62,2.41
2023-09-29,D1,2324,Hoffenheim,Dortmund,1,3,A,3.1,4.0,2.05,3.15,4.16,2.12,3.12,4.15,2.17,1.4,3.0,1.39,3.17
2023-09-29,T1,2324,Samsunspor,Gaziantep,1,2,A,1.85,3.75,3.8,1.93,3.76,4.11,1.84,3.82,4.44,1.93,1.93,1.88,2.0
2023-09-30,D1,2324,Bochum,M'gladbach,1,3,A,2.3,3.75,2.9,2.32,3.88,2.96,2.27,3.77,3.15,1.57,2.38,1.65,2.38
2023-09-30,D1,2324,FC Koln,Stuttgart,0,2,A,2.88,3.5,2.38,2.89,3.64,2.46,2.86,3.58,2.55,1.67,2.2,1.75,2.18
2023-09-30,D1,2324,Heidenheim,Union Berlin,1,0,H,3.0,3.6,2.25,3.05,3.72,2.32,3.18,3.53,2.33,1.73,2.1,1.93,1.98
2023-09-30,D1,2324,Mainz,Leverkusen,0,3,A,5.75,4.5,1.53,5.85,4.72,1.54,5.25,4.52,1.63,1.53,2.5,1.58,2.5
2023-09-30,D1,2324,Wolfsburg,Ein Frankfurt,2,0,H,2.05,3.5,3.5,2.11,3.53,3.68,2.21,3.5,3.52,1.97,1.93,1.99,1.93
2023-09-30,D1,2324,RB Leipzig,Bayern Munich,2,2,D,3.4,4.2,1.91,3.73,4.2,1.91,4.11,4.5,1.79,1.4,3.0,1.4,3.12
2023-09-30,E0,2324,Aston Villa,Brighton,6,1,H,2.55,3.75,2.55,2.58,3.96,2.58,2.49,3.77,2.82,1.44,2.75,1.52,2.65
2023-09-30,E0,2324,Bournemouth,Arsenal,0,4,A,5.5,4.5,1.53,5.59,4.77,1.56,6.06,4.62,1.55,1.53,2.5,1.62,2.41
2023-09-30,E0,2324,Everton,Luton,1,2,A,1.57,3.8,6.5,1.62,3.94,6.24,1.67,3.93,5.7,2.05,1.85,2.05,1.87
2023-09-30,E0,2324,Man United,Crystal Palace,0,1,A,1.55,4.2,5.75,1.57,4.36,5.96,1.58,4.37,5.96,1.8,2.0,1.8,2.1
2023-09-30,E0,2324,Newcastle,Burnley,2,0,H,1.3,5.75,9.0,1.34,5.67,9.15,1.38,5.24,8.53,1.53,2.5,1.68,2.25
2023-09-30,E0,2324,West Ham,Sheffield United,2,0,H,1.45,4.5,7.0,1.44,4.94,7.44,1.48,4.79,7.0,1.67,2.2,1.72,2.21
2023-09-30,E0,2324,Wolves,Man City,2,1,H,8.0,5.75,1.33,9.61,5.75,1.33,8.61,5.19,1.39,1.53,2.5,1.71,2.24
2023-09-30,E0,2324,Tottenham,Liverpool,2,1,H,2.9,4.0,2.15,2.98,4.12,2.23,2.96,4.01,2.3,1.36,3.2,1.38,3.22
2023-09-30,T1,2324,Sivasspor,Hatayspor,0,0,D,2.0,3.6,3.4,2.08,3.57,3.74,2.18,3.48,3.54,1.95,1.9,1.97,1.92
2023-09-30,T1,2324,Istanbulspor,Antalyaspor,1,2,A,3.2,3.5,2.15,3.23,3.77,2.21,4.09,3.92,1.88,1.73,2.08,1.81,2.08
2023-09-30,T1,2324,Trabzonspor,Pendikspor,2,1,H,1.5,4.2,6.0,1.55,4.62,5.91,1.6,4.29,5.8,1.6,2.3,1.68,2.28
2023-09-30,T1,2324,Galatasaray,Ankaragucu,2,1,H,1.3,5.75,8.0,1.31,6.12,9.34,1.24,6.92,11.83,1.44,2.7,1.43,2.91
2023-10-01,D1,2324,Darmstadt,Werder Bremen,4,2,H,2.8,3.8,2.3,2.82,3.74,2.47,3.05,3.84,2.3,1.67,2.2,1.61,2.46
2023-10-01,D1,2324,Freiburg,Augsburg,2,0,H,1.73,4.0,4.75,1.73,4.19,4.68,1.93,3.71,4.26,1.67,2.2,1.96,1.94
2023-10-01,E0,2324,Nott'm Forest,Brentford,1,1,D,2.75,3.1,2.7,2.84,3.29,2.69,2.62,3.27,2.99,2.1,1.73,2.18,1.76
2023-10-01,T1,2324,Karagumruk,Kasimpasa,2,3,A,2.3,3.5,2.9,2.34,3.63,3.08,2.36,3.41,3.22,1.7,2.1,1.91,1.98
2023-10-01,T1,2324,Fenerbahce,Rizespor,5,0,H,1.36,5.0,8.0,1.34,5.83,8.54,1.26,6.55,10.67,1.53,2.4,1.46,2.8
2023-10-01,T1,2324,Ad. Demirspor,Alanyaspor,4,0,H,1.73,4.0,4.33,1.74,4.3,4.43,1.72,4.36,4.55,1.53,2.4,1.52,2.63
2023-10-01,T1,2324,Konyaspor,Besiktas,0,2,A,3.4,3.6,2.05,3.51,3.7,2.11,3.08,3.42,2.44,1.73,2.08,1.99,1.89
2023-10-02,E0,2324,Fulham,Chelsea,0,2,A,3.6,3.5,2.05,3.93,3.45,2.06,3.52,3.49,2.22,1.98,1.92,2.01,1.88
2023-10-02,T1,2324,Kayserispor,Buyuksehyr,0,0,D,2.55,3.3,2.7,2.6,3.39,2.83,2.61,3.38,2.86,1.9,1.95,2.03,1.87
2023-10-03,E0,2324,Luton,Burnley,1,2,A,2.9,3.0,2.63,2.94,3.23,2.65,2.95,3.22,2.69,2.2,1.65,2.29,1.69
2023-10-06,D1,2324,M'gladbach,Mainz,2,2,D,2.05,3.75,3.4,2.08,3.93,3.48,2.26,3.82,3.15,1.57,2.38,1.65,2.36
2023-10-06,T1,2324,Ad. Demirspor,Trabzonspor,1,0,H,1.95,3.3,3.5,2.06,3.94,3.46,2.02,3.91,3.6,1.48,2.6,1.55,2.57
2023-10-06,T1,2324,Alanyaspor,Karagumruk,2,1,H,2.2,3.0,3.2,2.31,3.37,3.35,2.42,3.39,3.13,2.03,1.83,2.0,1.89
2023-10-07,D1,2324,Augsburg,Darmstadt,1,2,A,1.85,3.75,4.0,1.92,3.9,3.98,1.85,3.75,4.66,1.67,2.2,1.93,2.02
2023-10-07,D1,2324,Dortmund,Union Berlin,4,2,H,1.57,4.33,5.25,1.61,4.51,5.28,1.71,4.17,4.97,1.62,2.3,1.7,2.26
2023-10-07,D1,2324,RB Leipzig,Bochum,0,0,D,1.25,6.0,11.0,1.25,6.87,10.85,1.26,6.66,11.62,1.36,3.2,1.47,2.79
2023-10-07,D1,2324,Stuttgart,Wolfsburg,3,1,H,2.0,3.5,3.75,2.01,3.8,3.73,1.88,3.97,4.16,1.67,2.2,1.69,2.28
2023-10-07,D1,2324,Werder Bremen,Hoffenheim,2,3,A,2.75,3.75,2.4,2.75,3.92,2.44,2.69,3.84,2.56,1.44,2.75,1.56,2.57
2023-10-07,E0,2324,Luton,Tottenham,0,1,A,6.0,4.75,1.45,6.91,4.98,1.46,6.8,5.15,1.45,1.53,2.4,1.51,2.68
2023-10-07,E0,2324,Burnley,Chelsea,1,4,A,4.5,3.8,1.73,4.58,3.98,1.78,5.2,4.07,1.69,1.85,2.05,1.88,2.02
2023-10-07,E0,2324,Everton,Bournemouth,3,0,H,1.91,3.6,3.8,1.99,3.71,3.88,1.93,3.78,4.18,1.85,2.05,1.88,2.03
2023-10-07,E0,2324,Fulham,Sheffield United,3,1,H,1.62,3.8,6.0,1.64,4.0,5.9,1.52,4.56,6.57,1.96,1.94,1.78,2.13
2023-10-07,E0,2324,Man United,Brentford,2,1,H,1.67,4.2,4.75,1.7,4.23,4.87,1.63,4.33,5.41,1.65,2.2,1.67,2.31
2023-10-07,E0,2324,Crystal Palace,Nott'm Forest,0,0,D,2.2,3.1,3.6,2.26,3.3,3.54,2.34,3.12,3.64,2.25,1.62,2.51,1.59
2023-10-07,T1,2324,Pendikspor,Sivasspor,2,3,A,2.5,3.4,2.45,2.74,3.47,2.67,2.63,3.21,2.98,1.8,2.0,2.14,1.76
2023-10-07,T1,2324,Ankaragucu,Kayserispor,3,0,H,2.1,3.2,3.4,2.15,3.67,3.44,2.27,3.47,3.33,1.8,2.0,1.82,2.07
2023-10-07,T1,2324,Antalyaspor,Galatasaray,0,2,A,5.25,3.5,1.62,4.94,4.21,1.69,4.71,4.09,1.74,1.62,2.25,1.64,2.35
2023-10-07,T1,2324,Buyuksehyr,Gaziantep,2,0,H,1.75,3.3,4.33,1.88,3.71,4.42,2.13,3.49,3.68,1.98,1.88,2.04,1.85
2023-10-08,D1,2324,Leverkusen,FC Koln,3,0,H,1.33,5.5,8.0,1.34,5.68,9.07,1.28,6.28,11.19,1.5,2.63,1.6,2.44
2023-10-08,D1,2324,Bayern Munich,Freiburg,3,0,H,1.14,8.5,17.0,1.16,9.23,14.64,1.12,11.0,21.0,1.29,3.75,,
2023-10-08,D1,2324,Ein Frankfurt,Heidenheim,2,0,H,1.7,4.0,4.75,1.74,4.12,4.7,1.83,3.9,4.56,1.73,2.1,1.83,2.07
2023-10-08,E0,2324,Brighton,Liverpool,2,2,D,3.0,3.8,2.2,3.14,4.02,2.17,3.26,4.19,2.1,1.36,3.1,1.35,3.4
2023-10-08,E0,2324,West Ham,Newcastle,2,2,D,3.2,3.75,2.1,3.41,3.79,2.12,3.58,3.73,2.11,1.7,2.1,1.79,2.13
2023-10-08,E0,2324,Wolves,Aston Villa,1,1,D,3.5,3.4,2.1,3.39,3.64,2.18,3.7,3.68,2.08,1.75,2.05,1.87,2.05
2023-10-08,E0,2324,Arsenal,Man City,1,0,H,2.9,3.3,2.4,2.99,3.49,2.46,3.0,3.39,2.56,1.75,2.05,2.05,1.86
2023-10-08,T1,2324,Rizespor,Samsunspor,1,0,H,2.1,3.2,3.3,2.17,3.68,3.34,2.7,3.47,2.71,1.88,1.98,1.99,1.9
2023-10-08,T1,2324,Besiktas,Istanbulspor,2,0,H,1.2,6.5,9.0,1.24,6.6,12.33,1.24,6.51,13.12,1.44,2.7,1.47,2.78
2023-10-08,T1,2324,Hatayspor,Konyaspor,3,1,H,2.5,3.3,2.55,2.77,3.17,2.85,2.54,3.16,3.15,2.1,1.7,2.26,1.69
2023-10-08,T1,2324,Kasimpasa,Fenerbahce,0,2,A,6.0,4.0,1.45,6.76,5.01,1.46,6.87,4.9,1.47,1.5,2.5,1.51,2.65
2023-10-20,D1,2324,Dortmund,Werder Bremen,1,0,H,1.29,6.5,8.0,1.3,6.69,8.63,1.28,6.77,9.51,1.29,3.75,1.32,3.5
2023-10-21,D1,2324,Darmstadt,RB Leipzig,1,3,A,6.5,4.75,1.44,6.38,5.09,1.47,6.59,5.1,1.47,1.53,2.5,1.54,2.62
2023-10-21,D1,2324,Freiburg,Bochum,2,1,H,1.7,3.75,5.0,1.76,4.02,4.73,1.81,3.91,4.61,1.73,2.1,1.8,2.12
2023-10-21,D1,2324,Hoffenheim,Ein Frankfurt,1,3,A,2.1,3.5,3.4,2.15,3.72,3.4,2.06,3.65,3.79,1.67,2.2,1.84,2.06
2023-10-21,D1,2324,Union Berlin,Stuttgart,0,3,A,2.5,3.5,2.7,2.56,3.58,2.79,2.61,3.37,2.92,1.8,2.0,2.08,1.84
2023-10-21,D1,2324,Wolfsburg,Leverkusen,1,2,A,4.33,4.0,1.75,4.52,4.2,1.75,4.47,4.11,1.79,1.57,2.38,1.65,2.36
2023-10-21,D1,2324,Mainz,Bayern Munich,1,3,A,9.0,6.0,1.29,9.99,6.69,1.27,8.78,6.24,1.32,1.3,3.5,1.39,3.24
2023-10-21,E0,2324,Liverpool,Everton,2,0,H,1.33,5.75,7.5,1.37,5.77,7.65,1.4,5.5,7.4,1.4,2.88,1.41,3.07
2023-10-21,E0,2324,Bournemouth,Wolves,1,2,A,2.38,3.4,3.0,2.45,3.49,3.01,2.31,3.46,3.32,1.85,2.05,1.95,1.95
2023-10-21,E0,2324,Brentford,Burnley,3,0,H,1.83,3.75,4.2,1.87,3.77,4.37,1.74,3.9,5.09,1.95,1.95,1.93,1.98
2023-10-21,E0,2324,Man City,Brighton,2,1,H,1.4,5.25,6.5,1.42,5.45,6.93,1.36,5.69,7.74,1.36,3.1,1.38,3.19
2023-10-21,E0,2324,Newcastle,Crystal Palace,4,0,H,1.45,4.5,7.0,1.46,4.63,7.7,1.48,4.49,7.68,1.85,2.05,2.04,1.87
2023-10-21,E0,2324,Nott'm Forest,Luton,2,2,D,1.67,3.75,5.5,1.7,3.89,5.43,1.76,3.65,5.39,2.08,1.82,2.18,1.78
2023-10-21,E0,2324,Chelsea,Arsenal,2,2,D,3.2,3.4,2.25,3.33,3.5,2.26,3.35,3.44,2.31,1.98,1.92,2.04,1.88
2023-10-21,E0,2324,Sheffield United,Man United,1,2,A,6.5,5.25,1.4,7.57,5.24,1.41,7.8,5.6,1.38,1.53,2.4,1.47,2.83
2023-10-21,T1,2324,Kayserispor,Rizespor,3,1,H,2.3,3.3,2.9,2.28,3.33,3.17,2.18,3.53,3.5,1.98,1.88,1.93,1.95
2023-10-21,T1,2324,Gaziantep,Antalyaspor,1,0,H,2.6,3.2,2.5,2.84,3.23,2.74,2.66,3.25,2.91,2.03,1.83,2.06,1.84
2023-10-21,T1,2324,Konyaspor,Pendikspor,1,2,A,1.67,3.75,4.5,1.78,3.82,4.82,1.97,3.53,4.19,1.95,1.9,2.03,1.86
2023-10-21,T1,2324,Galatasaray,Besiktas,2,1,H,1.6,4.0,4.75,1.64,4.44,5.11,1.69,4.4,4.73,1.57,2.35,1.57,2.51
2023-10-22,D1,2324,FC Koln,M'gladbach,3,1,H,2.4,3.6,2.88,2.37,3.77,2.93,2.52,3.67,2.85,1.57,2.38,1.69,2.29
2023-10-22,D1,2324,Heidenheim,Augsburg,2,5,A,2.45,3.5,2.8,2.42,3.69,2.91,2.45,3.6,2.97,1.73,2.1,1.83,2.07
2023-10-22,E0,2324,Aston Villa,West Ham,4,1,H,1.85,3.6,4.0,1.9,3.93,4.01,1.79,4.02,4.54,1.57,2.35,1.67,2.32
2023-10-22,T1,2324,Sivasspor,Kasimpasa,0,1,A,2.15,3.4,3.1,2.28,3.57,3.24,1.95,3.8,3.94,1.85,2.0,1.78,2.13
2023-10-22,T1,2324,Istanbulspor,Ankaragucu,2,1,H,3.0,3.4,2.15,3.32,3.59,2.22,3.49,3.64,2.14,1.75,2.05,1.85,2.05
2023-10-22,T1,2324,Fenerbahce,Hatayspor,4,2,H,1.22,6.0,9.0,1.22,7.29,12.61,1.16,8.59,17.77,1.44,2.7,1.4,3.04
2023-10-22,T1,2324,Samsunspor,Buyuksehyr,0,0,D,2.3,3.3,2.9,2.48,3.44,2.99,2.29,3.37,3.39,1.95,1.9,2.05,1.85
2023-10-23,E0,2324,Tottenham,Fulham,2,0,H,1.5,4.5,6.0,1.51,4.85,6.06,1.52,4.72,6.13,1.5,2.5,1.52,2.66
2023-10-23,T1,2324,Karagumruk,Ad. Demirspor,2,0,H,3.25,3.75,2.0,3.49,3.88,2.04,3.26,3.79,2.18,1.53,2.4,1.65,2.33
2023-10-23,T1,2324,Trabzonspor,Alanyaspor,1,0,H,1.62,4.0,4.75,1.65,4.24,5.08,1.74,3.95,4.95,1.67,2.15,1.8,2.09
2023-10-27,D1,2324,Bochum,Mainz,2,2,D,2.7,3.3,2.55,2.78,3.57,2.57,2.85,3.52,2.55,1.73,2.1,1.8,2.11
2023-10-27,E0,2324,Crystal Palace,Tottenham,1,2,A,4.5,3.75,1.75,4.7,3.84,1.79,4.58,3.85,1.81,1.94,1.96,1.93,1.98
2023-10-27,T1,2324,Hatayspor,Kayserispor,1,2,A,2.2,3.4,3.1,2.29,3.46,3.3,2.49,3.42,3.01,1.88,1.98,1.9,1.99
2023-10-27,T1,2324,Kasimpasa,Istanbulspor,3,1,H,1.75,3.75,4.33,1.81,4.08,4.29,1.96,3.71,3.99,1.62,2.25,1.81,2.08
2023-10-28,D1,2324,Augsburg,Wolfsburg,3,2,H,2.9,3.5,2.38,2.91,3.67,2.4,2.54,3.62,2.8,1.73,2.1,1.69,2.28
2023-10-28,D1,2324,Bayern Munich,Darmstadt,8,0,H,1.06,12.0,26.0,1.07,16.22,27.11,1.06,17.61,32.15,1.17,5.0,,
2023-10-28,D1,2324,M'gladbach,Heidenheim,2,1,H,1.8,4.0,4.0,1.8,4.26,4.16,1.69,4.44,4.7,1.5,2.63,1.51,2.73
2023-10-28,D1,2324,Stuttgart,Hoffenheim,2,3,A,1.85,4.0,3.8,1.88,4.15,3.82,1.67,4.43,4.84,1.5,2.63,1.54,2.58
2023-10-28,D1,2324,Werder Bremen,Union Berlin,2,0,H,2.7,3.3,2.6,2.73,3.61,2.6,2.86,3.53,2.53,1.8,2.0,1.83,2.08
2023-10-28,D1,2324,RB Leipzig,FC Koln,6,0,H,1.44,4.75,7.0,1.44,5.05,7.18,1.49,4.78,6.56,1.57,2.38,1.59,2.47
2023-10-28,E0,2324,Chelsea,Brentford,0,2,A,1.65,4.0,5.25,1.66,4.15,5.32,1.65,4.05,5.6,1.8,2.0,1.87,2.04
2023-10-28,E0,2324,Arsenal,Sheffield United,5,0,H,1.13,8.5,19.0,1.13,10.16,21.31,1.13,9.5,21.0,1.36,3.1,1.36,3.21
2023-10-28,E0,2324,Bournemouth,Burnley,2,1,H,2.15,3.5,3.3,2.1,3.76,3.49,2.13,3.65,3.51,1.75,2.05,1.83,2.07
2023-10-28,E0,2324,Wolves,Newcastle,2,2,D,4.2,4.0,1.75,4.22,3.99,1.84,4.11,3.75,1.93,1.75,2.05,1.91,2.0
2023-10-28,T1,2324,Alanyaspor,Sivasspor,1,2,A,2.1,3.5,3.4,2.17,3.63,3.43,2.26,3.34,3.49,1.83,2.03,2.0,1.88
2023-10-28,T1,2324,Ad. Demirspor,Konyaspor,3,0,H,1.62,4.0,5.0,1.7,4.34,4.69,1.83,3.99,4.27,1.57,2.35,1.67,2.31
2023-10-28,T1,2324,Rizespor,Galatasaray,0,1,A,6.0,4.33,1.53,5.88,4.68,1.54,7.86,5.37,1.39,1.53,2.4,1.49,2.71
2023-10-29,D1,2324,Ein Frankfurt,Dortmund,3,3,D,3.4,3.4,2.15,3.31,3.73,2.18,3.14,3.7,2.28,1.67,2.2,1.68,2.3
2023-10-29,D1,2324,Leverkusen,Freiburg,2,1,H,1.29,5.5,11.0,1.29,6.08,10.27,1.24,6.67,12.56,1.5,2.63,1.45,2.83
2023-10-29,E0,2324,West Ham,Everton,0,1,A,2.15,3.5,3.3,2.18,3.62,3.41,2.08,3.7,3.62,1.73,2.08,1.77,2.16
2023-10-29,E0,2324,Aston Villa,Luton,3,1,H,1.25,6.5,9.5,1.28,6.23,10.8,1.34,5.85,8.55,1.48,2.6,1.47,2.8
2023-10-29,E0,2324,Brighton,Fulham,1,1,D,1.55,4.2,5.5,1.59,4.65,5.36,1.64,4.32,5.29,1.5,2.5,1.68,2.29
2023-10-29,E0,2324,Liverpool,Nott'm Forest,3,0,H,1.29,5.75,11.0,1.27,6.51,10.09,1.22,7.31,12.08,1.4,2.88,1.44,2.87
2023-10-29,E0,2324,Man United,Man City,0,3,A,5.0,3.8,1.67,5.16,4.07,1.69,5.6,4.3,1.61,1.7,2.1,1.7,2.26
2023-10-29,T1,2324,Karagumruk,Trabzonspor,0,0,D,2.9,3.6,2.3,3.07,3.51,2.4,3.22,3.22,2.46,1.75,2.05,2.13,1.78
2023-10-29,T1,2324,Ankaragucu,Samsunspor,2,0,H,2.3,3.4,2.88,2.39,3.51,3.07,2.7,3.32,2.82,1.85,2.0,2.02,1.88
2023-10-29,T1,2324,Antalyaspor,Buyuksehyr,1,0,H,2.2,3.4,3.25,2.25,3.35,3.47,2.11,3.35,3.89,2.08,1.73,2.13,1.77
2023-10-29,T1,2324,Pendikspor,Fenerbahce,0,5,A,8.0,5.5,1.3,9.36,6.08,1.32,10.56,6.22,1.28,1.44,2.7,1.47,2.75
2023-10-30,T1,2324,Besiktas,Gaziantep,2,0,H,1.4,4.5,7.5,1.38,5.21,8.18,1.56,4.38,6.25,1.57,2.35,1.68,2.27
2023-11-03,D1,2324,Darmstadt,Bochum,1,2,A,2.3,3.75,2.88,2.41,3.61,2.98,2.37,3.53,3.1,1.67,2.2,1.81,2.06
2023-11-03,T1,2324,Galatasaray,Kasimpasa,2,1,H,1.18,8.0,11.0,1.21,7.89,11.86,1.21,7.69,12.12,1.25,4.0,1.27,3.91
2023-11-04,D1,2324,FC Koln,Augsburg,1,1,D,2.3,3.6,2.9,2.32,3.75,2.97,2.05,3.89,3.52,1.62,2.3,1.65,2.34
2023-11-04,D1,2324,Freiburg,M'gladbach,3,3,D,2.1,3.8,3.2,2.08,4.0,3.31,2.03,3.85,3.64,1.57,2.38,1.68,2.31
2023-11-04,D1,2324,Hoffenheim,Leverkusen,2,3,A,5.0,4.5,1.57,4.92,4.9,1.59,5.53,5.01,1.53,1.33,3.4,1.38,3.22
2023-11-04,D1,2324,Mainz,RB Leipzig,2,0,H,5.75,4.2,1.6,5.42,4.56,1.58,4.57,4.04,1.78,1.62,2.3,1.7,2.26
2023-11-04,D1,2324,Union Berlin,Ein Frankfurt,0,3,A,2.55,3.1,2.9,2.57,3.21,3.01,2.54,3.26,3.06,2.0,1.8,2.13,1.79
2023-11-04,D1,2324,Dortmund,Bayern Munich,0,4,A,4.0,4.33,1.75,3.77,4.42,1.84,3.91,4.53,1.81,1.33,3.4,1.34,3.46
2023-11-04,E0,2324,Fulham,Man United,0,1,A,3.2,3.6,2.2,3.22,3.68,2.22,3.03,3.59,2.38,1.75,2.05,1.81,2.1
2023-11-04,E0,2324,Brentford,West Ham,3,2,H,2.05,3.6,3.5,2.07,3.74,3.52,2.16,3.71,3.39,1.73,2.08,1.73,2.22
2023-11-04,E0,2324,Burnley,Crystal Palace,0,2,A,2.75,3.25,2.6,2.89,3.24,2.65,3.53,3.21,2.31,2.2,1.65,2.48,1.6
2023-11-04,E0,2324,Everton,Brighton,1,1,D,3.1,3.6,2.2,3.1,3.87,2.21,2.86,3.52,2.54,1.57,2.35,1.76,2.18
2023-11-04,E0,2324,Man City,Bournemouth,6,1,H,1.1,11.0,19.0,1.08,12.84,29.22,1.09,11.5,28.5,1.29,3.6,1.32,3.58
2023-11-04,E0,2324,Sheffield United,Wolves,2,1,H,3.8,3.5,2.0,3.91,3.68,1.97,4.35,3.76,1.87,1.91,1.99,1.92,1.98
2023-11-04,E0,2324,Newcastle,Arsenal,1,0,H,2.8,3.2,2.6,2.83,3.41,2.59,2.84,3.23,2.73,1.95,1.95,2.17,1.76
2023-11-04,T1,2324,Istanbulspor,Pendikspor,2,4,A,2.5,3.4,2.75,2.46,3.58,2.93,2.67,3.53,2.7,1.7,2.1,1.88,2.02
2023-11-04,T1,2324,Samsunspor,Hatayspor,2,1,H,2.2,3.4,3.2,2.21,3.41,3.54,1.97,3.67,4.0,1.98,1.88,1.99,1.9
2023-11-04,T1,2324,Fenerbahce,Trabzonspor,2,3,A,1.33,4.75,8.5,1.35,5.58,9.05,1.4,5.3,7.93,1.53,2.4,1.56,2.55
2023-11-05,D1,2324,Wolfsburg,Werder Bremen,2,2,D,1.7,4.33,4.33,1.74,4.29,4.37,1.75,4.31,4.39,1.44,2.75,1.5,2.74
2023-11-05,D1,2324,Heidenheim,Stuttgart,2,0,H,4.5,4.33,1.65,4.59,4.39,1.69,5.3,4.25,1.65,1.5,2.63,1.73,2.22
2023-11-05,E0,2324,Nott'm Forest,Aston Villa,2,0,H,4.2,3.75,1.85,4.17,3.76,1.89,3.93,3.81,1.95,1.73,2.08,1.74,2.2
2023-11-05,E0,2324,Luton,Liverpool,1,1,D,12.0,6.5,1.22,11.23,6.76,1.24,15.0,8.5,1.18,1.36,3.1,1.36,3.28
2023-11-05,T1,2324,Sivasspor,Ad. Demirspor,1,1,D,3.0,3.4,2.3,3.04,3.75,2.31,2.73,3.7,2.56,1.6,2.3,1.67,2.29
2023-11-05,T1,2324,Buyuksehyr,Ankaragucu,3,3,D,2.05,3.5,3.3,2.2,3.41,3.58,2.21,3.36,3.59,2.03,1.83,2.07,1.83
2023-11-05,T1,2324,Konyaspor,Karagumruk,1,1,D,2.1,3.4,3.3,2.15,3.53,3.58,2.06,3.42,3.98,1.98,1.88,2.11,1.79
2023-11-05,T1,2324,Antalyaspor,Besiktas,3,2,H,3.2,3.4,2.15,3.26,3.56,2.27,2.55,3.52,2.85,1.88,1.98,1.91,1.98
2023-11-06,E0,2324,Tottenham,Chelsea,1,4,A,2.0,3.75,3.5,2.14,3.73,3.34,2.37,3.65,3.0,1.7,2.1,1.71,2.25
2023-11-06,T1,2324,Gaziantep,Rizespor,2,0,H,2.25,3.3,3.1,2.31,3.47,3.2,2.2,3.33,3.66,1.93,1.93,2.08,1.82
2023-11-06,T1,2324,Kayserispor,Alanyaspor,1,0,H,2.05,3.5,3.5,2.16,3.49,3.52,1.96,3.6,4.15,1.75,2.05,1.8,2.09
2023-11-08,T1,2324,Samsunspor,Istanbulspor,2,1,H,1.91,3.6,3.5,1.9,3.81,4.1,1.75,4.03,4.79,1.75,2.05,1.76,2.15
2023-11-10,D1,2324,M'gladbach,Wolfsburg,4,0,H,2.3,3.8,2.7,2.41,3.75,2.89,2.36,3.9,2.87,1.53,2.5,1.52,2.66
2023-11-10,T1,2324,Ankaragucu,Antalyaspor,0,4,A,2.38,3.2,2.88,2.54,3.36,2.98,2.47,3.33,3.1,2.03,1.83,2.06,1.84
2023-11-10,T1,2324,Trabzonspor,Konyaspor,2,1,H,1.65,3.75,5.0,1.68,3.99,5.48,1.62,4.04,6.11,1.88,1.98,1.94,1.94
2023-11-11,D1,2324,Augsburg,Hoffenheim,1,1,D,2.63,3.6,2.55,2.62,3.92,2.52,2.43,3.86,2.8,1.5,2.63,1.48,2.79
2023-11-11,D1,2324,Bayern Munich,Heidenheim,4,2,H,1.06,17.0,21.0,1.06,18.13,28.2,1.11,12.0,19.0,1.17,5.0,,
2023-11-11,D1,2324,Darmstadt,Mainz,0,0,D,3.1,3.5,2.25,3.04,3.72,2.3,3.28,3.48,2.3,1.67,2.2,1.92,1.99
2023-11-11,D1,2324,Stuttgart,Dortmund,2,1,H,2.55,3.75,2.55,2.61,3.85,2.56,2.49,3.84,2.74,1.44,2.75,1.55,2.6
2023-11-11,D1,2324,Bochum,FC Koln,1,1,D,2.45,3.4,2.88,2.46,3.7,2.81,2.59,3.61,2.75,1.67,2.2,1.72,2.23
2023-11-11,E0,2324,Wolves,Tottenham,2,1,H,3.1,3.75,2.2,3.11,3.78,2.23,3.13,3.62,2.31,1.62,2.25,1.85,2.06
2023-11-11,E0,2324,Arsenal,Burnley,3,1,H,1.18,7.0,17.0,1.19,7.47,14.74,1.19,7.49,16.59,1.48,2.6,1.66,2.31
2023-11-11,E0,2324,Crystal Palace,Everton,2,3,A,2.45,3.2,3.0,2.45,3.2,3.19,2.71,3.12,2.96,2.25,1.62,2.51,1.58
2023-11-11,E0,2324,Man United,Luton,1,0,H,1.33,5.25,9.5,1.31,5.86,9.36,1.29,6.14,10.06,1.53,2.4,1.47,2.76
2023-11-11,E0,2324,Bournemouth,Newcastle,2,0,H,4.75,4.0,1.73,4.52,4.06,1.76,3.9,3.76,1.97,1.7,2.1,1.83,2.06
2023-11-11,T1,2324,Kasimpasa,Kayserispor,3,4,A,2.15,3.6,2.8,2.32,3.66,3.09,2.33,3.71,3.04,1.73,2.08,1.64,2.37
2023-11-11,T1,2324,Alanyaspor,Gaziantep,0,3,A,2.2,3.4,3.2,2.29,3.55,3.24,2.34,3.29,3.37,1.85,2.0,2.09,1.8
2023-11-11,T1,2324,Karagumruk,Sivasspor,3,0,H,2.15,3.3,3.25,2.25,3.4,3.44,2.22,3.42,3.51,2.05,1.8,2.08,1.83
2023-11-11,T1,2324,Hatayspor,Galatasaray,2,1,H,6.0,5.0,1.4,6.95,5.17,1.44,6.54,5.14,1.46,1.5,2.5,1.46,2.83
2023-11-12,D1,2324,Leverkusen,Union Berlin,4,0,H,1.29,6.0,9.0,1.29,6.09,10.4,1.35,5.56,9.04,1.57,2.38,1.62,2.41
2023-11-12,D1,2324,Werder Bremen,Ein Frankfurt,2,2,D,3.1,3.4,2.3,3.01,3.6,2.36,2.73,3.55,2.61,1.73,2.1,1.72,2.23
2023-11-12,D1,2324,RB Leipzig,Freiburg,3,1,H,1.44,5.0,6.5,1.46,4.96,6.59,1.47,4.92,6.67,1.57,2.38,1.56,2.56
2023-11-12,E0,2324,Aston Villa,Fulham,3,1,H,1.57,4.2,5.5,1.6,4.27,5.67,1.64,4.22,5.4,1.7,2.1,1.75,2.18
2023-11-12,E0,2324,Brighton,Sheffield United,1,1,D,1.25,5.75,13.0,1.24,6.8,11.28,1.27,6.23,11.19,1.4,2.88,1.51,2.64
2023-11-12,E0,2324,Liverpool,Brentford,3,0,H,1.4,5.0,6.5,1.41,5.26,7.17,1.4,5.51,7.48,1.44,2.7,1.44,2.92
2023-11-12,E0,2324,West Ham,Nott'm Forest,3,2,H,1.85,3.6,4.0,1.89,3.79,4.1,1.81,3.84,4.59,1.75,2.05,1.91,2.0
2023-11-12,E0,2324,Chelsea,Man City,4,4,D,5.0,3.7,1.73,4.92,3.8,1.75,4.8,4.0,1.76,1.88,2.02,1.85,2.06
2023-11-12,T1,2324,Pendikspor,Samsunspor,1,0,H,2.9,3.25,2.25,3.1,3.51,2.38,2.93,3.51,2.49,1.9,1.95,1.87,2.02
2023-11-12,T1,2324,Besiktas,Buyuksehyr,1,0,H,1.75,3.6,4.2,1.79,3.93,4.58,1.74,3.84,5.16,1.88,1.98,1.95,1.93
2023-11-12,T1,2324,Rizespor,Istanbulspor,1,0,H,1.7,3.6,5.0,1.76,3.99,4.72,1.69,4.01,5.3,1.7,2.1,1.78,2.12
2023-11-12,T1,2324,Ad. Demirspor,Fenerbahce,0,0,D,3.4,3.8,1.91,3.6,4.21,1.94,3.54,4.42,1.92,1.4,2.88,1.39,3.12
2023-11-24,D1,2324,FC Koln,Bayern Munich,0,1,A,9.0,7.0,1.25,10.64,6.78,1.25,10.08,6.98,1.26,1.33,3.4,1.33,3.44
2023-11-25,D1,2324,Dortmund,M'gladbach,4,2,H,1.45,5.5,5.25,1.48,5.38,5.62,1.51,5.24,5.53,1.33,3.4,1.33,3.46
2023-11-25,D1,2324,Freiburg,Darmstadt,1,1,D,1.55,4.33,5.75,1.57,4.42,5.65,1.53,4.55,6.28,1.67,2.2,1.65,2.36
2023-11-25,D1,2324,Union Berlin,Augsburg,1,1,D,1.95,3.6,3.8,2.01,3.65,3.79,1.99,3.59,4.02,1.96,1.94,2.02,1.89
2023-11-25,D1,2324,Werder Bremen,Leverkusen,0,3,A,6.5,5.0,1.45,6.3,5.25,1.45,6.0,5.11,1.47,1.36,3.2,1.41,3.02
2023-11-25,D1,2324,Wolfsburg,RB Leipzig,2,1,H,3.6,4.0,1.91,3.79,3.97,1.93,3.74,4.01,1.95,1.62,2.3,1.64,2.38
2023-11-25,D1,2324,Ein Frankfurt,Stuttgart,1,2,A,2.6,3.6,2.6,2.65,3.7,2.6,2.89,3.52,2.5,1.73,2.1,1.81,1.99
2023-11-25,E0,2324,Man City,Liverpool,1,1,D,1.73,4.2,4.2,1.75,4.37,4.24,1.7,4.42,4.61,1.48,2.6,1.5,2.71
2023-11-25,E0,2324,Burnley,West Ham,1,2,A,3.4,3.5,2.05,3.58,3.54,2.12,3.48,3.43,2.23,1.75,2.05,2.07,1.85
2023-11-25,E0,2324,Luton,Crystal Palace,2,1,H,3.6,3.3,2.1,3.7,3.41,2.13,4.12,3.42,2.03,2.15,1.67,2.33,1.67
2023-11-25,E0,2324,Newcastle,Chelsea,4,1,H,2.55,3.5,2.63,2.65,3.46,2.73,2.6,3.55,2.76,1.86,2.04,1.77,2.15
2023-11-25,E0,2324,Nott'm Forest,Brighton,2,3,A,3.2,3.6,2.15,3.32,3.63,2.19,3.69,3.63,2.07,1.73,2.08,1.94,1.96
2023-11-25,E0,2324,Sheffield United,Bournemouth,1,3,A,3.2,3.5,2.2,3.36,3.54,2.2,3.57,3.5,2.16,1.85,2.05,1.95,1.95
2023-11-25,E0,2324,Brentford,Arsenal,0,1,A,4.5,3.75,1.75,4.74,3.82,1.78,5.8,4.05,1.65,1.9,2.0,1.97,1.93
2023-11-25,T1,2324,Istanbulspor,Hatayspor,2,1,H,3.25,3.4,2.15,3.26,3.61,2.25,3.12,3.36,2.44,1.85,2.0,1.99,1.9
2023-11-25,T1,2324,Gaziantep,Ankaragucu,0,1,A,2.15,3.4,3.4,2.19,3.39,3.6,2.09,3.4,3.89,2.0,1.85,2.08,1.81
2023-11-25,T1,2324,Konyaspor,Kasimpasa,2,0,H,1.91,3.5,4.0,2.01,3.71,3.82,2.08,3.68,3.62,1.85,2.0,1.81,2.08
2023-11-25,T1,2324,Galatasaray,Alanyaspor,4,0,H,1.2,7.0,11.0,1.15,7.14,11.19,1.21,7.57,13.33,1.4,2.88,1.37,3.17
2023-11-26,D1,2324,Heidenheim,Bochum,0,0,D,2.2,3.6,3.1,2.23,3.81,3.09,2.41,3.6,2.99,1.62,2.3,1.75,2.19
2023-11-26,D1,2324,Hoffenheim,Mainz,1,1,D,1.85,3.8,3.8,1.85,4.08,4.01,1.86,4.02,4.1,1.57,2.38,1.57,2.51
2023-11-26,E0,2324,Tottenham,Aston Villa,1,2,A,2.3,3.8,2.8,2.36,3.93,2.82,2.7,3.7,2.58,1.5,2.5,1.58,2.51
2023-11-26,E0,2324,Everton,Man United,0,3,A,2.7,3.4,2.55,2.75,3.51,2.6,2.68,3.45,2.75,1.85,2.05,1.92,1.99
2023-11-26,T1,2324,Kayserispor,Ad. Demirspor,1,1,D,2.7,3.5,2.45,2.67,4.03,2.47,2.29,3.88,3.0,1.53,2.4,1.57,2.53
2023-11-26,T1,2324,Antalyaspor,Rizespor,0,0,D,1.8,3.6,4.33,1.86,3.7,4.5,1.68,3.88,5.55,1.98,1.88,1.86,2.04
2023-11-26,T1,2324,Samsunspor,Besiktas,1,2,A,3.3,3.4,2.15,3.41,3.56,2.19,3.31,3.5,2.27,1.88,1.98,1.95,1.93
2023-11-26,T1,2324,Fenerbahce,Karagumruk,2,1,H,1.25,6.5,9.5,1.24,6.94,11.63,1.25,6.7,11.72,1.44,2.7,1.5,2.65
2023-11-27,E0,2324,Fulham,Wolves,3,2,H,2.38,3.3,3.0,2.45,3.37,3.05,2.43,3.3,3.19,2.08,1.73,2.18,1.76
2023-11-27,T1,2324,Buyuksehyr,Pendikspor,4,1,H,1.73,3.6,4.75,1.8,3.78,4.62,2.16,3.49,3.58,1.93,1.93,1.94,1.94
2023-11-27,T1,2324,Sivasspor,Trabzonspor,3,3,D,3.3,3.5,2.05,3.51,3.35,2.18,3.3,3.38,2.33,1.95,1.9,2.03,1.86
2023-12-01,D1,2324,Darmstadt,FC Koln,0,1,A,2.63,3.4,2.6,2.66,3.54,2.71,2.8,3.37,2.68,1.8,2.0,1.96,1.93
2023-12-01,T1,2324,Hatayspor,Antalyaspor,3,3,D,3.1,3.25,2.3,3.08,3.4,2.44,3.47,3.39,2.25,2.05,1.8,2.07,1.83
2023-12-01,T1,2324,Karagumruk,Istanbulspor,3,0,H,1.65,3.75,5.25,1.7,3.89,5.36,1.72,3.86,5.26,1.98,1.88,2.0,1.88
2023-12-02,D1,2324,Bochum,Wolfsburg,3,1,H,2.63,3.6,2.55,2.67,3.6,2.62,2.63,3.52,2.75,1.67,2.2,1.77,2.16
2023-12-02,D1,2324,M'gladbach,Hoffenheim,2,1,H,2.2,4.0,2.88,2.26,4.13,2.87,2.16,4.23,3.05,1.36,3.2,1.4,3.08
2023-12-02,D1,2324,RB Leipzig,Heidenheim,2,1,H,1.25,7.0,9.0,1.24,7.2,10.19,1.2,7.77,13.33,1.36,3.2,1.35,3.3
2023-12-02,D1,2324,Stuttgart,Werder Bremen,2,0,H,1.4,5.25,6.5,1.4,5.24,7.66,1.36,5.75,8.29,1.5,2.63,1.39,3.14
2023-12-02,E0,2324,Arsenal,Wolves,2,1,H,1.25,5.5,12.0,1.29,5.9,10.82,1.24,6.5,13.0,1.65,2.2,1.67,2.29
2023-12-02,E0,2324,Brentford,Luton,3,1,H,1.45,4.5,6.5,1.45,4.83,7.07,1.54,4.43,6.38,1.7,2.1,1.81,2.09
2023-12-02,E0,2324,Burnley,Sheffield United,5,0,H,1.8,3.6,4.5,1.83,3.63,4.65,1.74,3.81,5.19,2.06,1.84,2.11,1.79
2023-12-02,E0,2324,Nott'm Forest,Everton,0,1,A,2.75,3.25,2.6,2.85,3.31,2.64,2.88,3.16,2.76,2.05,1.75,2.35,1.66
2023-12-02,E0,2324,Newcastle,Man United,1,0,H,1.91,3.75,3.8,1.9,3.87,4.0,2.0,3.78,3.79,1.67,2.15,1.77,2.16
2023-12-02,T1,2324,Alanyaspor,Konyaspor,2,2,D,2.3,3.3,3.0,2.27,3.36,3.15,2.7,3.41,2.75,2.0,1.85,2.04,1.85
2023-12-02,T1,2324,Rizespor,Buyuksehyr,3,2,H,2.38,3.4,2.88,2.5,3.34,3.05,2.56,3.33,2.97,2.1,1.78,2.05,1.85
2023-12-02,T1,2324,Ad. Demirspor,Samsunspor,2,3,A,1.7,4.2,4.25,1.74,4.44,4.34,1.82,3.9,4.49,1.53,2.4,1.71,2.22
2023-12-02,T1,2324,Pendikspor,Galatasaray,0,2,A,7.5,5.5,1.33,9.28,6.01,1.32,9.94,6.31,1.28,1.44,2.7,1.39,3.09
2023-12-03,D1,2324,Mainz,Freiburg,0,1,A,2.3,3.4,3.1,2.29,3.56,3.16,2.26,3.5,3.34,1.96,1.94,1.95,1.95
2023-12-03,D1,2324,Leverkusen,Dortmund,1,1,D,1.62,4.5,4.75,1.68,4.46,4.59,1.65,4.55,4.93,1.36,3.2,1.46,2.82
2023-12-03,D1,2324,Augsburg,Ein Frankfurt,2,1,H,2.63,3.6,2.55,2.69,3.6,2.61,2.61,3.37,2.88,1.8,2.0,2.07,1.85
2023-12-03,E0,2324,Bournemouth,Aston Villa,2,2,D,3.4,4.0,1.95,3.56,4.07,1.97,3.12,3.98,2.19,1.53,2.4,1.52,2.68
2023-12-03,E0,2324,Chelsea,Brighton,3,2,H,1.73,4.2,4.2,1.75,4.21,4.4,1.6,4.45,5.5,1.53,2.4,1.67,2.31
2023-12-03,E0,2324,Liverpool,Fulham,4,3,H,1.25,6.5,9.0,1.25,6.76,10.35,1.23,7.04,11.81,1.4,2.88,1.39,3.1
2023-12-03,E0,2324,West Ham,Crystal Palace,1,1,D,2.0,3.5,3.8,2.01,3.56,3.92,1.94,3.58,4.26,2.04,1.86,2.13,1.79
2023-12-03,E0,2324,Man City,Tottenham,3,3,D,1.29,6.0,9.0,1.27,6.42,9.75,1.23,7.6,10.75,1.36,3.1,1.32,3.52
2023-12-03,T1,2324,Kasimpasa,Gaziantep,4,2,H,2.2,3.5,3.1,2.31,3.53,3.22,2.36,3.5,3.15,1.75,2.05,1.82,2.07
2023-12-03,T1,2324,Trabzonspor,Kayserispor,0,1,A,1.75,3.8,4.33,1.79,3.92,4.58,1.61,4.29,5.69,1.7,2.1,1.63,2.38
2023-12-03,T1,2324,Ankaragucu,Besiktas,1,1,D,3.4,3.5,2.05,3.47,3.61,2.16,3.39,3.65,2.18,1.8,2.0,1.83,2.05
2023-12-04,T1,2324,Fenerbahce,Sivasspor,4,1,H,1.25,6.0,10.0,1.23,6.95,11.81,1.19,7.74,15.12,1.4,2.88,1.37,3.13
2023-12-05,E0,2324,Wolves,Burnley,1,0,H,1.85,3.6,4.2,1.92,3.6,4.35,1.95,3.65,4.13,2.05,1.85,1.96,1.94
2023-12-05,E0,2324,Luton,Arsenal,3,4,A,17.0,7.0,1.18,14.73,6.77,1.22,15.5,7.25,1.2,1.65,2.2,1.67,2.29
2023-12-06,E0,2324,Brighton,Brentford,2,1,H,1.91,3.8,3.75,1.94,3.89,3.79,1.76,4.1,4.57,1.62,2.25,1.66,2.34
2023-12-06,E0,2324,Crystal Palace,Bournemouth,0,2,A,2.25,3.5,3.1,2.3,3.45,3.23,2.36,3.43,3.2,2.01,1.89,2.06,1.85
2023-12-06,E0,2324,Fulham,Nott'm Forest,5,0,H,2.0,3.4,3.75,2.06,3.5,3.81,2.06,3.46,3.94,2.06,1.84,2.16,1.77
2023-12-06,E0,2324,Sheffield United,Liverpool,0,2,A,12.0,7.5,1.2,14.14,7.68,1.19,14.0,8.5,1.18,1.33,3.4,1.32,3.53
2023-12-06,E0,2324,Aston Villa,Man City,1,0,H,4.75,4.2,1.7,4.35,4.29,1.75,5.12,4.33,1.64,1.53,2.4,1.66,2.29
2023-12-06,E0,2324,Man United,Chelsea,2,1,H,2.88,3.4,2.45,2.88,3.67,2.42,2.86,3.61,2.49,1.65,2.2,1.67,2.33
2023-12-07,E0,2324,Everton,Newcastle,3,0,H,3.25,3.25,2.25,3.17,3.41,2.36,3.28,3.45,2.31,1.96,1.94,2.01,1.9
2023-12-07,E0,2324,Tottenham,West Ham,1,2,A,1.75,4.2,4.2,1.8,4.31,4.04,1.67,4.4,4.9,1.5,2.5,1.55,2.58
2023-12-08,D1,2324,Hoffenheim,Bochum,3,1,H,1.67,4.2,4.75,1.73,4.32,4.52,1.79,4.04,4.45,1.5,2.63,1.61,2.44
2023-12-08,T1,2324,Galatasaray,Ad. Demirspor,3,1,H,1.29,5.75,8.5,1.27,6.64,9.99,1.27,6.71,10.1,1.3,3.5,1.31,3.56
2023-12-09,D1,2324,Ein Frankfurt,Bayern Munich,5,1,H,9.0,5.5,1.3,8.96,6.05,1.31,8.95,6.12,1.32,1.44,2.75,1.45,2.85
2023-12-09,D1,2324,Heidenheim,Darmstadt,3,2,H,2.05,3.5,3.5,2.07,3.73,3.53,1.82,3.96,4.4,1.8,2.0,1.78,2.14
2023-12-09,D1,2324,Union Berlin,M'gladbach,3,1,H,2.1,3.5,3.4,2.18,3.68,3.29,2.09,3.54,3.74,1.73,2.1,1.9,2.0
2023-12-09,D1,2324,Werder Bremen,Augsburg,2,0,H,2.38,3.6,2.8,2.45,3.71,2.81,2.21,3.73,3.25,1.62,2.3,1.65,2.36
2023-12-09,D1,2324,Wolfsburg,Freiburg,0,1,A,2.25,3.5,3.1,2.29,3.78,3.0,2.22,3.54,3.39,1.73,2.1,1.92,1.99
2023-12-09,D1,2324,Dortmund,RB Leipzig,2,3,A,2.6,3.6,2.55,2.59,3.87,2.57,2.69,3.9,2.5,1.44,2.75,1.47,2.85
2023-12-09,E0,2324,Crystal Palace,Liverpool,1,2,A,6.0,4.5,1.5,6.3,4.59,1.51,6.65,4.7,1.5,1.65,2.2,1.69,2.28
2023-12-09,E0,2324,Brighton,Burnley,1,1,D,1.5,4.75,6.0,1.5,4.69,6.31,1.54,4.53,6.19,1.57,2.35,1.72,2.22
2023-12-09,E0,2324,Man United,Bournemouth,0,3,A,1.55,4.33,5.75,1.55,4.7,5.52,1.67,4.48,4.78,1.5,2.5,1.48,2.77
2023-12-09,E0,2324,Sheffield United,Brentford,1,0,H,4.2,3.8,1.75,4.47,3.84,1.81,4.71,3.91,1.78,1.95,1.95,1.94,1.96
2023-12-09,E0,2324,Wolves,Nott'm Forest,1,1,D,1.85,3.6,4.33,1.89,3.56,4.44,1.99,3.34,4.42,2.06,1.84,2.51,1.58
2023-12-09,E0,2324,Aston Villa,Arsenal,1,0,H,3.3,3.6,2.1,3.43,3.69,2.12,3.65,3.87,2.02,1.7,2.1,1.76,2.17
2023-12-09,T1,2324,Antalyaspor,Karagumruk,2,1,H,1.85,3.6,4.0,1.85,3.81,4.4,1.93,3.62,4.23,2.03,1.83,2.05,1.85
2023-12-09,T1,2324,Samsunspor,Kasimpasa,4,2,H,2.05,3.6,3.4,2.1,3.71,3.23,1.84,4.13,4.08,1.73,2.08,1.61,2.44
2023-12-09,T1,2324,Besiktas,Fenerbahce,1,3,A,4.0,3.6,1.85,3.95,3.61,1.89,4.33,3.92,1.84,1.75,2.05,1.81,2.07
2023-12-10,D1,2324,Stuttgart,Leverkusen,1,1,D,2.9,3.6,2.3,2.84,3.82,2.38,2.94,3.71,2.39,1.53,2.5,1.64,2.36
2023-12-10,D1,2324,FC Koln,Mainz,0,0,D,2.3,3.5,3.0,2.48,3.44,2.95,2.78,3.45,2.65,1.95,1.95,1.89,2.01
2023-12-10,E0,2324,Everton,Chelsea,2,0,H,3.1,3.5,2.25,3.03,3.59,2.36,2.55,3.45,2.88,1.75,2.05,1.92,1.99
2023-12-10,E0,2324,Fulham,West Ham,5,0,H,2.38,3.5,2.9,2.44,3.4,3.03,2.19,3.6,3.41,1.9,2.0,1.85,2.06
2023-12-10,E0,2324,Luton,Man City,1,2,A,17.0,8.0,1.14,18.31,10.09,1.13,16.0,7.8,1.18,1.36,3.1,1.56,2.52
2023-12-10,E0,2324,Tottenham,Newcastle,4,1,H,2.15,3.8,3.1,2.23,3.84,3.08,2.06,4.0,3.41,1.53,2.4,1.52,2.65
2023-12-10,T1,2324,Istanbulspor,Alanyaspor,0,1,A,2.63,3.4,2.55,2.76,3.5,2.63,3.32,3.7,2.19,1.95,1.9,1.86,2.03
2023-12-10,T1,2324,Buyuksehyr,Hatayspor,1,0,H,1.91,3.5,4.0,1.99,3.56,4.06,1.91,3.65,4.31,1.98,1.88,1.93,1.96
2023-12-10,T1,2324,Kayserispor,Pendikspor,2,0,H,1.85,3.6,4.0,1.89,3.93,4.05,1.69,4.23,4.9,1.67,2.15,1.61,2.42
2023-12-10,T1,2324,Gaziantep,Trabzonspor,1,3,A,3.1,3.1,2.38,3.23,3.34,2.39,3.92,3.51,2.04,1.98,1.88,1.93,1.96
2023-12-11,T1,2324,Ankaragucu,Rizespor,1,1,D,2.05,3.5,3.5,2.12,3.41,3.71,2.04,3.62,3.8,1.98,1.88,1.78,2.12
2023-12-11,T1,2324,Konyaspor,Sivasspor,0,1,A,2.15,3.5,3.2,2.14,3.43,3.64,2.09,3.41,3.9,1.95,1.9,2.07,1.83
2023-12-15,D1,2324,M'gladbach,Werder Bremen,2,2,D,2.0,4.0,3.3,2.01,4.02,3.54,2.16,3.91,3.22,1.53,2.5,1.6,2.47
2023-12-15,E0,2324,Nott'm Forest,Tottenham,0,2,A,4.2,4.2,1.73,4.51,4.14,1.76,5.14,4.19,1.68,1.62,2.25,1.75,2.18
2023-12-16,D1,2324,Augsburg,Dortmund,1,1,D,3.5,4.2,1.91,3.64,4.24,1.91,3.15,3.94,2.19,1.44,2.75,1.51,2.68
2023-12-16,D1,2324,Bochum,Union Berlin,3,0,H,2.7,3.4,2.6,2.68,3.48,2.68,2.62,3.36,2.88,1.97,1.93,2.06,1.85
2023-12-16,D1,2324,Darmstadt,Wolfsburg,0,1,A,3.1,3.6,2.2,3.29,3.61,2.21,3.97,3.86,1.93,1.8,2.0,1.83,2.07
2023-12-16,D1,2324,Mainz,Heidenheim,0,1,A,1.67,4.2,4.75,1.67,4.23,4.93,1.72,4.14,4.82,1.67,2.2,1.68,2.3
2023-12-16,D1,2324,RB Leipzig,Hoffenheim,3,1,H,1.45,5.0,6.0,1.45,5.3,6.22,1.33,6.1,8.64,1.36,3.2,1.36,3.29
2023-12-16,E0,2324,Chelsea,Sheffield United,2,0,H,1.22,6.5,13.0,1.24,6.69,11.68,1.18,8.04,15.9,1.5,2.5,1.43,2.95
2023-12-16,E0,2324,Man City,Crystal Palace,2,2,D,1.18,8.0,13.0,1.17,7.98,15.35,1.18,7.6,20.24,1.44,2.7,1.68,2.27
2023-12-16,E0,2324,Newcastle,Fulham,3,0,H,1.8,3.8,4.0,1.87,3.94,4.04,1.92,3.83,4.07,1.7,2.1,1.81,2.08
2023-12-16,E0,2324,Burnley,Everton,0,2,A,3.6,3.4,2.1,3.66,3.44,2.13,3.28,3.57,2.26,2.05,1.75,1.95,1.95
2023-12-17,D1,2324,Freiburg,FC Koln,2,0,H,1.8,3.8,4.2,1.82,3.75,4.57,1.92,3.72,4.18,1.91,1.99,1.94,1.96
2023-12-17,D1,2324,Leverkusen,Ein Frankfurt,3,0,H,1.36,5.0,8.5,1.36,5.67,7.93,1.26,6.43,11.03,1.5,2.63,1.46,2.78
2023-12-17,D1,2324,Bayern Munich,Stuttgart,3,0,H,1.45,5.25,5.5,1.44,5.56,6.06,1.56,5.03,5.28,1.36,3.2,1.35,3.37
2023-12-17,E0,2324,Arsenal,Brighton,2,0,H,1.44,5.0,6.0,1.48,4.76,6.67,1.47,4.88,6.82,1.53,2.4,1.63,2.38
2023-12-17,E0,2324,Brentford,Aston Villa,1,2,A,3.2,3.75,2.1,3.24,3.73,2.19,3.18,3.46,2.36,1.7,2.1,1.97,1.93
2023-12-17,E0,2324,West Ham,Wolves,3,0,H,2.15,3.5,3.3,2.12,3.62,3.5,1.9,3.65,4.34,1.95,1.95,2.02,1.89
2023-12-17,E0,2324,Liverpool,Man United,0,0,D,1.3,6.0,8.0,1.32,5.99,8.37,1.33,6.1,8.5,1.33,3.4,1.38,3.18
2023-12-19,D1,2324,Werder Bremen,RB Leipzig,1,1,D,5.0,4.5,1.57,5.13,4.76,1.6,5.56,4.71,1.56,1.44,2.75,1.46,2.84
2023-12-19,D1,2324,Dortmund,Mainz,1,1,D,1.55,4.75,5.25,1.57,4.84,5.33,1.56,4.63,5.73,1.44,2.75,1.49,2.76
2023-12-19,D1,2324,Hoffenheim,Darmstadt,3,3,D,1.44,5.0,6.5,1.45,5.14,6.78,1.51,4.74,6.42,1.5,2.63,1.61,2.45
2023-12-19,T1,2324,Buyuksehyr,Sivasspor,3,1,H,2.2,3.5,3.1,2.29,3.48,3.29,2.22,3.48,3.47,2.03,1.83,2.03,1.87
2023-12-19,T1,2324,Gaziantep,Ad. Demirspor,2,2,D,2.7,3.6,2.45,2.78,3.79,2.47,3.0,3.78,2.33,1.65,2.2,1.66,2.32
2023-12-19,T1,2324,Istanbulspor,Trabzonspor,0,3,A,5.75,4.2,1.53,5.87,4.44,1.57,6.38,4.46,1.54,1.67,2.15,1.63,2.38
2023-12-20,D1,2324,Union Berlin,FC Koln,2,0,H,1.95,3.6,3.8,1.95,3.59,4.09,1.78,3.83,4.8,2.05,1.85,1.91,2.0
2023-12-20,D1,2324,Ein Frankfurt,M'gladbach,2,1,H,1.83,4.0,3.8,1.88,3.98,4.0,1.74,4.21,4.63,1.62,2.3,1.65,2.36
2023-12-20,D1,2324,Heidenheim,Freiburg,3,2,H,2.8,3.6,2.38,2.9,3.58,2.44,3.28,3.43,2.32,1.73,2.1,2.03,1.88
2023-12-20,D1,2324,Leverkusen,Bochum,4,0,H,1.17,8.0,15.0,1.18,8.42,13.23,1.22,7.42,12.08,1.36,3.2,1.43,2.91
2023-12-20,D1,2324,Stuttgart,Augsburg,3,0,H,1.36,5.25,7.5,1.37,5.46,7.98,1.38,5.45,8.13,1.44,2.75,1.53,2.65
2023-12-20,D1,2324,Wolfsburg,Bayern Munich,1,2,A,6.5,5.75,1.36,7.64,5.7,1.37,6.44,5.08,1.47,1.4,3.0,1.51,2.67
2023-12-20,T1,2324,Kayserispor,Fenerbahce,3,4,A,5.5,4.2,1.44,6.76,4.95,1.47,5.73,4.48,1.58,1.53,2.4,1.7,2.25
2023-12-20,T1,2324,Antalyaspor,Kasimpasa,0,0,D,1.73,3.5,4.0,1.77,4.07,4.57,2.01,3.75,3.77,1.62,2.25,1.7,2.24
2023-12-20,T1,2324,Galatasaray,Karagumruk,1,0,H,1.22,5.5,9.0,1.24,7.01,11.7,1.27,6.61,10.32,1.44,2.7,1.42,2.93
2023-12-21,E0,2324,Crystal Palace,Brighton,1,1,D,3.3,3.3,2.15,3.4,3.47,2.22,3.23,3.37,2.38,1.99,1.91,2.17,1.76
2023-12-21,T1,2324,Rizespor,Pendikspor,5,1,H,1.91,3.5,3.3,1.93,3.8,4.05,1.94,3.78,4.01,1.7,2.1,1.65,2.33
2023-12-21,T1,2324,Samsunspor,Konyaspor,1,1,D,2.0,3.4,3.1,2.05,3.65,3.74,2.23,3.29,3.64,1.95,1.85,2.27,1.68
2023-12-21,T1,2324,Ankaragucu,Hatayspor,0,0,D,1.91,3.75,3.1,2.0,3.75,3.81,2.27,3.45,3.36,1.8,2.0,2.05,1.85
2023-12-21,T1,2324,Besiktas,Alanyaspor,1,3,A,1.44,4.2,5.5,1.53,4.67,6.02,1.64,4.32,5.26,1.65,2.2,1.69,2.27
2023-12-22,E0,2324,Aston Villa,Sheffield United,1,1,D,1.22,6.5,12.0,1.24,6.98,11.3,1.22,7.3,12.5,1.44,2.7,1.4,3.04
2023-12-23,E0,2324,West Ham,Man United,2,0,H,2.6,3.6,2.6,2.65,3.65,2.62,2.1,3.89,3.39,1.7,2.1,1.62,2.41
2023-12-23,E0,2324,Fulham,Burnley,0,2,A,1.67,3.75,5.25,1.7,3.96,5.12,1.71,3.93,5.24,1.92,1.98,1.99,1.91
2023-12-23,E0,2324,Luton,Newcastle,1,0,H,4.75,4.2,1.65,4.91,4.36,1.65,5.32,4.12,1.67,1.75,2.05,1.89,2.02
2023-12-23,E0,2324,Nott'm Forest,Bournemouth,2,3,A,2.75,3.4,2.55,2.74,3.52,2.61,2.94,3.45,2.52,1.95,1.95,1.94,1.96
2023-12-23,E0,2324,Tottenham,Everton,2,1,H,1.75,4.2,4.0,1.8,4.29,4.05,1.7,4.29,4.76,1.53,2.4,1.58,2.5
2023-12-23,E0,2324,Liverpool,Arsenal,1,1,D,2.38,3.6,2.8,2.47,3.63,2.84,2.52,3.66,2.8,1.7,2.1,1.64,2.37
2023-12-23,T1,2324,Sivasspor,Istanbulspor,1,0,H,1.65,3.8,4.5,1.68,4.22,4.99,1.46,4.66,7.66,1.75,2.05,1.75,2.16
2023-12-23,T1,2324,Karagumruk,Gaziantep,0,3,A,1.91,3.5,3.6,2.08,3.4,3.92,1.74,3.91,5.04,1.98,1.88,1.92,1.97
2023-12-23,T1,2324,Trabzonspor,Buyuksehyr,1,1,D,1.65,3.75,4.5,1.69,3.93,5.39,1.65,4.09,5.54,1.93,1.93,1.8,2.1
2023-12-24,E0,2324,Wolves,Chelsea,2,1,H,3.75,3.75,1.91,3.77,3.76,1.99,3.34,3.65,2.2,1.86,2.04,1.81,2.09
2023-12-24,T1,2324,Konyaspor,Kayserispor,2,0,H,2.38,3.3,2.75,2.44,3.57,2.95,2.43,3.31,3.19,1.93,1.93,2.13,1.77
2023-12-24,T1,2324,Ad. Demirspor,Antalyaspor,2,1,H,2.05,3.6,3.1,2.09,4.02,3.31,2.01,3.86,3.67,1.62,2.25,1.72,2.2
2023-12-24,T1,2324,Fenerbahce,Galatasaray,0,0,D,2.1,3.6,3.0,2.25,3.71,3.19,2.2,3.8,3.22,1.6,2.3,1.61,2.42
2023-12-25,T1,2324,Alanyaspor,Samsunspor,3,1,H,2.15,3.4,3.1,2.43,3.39,3.06,2.74,3.24,2.83,1.93,1.93,2.18,1.74
2023-12-25,T1,2324,Kasimpasa,Rizespor,2,2,D,2.0,3.5,3.25,2.06,3.63,3.66,2.45,3.68,2.87,1.67,2.15,1.61,2.43
2023-12-25,T1,2324,Hatayspor,Besiktas,1,2,A,3.25,3.5,2.0,3.18,3.67,2.24,2.7,3.61,2.64,1.67,2.15,1.95,1.93
2023-12-25,T1,2324,Pendikspor,Ankaragucu,1,1,D,2.75,3.4,2.3,3.01,3.52,2.4,3.13,3.42,2.4,1.73,2.08,1.99,1.9
2023-12-26,E0,2324,Newcastle,Nott'm Forest,1,3,A,1.5,4.33,5.75,1.51,4.42,6.64,1.4,5.15,8.1,1.8,2.0,1.65,2.32
2023-12-26,E0,2324,Bournemouth,Fulham,3,0,H,2.15,3.6,3.2,2.22,3.69,3.2,1.92,3.9,3.97,1.73,2.08,1.67,2.32
2023-12-26,E0,2324,Sheffield United,Luton,2,3,A,2.3,3.3,3.1,2.46,3.32,3.07,2.46,3.29,3.15,2.1,1.7,2.22,1.72
2023-12-26,E0,2324,Burnley,Liverpool,0,2,A,6.5,5.25,1.4,8.02,5.32,1.38,7.85,5.65,1.38,1.44,2.7,1.46,2.82
2023-12-26,E0,2324,Man United,Aston Villa,3,2,H,2.6,3.5,2.6,2.68,3.62,2.61,2.35,3.77,2.98,1.62,2.25,1.62,2.43
2023-12-27,E0,2324,Brentford,Wolves,1,4,A,1.95,3.5,4.2,1.94,3.66,4.07,2.25,3.39,3.46,2.03,1.87,2.1,1.81
2023-12-27,E0,2324,Chelsea,Crystal Palace,2,1,H,1.67,4.0,5.0,1.72,3.89,5.06,1.81,3.76,4.72,1.91,1.99,1.97,1.93
2023-12-27,E0,2324,Everton,Man City,1,3,A,5.75,4.0,1.57,6.32,4.1,1.57,5.5,3.97,1.68,1.73,2.08,1.95,1.95
2023-12-28,E0,2324,Brighton,Tottenham,4,2,H,2.5,3.6,2.6,2.53,4.05,2.56,2.48,3.92,2.71,1.44,2.7,1.44,2.93
2023-12-28,E0,2324,Arsenal,West Ham,0,2,A,1.33,5.5,7.5,1.36,5.49,8.28,1.29,6.09,10.81,1.57,2.35,1.61,2.45
2023-12-30,E0,2324,Luton,Chelsea,2,3,A,6.5,4.2,1.5,6.05,4.65,1.52,5.55,4.6,1.58,1.65,2.2,1.62,2.41
2023-12-30,E0,2324,Aston Villa,Burnley,3,2,H,1.36,5.25,7.5,1.38,5.29,8.1,1.41,5.3,7.94,1.57,2.35,1.53,2.64
2023-12-30,E0,2324,Crystal Palace,Brentford,3,1,H,2.2,3.3,3.4,2.22,3.3,3.58,2.15,3.27,3.89,2.15,1.67,2.34,1.65
2023-12-30,E0,2324,Man City,Sheffield United,2,0,H,1.08,11.0,29.0,1.07,14.55,28.9,1.07,14.0,36.0,1.3,3.5,1.3,3.58
2023-12-30,E0,2324,Wolves,Everton,3,0,H,2.63,3.3,2.7,2.67,3.41,2.74,2.97,3.24,2.61,2.05,1.75,2.2,1.73
2023-12-30,E0,2324,Nott'm Forest,Man United,2,1,H,3.2,3.6,2.15,3.33,3.72,2.15,3.31,3.66,2.21,1.73,2.08,1.79,2.12
2023-12-31,E0,2324,Fulham,Arsenal,2,1,H,5.25,4.5,1.55,5.94,4.29,1.57,5.78,4.22,1.61,1.73,2.08,1.83,2.06
2023-12-31,E0,2324,Tottenham,Bournemouth,3,1,H,1.75,4.2,4.0,1.77,4.42,4.08,1.79,4.59,3.92,1.4,2.88,1.36,3.33
2024-01-01,E0,2324,Liverpool,Newcastle,4,2,H,1.45,4.5,7.0,1.45,4.96,6.69,1.38,5.7,7.75,1.44,2.7,1.37,3.26
2024-01-02,E0,2324,West Ham,Brighton,0,0,D,2.45,3.75,2.75,2.52,3.68,2.74,3.19,3.65,2.27,1.6,2.3,1.74,2.2
2024-01-05,T1,2324,Gaziantep,Pendikspor,2,2,D,1.91,3.5,3.4,2.03,3.63,3.82,1.95,3.67,4.1,1.8,2.0,1.89,2.0
2024-01-05,T1,2324,Antalyaspor,Alanyaspor,0,0,D,2.0,3.2,3.4,2.16,3.42,3.67,2.12,3.26,4.01,2.0,1.85,2.21,1.72
2024-01-05,T1,2324,Besiktas,Kasimpasa,1,3,A,1.53,4.2,4.75,1.58,4.66,5.47,1.65,4.61,4.85,1.5,2.5,1.46,2.84
2024-01-06,T1,2324,Rizespor,Hatayspor,2,0,H,2.05,3.4,3.2,2.12,3.57,3.62,1.88,3.57,4.62,1.83,2.03,1.96,1.93
2024-01-06,T1,2324,Buyuksehyr,Ad. Demirspor,0,0,D,1.91,3.6,3.4,2.03,3.8,3.66,1.98,3.8,3.83,1.7,2.1,1.7,2.25
2024-01-06,T1,2324,Ankaragucu,Trabzonspor,0,1,A,3.1,3.4,2.1,3.4,3.5,2.23,3.8,3.34,2.15,1.93,1.93,2.28,1.68
2024-01-06,T1,2324,Samsunspor,Karagumruk,1,0,H,2.0,3.3,3.4,2.13,3.54,3.61,2.47,3.17,3.26,2.0,1.85,2.36,1.64
2024-01-07,T1,2324,Kayserispor,Sivasspor,1,3,A,1.91,3.6,3.5,2.02,3.61,3.91,2.18,3.45,3.57,1.8,2.0,1.94,1.94
2024-01-07,T1,2324,Istanbulspor,Fenerbahce,1,5,A,11.0,6.0,1.2,12.53,7.23,1.22,18.74,8.48,1.16,1.44,2.7,1.41,3.01
2024-01-07,T1,2324,Galatasaray,Konyaspor,3,0,H,1.25,5.75,8.0,1.26,6.42,11.68,1.3,6.08,10.39,1.53,2.4,1.59,2.5
2024-01-09,T1,2324,Alanyaspor,Ankaragucu,1,1,D,2.2,3.3,3.2,2.26,3.39,3.45,1.92,3.57,4.41,2.05,1.75,2.02,1.88
2024-01-09,T1,2324,Pendikspor,Antalyaspor,0,1,A,2.8,3.4,2.38,3.02,3.54,2.42,2.75,3.35,2.74,1.95,1.9,2.07,1.83
2024-01-09,T1,2324,Kasimpasa,Buyuksehyr,0,3,A,2.25,3.6,2.88,2.4,3.58,3.02,2.35,3.65,3.04,1.7,2.1,1.71,2.22
2024-01-09,T1,2324,Rizespor,Besiktas,0,4,A,2.25,3.6,2.8,2.38,3.59,3.04,2.53,3.58,2.84,1.73,2.08,1.77,2.14
2024-01-10,T1,2324,Hatayspor,Gaziantep,0,0,D,2.0,3.5,3.5,2.06,3.59,3.78,2.17,3.34,3.74,1.95,1.9,2.12,1.78
2024-01-10,T1,2324,Karagumruk,Kayserispor,4,1,H,2.05,3.4,3.4,2.16,3.65,3.44,2.2,3.52,3.81,1.88,1.98,2.01,1.88
2024-01-10,T1,2324,Ad. Demirspor,Istanbulspor,2,2,D,1.3,5.25,8.0,1.35,5.8,8.56,1.49,4.91,6.42,1.44,2.7,1.45,2.87
2024-01-10,T1,2324,Fenerbahce,Konyaspor,7,1,H,1.22,6.5,10.0,1.23,6.8,13.26,1.18,7.87,17.41,1.53,2.4,1.44,2.87
2024-01-11,T1,2324,Sivasspor,Galatasaray,1,1,D,6.5,4.5,1.44,6.91,4.64,1.49,5.2,4.13,1.68,1.6,2.3,1.78,2.12
2024-01-11,T1,2324,Trabzonspor,Samsunspor,2,1,H,1.67,3.75,4.75,1.72,3.97,5.06,1.75,3.61,5.47,1.85,2.0,2.1,1.79
2024-01-12,D1,2324,Bayern Munich,Hoffenheim,3,0,H,1.14,9.0,12.0,1.15,9.94,16.13,1.13,10.35,19.0,1.22,4.33,,
2024-01-12,E0,2324,Burnley,Luton,1,1,D,2.0,3.6,3.6,2.06,3.58,3.8,2.18,3.47,3.6,1.99,1.91,2.03,1.88
2024-01-13,D1,2324,Augsburg,Leverkusen,0,1,A,5.25,4.75,1.5,5.74,4.65,1.54,5.89,4.8,1.52,1.53,2.5,1.56,2.54
2024-01-13,D1,2324,FC Koln,Heidenheim,1,1,D,2.05,3.6,3.4,2.1,3.67,3.51,2.02,3.8,3.7,1.73,2.1,1.78,2.14
2024-01-13,D1,2324,Freiburg,Union Berlin,0,0,D,2.05,3.6,3.5,2.1,3.62,3.54,2.17,3.33,3.74,2.02,1.88,2.23,1.72
2024-01-13,D1,2324,Mainz,Wolfsburg,1,1,D,2.2,3.4,3.25,2.25,3.47,3.33,2.01,3.57,3.99,1.98,1.92,2.05,1.86
2024-01-13,D1,2324,RB Leipzig,Ein Frankfurt,0,1,A,1.45,4.5,7.5,1.45,4.99,6.78,1.42,5.12,7.54,1.5,2.63,1.56,2.54
2024-01-13,D1,2324,Darmstadt,Dortmund,0,3,A,5.25,4.5,1.53,5.5,4.91,1.53,4.83,4.44,1.67,1.44,2.75,1.46,2.86
2024-01-13,E0,2324,Chelsea,Fulham,1,0,H,1.6,4.2,5.25,1.65,4.22,5.13,1.67,4.15,5.3,1.62,2.25,1.75,2.17
2024-01-13,E0,2324,Newcastle,Man City,2,3,A,5.5,4.33,1.55,5.63,4.53,1.56,5.1,4.25,1.67,1.6,2.3,1.7,2.25
2024-01-13,T1,2324,Ankaragucu,Kasimpasa,3,1,H,2.15,3.5,3.2,2.16,3.74,3.36,2.34,3.49,3.18,1.75,2.05,1.88,2.01
2024-01-13,T1,2324,Hatayspor,Pendikspor,1,1,D,2.1,3.6,3.3,2.2,3.56,3.42,2.04,3.4,4.1,1.9,1.95,2.07,1.83
2024-01-13,T1,2324,Buyuksehyr,Alanyaspor,3,2,H,1.91,3.5,4.0,1.96,3.46,4.35,2.06,3.37,4.04,2.03,1.83,2.06,1.84
2024-01-13,T1,2324,Besiktas,Karagumruk,3,0,H,1.67,4.0,4.75,1.66,4.17,5.28,1.88,3.84,4.23,1.83,2.03,1.79,2.11
2024-01-13,T1,2324,Rizespor,Ad. Demirspor,1,0,H,2.15,3.6,3.0,2.22,3.92,3.1,1.88,3.79,4.26,1.57,2.35,1.76,2.14
2024-01-14,D1,2324,Bochum,Werder Bremen,1,1,D,2.15,3.6,3.1,2.21,3.78,3.16,2.14,3.67,3.46,1.67,2.2,1.7,2.27
2024-01-14,D1,2324,M'gladbach,Stuttgart,3,1,H,3.5,4.0,1.91,3.67,4.14,1.92,3.7,4.04,1.96,1.53,2.5,1.65,2.36
2024-01-14,E0,2324,Everton,Aston Villa,0,0,D,2.8,3.5,2.45,2.81,3.62,2.49,2.55,3.61,2.79,1.73,2.08,1.74,2.21
2024-01-14,E0,2324,Man United,Tottenham,2,2,D,2.2,3.75,3.0,2.22,3.97,3.01,1.99,4.02,3.59,1.48,2.6,1.51,2.71
2024-01-14,T1,2324,Istanbulspor,Konyaspor,0,0,D,3.4,3.5,2.05,3.47,3.67,2.14,2.99,3.43,2.49,1.95,1.9,2.05,1.85
2024-01-14,T1,2324,Antalyaspor,Trabzonspor,1,1,D,2.88,3.3,2.4,3.02,3.5,2.43,2.46,3.18,3.25,2.03,1.83,2.31,1.66
2024-01-14,T1,2324,Samsunspor,Sivasspor,2,0,H,2.2,3.4,3.3,2.24,3.34,3.54,1.88,3.68,4.93,2.05,1.8,2.1,1.79
2024-01-14,T1,2324,Gaziantep,Fenerbahce,0,1,A,7.5,5.5,1.33,8.7,5.57,1.36,9.26,5.66,1.34,1.57,2.35,1.56,2.56
2024-01-15,T1,2324,Galatasaray,Kayserispor,2,1,H,1.25,6.5,8.5,1.28,6.67,8.88,1.17,8.49,15.62,1.4,2.88,1.31,3.55
2024-01-20,D1,2324,Bochum,Stuttgart,1,0,H,3.6,3.8,1.95,3.66,3.9,1.98,4.47,4.05,1.79,1.67,2.2,1.7,2.26
2024-01-20,D1,2324,Darmstadt,Ein Frankfurt,2,2,D,3.8,3.75,1.91,3.91,3.71,1.96,3.75,3.53,2.09,1.89,2.01,2.09,1.81
2024-01-20,D1,2324,FC Koln,Dortmund,0,4,A,4.5,4.0,1.73,4.27,4.29,1.76,3.83,4.18,1.89,1.53,2.5,1.47,2.82
2024-01-20,D1,2324,Freiburg,Hoffenheim,3,2,H,2.0,3.8,3.4,2.07,3.83,3.44,2.0,3.92,3.67,1.62,2.3,1.63,2.42
2024-01-20,D1,2324,Heidenheim,Wolfsburg,1,1,D,2.7,3.5,2.55,2.78,3.5,2.58,2.94,3.4,2.54,1.8,2.0,2.0,1.91
2024-01-20,D1,2324,RB Leipzig,Leverkusen,2,3,A,2.4,3.8,2.7,2.44,3.78,2.79,2.5,3.77,2.76,1.62,2.3,1.58,2.52
2024-01-20,E0,2324,Arsenal,Crystal Palace,5,0,H,1.3,5.75,9.0,1.29,5.85,10.86,1.27,6.15,12.65,1.73,2.08,1.77,2.15
2024-01-20,E0,2324,Brentford,Nott'm Forest,3,2,H,1.91,3.6,4.0,1.85,3.83,4.29,1.78,3.86,4.81,1.86,2.04,1.92,1.99
2024-01-20,T1,2324,Kasimpasa,Hatayspor,3,0,H,1.95,3.75,3.75,1.99,3.77,3.82,2.13,3.71,3.46,1.62,2.25,1.69,2.26
2024-01-20,T1,2324,Alanyaspor,Rizespor,2,1,H,2.4,3.3,3.0,2.33,3.55,3.16,2.17,3.52,3.52,1.88,1.98,1.88,2.01
2024-01-20,T1,2324,Karagumruk,Buyuksehyr,1,1,D,2.25,3.4,3.2,2.34,3.48,3.19,2.66,3.25,2.91,2.0,1.85,2.2,1.72
2024-01-20,T1,2324,Ad. Demirspor,Ankaragucu,1,1,D,2.1,3.5,3.5,2.18,3.45,3.58,2.18,3.21,3.89,1.75,2.05,2.21,1.72
2024-01-20,T1,2324,Pendikspor,Besiktas,4,0,H,3.8,3.6,1.95,3.99,3.94,1.91,3.61,3.76,2.06,1.7,2.1,1.67,2.31
2024-01-21,D1,2324,Bayern Munich,Werder Bremen,0,1,A,1.09,11.0,21.0,1.08,11.78,20.98,1.09,13.0,26.0,1.22,4.33,,
2024-01-21,D1,2324,M'gladbach,Augsburg,1,2,A,1.91,3.8,3.8,1.91,3.98,3.61,1.81,4.14,4.22,1.57,2.38,1.56,2.57
2024-01-21,E0,2324,Sheffield United,West Ham,2,2,D,3.4,3.3,2.2,3.45,3.47,2.2,2.82,3.35,2.67,2.05,1.75,2.0,1.91
2024-01-21,E0,2324,Bournemouth,Liverpool,0,4,A,4.2,4.5,1.7,4.41,4.36,1.72,4.49,4.46,1.71,1.44,2.7,1.44,2.94
2024-01-21,T1,2324,Sivasspor,Gaziantep,2,2,D,2.0,3.5,3.8,2.02,3.38,4.21,2.1,3.4,3.88,2.03,1.83,2.06,1.83
2024-01-21,T1,2324,Fenerbahce,Samsunspor,1,1,D,1.22,6.5,12.0,1.22,7.08,13.56,1.21,7.52,13.48,1.44,2.7,1.42,2.95
2024-01-21,T1,2324,Konyaspor,Antalyaspor,1,1,D,2.7,3.1,2.8,2.75,3.35,2.73,3.09,3.13,2.61,2.2,1.65,2.32,1.66
2024-01-21,T1,2324,Trabzonspor,Galatasaray,1,5,A,3.75,3.75,1.91,3.58,4.14,1.97,4.44,4.01,1.8,1.7,2.1,1.81,2.09
2024-01-22,E0,2324,Brighton,Wolves,0,0,D,1.65,4.33,5.0,1.66,4.28,5.01,1.67,4.25,5.15,1.62,2.25,1.65,2.37
2024-01-22,T1,2324,Kayserispor,Istanbulspor,0,1,A,1.57,4.2,5.75,1.6,4.49,5.24,1.68,3.94,4.83,1.65,2.2,1.73,2.35
2024-01-23,T1,2324,Hatayspor,Alanyaspor,1,1,D,2.3,3.25,3.0,2.35,3.38,3.27,2.69,3.37,2.79,2.05,1.8,2.07,1.83
2024-01-23,T1,2324,Besiktas,Ad. Demirspor,0,0,D,1.75,3.8,4.0,1.81,4.01,4.39,1.58,4.56,5.61,1.62,2.25,1.51,2.64
2024-01-23,T1,2324,Pendikspor,Kasimpasa,3,2,H,2.6,3.2,2.63,2.58,3.71,2.7,2.18,3.96,3.16,1.62,2.25,1.54,2.6
2024-01-24,D1,2324,Bayern Munich,Union Berlin,1,0,H,1.18,7.0,17.0,1.15,8.7,17.25,1.14,9.98,18.01,1.4,3.0,1.31,3.55
2024-01-24,T1,2324,Ankaragucu,Karagumruk,2,0,H,2.25,3.2,3.2,2.33,3.18,3.51,2.21,3.27,3.7,2.25,1.62,2.33,1.65
2024-01-24,T1,2324,Gaziantep,Konyaspor,1,1,D,2.15,3.2,3.25,2.2,3.51,3.47,2.61,3.16,3.06,2.05,1.75,2.36,1.64
2024-01-24,T1,2324,Antalyaspor,Sivasspor,2,1,H,1.7,3.5,5.0,1.75,3.8,5.09,1.61,4.11,6.07,2.05,1.75,1.85,2.05
2024-01-24,T1,2324,Buyuksehyr,Fenerbahce,0,1,A,5.75,3.8,1.55,6.0,4.3,1.58,6.88,4.45,1.51,1.73,2.08,1.74,2.18
2024-01-25,T1,2324,Samsunspor,Kayserispor,2,0,H,2.0,3.5,3.4,2.01,3.87,3.69,1.72,4.01,4.98,1.83,2.03,1.76,2.14
2024-01-25,T1,2324,Galatasaray,Istanbulspor,3,1,H,1.13,8.0,21.0,1.13,10.76,18.1,1.13,10.67,19.02,1.36,3.1,1.3,3.64
2024-01-25,T1,2324,Rizespor,Trabzonspor,1,0,H,2.63,3.3,2.55,2.82,3.51,2.58,2.38,3.34,3.25,1.98,1.88,2.12,1.78
2024-01-26,D1,2324,Ein Frankfurt,Mainz,1,0,H,2.15,3.4,3.5,2.17,3.44,3.54,2.25,3.36,3.49,2.05,1.75,2.24,1.72
2024-01-27,D1,2324,Augsburg,Bayern Munich,2,3,A,8.5,5.75,1.3,8.77,5.99,1.31,7.96,6.54,1.32,1.4,3.0,1.32,3.5
2024-01-27,D1,2324,Hoffenheim,Heidenheim,1,1,D,1.67,4.5,4.33,1.7,4.28,4.64,1.74,4.3,4.51,1.5,2.5,1.51,2.67
2024-01-27,D1,2324,Stuttgart,RB Leipzig,5,2,H,2.63,3.8,2.4,2.75,3.82,2.45,2.54,3.79,2.7,1.57,2.38,1.62,2.42
2024-01-27,D1,2324,Werder Bremen,Freiburg,3,1,H,2.4,3.5,2.88,2.45,3.52,2.94,2.41,3.5,3.07,1.8,2.0,1.88,2.02
2024-01-27,D1,2324,Wolfsburg,FC Koln,1,1,D,1.83,3.75,4.2,1.83,3.83,4.41,1.74,3.92,5.03,1.88,2.02,1.91,2.0
2024-01-27,D1,2324,Leverkusen,M'gladbach,0,0,D,1.29,5.5,10.0,1.27,6.56,9.6,1.22,7.78,10.93,1.4,3.0,1.32,3.5
2024-01-27,T1,2324,Alanyaspor,Pendikspor,1,1,D,1.83,3.75,4.2,1.88,3.84,4.22,1.87,3.79,4.33,1.75,2.05,1.87,2.02
2024-01-27,T1,2324,Ad. Demirspor,Hatayspor,0,1,A,1.91,3.8,3.8,1.97,3.77,3.91,1.99,3.53,4.12,1.8,2.0,1.96,1.93
2024-01-28,D1,2324,Union Berlin,Darmstadt,1,0,H,1.62,3.8,5.75,1.64,3.92,5.85,1.73,3.69,5.5,1.95,1.95,2.08,1.81
2024-01-28,D1,2324,Dortmund,Bochum,3,1,H,1.36,5.5,7.5,1.38,5.7,7.32,1.38,5.83,7.23,1.4,3.0,1.35,3.35
2024-01-28,T1,2324,Konyaspor,Buyuksehyr,2,3,A,2.45,3.3,2.9,2.51,3.27,3.09,2.98,3.17,2.65,2.1,1.7,2.3,1.67
2024-01-28,T1,2324,Karagumruk,Rizespor,4,0,H,2.45,3.3,2.9,2.43,3.55,2.99,2.32,3.4,3.31,1.98,1.88,2.03,1.86
2024-01-28,T1,2324,Sivasspor,Besiktas,1,0,H,3.8,3.6,1.95,3.74,3.89,1.98,3.32,3.39,2.32,1.75,2.05,2.02,1.88
2024-01-28,T1,2324,Fenerbahce,Ankaragucu,2,1,H,1.2,6.5,15.0,1.18,7.9,15.93,1.2,7.45,14.86,1.48,2.6,1.49,2.68
2024-01-29,T1,2324,Istanbulspor,Samsunspor,1,1,D,3.4,3.5,2.1,3.47,3.63,2.13,3.48,3.35,2.26,1.98,1.88,2.31,1.67
2024-01-29,T1,2324,Kayserispor,Antalyaspor,1,1,D,3.0,3.4,2.38,3.02,3.53,2.39,3.05,3.35,2.49,1.9,1.95,1.98,1.9
2024-01-29,T1,2324,Galatasaray,Gaziantep,2,1,H,1.2,8.0,11.0,1.19,7.78,14.1,1.15,9.02,17.82,1.4,2.88,1.35,3.3
2024-01-29,T1,2324,Trabzonspor,Kasimpasa,2,3,A,1.67,4.33,4.5,1.71,4.21,4.68,1.78,4.23,4.32,1.6,2.3,1.62,2.4
2024-01-30,E0,2324,Nott'm Forest,Arsenal,1,2,A,7.5,5.0,1.4,7.77,5.14,1.4,9.02,5.14,1.38,1.62,2.25,1.79,2.11
2024-01-30,E0,2324,Fulham,Everton,0,0,D,2.45,3.2,3.0,2.46,3.32,3.08,2.23,3.27,3.64,2.05,1.75,2.22,1.73
2024-01-30,E0,2324,Luton,Brighton,4,0,H,4.2,4.2,1.75,4.43,4.06,1.78,4.29,3.99,1.83,1.65,2.2,1.7,2.26
2024-01-30,E0,2324,Crystal Palace,Sheffield United,3,2,H,1.62,3.6,6.5,1.64,3.93,5.81,1.61,4.01,6.2,2.08,1.73,2.04,1.87
2024-01-30,E0,2324,Aston Villa,Newcastle,1,3,A,1.85,4.0,3.8,1.85,4.05,4.02,1.86,4.08,4.06,1.5,2.5,1.58,2.5
2024-01-31,E0,2324,Man City,Burnley,3,1,H,1.08,12.0,21.0,1.11,12.41,18.6,1.11,11.5,23.0,1.33,3.4,1.34,3.45
2024-01-31,E0,2324,Tottenham,Brentford,3,2,H,1.67,4.2,4.75,1.69,4.32,4.7,1.62,4.56,5.18,1.5,2.5,1.45,2.89
2024-01-31,E0,2324,Liverpool,Chelsea,4,1,H,1.57,4.33,5.25,1.58,4.64,5.29,1.66,4.46,4.89,1.44,2.7,1.49,2.73
2024-02-01,E0,2324,West Ham,Bournemouth,1,1,D,2.4,3.75,2.75,2.45,3.71,2.8,2.51,3.54,2.89,1.62,2.25,1.79,2.12
2024-02-01,E0,2324,Wolves,Man United,3,4,A,2.63,3.6,2.55,2.7,3.51,2.64,3.01,3.46,2.46,1.75,2.05,1.89,1.98
2024-02-02,D1,2324,Heidenheim,Dortmund,0,0,D,3.75,4.5,1.8,3.99,4.34,1.82,3.29,4.07,2.09,1.44,2.75,1.43,2.95
2024-02-02,T1,2324,Ankaragucu,Sivasspor,0,0,D,1.91,3.5,4.0,1.97,3.43,4.35,1.93,3.42,4.59,2.15,1.67,2.25,1.7
2024-02-02,T1,2324,Hatayspor,Karagumruk,3,1,H,2.8,3.1,2.5,3.04,3.12,2.65,2.93,3.13,2.72,2.25,1.62,2.36,1.64
2024-02-02,T1,2324,Samsunspor,Galatasaray,0,2,A,4.75,3.75,1.67,5.08,4.12,1.69,5.21,3.98,1.7,1.67,2.15,1.71,2.22
2024-02-03,D1,2324,Bayern Munich,M'gladbach,3,1,H,1.14,9.5,13.0,1.15,9.2,16.53,1.14,10.09,17.99,1.22,4.33,,
2024-02-03,D1,2324,Bochum,Augsburg,1,1,D,2.15,3.4,3.4,2.21,3.65,3.25,2.45,3.45,3.03,1.8,2.0,1.76,2.16
2024-02-03,D1,2324,Darmstadt,Leverkusen,0,2,A,9.5,6.5,1.25,9.27,6.36,1.28,10.84,6.14,1.27,1.44,2.75,1.6,2.45
2024-02-03,D1,2324,Freiburg,Stuttgart,1,3,A,3.1,3.6,2.2,3.15,3.79,2.21,3.22,3.47,2.33,1.73,2.1,1.99,1.92
2024-02-03,D1,2324,Mainz,Werder Bremen,0,1,A,2.1,3.5,3.5,2.12,3.52,3.59,2.07,3.51,3.82,2.0,1.9,2.05,1.86
2024-02-03,D1,2324,FC Koln,Ein Frankfurt,2,0,H,3.25,3.4,2.2,3.31,3.47,2.26,3.03,3.24,2.57,2.01,1.89,2.21,1.74
2024-02-03,E0,2324,Everton,Tottenham,2,2,D,3.0,3.6,2.25,2.97,3.71,2.34,3.1,3.74,2.28,1.62,2.25,1.65,2.35
2024-02-03,E0,2324,Brighton,Crystal Palace,4,1,H,1.7,4.0,4.75,1.71,4.04,4.85,1.74,3.82,5.23,1.73,2.08,2.06,1.85
2024-02-03,E0,2324,Burnley,Fulham,2,2,D,2.9,3.4,2.38,2.98,3.5,2.43,2.97,3.28,2.59,1.99,1.91,2.15,1.77
2024-02-03,E0,2324,Newcastle,Luton,4,4,D,1.44,4.75,6.5,1.42,5.07,7.23,1.54,4.69,5.92,1.57,2.35,1.61,2.44
2024-02-03,E0,2324,Sheffield United,Aston Villa,0,5,A,5.25,4.2,1.62,5.02,4.36,1.65,5.35,4.3,1.64,1.62,2.25,1.69,2.28
2024-02-03,T1,2324,Rizespor,Konyaspor,0,0,D,1.85,3.6,4.0,1.95,3.5,4.32,1.76,3.77,5.08,2.0,1.85,1.93,1.95
2024-02-03,T1,2324,Buyuksehyr,Istanbulspor,2,0,H,1.53,4.33,5.5,1.57,4.41,6.0,1.6,4.13,6.07,1.75,2.05,2.02,1.87
2024-02-03,T1,2324,Antalyaspor,Fenerbahce,0,2,A,5.75,4.0,1.55,5.82,4.22,1.61,5.3,4.21,1.65,1.73,2.08,1.68,2.29
2024-02-03,T1,2324,Gaziantep,Kayserispor,1,1,D,2.15,3.5,3.25,2.24,3.46,3.41,2.13,3.54,3.62,1.93,1.93,1.93,1.96
2024-02-04,D1,2324,Wolfsburg,Hoffenheim,2,2,D,2.1,3.75,3.2,2.14,3.83,3.28,2.15,3.84,3.3,1.62,2.3,1.61,2.44
2024-02-04,D1,2324,RB Leipzig,Union Berlin,2,0,H,1.4,5.0,7.5,1.4,4.98,7.93,1.35,5.39,9.26,1.62,2.3,1.6,2.47
2024-02-04,E0,2324,Bournemouth,Nott'm Forest,1,1,D,1.7,4.2,4.5,1.71,4.2,4.68,1.66,4.37,5.01,1.65,2.2,1.61,2.44
2024-02-04,E0,2324,Chelsea,Wolves,2,4,A,1.62,4.0,5.5,1.63,4.29,5.27,1.54,4.63,6.02,1.7,2.1,1.63,2.39
2024-02-04,E0,2324,Man United,West Ham,3,0,H,1.62,4.2,5.0,1.65,4.31,5.05,1.56,4.59,5.9,1.6,2.3,1.61,2.43
2024-02-04,E0,2324,Arsenal,Liverpool,3,1,H,2.2,3.6,3.1,2.24,3.72,3.15,2.2,3.75,3.26,1.67,2.15,1.71,2.25
2024-02-04,T1,2324,Pendikspor,Ad. Demirspor,2,1,H,2.25,3.6,2.9,2.28,3.68,3.15,2.07,3.62,3.74,1.7,2.1,1.74,2.18
2024-02-04,T1,2324,Kasimpasa,Alanyaspor,2,1,H,2.25,3.6,2.8,2.33,3.81,2.98,2.58,3.62,2.74,1.65,2.2,1.71,2.22
2024-02-04,T1,2324,Besiktas,Trabzonspor,2,0,H,1.95,3.6,3.6,2.0,3.49,4.11,1.93,3.47,4.5,1.88,1.98,2.03,1.86
2024-02-05,E0,2324,Brentford,Man City,1,3,A,7.0,4.75,1.4,7.44,5.09,1.41,7.8,5.4,1.39,1.57,2.35,1.53,2.63
2024-02-07,D1,2324,Mainz,Union Berlin,1,1,D,2.15,3.3,3.5,2.22,3.29,3.58,2.09,3.32,4.02,2.2,1.67,2.3,1.68
2024-02-09,D1,2324,Dortmund,Freiburg,3,0,H,1.45,4.75,6.5,1.47,5.13,6.36,1.47,5.07,6.44,1.44,2.75,1.44,2.91
2024-02-09,T1,2324,Ad. Demirspor,Kasimpasa,1,3,A,2.2,4.0,2.9,2.31,3.7,3.07,2.2,3.8,3.23,1.53,2.4,1.63,2.4
2024-02-10,D1,2324,Augsburg,RB Leipzig,2,2,D,4.0,4.2,1.75,4.19,4.26,1.78,4.42,4.45,1.74,1.53,2.5,1.51,2.68
2024-02-10,D1,2324,Ein Frankfurt,Bochum,1,1,D,1.73,3.8,4.75,1.76,3.82,4.86,1.81,3.84,4.63,1.89,2.01,1.82,2.07
2024-02-10,D1,2324,M'gladbach,Darmstadt,0,0,D,1.6,4.5,5.0,1.61,4.33,5.44,1.65,4.13,5.48,1.67,2.2,1.78,2.14
2024-02-10,D1,2324,Union Berlin,Wolfsburg,1,0,H,2.25,3.4,3.2,2.35,3.37,3.22,2.33,3.32,3.36,2.1,1.73,2.2,1.74
2024-02-10,D1,2324,Werder Bremen,Heidenheim,1,2,A,1.8,3.8,4.33,1.86,3.79,4.25,1.86,3.79,4.39,1.73,2.1,1.82,2.09
2024-02-10,D1,2324,Leverkusen,Bayern Munich,3,0,H,2.63,3.8,2.4,2.68,3.9,2.47,2.39,3.53,3.07,1.5,2.63,1.82,2.08
2024-02-10,E0,2324,Man City,Everton,2,0,H,1.18,8.0,13.0,1.19,7.68,13.24,1.24,6.85,12.25,1.44,2.7,1.51,2.66
2024-02-10,E0,2324,Fulham,Bournemouth,3,1,H,2.38,3.5,2.8,2.46,3.6,2.87,2.64,3.5,2.76,1.73,2.08,1.82,2.08
2024-02-10,E0,2324,Liverpool,Burnley,3,1,H,1.17,8.0,17.0,1.16,8.71,15.08,1.16,9.27,15.41,1.33,3.4,1.31,3.57
2024-02-10,E0,2324,Luton,Sheffield United,1,3,A,1.75,3.75,4.75,1.79,3.85,4.6,1.72,4.05,4.96,1.85,2.05,1.81,2.08
2024-02-10,E0,2324,Tottenham,Brighton,2,1,H,1.8,4.2,3.8,1.81,4.35,3.92,1.72,4.64,4.27,1.4,2.88,1.35,3.38
2024-02-10,E0,2324,Wolves,Brentford,0,2,A,2.1,3.6,3.4,2.14,3.65,3.42,2.27,3.54,3.28,1.75,2.05,1.83,2.08
2024-02-10,E0,2324,Nott'm Forest,Newcastle,2,3,A,3.3,3.75,2.05,3.29,3.81,2.14,3.32,3.79,2.16,1.7,2.1,1.68,2.29
2024-02-10,T1,2324,Karagumruk,Pendikspor,2,0,H,2.15,3.4,3.3,2.27,3.55,3.28,2.07,3.42,3.95,1.95,1.9,1.85,2.04
2024-02-10,T1,2324,Galatasaray,Buyuksehyr,2,0,H,1.3,5.5,10.0,1.31,5.86,10.36,1.32,5.87,9.54,1.57,2.35,1.46,2.83
2024-02-11,D1,2324,Stuttgart,Mainz,3,1,H,1.44,4.5,7.5,1.44,4.77,7.45,1.47,4.66,7.2,1.73,2.1,1.71,2.24
2024-02-11,D1,2324,Hoffenheim,FC Koln,1,1,D,1.8,3.8,4.33,1.86,3.9,4.12,1.75,4.05,4.74,1.62,2.3,1.66,2.34
2024-02-11,E0,2324,West Ham,Arsenal,0,6,A,6.0,4.33,1.53,5.95,4.4,1.56,6.25,4.4,1.56,1.67,2.15,1.89,2.01
2024-02-11,E0,2324,Aston Villa,Man United,1,2,A,2.15,3.75,3.1,2.16,3.91,3.18,2.18,3.93,3.18,1.53,2.4,1.52,2.66
2024-02-11,T1,2324,Sivasspor,Rizespor,1,0,H,2.38,3.3,3.1,2.39,3.53,3.07,2.59,3.46,2.87,1.98,1.88,2.0,1.89
2024-02-11,T1,2324,Istanbulspor,Gaziantep,1,3,A,3.0,3.1,2.55,2.88,3.41,2.58,3.33,3.28,2.37,2.05,1.75,2.19,1.74
2024-02-11,T1,2324,Konyaspor,Ankaragucu,1,0,H,2.55,3.3,2.8,2.67,3.15,2.98,2.95,3.03,2.79,2.2,1.65,2.56,1.55
2024-02-11,T1,2324,Fenerbahce,Alanyaspor,2,2,D,1.22,6.5,13.0,1.21,7.5,12.98,1.18,8.09,15.83,1.4,2.88,1.39,3.07
2024-02-12,E0,2324,Crystal Palace,Chelsea,1,3,A,4.2,3.8,1.85,4.25,3.86,1.85,5.04,3.99,1.72,1.86,2.04,1.86,2.05
2024-02-12,T1,2324,Trabzonspor,Hatayspor,2,0,H,1.75,3.6,5.0,1.79,3.63,4.91,1.62,3.95,6.25,2.0,1.85,1.98,1.91
2024-02-12,T1,2324,Kayserispor,Besiktas,0,0,D,3.6,3.75,1.95,3.76,3.78,1.98,3.36,3.78,2.16,1.73,2.08,1.75,2.16
2024-02-12,T1,2324,Samsunspor,Antalyaspor,2,0,H,2.38,3.3,3.1,2.42,3.29,3.16,2.14,3.37,3.79,2.08,1.73,2.1,1.79
2024-02-16,D1,2324,FC Koln,Werder Bremen,0,1,A,2.4,3.4,2.88,2.57,3.38,2.92,2.47,3.37,3.07,2.04,1.86,2.09,1.83
2024-02-16,T1,2324,Kasimpasa,Karagumruk,1,1,D,2.55,3.75,2.6,2.63,3.72,2.64,2.97,3.65,2.4,1.6,2.3,1.75,2.17
2024-02-17,D1,2324,Darmstadt,Stuttgart,1,2,A,6.5,4.75,1.44,6.88,4.89,1.45,6.17,4.73,1.52,1.67,2.2,1.69,2.27
2024-02-17,D1,2324,Heidenheim,Leverkusen,1,2,A,8.0,5.75,1.33,8.03,5.8,1.35,7.47,5.3,1.41,1.5,2.63,1.6,2.48
2024-02-17,D1,2324,Hoffenheim,Union Berlin,0,1,A,2.0,3.6,3.6,2.06,3.71,3.58,1.95,3.77,3.99,1.73,2.1,1.81,2.1
2024-02-17,D1,2324,Mainz,Augsburg,1,0,H,2.0,3.5,3.8,2.03,3.66,3.72,2.0,3.65,3.9,1.98,1.92,1.92,1.99
2024-02-17,D1,2324,Wolfsburg,Dortmund,1,1,D,3.2,3.8,2.1,3.32,3.79,2.13,3.24,3.91,2.16,1.57,2.38,1.57,2.55
2024-02-17,D1,2324,RB Leipzig,M'gladbach,2,0,H,1.36,5.5,7.0,1.38,5.63,7.27,1.32,6.02,9.1,1.36,3.2,1.43,2.95
2024-02-17,E0,2324,Brentford,Liverpool,1,4,A,5.5,4.33,1.57,5.27,4.59,1.59,4.85,4.45,1.66,1.48,2.6,1.47,2.81
2024-02-17,E0,2324,Burnley,Arsenal,0,5,A,10.0,5.75,1.29,9.78,5.73,1.31,10.32,6.08,1.29,1.57,2.35,1.56,2.54
2024-02-17,E0,2324,Fulham,Aston Villa,1,2,A,2.9,3.75,2.2,2.97,3.76,2.32,3.1,3.74,2.28,1.6,2.3,1.63,2.4
2024-02-17,E0,2324,Newcastle,Bournemouth,2,2,D,1.83,4.2,3.75,1.87,4.15,3.84,2.0,3.94,3.64,1.48,2.6,1.59,2.49
2024-02-17,E0,2324,Nott'm Forest,West Ham,2,0,H,2.38,3.5,2.9,2.47,3.5,2.92,2.29,3.54,3.24,1.89,2.01,1.88,2.03
2024-02-17,E0,2324,Tottenham,Wolves,1,2,A,1.53,4.75,5.25,1.55,4.87,5.36,1.51,5.01,5.84,1.44,2.7,1.4,3.12
2024-02-17,E0,2324,Man City,Chelsea,1,1,D,1.33,5.5,8.0,1.34,5.71,8.37,1.31,6.6,8.75,1.44,2.7,1.35,3.48
2024-02-17,T1,2324,Antalyaspor,Istanbulspor,2,2,D,1.5,4.33,6.5,1.51,4.48,6.89,1.43,4.96,7.82,1.75,2.05,1.69,2.26
2024-02-17,T1,2324,Hatayspor,Sivasspor,1,1,D,2.25,3.25,3.3,2.38,3.32,3.26,2.29,3.29,3.49,2.1,1.7,2.17,1.75
2024-02-17,T1,2324,Rizespor,Fenerbahce,1,3,A,6.0,4.75,1.45,6.91,4.78,1.48,7.06,5.07,1.44,1.57,2.35,1.56,2.56
2024-02-18,D1,2324,Freiburg,Ein Frankfurt,3,3,D,2.3,3.4,3.1,2.33,3.38,3.24,2.52,3.41,2.97,2.06,1.84,2.0,1.91
2024-02-18,D1,2324,Bochum,Bayern Munich,3,2,H,8.0,5.75,1.33,8.13,5.93,1.34,7.65,5.72,1.38,1.4,3.0,1.42,3.01
2024-02-18,E0,2324,Sheffield United,Brighton,0,5,A,5.0,4.2,1.62,4.99,4.4,1.64,4.91,4.32,1.68,1.57,2.35,1.59,2.46
2024-02-18,E0,2324,Luton,Man United,1,2,A,4.0,4.0,1.8,4.17,4.13,1.81,4.32,4.14,1.79,1.57,2.35,1.55,2.61
2024-02-18,T1,2324,Alanyaspor,Ad. Demirspor,3,3,D,2.0,3.6,3.6,2.04,3.73,3.71,2.27,3.55,3.27,1.8,2.0,1.77,2.13
2024-02-18,T1,2324,Gaziantep,Samsunspor,1,1,D,2.55,3.1,3.0,2.56,3.32,2.98,3.1,3.17,2.57,2.08,1.73,2.29,1.68
2024-02-18,T1,2324,Pendikspor,Trabzonspor,0,2,A,3.1,3.6,2.2,3.3,3.68,2.21,3.23,3.68,2.24,1.75,2.05,1.81,2.07
2024-02-18,T1,2324,Ankaragucu,Galatasaray,0,3,A,6.0,4.5,1.5,6.74,4.51,1.51,4.68,3.97,1.77,1.7,2.1,1.85,2.09
2024-02-19,E0,2324,Everton,Crystal Palace,1,1,D,1.7,3.6,5.25,1.72,3.79,5.26,1.83,3.49,5.06,2.1,1.7,2.38,1.64
2024-02-19,T1,2324,Besiktas,Konyaspor,2,0,H,1.57,4.2,5.75,1.56,4.38,5.93,1.56,4.32,6.37,1.73,2.08,1.78,2.12
2024-02-19,T1,2324,Buyuksehyr,Kayserispor,2,3,A,1.8,3.75,4.5,1.75,3.63,5.26,2.0,3.48,4.13,1.85,2.0,1.91,1.98
2024-02-20,E0,2324,Man City,Brentford,1,0,H,1.18,8.0,13.0,1.17,8.67,15.04,1.18,8.5,15.0,1.33,3.4,1.38,3.17
2024-02-21,E0,2324,Liverpool,Luton,4,1,H,1.2,7.0,13.0,1.19,7.94,12.93,1.25,6.93,10.47,1.3,3.5,1.35,3.33
2024-02-23,D1,2324,Leverkusen,Mainz,2,1,H,1.22,6.5,13.0,1.26,6.53,12.14,1.3,5.99,10.49,1.57,2.38,1.58,2.5
2024-02-23,T1,2324,Samsunspor,Rizespor,3,0,H,1.91,3.6,4.0,1.96,3.53,4.24,1.79,3.81,4.83,1.93,1.93,1.79,2.1
2024-02-24,D1,2324,M'gladbach,Bochum,5,2,H,2.0,3.8,3.5,2.02,3.77,3.65,2.12,3.63,3.56,1.62,2.3,1.67,2.32
2024-02-24,D1,2324,Stuttgart,FC Koln,1,1,D,1.3,5.25,10.0,1.32,5.75,9.52,1.33,5.66,9.72,1.53,2.5,1.61,2.43
2024-02-24,D1,2324,Union Berlin,Heidenheim,2,2,D,2.0,3.5,3.75,2.04,3.49,3.89,1.87,3.61,4.6,2.0,1.8,2.08,1.84
2024-02-24,D1,2324,Werder Bremen,Darmstadt,1,1,D,1.65,4.2,5.0,1.69,3.94,5.22,1.76,3.95,4.76,1.84,2.06,1.73,2.2
2024-02-24,D1,2324,Bayern Munich,RB Leipzig,2,1,H,1.67,4.33,4.5,1.7,4.4,4.53,1.81,4.39,4.02,1.44,2.75,1.39,3.17
2024-02-24,E0,2324,Aston Villa,Nott'm Forest,4,2,H,1.53,4.5,5.75,1.57,4.52,5.55,1.61,4.51,5.37,1.57,2.35,1.52,2.64
2024-02-24,E0,2324,Brighton,Everton,1,1,D,1.83,3.8,4.2,1.82,4.04,4.2,1.87,3.98,4.1,1.65,2.2,1.65,2.36
2024-02-24,E0,2324,Crystal Palace,Burnley,3,0,H,1.95,3.5,4.0,2.03,3.45,3.98,1.98,3.54,4.13,2.1,1.7,2.17,1.76
2024-02-24,E0,2324,Man United,Fulham,1,2,A,1.57,4.33,5.5,1.61,4.48,5.21,1.65,4.26,5.24,1.57,2.35,1.58,2.51
2024-02-24,E0,2324,Bournemouth,Man City,0,1,A,7.0,5.25,1.4,7.2,5.14,1.42,6.75,5.2,1.45,1.48,2.6,1.49,2.73
2024-02-24,E0,2324,Arsenal,Newcastle,4,1,H,1.36,5.25,8.0,1.4,5.32,7.33,1.36,5.75,8.2,1.48,2.6,1.45,2.87
2024-02-24,T1,2324,Kayserispor,Ankaragucu,3,2,H,2.2,3.4,3.25,2.26,3.47,3.37,2.22,3.25,3.7,2.0,1.85,2.18,1.74
2024-02-24,T1,2324,Gaziantep,Buyuksehyr,0,2,A,2.75,3.2,2.7,2.81,3.23,2.76,2.8,3.37,2.66,2.05,1.75,1.93,1.96
2024-02-24,T1,2324,Fenerbahce,Kasimpasa,2,1,H,1.2,7.5,12.0,1.21,7.95,12.05,1.2,7.65,13.46,1.25,4.0,1.39,3.09
2024-02-24,T1,2324,Konyaspor,Hatayspor,2,0,H,2.3,3.25,3.25,2.34,3.23,3.43,2.29,3.16,3.65,2.2,1.65,2.25,1.7
2024-02-25,D1,2324,Ein Frankfurt,Wolfsburg,2,2,D,2.25,3.4,3.2,2.29,3.48,3.24,2.49,3.41,3.01,1.97,1.93,2.0,1.91
2024-02-25,D1,2324,Dortmund,Hoffenheim,2,3,A,1.5,5.0,5.5,1.51,5.16,5.52,1.44,5.61,6.29,1.33,3.4,1.33,3.45
2024-02-25,D1,2324,Augsburg,Freiburg,2,1,H,2.2,3.6,3.1,2.28,3.66,3.11,2.38,3.6,3.03,1.8,2.0,1.77,2.16
2024-02-25,E0,2324,Wolves,Sheffield United,1,0,H,1.44,4.75,7.0,1.43,4.66,7.0,1.49,4.65,6.92,1.65,2.2,1.77,2.14
2024-02-25,T1,2324,Sivasspor,Pendikspor,4,1,H,2.15,3.4,3.4,2.21,3.44,3.51,2.51,3.47,2.93,1.9,1.95,1.87,2.03
2024-02-25,T1,2324,Karagumruk,Alanyaspor,1,1,D,1.91,3.5,4.2,1.95,3.47,4.38,1.88,3.56,4.61,2.03,1.83,1.9,1.99
2024-02-25,T1,2324,Trabzonspor,Ad. Demirspor,1,0,H,1.73,4.0,4.75,1.79,3.88,4.65,1.88,3.88,4.19,1.7,2.1,1.68,2.29
2024-02-25,T1,2324,Istanbulspor,Besiktas,0,2,A,6.0,4.2,1.55,6.04,4.41,1.56,6.92,4.78,1.47,1.65,2.2,1.67,2.35
2024-02-26,E0,2324,West Ham,Brentford,4,2,H,2.5,3.5,2.75,2.57,3.68,2.68,2.33,3.6,3.12,1.7,2.1,1.8,2.11
2024-02-26,T1,2324,Galatasaray,Antalyaspor,2,1,H,1.33,5.75,8.0,1.32,5.91,9.18,1.32,6.07,9.29,1.48,2.6,1.45,2.88
2024-03-01,D1,2324,Freiburg,Bayern Munich,2,2,D,5.75,4.75,1.5,6.11,4.86,1.51,6.23,4.84,1.51,1.53,2.5,1.56,2.57
2024-03-01,T1,2324,Kasimpasa,Sivasspor,0,0,D,2.05,3.8,3.3,2.18,3.55,3.48,1.92,3.68,4.24,1.67,2.15,1.81,2.07
2024-03-02,D1,2324,Bochum,RB Leipzig,1,4,A,5.0,4.2,1.62,4.76,4.44,1.66,4.64,4.5,1.68,1.53,2.5,1.5,2.71
2024-03-02,D1,2324,Darmstadt,Augsburg,0,6,A,2.9,3.3,2.4,2.93,3.47,2.48,3.63,3.61,2.1,1.86,2.04,1.81,2.12
2024-03-02,D1,2324,Heidenheim,Ein Frankfurt,1,2,A,2.8,3.3,2.5,2.84,3.39,2.59,3.07,3.41,2.45,1.97,1.93,1.98,1.92
2024-03-02,D1,2324,Mainz,M'gladbach,1,1,D,1.91,3.75,3.75,1.98,3.81,3.73,1.94,3.74,4.13,1.8,2.0,1.93,1.98
2024-03-02,D1,2324,Union Berlin,Dortmund,0,2,A,3.4,3.6,2.05,3.44,3.62,2.14,3.45,3.65,2.15,1.73,2.1,1.76,2.17
2024-03-02,D1,2324,Wolfsburg,Stuttgart,2,3,A,3.3,3.5,2.15,3.34,3.56,2.2,3.24,3.58,2.27,1.73,2.1,1.81,2.1
2024-03-02,E0,2324,Brentford,Chelsea,2,2,D,3.1,3.75,2.15,3.04,3.95,2.21,3.28,3.74,2.2,1.53,2.4,1.67,2.33
2024-03-02,E0,2324,Everton,West Ham,1,3,A,2.05,3.6,3.5,2.1,3.57,3.62,2.17,3.56,3.49,1.92,1.98,1.95,1.95
2024-03-02,E0,2324,Fulham,Brighton,3,0,H,2.55,3.6,2.63,2.6,3.59,2.7,2.62,3.44,2.81,1.62,2.25,1.83,2.05
2024-03-02,E0,2324,Newcastle,Wolves,3,0,H,1.91,4.0,3.6,1.89,4.01,3.89,1.73,4.28,4.58,1.57,2.35,1.56,2.58
2024-03-02,E0,2324,Nott'm Forest,Liverpool,0,1,A,6.0,4.33,1.53,5.69,4.73,1.54,5.41,4.51,1.6,1.48,2.6,1.55,2.6
2024-03-02,E0,2324,Tottenham,Crystal Palace,3,1,H,1.5,4.33,6.5,1.52,4.51,6.26,1.54,4.6,6.11,1.53,2.4,1.49,2.73
2024-03-02,E0,2324,Luton,Aston Villa,2,3,A,4.33,4.2,1.73,4.34,4.44,1.72,4.55,4.5,1.7,1.44,2.7,1.47,2.83
2024-03-02,T1,2324,Ankaragucu,Istanbulspor,1,1,D,1.45,4.2,8.0,1.47,4.55,7.58,1.6,4.19,5.97,1.93,1.93,1.93,1.95
2024-03-02,T1,2324,Rizespor,Kayserispor,3,0,H,2.0,3.6,3.6,2.01,3.57,3.97,2.06,3.52,3.85,1.73,2.08,1.72,2.21
2024-03-02,T1,2324,Hatayspor,Fenerbahce,0,2,A,8.0,5.5,1.33,10.4,5.7,1.32,10.04,5.62,1.33,1.57,2.35,1.62,2.41
2024-03-03,D1,2324,FC Koln,Leverkusen,0,2,A,9.0,4.75,1.36,8.08,5.15,1.39,8.62,5.37,1.37,1.67,2.2,1.62,2.42
2024-03-03,D1,2324,Hoffenheim,Werder Bremen,2,1,H,1.91,4.0,3.6,1.97,3.87,3.72,1.95,4.18,3.59,1.57,2.38,1.47,2.8
2024-03-03,E0,2324,Burnley,Bournemouth,0,2,A,3.75,3.6,1.95,3.79,3.83,1.96,3.8,3.8,1.99,1.7,2.1,1.7,2.27
2024-03-03,E0,2324,Man City,Man United,3,1,H,1.25,5.75,11.0,1.27,6.39,10.06,1.24,7.2,10.75,1.36,3.1,1.35,3.28
2024-03-03,T1,2324,Buyuksehyr,Samsunspor,1,0,H,2.25,3.4,3.2,2.27,3.54,3.28,2.27,3.35,3.47,2.03,1.83,2.15,1.75
2024-03-03,T1,2324,Pendikspor,Konyaspor,0,2,A,2.2,3.4,3.3,2.23,3.57,3.34,2.17,3.33,3.75,1.88,1.98,2.02,1.87
2024-03-03,T1,2324,Besiktas,Galatasaray,0,1,A,3.75,3.75,1.91,3.65,3.85,2.02,3.28,3.79,2.18,1.57,2.35,1.64,2.38
2024-03-04,E0,2324,Sheffield United,Arsenal,0,6,A,17.0,7.0,1.18,16.74,8.18,1.16,17.5,7.75,1.18,1.4,2.88,1.54,2.58
2024-03-04,T1,2324,Ad. Demirspor,Karagumruk,1,0,H,2.25,3.5,3.1,2.32,3.5,3.21,2.35,3.32,3.34,1.73,2.08,2.06,1.84
2024-03-04,T1,2324,Alanyaspor,Trabzonspor,3,1,H,2.88,3.5,2.38,3.0,3.53,2.4,2.91,3.4,2.57,1.83,2.03,2.0,1.89
2024-03-04,T1,2324,Antalyaspor,Gaziantep,1,0,H,1.83,3.75,4.2,1.86,3.82,4.24,1.85,3.64,4.62,1.88,1.98,2.03,1.87
2024-03-08,D1,2324,Stuttgart,Union Berlin,2,0,H,1.45,4.5,7.0,1.48,4.62,7.08,1.52,4.46,6.69,1.73,2.1,1.79,2.11
2024-03-08,T1,2324,Galatasaray,Rizespor,6,2,H,1.25,6.0,9.5,1.26,6.65,10.98,1.25,6.83,11.87,1.33,3.4,1.34,3.34
2024-03-09,D1,2324,Augsburg,Heidenheim,1,0,H,1.85,4.2,3.5,1.88,3.89,4.07,1.69,4.32,4.98,1.62,2.3,1.58,2.51
2024-03-09,D1,2324,Bayern Munich,Mainz,8,1,H,1.25,7.0,10.0,1.23,6.97,11.21,1.24,6.87,11.46,1.4,3.0,1.39,3.07
2024-03-09,D1,2324,M'gladbach,FC Koln,3,3,D,1.83,4.0,4.0,1.85,3.77,4.32,1.88,3.68,4.4,1.73,2.1,1.97,1.93
2024-03-09,D1,2324,RB Leipzig,Darmstadt,2,0,H,1.14,8.5,15.0,1.15,8.79,16.82,1.12,10.42,23.31,1.33,3.4,1.32,3.53
2024-03-09,D1,2324,Werder Bremen,Dortmund,1,2,A,3.5,4.33,1.85,3.87,4.06,1.88,4.04,4.28,1.82,1.44,2.75,1.45,2.87
2024-03-09,E0,2324,Man United,Everton,2,0,H,1.83,3.6,4.0,1.84,3.93,4.2,1.95,3.74,4.01,1.67,2.15,1.78,2.13
2024-03-09,E0,2324,Bournemouth,Sheffield United,2,2,D,1.33,5.25,8.0,1.35,5.55,8.52,1.34,5.79,8.51,1.53,2.4,1.47,2.79
2024-03-09,E0,2324,Crystal Palace,Luton,1,1,D,1.75,3.8,4.2,1.77,3.95,4.58,1.92,3.76,4.12,1.75,2.05,1.87,2.04
2024-03-09,E0,2324,Wolves,Fulham,2,1,H,2.5,3.4,2.75,2.52,3.46,2.88,2.56,3.44,2.89,1.95,1.95,1.95,1.95
2024-03-09,E0,2324,Arsenal,Brentford,2,1,H,1.22,7.0,11.0,1.23,6.96,11.44,1.22,7.5,13.0,1.44,2.7,1.42,2.96
2024-03-09,T1,2324,Sivasspor,Alanyaspor,1,2,A,2.45,3.4,2.88,2.57,3.36,2.93,2.54,3.3,3.02,1.98,1.88,2.14,1.77
2024-03-09,T1,2324,Konyaspor,Ad. Demirspor,2,2,D,2.4,3.5,2.88,2.49,3.34,3.06,2.74,3.11,2.94,1.98,1.88,2.41,1.62
2024-03-09,T1,2324,Buyuksehyr,Antalyaspor,1,0,H,2.2,3.4,3.3,2.3,3.37,3.38,2.32,3.41,3.3,2.03,1.83,2.04,1.85
2024-03-09,T1,2324,Trabzonspor,Karagumruk,5,1,H,1.75,3.8,4.5,1.78,3.56,4.67,1.81,3.87,4.59,1.93,1.93,1.79,2.1
2024-03-10,D1,2324,Bochum,Freiburg,1,2,A,2.2,3.75,3.0,2.27,3.65,3.13,2.57,3.45,2.87,1.8,2.0,1.98,1.93
2024-03-10,D1,2324,Ein Frankfurt,Hoffenheim,3,1,H,2.0,4.0,3.3,2.06,3.9,3.43,2.07,3.8,3.55,1.57,2.38,1.76,2.17
2024-03-10,D1,2324,Leverkusen,Wolfsburg,2,0,H,1.33,5.75,8.5,1.32,5.89,9.05,1.3,5.79,10.97,1.53,2.5,1.69,2.27
2024-03-10,E0,2324,Aston Villa,Tottenham,0,4,A,2.38,4.0,2.6,2.47,3.98,2.65,2.55,3.86,2.66,1.36,3.1,1.42,3.04
2024-03-10,E0,2324,Brighton,Nott'm Forest,1,0,H,1.8,4.0,4.0,1.81,4.01,4.26,1.63,4.39,5.3,1.62,2.25,1.6,2.46
2024-03-10,E0,2324,West Ham,Burnley,2,2,D,1.67,4.0,4.75,1.69,4.06,5.04,1.66,4.08,5.43,1.7,2.1,1.87,2.04
2024-03-10,E0,2324,Liverpool,Man City,1,1,D,3.0,3.75,2.2,3.02,3.8,2.28,3.48,3.9,2.06,1.5,2.5,1.47,2.77
2024-03-10,T1,2324,Kayserispor,Hatayspor,1,1,D,1.95,3.6,3.8,1.97,3.52,3.75,1.98,3.58,4.11,1.9,1.95,1.9,1.99
2024-03-10,T1,2324,Istanbulspor,Kasimpasa,1,2,A,4.2,4.0,1.8,4.36,3.97,1.83,3.99,3.97,1.9,1.67,2.15,1.67,2.3
2024-03-10,T1,2324,Samsunspor,Ankaragucu,2,1,H,2.0,3.4,3.8,2.05,3.22,4.35,2.08,3.23,4.2,2.2,1.65,2.31,1.66
2024-03-10,T1,2324,Fenerbahce,Pendikspor,4,1,H,1.18,8.0,12.0,1.18,8.58,14.14,1.19,8.24,13.21,1.33,3.4,1.33,3.44
2024-03-11,E0,2324,Chelsea,Newcastle,3,2,H,1.91,4.0,3.6,1.96,4.07,3.59,1.85,4.31,3.91,1.44,2.7,1.45,2.89
2024-03-11,T1,2324,Gaziantep,Besiktas,2,0,H,3.75,3.6,1.95,3.91,3.6,2.0,3.59,3.43,2.18,1.9,1.95,2.08,1.81
2024-03-13,E0,2324,Bournemouth,Luton,4,3,H,1.5,4.75,5.75,1.51,4.71,6.18,1.53,4.89,5.69,1.44,2.7,1.41,3.04
2024-03-15,D1,2324,FC Koln,RB Leipzig,1,5,A,6.5,4.75,1.45,6.61,4.86,1.48,6.76,4.89,1.47,1.62,2.3,1.6,2.48
2024-03-15,T1,2324,Karagumruk,Konyaspor,1,1,D,1.95,3.3,4.2,2.03,3.3,4.32,2.0,3.28,4.48,2.15,1.67,2.3,1.67
2024-03-15,T1,2324,Pendikspor,Istanbulspor,1,0,H,1.6,4.2,5.5,1.6,4.43,5.5,1.54,4.37,6.5,1.6,2.3,1.81,2.08
2024-03-16,D1,2324,Darmstadt,Bayern Munich,2,5,A,17.0,8.0,1.14,17.12,9.56,1.14,17.27,10.13,1.14,1.29,3.75,1.33,3.39
2024-03-16,D1,2324,Heidenheim,M'gladbach,1,1,D,2.45,3.6,2.7,2.49,3.63,2.8,2.64,3.59,2.71,1.67,2.2,1.71,2.24
2024-03-16,D1,2324,Mainz,Bochum,2,0,H,1.8,3.8,4.33,1.79,3.88,4.58,1.83,3.92,4.38,1.8,2.0,1.71,2.23
2024-03-16,D1,2324,Union Berlin,Werder Bremen,2,1,H,2.05,3.4,3.8,2.02,3.64,3.79,2.13,3.45,3.72,2.0,1.9,2.01,1.89
2024-03-16,D1,2324,Wolfsburg,Augsburg,1,3,A,2.05,3.5,3.5,2.12,3.65,3.46,2.36,3.59,3.07,1.8,2.0,1.72,2.24
2024-03-16,D1,2324,Hoffenheim,Stuttgart,0,3,A,3.8,4.0,1.83,3.77,4.23,1.88,4.33,4.46,1.74,1.44,2.75,1.42,3.08
2024-03-16,E0,2324,Burnley,Brentford,2,1,H,3.25,3.6,2.15,3.23,3.72,2.2,3.18,3.65,2.28,1.75,2.05,1.77,2.16
2024-03-16,E0,2324,Luton,Nott'm Forest,1,1,D,2.8,3.5,2.45,2.83,3.69,2.44,2.67,3.59,2.67,1.67,2.15,1.72,2.2
2024-03-16,E0,2324,Fulham,Tottenham,3,0,H,3.5,3.8,1.95,3.42,4.09,2.01,3.45,4.0,2.05,1.48,2.6,1.49,2.72
2024-03-16,T1,2324,Alanyaspor,Kayserispor,1,0,H,2.1,3.5,3.5,2.19,3.44,3.57,2.05,3.56,3.85,1.85,2.0,1.75,2.16
2024-03-16,T1,2324,Ankaragucu,Buyuksehyr,2,1,H,2.5,3.25,3.0,2.57,3.19,3.08,2.45,3.19,3.26,2.2,1.65,2.29,1.68
2024-03-16,T1,2324,Ad. Demirspor,Sivasspor,4,1,H,1.8,3.5,4.75,1.84,3.51,4.96,1.72,3.65,5.67,1.98,1.88,2.03,1.86
2024-03-16,T1,2324,Besiktas,Antalyaspor,1,2,A,1.91,3.5,4.2,1.97,3.56,4.15,1.91,3.5,4.55,1.93,1.93,1.95,1.93
2024-03-17,D1,2324,Freiburg,Leverkusen,2,3,A,6.0,4.33,1.53,5.92,4.39,1.56,6.41,4.62,1.52,1.73,2.1,1.67,2.31
2024-03-17,D1,2324,Dortmund,Ein Frankfurt,3,1,H,1.62,4.2,5.0,1.63,4.47,5.01,1.67,4.43,4.87,1.5,2.63,1.44,2.93
2024-03-17,E0,2324,West Ham,Aston Villa,1,1,D,2.63,3.75,2.45,2.66,3.82,2.52,2.48,3.69,2.83,1.57,2.35,1.63,2.42
2024-03-17,T1,2324,Rizespor,Gaziantep,3,1,H,1.8,3.6,4.5,1.85,3.61,4.73,1.93,3.54,4.32,1.88,1.98,1.89,2.0
2024-03-17,T1,2324,Hatayspor,Samsunspor,3,0,H,2.9,3.4,2.4,3.1,3.27,2.51,3.43,3.24,2.34,2.08,1.73,2.27,1.68
2024-03-17,T1,2324,Kasimpasa,Galatasaray,3,4,A,6.0,5.0,1.45,6.32,5.22,1.47,6.14,4.92,1.5,1.4,2.88,1.44,2.89
2024-03-17,T1,2324,Trabzonspor,Fenerbahce,2,3,A,4.75,4.0,1.7,4.74,4.12,1.74,3.73,3.73,2.03,1.67,2.15,1.75,2.17
2024-03-30,D1,2324,Ein Frankfurt,Union Berlin,0,0,D,2.0,3.5,3.8,2.07,3.41,3.88,1.97,3.51,4.22,2.1,1.73,2.13,1.79
2024-03-30,D1,2324,Leverkusen,Hoffenheim,2,1,H,1.2,7.5,12.0,1.21,7.55,11.72,1.2,7.96,12.98,1.3,3.5,1.33,3.33
2024-03-30,D1,2324,M'gladbach,Freiburg,0,3,A,2.2,3.6,3.2,2.21,3.72,3.19,2.14,3.62,3.52,1.67,2.2,1.75,2.18
2024-03-30,D1,2324,RB Leipzig,Mainz,0,0,D,1.4,5.25,7.5,1.39,5.34,7.66,1.37,5.69,7.85,1.53,2.5,1.42,3.11
2024-03-30,D1,2324,Werder Bremen,Wolfsburg,0,2,A,2.88,3.5,2.4,2.88,3.61,2.44,2.71,3.46,2.71,1.8,2.0,1.88,2.03
2024-03-30,D1,2324,Bayern Munich,Dortmund,0,2,A,1.4,5.75,6.0,1.39,5.92,6.7,1.35,6.4,7.45,1.25,4.0,,
2024-03-30,E0,2324,Newcastle,West Ham,4,3,H,1.83,4.2,3.8,1.81,4.26,4.0,1.85,4.19,3.96,1.5,2.5,1.5,2.72
2024-03-30,E0,2324,Bournemouth,Everton,2,1,H,2.2,3.6,3.2,2.24,3.56,3.27,2.18,3.74,3.24,1.7,2.1,1.65,2.35
2024-03-30,E0,2324,Chelsea,Burnley,2,2,D,1.29,6.0,9.5,1.3,6.12,9.34,1.25,6.66,11.18,1.48,2.6,1.4,3.07
2024-03-30,E0,2324,Nott'm Forest,Crystal Palace,1,1,D,2.2,3.3,3.4,2.29,3.38,3.34,2.25,3.4,3.43,2.08,1.73,2.09,1.81
2024-03-30,E0,2324,Sheffield United,Fulham,3,3,D,4.5,4.0,1.73,4.89,3.95,1.73,4.89,4.13,1.71,1.65,2.2,1.75,2.17
2024-03-30,E0,2324,Tottenham,Luton,2,1,H,1.2,8.0,11.0,1.21,7.6,11.57,1.19,8.37,12.64,1.25,4.0,1.32,3.31
2024-03-30,E0,2324,Aston Villa,Wolves,2,0,H,1.6,4.33,5.0,1.64,4.46,4.9,1.53,4.41,6.66,1.57,2.35,1.66,2.33
2024-03-30,E0,2324,Brentford,Man United,1,1,D,3.0,3.8,2.2,3.09,3.86,2.22,3.39,4.06,2.06,1.53,2.4,1.45,2.89
2024-03-31,D1,2324,Augsburg,FC Koln,1,1,D,1.75,4.0,4.5,1.81,3.84,4.51,1.67,4.13,5.16,1.73,2.1,1.67,2.31
2024-03-31,D1,2324,Stuttgart,Heidenheim,3,3,D,1.25,6.0,10.0,1.26,6.51,10.08,1.28,6.38,9.81,1.4,3.0,1.39,3.09
2024-03-31,D1,2324,Bochum,Darmstadt,2,2,D,1.62,4.0,5.25,1.63,4.3,5.25,1.5,4.76,6.53,1.67,2.2,1.53,2.63
2024-03-31,E0,2324,Liverpool,Brighton,2,1,H,1.36,5.5,7.5,1.37,5.71,7.57,1.29,6.6,9.25,1.36,3.1,1.33,3.44
2024-03-31,E0,2324,Man City,Arsenal,0,0,D,1.91,3.8,3.8,1.92,3.86,3.94,2.09,3.6,3.72,1.7,2.1,1.82,2.07
2024-04-02,E0,2324,Newcastle,Everton,1,1,D,2.0,3.75,3.5,2.03,3.86,3.62,2.03,3.78,3.72,1.67,2.2,1.72,2.23
2024-04-02,E0,2324,Nott'm Forest,Fulham,3,1,H,2.7,3.4,2.63,2.78,3.51,2.61,2.74,3.48,2.66,1.8,2.0,1.86,2.06
2024-04-02,E0,2324,Bournemouth,Crystal Palace,1,0,H,1.95,3.8,3.6,2.02,3.8,3.69,1.89,3.89,4.14,1.73,2.1,1.78,2.12
2024-04-02,E0,2324,Burnley,Wolves,1,1,D,2.45,3.6,2.75,2.55,3.54,2.83,2.36,3.54,3.08,1.84,2.06,1.91,2.0
2024-04-02,E0,2324,West Ham,Tottenham,1,1,D,3.3,4.2,1.95,3.38,4.24,2.01,3.47,4.26,1.99,1.33,3.4,1.42,2.99
2024-04-02,T1,2324,Istanbulspor,Rizespor,0,4,A,4.5,3.8,1.75,4.53,3.89,1.79,5.09,4.05,1.7,1.7,2.1,1.7,2.23
2024-04-02,T1,2324,Antalyaspor,Ankaragucu,1,1,D,1.91,3.6,4.2,1.93,3.49,4.31,2.03,3.34,4.04,1.98,1.88,2.01,1.88
2024-04-02,T1,2324,Galatasaray,Hatayspor,1,0,H,1.2,7.5,12.0,1.17,8.01,16.15,1.16,8.25,17.47,1.36,3.1,1.39,3.11
2024-04-02,T1,2324,Gaziantep,Alanyaspor,0,3,A,2.25,3.3,3.25,2.25,3.31,3.48,2.26,3.29,3.47,2.0,1.85,2.03,1.87
2024-04-03,E0,2324,Arsenal,Luton,2,0,H,1.1,10.0,19.0,1.11,11.82,20.95,1.13,10.5,19.5,1.25,4.0,1.31,3.59
2024-04-03,E0,2324,Brentford,Brighton,0,0,D,2.38,3.8,2.75,2.38,3.79,2.86,2.57,3.63,2.75,1.57,2.38,1.61,2.43
2024-04-03,E0,2324,Man City,Aston Villa,4,1,H,1.3,6.0,8.0,1.3,6.32,8.88,1.21,7.5,13.5,1.4,3.0,1.44,2.9
2024-04-03,T1,2324,Sivasspor,Karagumruk,1,0,H,2.6,3.3,2.75,2.62,3.21,2.94,2.58,3.15,3.05,2.1,1.7,2.35,1.65
2024-04-03,T1,2324,Fenerbahce,Ad. Demirspor,4,2,H,1.25,7.0,9.0,1.26,6.52,10.17,1.25,6.29,12.3,1.44,2.7,1.43,2.89
2024-04-03,T1,2324,Kayserispor,Kasimpasa,0,2,A,2.15,3.75,3.1,2.2,3.72,3.22,2.04,3.95,3.42,1.57,2.35,1.55,2.57
2024-04-03,T1,2324,Konyaspor,Trabzonspor,1,3,A,3.5,3.4,2.1,3.67,3.36,2.15,3.39,3.41,2.25,2.05,1.75,2.14,1.77
2024-04-04,E0,2324,Liverpool,Sheffield United,3,1,H,1.09,12.0,21.0,1.08,14.33,25.37,1.06,18.5,31.0,1.2,4.5,,
2024-04-04,E0,2324,Chelsea,Man United,4,3,H,2.0,4.0,3.4,2.03,4.03,3.42,1.82,4.41,3.98,1.4,3.0,1.42,3.03
2024-04-04,T1,2324,Buyuksehyr,Besiktas,1,1,D,2.55,3.3,2.8,2.57,3.34,2.9,2.86,3.32,2.62,1.93,1.93,1.96,1.93
2024-04-04,T1,2324,Samsunspor,Pendikspor,0,0,D,1.85,3.5,4.33,1.76,3.64,4.01,2.15,3.41,3.63,1.88,1.98,1.94,1.94
2024-04-05,D1,2324,Ein Frankfurt,Werder Bremen,1,1,D,1.75,3.8,4.5,1.78,4.02,4.56,1.78,3.96,4.66,1.73,2.1,1.71,2.26
2024-04-06,D1,2324,FC Koln,Bochum,2,1,H,2.25,3.5,3.1,2.33,3.63,3.05,2.29,3.51,3.27,1.8,2.0,1.8,2.11
2024-04-06,D1,2324,Freiburg,RB Leipzig,1,4,A,4.75,4.33,1.65,4.79,4.31,1.68,5.57,4.65,1.57,1.53,2.5,1.48,2.79
2024-04-06,D1,2324,Heidenheim,Bayern Munich,3,2,H,6.5,6.0,1.36,7.05,6.07,1.37,7.5,5.8,1.38,1.33,3.4,1.38,3.19
2024-04-06,D1,2324,Mainz,Darmstadt,4,0,H,1.4,5.0,7.5,1.41,4.97,7.93,1.42,5.11,7.49,1.67,2.2,1.6,2.45
2024-04-06,D1,2324,Union Berlin,Leverkusen,0,1,A,5.75,4.33,1.55,6.19,4.31,1.55,5.59,3.88,1.68,1.84,2.06,2.1,1.8
2024-04-06,D1,2324,Dortmund,Stuttgart,0,1,A,2.25,4.0,2.8,2.31,3.95,2.88,1.97,4.25,3.49,1.4,3.0,1.39,3.2
2024-04-06,E0,2324,Crystal Palace,Man City,2,4,A,9.5,5.25,1.33,10.64,5.59,1.31,8.8,5.35,1.37,1.67,2.2,1.71,2.23
2024-04-06,E0,2324,Aston Villa,Brentford,3,3,D,1.7,4.0,4.75,1.71,4.24,4.62,1.65,4.22,5.31,1.53,2.5,1.62,2.41
2024-04-06,E0,2324,Everton,Burnley,1,0,H,1.65,4.0,5.25,1.68,4.18,4.99,1.76,3.92,4.79,1.8,2.0,1.81,2.09
2024-04-06,E0,2324,Fulham,Newcastle,0,1,A,2.38,3.8,2.8,2.35,3.87,2.86,2.47,3.7,2.83,1.5,2.63,1.64,2.37
2024-04-06,E0,2324,Luton,Bournemouth,2,1,H,3.75,3.8,1.91,3.65,4.11,1.93,3.82,4.07,1.92,1.5,2.63,1.54,2.63
2024-04-06,E0,2324,Wolves,West Ham,1,2,A,2.5,3.6,2.7,2.53,3.61,2.77,2.91,3.42,2.55,1.8,2.0,1.92,1.99
2024-04-06,E0,2324,Brighton,Arsenal,0,3,A,5.0,4.33,1.62,5.25,4.19,1.65,6.55,4.6,1.51,1.62,2.3,1.66,2.32
2024-04-07,D1,2324,Hoffenheim,Augsburg,3,1,H,2.2,4.0,2.9,2.29,3.94,2.92,2.31,3.96,2.93,1.44,2.75,1.43,3.06
2024-04-07,D1,2324,Wolfsburg,M'gladbach,1,3,A,1.85,4.0,3.8,1.9,3.89,3.97,2.0,3.84,3.74,1.62,2.3,1.68,2.3
2024-04-07,E0,2324,Man United,Liverpool,2,2,D,4.75,4.5,1.6,4.75,4.84,1.61,5.0,4.85,1.6,1.33,3.4,1.35,3.38
2024-04-07,E0,2324,Sheffield United,Chelsea,2,2,D,7.0,5.25,1.4,6.77,5.35,1.42,6.69,5.28,1.44,1.4,3.0,1.41,3.05
2024-04-07,E0,2324,Tottenham,Nott'm Forest,3,1,H,1.4,5.5,6.5,1.39,5.46,7.33,1.42,5.5,6.9,1.4,3.0,1.39,3.12
2024-04-12,D1,2324,Augsburg,Union Berlin,2,0,H,2.1,3.4,3.4,2.15,3.52,3.59,2.19,3.44,3.57,2.0,1.93,2.0,1.91
2024-04-12,T1,2324,Trabzonspor,Sivasspor,0,1,A,1.45,4.5,7.0,1.48,4.38,7.46,1.43,4.59,8.23,1.73,2.08,1.75,2.17
2024-04-13,D1,2324,Bayern Munich,FC Koln,2,0,H,1.22,7.5,11.0,1.18,8.25,13.01,1.19,8.02,14.6,1.33,3.4,1.32,3.48
2024-04-13,D1,2324,Bochum,Heidenheim,1,1,D,2.05,3.75,3.3,2.1,3.71,3.47,2.05,3.69,3.7,1.67,2.2,1.76,2.16
2024-04-13,D1,2324,Mainz,Hoffenheim,4,1,H,1.95,4.0,3.4,2.0,3.91,3.58,1.78,4.13,4.4,1.57,2.38,1.57,2.51
2024-04-13,D1,2324,M'gladbach,Dortmund,1,2,A,3.25,4.0,2.0,3.29,4.24,2.02,3.51,3.72,2.11,1.4,3.0,1.55,2.6
2024-04-13,D1,2324,RB Leipzig,Wolfsburg,3,0,H,1.36,5.0,8.0,1.36,5.66,7.8,1.26,6.42,11.12,1.44,2.75,1.39,3.13
2024-04-13,D1,2324,Stuttgart,Ein Frankfurt,3,0,H,1.53,4.5,5.5,1.51,4.76,6.01,1.48,5.13,6.22,1.57,2.38,1.44,2.92
2024-04-13,E0,2324,Newcastle,Tottenham,4,0,H,2.7,4.0,2.3,2.8,4.05,2.33,2.65,4.1,2.48,1.36,3.2,1.35,3.41
2024-04-13,E0,2324,Brentford,Sheffield United,2,0,H,1.44,5.0,6.5,1.43,5.22,6.68,1.49,5.03,6.25,1.53,2.5,1.51,2.69
2024-04-13,E0,2324,Burnley,Brighton,1,1,D,3.5,3.75,2.0,3.54,3.8,2.05,3.97,4.06,1.88,1.67,2.2,1.57,2.54
2024-04-13,E0,2324,Man City,Luton,5,1,H,1.1,11.0,19.0,1.09,13.24,24.14,1.08,13.5,26.0,1.29,3.75,,
2024-04-13,E0,2324,Nott'm Forest,Wolves,2,2,D,2.1,3.4,3.5,2.14,3.57,3.5,2.07,3.52,3.81,1.86,2.04,1.99,1.92
2024-04-13,E0,2324,Bournemouth,Man United,2,2,D,2.4,3.9,2.6,2.42,3.83,2.79,2.38,4.1,2.74,1.44,2.75,1.4,3.08
2024-04-13,T1,2324,Kasimpasa,Konyaspor,0,2,A,2.05,3.5,3.6,2.12,3.57,3.56,1.95,3.56,4.11,1.83,2.03,1.81,2.08
2024-04-13,T1,2324,Ankaragucu,Gaziantep,3,1,H,1.91,3.4,4.33,1.88,3.6,4.46,1.88,3.46,4.68,2.08,1.73,2.08,1.83
2024-04-13,T1,2324,Ad. Demirspor,Kayserispor,0,0,D,1.91,3.6,4.0,2.0,3.67,3.83,1.82,3.75,4.55,1.67,2.15,1.68,2.29
2024-04-13,T1,2324,Besiktas,Samsunspor,1,1,D,1.75,3.75,4.75,1.79,3.73,4.73,1.75,3.78,4.98,1.93,1.93,1.94,1.94
2024-04-14,D1,2324,Darmstadt,Freiburg,0,1,A,4.0,3.8,1.83,3.98,3.98,1.88,4.57,4.2,1.76,1.62,2.3,1.71,2.24
2024-04-14,D1,2324,Leverkusen,Werder Bremen,5,0,H,1.2,7.0,13.0,1.2,7.49,12.7,1.2,7.56,13.47,1.44,2.75,1.39,3.13
2024-04-14,E0,2324,Liverpool,Crystal Palace,0,1,A,1.22,7.0,12.0,1.19,7.62,14.15,1.18,8.5,14.5,1.4,3.0,1.35,3.35
2024-04-14,E0,2324,West Ham,Fulham,0,2,A,2.38,3.6,2.8,2.4,3.66,2.91,2.44,3.68,2.89,1.67,2.2,1.69,2.28
2024-04-14,E0,2324,Arsenal,Aston Villa,0,2,A,1.29,5.75,10.0,1.29,6.27,9.5,1.24,7.0,11.5,1.5,2.63,1.45,2.83
2024-04-14,T1,2324,Pendikspor,Buyuksehyr,2,3,A,2.6,3.4,2.7,2.65,3.4,2.77,2.52,3.44,2.9,1.93,1.93,1.92,1.97
2024-04-14,T1,2324,Hatayspor,Istanbulspor,0,3,A,1.45,4.5,6.5,1.44,4.63,7.88,1.36,5.19,9.0,1.75,2.05,1.68,2.28
2024-04-14,T1,2324,Rizespor,Antalyaspor,3,0,H,2.2,3.4,3.25,2.28,3.35,3.37,1.98,3.72,3.83,1.8,2.0,1.69,2.27
2024-04-14,T1,2324,Karagumruk,Fenerbahce,1,2,A,7.0,5.0,1.4,7.93,5.15,1.39,8.05,4.74,1.43,1.57,2.35,1.74,2.17
2024-04-15,E0,2324,Chelsea,Everton,6,0,H,1.7,4.2,4.5,1.73,4.16,4.57,1.67,4.25,5.1,1.53,2.5,1.66,2.32
2024-04-15,T1,2324,Alanyaspor,Galatasaray,0,4,A,5.5,4.75,1.5,5.71,4.82,1.51,6.59,4.97,1.47,1.44,2.7,1.4,2.94
2024-04-19,D1,2324,Ein Frankfurt,Augsburg,3,1,H,2.0,3.75,3.5,2.06,3.76,3.6,1.93,3.93,3.93,1.67,2.2,1.58,2.51
2024-04-19,T1,2324,Besiktas,Ankaragucu,2,0,H,1.8,3.8,4.2,1.84,3.78,4.39,1.92,3.6,4.25,1.9,1.95,1.96,1.93
2024-04-20,D1,2324,FC Koln,Darmstadt,0,2,A,1.5,4.75,5.75,1.49,4.61,6.76,1.43,5.03,7.57,1.62,2.3,1.6,2.45
2024-04-20,D1,2324,Heidenheim,RB Leipzig,1,2,A,5.75,5.25,1.45,6.19,5.19,1.46,6.65,5.3,1.44,1.44,2.75,1.42,2.99
2024-04-20,D1,2324,Hoffenheim,M'gladbach,4,3,H,2.1,4.0,3.1,2.16,4.04,3.09,2.36,3.82,2.92,1.44,2.75,1.53,2.61
2024-04-20,D1,2324,Wolfsburg,Bochum,1,0,H,1.75,4.0,4.33,1.81,3.88,4.43,1.99,3.61,4.0,1.67,2.2,1.95,1.95
2024-04-20,D1,2324,Union Berlin,Bayern Munich,1,5,A,4.75,4.5,1.62,4.94,4.62,1.62,4.9,4.15,1.71,1.62,2.3,1.76,2.16
2024-04-20,E0,2324,Luton,Brentford,1,5,A,3.1,3.75,2.15,3.28,3.76,2.16,2.92,3.54,2.48,1.57,2.38,1.74,2.19
2024-04-20,E0,2324,Sheffield United,Burnley,1,4,A,2.75,3.6,2.45,2.77,3.64,2.52,2.66,3.55,2.7,1.67,2.2,1.8,2.1
2024-04-20,E0,2324,Wolves,Arsenal,0,2,A,8.5,4.5,1.4,8.02,5.14,1.39,11.75,6.6,1.26,1.62,2.3,1.59,2.47
2024-04-20,T1,2324,Istanbulspor,Karagumruk,1,2,A,5.0,3.8,1.65,5.13,4.23,1.65,5.29,4.57,1.59,1.8,2.0,1.6,2.45
2024-04-20,T1,2324,Konyaspor,Alanyaspor,0,2,A,2.2,3.5,3.1,2.24,3.51,3.32,2.29,3.33,3.36,2.05,1.75,2.11,1.79
2024-04-20,T1,2324,Kayserispor,Trabzonspor,1,2,A,3.2,3.5,2.15,3.15,3.91,2.17,3.53,3.6,2.11,1.67,2.15,1.73,2.2
2024-04-20,T1,2324,Samsunspor,Ad. Demirspor,1,1,D,2.2,3.3,3.2,2.25,3.53,3.26,2.28,3.42,3.3,1.93,1.93,1.94,1.94
2024-04-21,D1,2324,Werder Bremen,Stuttgart,2,1,H,4.75,4.75,1.57,5.11,4.66,1.6,4.39,4.24,1.77,1.5,2.63,1.58,2.5
2024-04-21,D1,2324,Dortmund,Leverkusen,1,1,D,2.55,3.8,2.55,2.56,3.84,2.5,2.75,3.48,2.66,1.5,2.63,1.78,2.15
2024-04-21,D1,2324,Freiburg,Mainz,1,1,D,2.6,3.5,2.6,2.58,3.59,2.72,3.02,3.5,2.44,1.73,2.1,1.88,2.03
2024-04-21,E0,2324,Everton,Nott'm Forest,2,0,H,2.05,3.5,3.6,2.06,3.52,3.78,2.34,3.3,3.36,1.93,1.97,2.14,1.77
2024-04-21,E0,2324,Aston Villa,Bournemouth,3,1,H,1.85,4.0,3.6,1.87,4.17,3.83,1.87,4.11,4.03,1.44,2.75,1.5,2.72
2024-04-21,E0,2324,Crystal Palace,West Ham,5,2,H,2.1,3.6,3.4,2.12,3.66,3.45,2.23,3.55,3.36,1.8,2.0,1.87,2.04
2024-04-21,E0,2324,Fulham,Liverpool,1,3,A,5.25,4.5,1.57,5.14,4.66,1.59,4.65,4.5,1.68,1.44,2.75,1.47,2.8
2024-04-21,T1,2324,Buyuksehyr,Rizespor,2,0,H,2.1,3.6,3.4,2.18,3.59,3.37,2.12,3.55,3.56,1.73,2.08,1.71,2.22
2024-04-21,T1,2324,Antalyaspor,Hatayspor,2,1,H,1.91,3.5,4.2,1.94,3.5,4.27,1.96,3.46,4.22,2.05,1.75,1.89,1.99
2024-04-21,T1,2324,Galatasaray,Pendikspor,4,1,H,1.25,6.25,11.0,1.22,7.41,11.65,1.22,6.92,12.5,1.36,3.1,1.3,3.61
2024-04-21,T1,2324,Gaziantep,Kasimpasa,2,0,H,2.3,3.5,3.0,2.34,3.63,3.03,2.65,3.49,2.71,1.7,2.1,1.79,2.1
2024-04-22,T1,2324,Sivasspor,Fenerbahce,2,2,D,8.0,4.75,1.4,7.15,5.11,1.41,10.33,5.48,1.32,1.62,2.25,1.59,2.47
2024-04-23,E0,2324,Arsenal,Chelsea,5,0,H,1.44,5.0,6.0,1.45,5.03,6.76,1.41,5.3,7.65,1.53,2.5,1.6,2.46
2024-04-24,E0,2324,Wolves,Bournemouth,0,1,A,2.7,3.6,2.5,2.74,3.53,2.6,2.81,3.67,2.5,1.67,2.2,1.67,2.32
2024-04-24,E0,2324,Crystal Palace,Newcastle,2,0,H,2.75,3.6,2.4,2.76,3.7,2.49,3.09,3.69,2.31,1.57,2.38,1.7,2.26
2024-04-24,E0,2324,Everton,Liverpool,2,0,H,7.0,5.0,1.4,7.49,5.0,1.42,7.65,5.35,1.4,1.53,2.5,1.51,2.67
2024-04-24,E0,2324,Man United,Sheffield United,4,2,H,1.3,6.5,7.5,1.32,6.28,8.27,1.32,6.3,8.59,1.36,3.2,1.33,3.45
2024-04-25,E0,2324,Brighton,Man City,0,4,A,6.5,5.0,1.4,6.84,4.9,1.45,7.9,5.85,1.36,1.5,2.63,1.39,3.12
2024-04-26,D1,2324,Bochum,Hoffenheim,3,2,H,2.15,4.0,2.9,2.21,4.0,3.06,2.15,3.97,3.22,1.44,2.75,1.51,2.68
2024-04-26,T1,2324,Ad. Demirspor,Galatasaray,0,3,A,6.0,5.0,1.45,6.26,4.95,1.48,5.96,4.97,1.5,1.4,2.88,1.44,2.89
2024-04-27,D1,2324,Augsburg,Werder Bremen,0,3,A,1.8,4.0,4.0,1.8,4.19,4.13,1.69,4.36,4.78,1.57,2.38,1.46,2.86
2024-04-27,D1,2324,Bayern Munich,Ein Frankfurt,2,1,H,1.4,5.25,7.0,1.42,5.46,6.65,1.44,5.38,6.64,1.36,3.2,1.4,3.1
2024-04-27,D1,2324,Freiburg,Wolfsburg,1,2,A,2.3,3.6,2.88,2.37,3.58,3.01,2.35,3.45,3.2,1.84,2.06,2.07,1.85
2024-04-27,D1,2324,RB Leipzig,Dortmund,4,1,H,1.67,4.33,4.5,1.68,4.45,4.61,1.57,4.87,5.33,1.4,3.0,1.4,3.1
2024-04-27,D1,2324,Leverkusen,Stuttgart,2,2,D,1.75,4.2,4.33,1.76,4.31,4.25,1.85,4.03,4.13,1.57,2.38,1.6,2.47
2024-04-27,E0,2324,West Ham,Liverpool,2,2,D,5.5,5.0,1.5,5.84,5.03,1.5,5.35,4.95,1.56,1.36,3.2,1.39,3.13
2024-04-27,E0,2324,Fulham,Crystal Palace,1,1,D,2.1,3.5,3.5,2.14,3.63,3.43,2.11,3.45,3.78,1.73,2.1,1.97,1.93
2024-04-27,E0,2324,Man United,Burnley,1,1,D,1.5,4.75,5.5,1.53,5.01,5.35,1.5,5.29,5.72,1.36,3.2,1.34,3.37
2024-04-27,E0,2324,Newcastle,Sheffield United,5,1,H,1.22,7.0,11.0,1.24,7.18,10.5,1.2,7.87,12.52,1.33,3.4,1.32,3.48
2024-04-27,E0,2324,Wolves,Luton,2,1,H,1.95,3.8,3.6,1.98,3.9,3.65,1.93,3.85,3.96,1.62,2.3,1.7,2.25
2024-04-27,E0,2324,Everton,Brentford,1,0,H,2.3,3.5,3.0,2.34,3.54,3.09,3.0,3.44,2.48,1.87,2.03,1.94,1.96
2024-04-27,E0,2324,Aston Villa,Chelsea,2,2,D,2.15,3.8,3.0,2.14,4.04,3.13,2.05,4.08,3.43,1.44,2.75,1.46,2.84
2024-04-27,T1,2324,Kasimpasa,Samsunspor,1,0,H,2.25,3.4,3.2,2.21,3.88,3.1,2.37,3.42,3.13,1.67,2.15,1.85,2.05
2024-04-27,T1,2324,Sivasspor,Konyaspor,1,0,H,2.5,3.2,3.0,2.54,3.2,3.06,3.06,3.2,2.54,2.2,1.65,2.22,1.71
2024-04-27,T1,2324,Fenerbahce,Besiktas,2,1,H,1.45,4.75,6.0,1.46,5.0,6.51,1.43,4.92,7.51,1.53,2.4,1.7,2.24
2024-04-27,T1,2324,Hatayspor,Buyuksehyr,1,2,A,3.0,3.3,2.4,3.01,3.41,2.45,3.12,3.14,2.53,1.98,1.88,2.19,1.73
2024-04-28,D1,2324,M'gladbach,Union Berlin,0,0,D,2.3,3.5,3.0,2.38,3.45,3.1,2.59,3.44,2.85,1.97,1.93,1.95,1.95
2024-04-28,D1,2324,Mainz,FC Koln,1,1,D,1.55,4.33,6.0,1.54,4.37,6.2,1.58,4.34,5.99,1.73,2.1,1.71,2.23
2024-04-28,D1,2324,Darmstadt,Heidenheim,0,1,A,3.3,3.75,2.1,3.42,3.71,2.12,3.28,3.76,2.19,1.67,2.2,1.65,2.36
2024-04-28,E0,2324,Bournemouth,Brighton,3,0,H,2.25,3.8,2.9,2.27,3.85,2.99,1.96,4.17,3.57,1.44,2.75,1.42,3.02
2024-04-28,E0,2324,Tottenham,Arsenal,2,3,A,4.2,4.2,1.75,4.19,4.07,1.81,4.35,4.21,1.78,1.5,2.63,1.53,2.63
2024-04-28,E0,2324,Nott'm Forest,Man City,0,2,A,8.0,6.0,1.3,10.15,5.89,1.3,11.0,6.2,1.29,1.53,2.5,1.53,2.6
2024-04-28,T1,2324,Alanyaspor,Istanbulspor,6,0,H,1.36,5.0,8.5,1.38,5.31,8.09,1.27,6.61,9.71,1.53,2.4,1.35,3.28
2024-04-28,T1,2324,Pendikspor,Kayserispor,1,2,A,2.1,3.4,3.5,2.17,3.56,3.42,2.06,3.77,3.52,1.7,2.1,1.63,2.39
2024-04-28,T1,2324,Rizespor,Ankaragucu,2,2,D,2.1,3.4,3.6,2.14,3.37,3.7,2.08,3.5,3.72,1.9,1.95,1.9,1.99
2024-04-28,T1,2324,Trabzonspor,Gaziantep,4,2,H,1.5,4.33,7.0,1.48,4.56,7.06,1.56,4.26,6.1,1.67,2.15,1.75,2.17
2024-04-29,T1,2324,Karagumruk,Antalyaspor,4,1,H,2.15,3.4,3.4,2.23,3.27,3.51,1.67,4.02,5.27,1.9,1.95,1.68,2.27
2024-05-02,E0,2324,Chelsea,Tottenham,2,0,H,2.15,3.8,3.0,2.22,4.15,2.92,2.46,4.04,2.68,1.3,3.5,1.35,3.38
2024-05-03,D1,2324,Hoffenheim,RB Leipzig,1,1,D,5.25,5.0,1.5,5.44,5.24,1.52,5.22,5.35,1.53,1.25,4.0,,
2024-05-03,E0,2324,Luton,Everton,1,1,D,2.6,3.6,2.55,2.71,3.52,2.63,2.78,3.7,2.52,1.73,2.1,1.72,2.22
2024-05-03,T1,2324,Ankaragucu,Alanyaspor,1,1,D,2.15,3.4,3.4,2.16,3.49,3.51,2.26,3.44,3.34,1.8,2.05,1.85,2.05
2024-05-03,T1,2324,Besiktas,Rizespor,3,2,H,1.8,3.8,4.33,1.81,3.99,4.33,1.74,4.08,4.65,1.62,2.25,1.68,2.28
2024-05-04,D1,2324,Dortmund,Augsburg,5,1,H,1.85,4.33,3.6,1.86,4.37,3.7,2.01,4.19,3.43,1.33,3.4,1.39,3.15
2024-05-04,D1,2324,Stuttgart,Bayern Munich,3,1,H,2.1,4.0,3.1,2.13,4.14,3.09,2.64,3.87,2.56,1.44,2.75,1.48,2.78
2024-05-04,D1,2324,Werder Bremen,M'gladbach,2,2,D,2.25,3.75,3.0,2.31,3.83,2.94,2.11,3.9,3.36,1.57,2.38,1.6,2.49
2024-05-04,D1,2324,Wolfsburg,Darmstadt,3,0,H,1.4,5.0,8.0,1.4,5.13,7.8,1.3,6.02,9.98,1.57,2.38,1.45,2.83
2024-05-04,D1,2324,FC Koln,Freiburg,0,0,D,2.3,3.75,2.88,2.37,3.66,2.95,2.52,3.67,2.78,1.73,2.1,1.75,2.19
2024-05-04,E0,2324,Arsenal,Bournemouth,3,0,H,1.22,7.5,11.0,1.2,7.76,12.56,1.21,7.25,14.0,1.33,3.4,1.33,3.4
2024-05-04,E0,2324,Brentford,Fulham,0,0,D,2.1,3.8,3.2,2.13,3.85,3.27,2.09,3.8,3.49,1.57,2.38,1.65,2.35
2024-05-04,E0,2324,Burnley,Newcastle,1,4,A,3.4,4.0,1.95,3.37,4.05,2.04,3.37,4.21,2.02,1.5,2.63,1.45,2.89
2024-05-04,E0,2324,Sheffield United,Nott'm Forest,1,3,A,4.75,4.2,1.65,4.57,4.31,1.71,5.08,4.27,1.67,1.57,2.38,1.61,2.42
2024-05-04,E0,2324,Man City,Wolves,5,1,H,1.08,12.0,21.0,1.09,13.16,25.65,1.1,13.5,24.0,1.3,3.5,1.31,3.57
2024-05-04,T1,2324,Istanbulspor,Ad. Demirspor,0,1,A,5.0,4.5,1.57,5.29,4.53,1.59,3.5,4.07,1.98,1.48,2.6,1.44,2.91
2024-05-04,T1,2324,Kayserispor,Karagumruk,2,2,D,2.38,3.25,3.1,2.34,3.57,3.07,2.78,3.49,2.59,1.7,2.1,1.8,2.09
2024-05-04,T1,2324,Samsunspor,Trabzonspor,3,1,H,2.7,3.3,2.63,2.8,3.25,2.72,2.8,3.25,2.72,1.88,1.98,2.01,1.88
2024-05-05,D1,2324,Union Berlin,Bochum,3,4,A,1.95,3.5,4.0,1.97,3.51,4.12,2.0,3.57,4.03,2.0,1.8,1.93,1.97
2024-05-05,D1,2324,Ein Frankfurt,Leverkusen,1,5,A,3.2,3.5,2.2,3.27,3.68,2.19,2.93,3.63,2.43,1.73,2.1,1.72,2.23
2024-05-05,D1,2324,Heidenheim,Mainz,1,1,D,3.0,3.5,2.3,3.03,3.58,2.36,3.05,3.54,2.4,1.73,2.1,1.83,2.06
2024-05-05,E0,2324,Brighton,Aston Villa,1,0,H,2.75,3.75,2.45,2.75,3.76,2.48,2.41,3.85,2.84,1.5,2.63,1.47,2.83
2024-05-05,E0,2324,Chelsea,West Ham,5,0,H,1.65,4.5,4.5,1.66,4.62,4.59,1.5,5.15,5.91,1.4,3.0,1.36,3.33
2024-05-05,E0,2324,Liverpool,Tottenham,4,2,H,1.5,5.75,5.0,1.48,5.3,5.73,1.42,5.9,6.4,1.25,4.0,,
2024-05-05,T1,2324,Buyuksehyr,Kasimpasa,4,1,H,1.95,3.5,4.0,2.05,3.58,3.74,2.02,3.51,3.91,1.7,2.1,1.85,2.05
2024-05-05,T1,2324,Galatasaray,Sivasspor,6,1,H,1.17,8.5,13.0,1.15,9.26,16.72,1.13,9.71,20.29,1.3,3.5,1.28,3.77
2024-05-05,T1,2324,Gaziantep,Hatayspor,1,1,D,2.2,3.3,3.4,2.25,3.29,3.49,2.33,3.18,3.45,2.05,1.75,2.09,1.82
2024-05-06,E0,2324,Crystal Palace,Man United,4,0,H,2.38,3.75,2.8,2.39,3.81,2.83,1.99,4.05,3.57,1.53,2.5,1.55,2.58
2024-05-06,T1,2324,Antalyaspor,Pendikspor,1,2,A,2.2,3.75,3.0,2.26,3.65,3.09,2.26,3.67,3.13,1.7,2.1,1.6,2.46
2024-05-06,T1,2324,Konyaspor,Fenerbahce,0,0,D,6.5,5.5,1.4,7.07,5.57,1.38,7.86,5.02,1.4,1.65,2.2,1.82,2.07
2024-05-10,D1,2324,Augsburg,Stuttgart,0,1,A,4.0,4.2,1.75,3.92,4.45,1.82,4.02,4.41,1.81,1.36,3.2,1.39,3.14
2024-05-11,D1,2324,FC Koln,Union Berlin,3,2,H,2.8,3.3,2.55,2.79,3.39,2.63,2.59,3.45,2.85,2.05,1.85,1.95,1.95
2024-05-11,D1,2324,Freiburg,Heidenheim,1,1,D,1.7,4.0,4.5,1.72,4.07,4.78,1.78,3.98,4.59,1.62,2.3,1.72,2.22
2024-05-11,D1,2324,M'gladbach,Ein Frankfurt,1,1,D,2.45,3.75,2.63,2.53,3.73,2.7,2.74,3.69,2.55,1.57,2.38,1.59,2.48
2024-05-11,D1,2324,RB Leipzig,Werder Bremen,1,1,D,1.29,6.5,8.0,1.29,6.72,8.41,1.38,5.78,7.3,1.29,3.75,1.35,3.39
2024-05-11,D1,2324,Mainz,Dortmund,3,0,H,2.2,3.6,3.1,2.19,3.97,3.08,1.87,4.23,3.89,1.5,2.63,1.44,2.9
2024-05-11,E0,2324,Fulham,Man City,0,4,A,13.0,7.0,1.2,12.95,7.04,1.21,10.9,7.4,1.24,1.36,3.2,1.33,3.43
2024-05-11,E0,2324,Bournemouth,Brentford,1,2,A,1.95,4.0,3.5,1.96,4.07,3.57,2.16,3.88,3.25,1.44,2.75,1.5,2.72
2024-05-11,E0,2324,Everton,Sheffield United,1,0,H,1.4,4.8,7.5,1.4,5.3,7.47,1.44,5.07,7.03,1.53,2.5,1.54,2.59
2024-05-11,E0,2324,Newcastle,Brighton,1,1,D,1.57,4.75,4.75,1.59,4.93,4.84,1.6,4.84,5.01,1.33,3.4,1.39,3.17
2024-05-11,E0,2324,Tottenham,Burnley,2,1,H,1.36,5.75,7.0,1.35,6.16,7.27,1.31,6.53,8.32,1.25,4.0,1.32,3.36
2024-05-11,E0,2324,West Ham,Luton,3,1,H,1.8,4.2,3.8,1.82,4.53,3.78,1.88,4.27,3.77,1.44,2.75,1.41,3.04
2024-05-11,E0,2324,Wolves,Crystal Palace,1,3,A,2.88,3.5,2.38,2.9,3.49,2.49,3.31,3.63,2.22,1.8,2.0,1.83,2.07
2024-05-11,E0,2324,Nott'm Forest,Chelsea,2,3,A,3.4,3.8,2.0,3.44,3.93,2.04,4.04,3.98,1.88,1.5,2.63,1.65,2.35
2024-05-12,D1,2324,Darmstadt,Hoffenheim,0,6,A,4.75,4.5,1.62,4.67,4.73,1.64,5.23,5.22,1.54,1.36,3.2,1.3,3.49
2024-05-12,D1,2324,Bayern Munich,Wolfsburg,2,0,H,1.33,6.0,7.5,1.34,6.36,7.4,1.49,5.08,6.07,1.36,3.2,1.48,2.76
2024-05-12,D1,2324,Bochum,Leverkusen,0,5,A,4.2,4.33,1.7,4.42,4.35,1.72,4.65,3.92,1.79,1.44,2.75,1.62,2.42
2024-05-12,E0,2324,Man United,Arsenal,0,1,A,7.0,5.5,1.36,7.2,5.68,1.38,9.75,7.05,1.26,1.36,3.2,1.4,3.03
2024-05-12,T1,2324,Ad. Demirspor,Gaziantep,1,6,A,2.1,3.6,3.25,2.16,3.71,3.31,2.45,3.73,2.8,1.73,2.08,1.56,2.54
2024-05-12,T1,2324,Alanyaspor,Besiktas,1,1,D,2.55,3.5,2.6,2.68,3.52,2.66,2.88,3.77,2.37,1.73,2.08,1.63,2.4
2024-05-12,T1,2324,Fenerbahce,Kayserispor,3,0,H,1.18,7.5,12.0,1.18,8.43,13.47,1.15,8.93,15.99,1.3,3.5,1.3,3.62
2024-05-12,T1,2324,Hatayspor,Ankaragucu,2,1,H,2.45,3.4,2.75,2.54,3.47,2.85,2.66,3.28,2.85,1.88,1.98,1.91,1.98
2024-05-12,T1,2324,Karagumruk,Galatasaray,2,3,A,6.5,4.5,1.45,7.06,4.71,1.46,6.9,5.02,1.44,1.5,2.5,1.46,2.82
2024-05-12,T1,2324,Kasimpasa,Antalyaspor,3,1,H,2.0,3.75,3.4,2.06,3.75,3.55,1.79,4.01,4.41,1.53,2.4,1.52,2.63
2024-05-12,T1,2324,Konyaspor,Samsunspor,3,0,H,2.2,3.2,3.3,2.29,3.23,3.48,2.09,3.4,3.83,2.25,1.62,2.07,1.83
2024-05-12,T1,2324,Pendikspor,Rizespor,2,1,H,1.95,3.8,3.4,2.03,3.9,3.49,1.75,4.32,4.3,1.6,2.3,1.45,2.86
2024-05-12,T1,2324,Sivasspor,Buyuksehyr,0,1,A,3.4,3.4,2.1,3.49,3.4,2.21,3.39,3.36,2.27,2.05,1.8,2.06,1.84
2024-05-12,T1,2324,Trabzonspor,Istanbulspor,3,0,H,1.18,7.5,12.0,1.17,7.99,15.96,1.17,8.37,15.54,1.4,2.88,1.29,3.71
2024-05-13,E0,2324,Aston Villa,Liverpool,3,3,D,4.2,4.33,1.7,4.16,4.7,1.71,3.9,4.58,1.8,1.33,3.4,1.39,3.16
2024-05-14,E0,2324,Tottenham,Man City,0,2,A,6.5,6.0,1.36,7.15,6.3,1.36,6.6,6.35,1.38,1.25,4.0,,
2024-05-15,E0,2324,Brighton,Chelsea,1,2,A,3.3,4.0,1.95,3.42,3.97,2.04,3.2,4.22,2.09,1.4,3.0,1.38,3.2
2024-05-15,E0,2324,Man United,Newcastle,3,2,H,2.75,4.0,2.3,2.75,4.07,2.36,2.73,3.9,2.47,1.33,3.4,1.39,3.13
2024-05-17,T1,2324,Istanbulspor,Sivasspor,1,3,A,3.0,3.6,2.2,3.29,3.48,2.23,3.08,3.62,2.28,1.73,2.08,1.69,2.23
2024-05-17,T1,2324,Antalyaspor,Ad. Demirspor,2,1,H,2.2,3.6,3.1,2.26,3.58,3.16,1.86,4.08,3.84,1.44,2.7,1.41,2.99
2024-05-18,D1,2324,Dortmund,Darmstadt,4,0,H,1.17,8.5,13.0,1.15,9.67,14.01,1.12,10.99,19.47,1.2,4.5,1.3,3.39
2024-05-18,D1,2324,Ein Frankfurt,RB Leipzig,2,2,D,2.8,3.8,2.3,2.78,3.75,2.43,2.21,3.77,3.16,1.5,2.63,1.47,2.79
2024-05-18,D1,2324,Heidenheim,FC Koln,4,1,H,2.3,4.0,2.7,2.35,4.0,2.74,2.12,3.91,3.32,1.5,2.63,1.52,2.64
2024-05-18,D1,2324,Hoffenheim,Bayern Munich,4,2,H,2.88,4.5,2.0,3.07,4.34,2.07,3.49,4.55,1.89,1.25,4.0,,
2024-05-18,D1,2324,Leverkusen,Augsburg,2,1,H,1.3,6.0,9.0,1.3,6.65,7.63,1.17,8.34,14.37,1.25,4.0,,
2024-05-18,D1,2324,Stuttgart,M'gladbach,4,0,H,1.29,6.25,8.5,1.28,6.62,8.47,1.2,7.88,11.65,1.22,4.33,1.32,3.27
2024-05-18,D1,2324,Union Berlin,Freiburg,2,1,H,2.1,3.4,3.5,2.15,3.39,3.57,1.91,3.83,4.14,1.95,1.95,1.75,2.17
2024-05-18,D1,2324,Werder Bremen,Bochum,4,1,H,2.38,3.6,2.8,2.37,3.61,2.94,2.16,3.87,3.19,1.57,2.38,1.49,2.72
2024-05-18,D1,2324,Wolfsburg,Mainz,1,3,A,3.2,3.5,2.2,3.28,3.54,2.21,3.26,3.43,2.3,1.73,2.1,1.77,2.12
2024-05-18,T1,2324,Ankaragucu,Pendikspor,0,0,D,1.95,3.5,3.8,1.96,3.79,3.61,1.91,3.75,4.08,1.7,2.1,1.66,2.33
2024-05-18,T1,2324,Besiktas,Hatayspor,2,2,D,1.53,4.33,6.0,1.5,4.41,6.18,1.52,4.59,6.16,1.62,2.25,1.61,2.42
2024-05-18,T1,2324,Buyuksehyr,Trabzonspor,0,1,A,2.6,3.4,2.6,2.65,3.39,2.66,2.27,3.34,3.42,1.73,2.08,1.95,1.93
2024-05-18,T1,2324,Gaziantep,Karagumruk,3,1,H,2.38,3.4,2.88,2.45,3.34,2.92,2.87,3.52,2.49,1.83,2.03,1.78,2.12
2024-05-18,T1,2324,Kayserispor,Konyaspor,2,2,D,3.0,2.4,3.1,3.04,2.5,3.11,2.89,2.49,3.2,2.05,1.8,2.14,1.7
2024-05-18,T1,2324,Rizespor,Kasimpasa,0,0,D,2.3,3.6,2.8,2.35,3.78,2.79,2.25,3.95,2.92,1.44,2.7,1.39,3.09
2024-05-18,T1,2324,Samsunspor,Alanyaspor,1,1,D,2.15,3.25,3.4,2.19,3.36,3.37,2.12,3.55,3.49,1.83,2.03,1.76,2.13
2024-05-19,E0,2324,Arsenal,Everton,2,1,H,1.18,8.0,12.0,1.17,8.37,15.6,1.22,7.16,13.07,1.36,3.2,1.39,3.1
2024-05-19,E0,2324,Brentford,Newcastle,2,4,A,2.9,3.9,2.2,2.97,4.0,2.21,2.99,4.05,2.24,1.36,3.2,1.4,3.13
2024-05-19,E0,2324,Brighton,Man United,0,2,A,2.15,4.0,2.9,2.18,4.09,2.98,2.66,4.03,2.48,1.33,3.4,1.35,3.38
2024-05-19,E0,2324,Burnley,Nott'm Forest,1,2,A,3.0,3.5,2.3,2.92,3.76,2.32,2.85,3.9,2.35,1.53,2.5,1.55,2.59
2024-05-19,E0,2324,Chelsea,Bournemouth,2,1,H,1.45,5.0,6.0,1.45,5.4,5.93,1.4,5.59,7.23,1.29,3.75,1.33,3.48
2024-05-19,E0,2324,Crystal Palace,Aston Villa,5,0,H,1.85,4.33,3.6,1.83,4.37,3.74,1.63,4.64,4.99,1.4,3.0,1.49,2.74
2024-05-19,E0,2324,Liverpool,Wolves,2,0,H,1.17,8.0,15.0,1.16,9.27,13.56,1.13,10.69,16.27,1.22,4.33,,
2024-05-19,E0,2324,Luton,Fulham,2,4,A,2.9,3.9,2.2,2.93,3.92,2.26,3.11,3.99,2.19,1.44,2.75,1.5,2.71
2024-05-19,E0,2324,Man City,West Ham,3,1,H,1.08,12.0,21.0,1.09,13.11,20.39,1.07,15.01,27.84,1.2,4.5,,
2024-05-19,E0,2324,Sheffield United,Tottenham,0,3,A,7.0,6.0,1.33,7.16,6.0,1.35,7.99,6.11,1.35,1.22,4.33,,
2024-05-19,T1,2324,Galatasaray,Fenerbahce,0,1,A,2.25,3.75,2.8,2.33,3.85,2.9,2.27,3.86,3.0,1.53,2.4,1.42,2.97
2024-05-24,T1,2324,Alanyaspor,Antalyaspor,1,1,D,1.67,4.0,4.75,1.69,4.12,4.55,1.71,4.34,4.4,1.48,2.6,1.38,3.12
2024-05-25,T1,2324,Karagumruk,Samsunspor,3,1,H,1.8,3.8,4.1,1.75,3.82,4.12,2.18,3.71,3.1,1.67,2.15,1.69,2.19
2024-05-25,T1,2324,Sivasspor,Kayserispor,2,1,H,1.91,4.0,3.4,1.92,3.69,3.57,1.87,4.02,3.72,1.67,2.15,1.54,2.52
2024-05-26,T1,2324,Ad. Demirspor,Buyuksehyr,2,6,A,3.5,3.9,1.75,3.74,4.04,1.78,3.45,3.87,2.03,1.53,2.4,1.58,2.47
2024-05-26,T1,2324,Fenerbahce,Istanbulspor,6,0,H,1.06,12.0,26.0,1.04,15.1,22.58,1.02,29.31,41.74,1.17,5.0,1.12,6.11
2024-05-26,T1,2324,Hatayspor,Rizespor,2,0,H,1.53,4.33,4.33,1.53,4.45,4.91,1.57,4.7,5.16,1.57,2.35,1.45,2.82
2024-05-26,T1,2324,Kasimpasa,Besiktas,2,1,H,,,,3.42,3.77,1.94,2.28,4.0,2.86,,,1.47,2.76
2024-05-26,T1,2324,Konyaspor,Galatasaray,1,3,A,9.0,1.95,2.05,,,,14.95,2.4,1.68,1.88,1.98,1.85,1.99
2024-05-26,T1,2324,Pendikspor,Gaziantep,0,1,A,3.1,3.1,2.15,3.12,3.29,2.24,3.06,3.61,2.3,1.62,2.25,1.52,2.61
2024-05-26,T1,2324,Trabzonspor,Ankaragucu,4,2,H,2.75,3.4,2.15,2.74,3.81,2.25,2.78,3.88,2.38,1.7,2.1,1.64,2.33
2024-08-09,T1,2425,Galatasaray,Hatayspor,2,1,H,1.25,6.5,9.5,1.27,6.51,9.79,1.21,7.31,12.47,1.44,2.7,1.42,2.96
2024-08-10,T1,2425,Kasimpasa,Konyaspor,2,3,A,2.1,3.5,3.3,2.12,3.46,3.44,2.04,3.59,3.77,1.88,1.98,1.92,1.97
2024-08-10,T1,2425,Antalyaspor,Goztep,0,0,D,1.95,3.7,3.6,2.03,3.58,3.6,2.38,3.28,3.26,1.73,2.08,2.08,1.81
2024-08-10,T1,2425,Fenerbahce,Ad. Demirspor,1,0,H,1.14,8.5,14.0,1.15,8.69,13.22,1.15,9.46,15.72,1.29,3.6,1.23,4.3
2024-08-11,T1,2425,Sivasspor,Trabzonspor,0,0,D,3.4,3.5,2.05,3.6,3.51,2.05,2.79,3.36,2.66,1.88,1.98,2.04,1.85
2024-08-11,T1,2425,Alanyaspor,Eyupspor,1,1,D,1.91,3.8,3.6,2.04,3.4,3.74,2.35,3.44,3.15,1.85,2.0,1.92,1.97
2024-08-11,T1,2425,Samsunspor,Besiktas,0,2,A,3.8,3.7,1.9,4.0,3.65,1.89,4.18,3.38,2.0,1.93,1.93,2.2,1.73
2024-08-12,T1,2425,Bodrumspor,Gaziantep,0,1,A,2.3,3.5,2.9,2.43,3.22,3.05,2.11,3.14,4.12,1.98,1.88,2.55,1.56
2024-08-12,T1,2425,Rizespor,Buyuksehyr,1,1,D,3.0,3.4,2.3,2.97,3.47,2.36,2.63,3.26,2.9,1.83,2.03,2.15,1.76
2024-08-16,E0,2425,Man United,Fulham,1,0,H,1.6,4.2,5.25,1.63,4.38,5.3,1.65,4.23,5.28,1.53,2.5,1.63,2.38
2024-08-16,T1,2425,Konyaspor,Galatasaray,1,2,A,4.5,4.2,1.67,4.79,4.1,1.71,4.67,4.09,1.73,1.67,2.15,1.68,2.28
2024-08-17,E0,2425,Ipswich,Liverpool,0,2,A,8.5,5.5,1.33,8.18,5.84,1.34,8.14,6.09,1.34,1.4,3.0,1.37,3.3
2024-08-17,E0,2425,Arsenal,Wolves,2,0,H,1.18,7.5,13.0,1.16,8.56,16.22,1.15,9.05,18.76,1.44,2.75,1.41,2.98
2024-08-17,E0,2425,Everton,Brighton,0,3,A,2.63,3.3,2.63,2.73,3.36,2.71,3.15,3.41,2.4,1.8,2.0,1.93,1.97
2024-08-17,E0,2425,Newcastle,Southampton,1,0,H,1.36,5.25,8.0,1.35,5.7,8.25,1.42,5.3,7.26,1.4,3.0,1.46,2.85
2024-08-17,E0,2425,Nott'm Forest,Bournemouth,1,1,D,2.45,3.5,2.8,2.47,3.42,2.97,2.24,3.5,3.37,1.73,2.1,1.89,2.02
2024-08-17,E0,2425,West Ham,Aston Villa,1,2,A,2.45,3.6,2.75,2.49,3.65,2.8,2.54,3.51,2.86,1.57,2.38,1.72,2.21
2024-08-17,T1,2425,Kayserispor,Sivasspor,1,2,A,2.4,3.2,3.0,2.42,3.26,3.03,2.36,3.41,3.16,2.05,1.8,1.92,1.97
2024-08-17,T1,2425,Ad. Demirspor,Rizespor,1,2,A,3.0,3.5,2.25,2.94,3.79,2.24,3.09,3.53,2.35,1.6,2.3,1.83,2.05
2024-08-17,T1,2425,Goztep,Fenerbahce,2,2,D,8.0,4.75,1.38,7.71,4.8,1.39,4.79,3.79,1.78,1.85,2.0,2.02,1.87
2024-08-18,E0,2425,Brentford,Crystal Palace,2,1,H,2.4,3.4,2.9,2.5,3.4,2.95,2.92,3.24,2.66,1.8,2.0,2.09,1.83
2024-08-18,E0,2425,Chelsea,Man City,0,2,A,4.1,3.9,1.8,4.19,3.93,1.84,3.86,3.91,1.97,1.5,2.63,1.58,2.51
2024-08-18,T1,2425,Buyuksehyr,Alanyaspor,4,2,H,2.05,3.5,3.5,2.05,3.49,3.62,2.13,3.38,3.73,1.98,1.88,2.1,1.8
2024-08-18,T1,2425,Besiktas,Antalyaspor,4,2,H,1.5,4.33,5.75,1.51,4.32,6.24,1.39,4.97,8.48,1.67,2.15,1.71,2.23
2024-08-18,T1,2425,Gaziantep,Samsunspor,0,1,A,2.63,3.2,2.75,2.71,3.2,2.72,3.22,3.21,2.43,2.15,1.67,2.24,1.7
2024-08-19,E0,2425,Leicester,Tottenham,1,1,D,5.0,4.33,1.62,5.09,4.39,1.63,4.64,4.33,1.71,1.53,2.5,1.54,2.61
2024-08-19,T1,2425,Eyupspor,Bodrumspor,4,1,H,2.0,3.3,3.9,2.08,3.26,3.81,2.28,3.11,3.67,2.05,1.75,2.29,1.68
2024-08-19,T1,2425,Hatayspor,Kasimpasa,1,1,D,2.35,3.4,2.9,2.39,3.54,2.86,2.61,3.23,2.94,1.75,2.05,2.12,1.78
2024-08-23,D1,2425,M'gladbach,Leverkusen,2,3,A,5.25,4.5,1.55,5.33,4.58,1.6,4.94,4.38,1.67,1.44,2.75,1.48,2.79
2024-08-23,T1,2425,Alanyaspor,Goztep,1,1,D,1.91,3.4,4.0,1.98,3.37,4.27,2.33,3.14,3.51,2.05,1.75,2.25,1.7
2024-08-24,D1,2425,Augsburg,Werder Bremen,2,2,D,2.2,3.6,3.1,2.32,3.55,3.11,2.57,3.61,2.77,1.73,2.1,1.71,2.26
2024-08-24,D1,2425,Freiburg,Stuttgart,3,1,H,3.5,3.6,2.05,3.5,3.7,2.09,3.73,3.99,1.96,1.67,2.2,1.56,2.58
2024-08-24,D1,2425,Hoffenheim,Holstein Kiel,3,2,H,1.65,4.5,4.5,1.64,4.38,5.07,1.61,4.68,5.05,1.53,2.5,1.45,2.89
2024-08-24,D1,2425,Mainz,Union Berlin,1,1,D,2.0,3.4,3.9,2.08,3.24,4.1,2.1,3.39,3.9,2.2,1.67,2.09,1.83
2024-08-24,D1,2425,RB Leipzig,Bochum,1,0,H,1.25,7.0,9.0,1.25,6.71,10.65,1.22,7.23,12.72,1.36,3.2,1.34,3.38
2024-08-24,D1,2425,Dortmund,Ein Frankfurt,2,0,H,1.7,4.1,4.5,1.71,4.4,4.48,1.75,4.19,4.58,1.5,2.63,1.52,2.7
2024-08-24,E0,2425,Brighton,Man United,2,1,H,2.5,3.7,2.63,2.51,3.66,2.76,2.42,3.76,2.86,1.57,2.38,1.54,2.6
2024-08-24,E0,2425,Crystal Palace,West Ham,0,2,A,2.15,3.6,3.2,2.17,3.68,3.33,1.97,3.84,3.84,1.73,2.1,1.67,2.32
2024-08-24,E0,2425,Fulham,Leicester,2,1,H,1.8,3.75,4.2,1.84,3.67,4.56,1.88,3.81,4.26,1.89,2.01,1.87,2.04
2024-08-24,E0,2425,Man City,Ipswich,4,1,H,1.08,12.0,21.0,1.08,13.21,25.71,1.1,11.0,31.0,1.3,3.5,1.29,3.36
2024-08-24,E0,2425,Southampton,Nott'm Forest,0,1,A,2.55,3.3,2.8,2.59,3.28,2.92,2.33,3.54,3.11,2.01,1.89,1.85,2.07
2024-08-24,E0,2425,Tottenham,Everton,4,0,H,1.44,4.75,6.5,1.45,4.87,7.03,1.37,5.66,8.0,1.5,2.63,1.43,2.95
2024-08-24,E0,2425,Aston Villa,Arsenal,0,2,A,4.33,3.8,1.75,4.55,3.98,1.77,4.85,4.04,1.74,1.73,2.1,1.76,2.15
2024-08-24,T1,2425,Sivasspor,Eyupspor,0,1,A,2.3,3.3,3.1,2.32,3.38,3.1,2.59,3.36,2.87,1.98,1.88,2.01,1.88
2024-08-24,T1,2425,Bodrumspor,Konyaspor,3,1,H,2.9,3.1,2.5,2.87,3.41,2.45,2.54,2.96,3.32,2.1,1.7,2.64,1.52
2024-08-25,D1,2425,Wolfsburg,Bayern Munich,2,3,A,6.25,4.75,1.45,6.33,5.0,1.47,6.5,4.57,1.52,1.44,2.75,1.53,2.59
2024-08-25,D1,2425,St Pauli,Heidenheim,0,2,A,2.1,3.5,3.4,2.13,3.5,3.59,2.02,3.49,4.06,1.87,2.03,2.03,1.88
2024-08-25,E0,2425,Bournemouth,Newcastle,1,1,D,2.9,3.8,2.2,3.05,3.73,2.28,2.63,3.66,2.68,1.57,2.38,1.58,2.49
2024-08-25,E0,2425,Wolves,Chelsea,2,6,A,4.33,4.0,1.75,4.46,4.03,1.78,3.91,3.94,1.93,1.62,2.3,1.62,2.41
2024-08-25,E0,2425,Liverpool,Brentford,2,0,H,1.27,5.75,11.0,1.25,7.05,10.11,1.22,7.75,12.5,1.36,3.2,1.33,3.46
2024-08-25,T1,2425,Kasimpasa,Ad. Demirspor,2,2,D,1.57,4.2,5.25,1.56,4.46,5.25,1.57,4.46,5.69,1.53,2.4,1.58,2.5
2024-08-25,T1,2425,Antalyaspor,Hatayspor,3,2,H,2.2,3.3,3.3,2.22,3.26,3.4,2.58,3.18,3.03,1.98,1.88,2.19,1.74
2024-08-25,T1,2425,Rizespor,Fenerbahce,0,5,A,4.75,3.8,1.7,4.42,4.16,1.7,4.77,4.06,1.72,1.75,2.05,1.72,2.21
2024-08-30,D1,2425,Union Berlin,St Pauli,1,0,H,1.91,3.5,4.1,1.96,3.5,4.29,1.95,3.43,4.43,2.03,1.87,2.17,1.76
2024-08-30,T1,2425,Fenerbahce,Alanyaspor,3,0,H,1.3,5.25,9.5,1.3,5.97,9.77,1.32,5.85,9.31,1.5,2.5,1.52,2.64
2024-08-31,D1,2425,Bochum,M'gladbach,0,2,A,2.6,3.6,2.6,2.66,3.73,2.57,2.88,3.85,2.38,1.57,2.38,1.51,2.7
2024-08-31,D1,2425,Ein Frankfurt,Hoffenheim,3,1,H,1.8,4.2,3.9,1.8,4.2,4.12,1.65,4.6,4.84,1.44,2.75,1.46,3.04
2024-08-31,D1,2425,Holstein Kiel,Wolfsburg,0,2,A,3.2,3.7,2.15,3.26,3.69,2.19,3.06,3.68,2.33,1.73,2.1,1.67,2.32
2024-08-31,D1,2425,Stuttgart,Mainz,3,3,D,1.62,4.33,5.25,1.66,4.23,5.09,1.67,4.21,4.97,1.62,2.3,1.58,2.51
2024-08-31,D1,2425,Werder Bremen,Dortmund,0,0,D,4.1,4.0,1.8,4.05,4.14,1.83,3.88,3.94,1.93,1.44,2.75,1.6,2.49
2024-08-31,D1,2425,Leverkusen,RB Leipzig,2,3,A,1.75,4.2,4.1,1.8,4.22,4.1,1.63,4.45,5.15,1.5,2.63,1.47,2.83
2024-08-31,E0,2425,Arsenal,Brighton,1,1,D,1.33,5.5,8.5,1.34,5.87,8.1,1.37,5.48,8.43,1.53,2.5,1.56,2.56
2024-08-31,E0,2425,Brentford,Southampton,3,1,H,1.75,3.9,4.33,1.79,3.9,4.51,1.82,3.91,4.46,1.73,2.1,1.82,2.07
2024-08-31,E0,2425,Everton,Bournemouth,2,3,A,2.75,3.4,2.55,2.82,3.38,2.62,3.14,3.45,2.39,1.92,1.98,1.88,2.03
2024-08-31,E0,2425,Ipswich,Fulham,1,1,D,3.0,3.5,2.3,3.14,3.53,2.32,3.07,3.43,2.43,1.84,2.06,1.93,1.97
2024-08-31,E0,2425,Leicester,Aston Villa,1,2,A,4.5,4.0,1.7,4.8,4.09,1.71,4.01,3.87,1.92,1.67,2.2,1.8,2.1
2024-08-31,E0,2425,Nott'm Forest,Wolves,1,1,D,2.0,3.7,3.7,2.02,3.7,3.71,2.0,3.7,3.88,1.85,2.05,1.9,2.01
2024-08-31,E0,2425,West Ham,Man City,1,3,A,7.0,5.5,1.38,7.69,5.64,1.37,7.7,5.25,1.41,1.44,2.75,1.56,2.57
2024-08-31,T1,2425,Konyaspor,Kayserispor,0,0,D,1.83,3.5,4.33,1.86,3.53,4.3,2.08,3.45,3.8,1.95,1.9,2.0,1.89
2024-08-31,T1,2425,Rizespor,Kasimpasa,0,1,A,2.2,3.5,3.1,2.22,3.44,3.22,2.03,3.59,3.79,1.7,2.1,1.72,2.2
2024-08-31,T1,2425,Ad. Demirspor,Galatasaray,1,5,A,5.75,5.25,1.42,7.87,5.04,1.37,7.82,5.44,1.38,1.4,2.88,1.37,3.13
2024-08-31,T1,2425,Goztep,Bodrumspor,2,0,H,2.0,3.4,3.75,2.09,3.2,3.85,2.4,2.95,3.59,2.15,1.67,2.81,1.48
2024-09-01,D1,2425,Heidenheim,Augsburg,4,0,H,2.38,3.5,2.9,2.42,3.47,3.02,2.42,3.49,3.05,1.73,2.1,1.81,2.11
2024-09-01,D1,2425,Bayern Munich,Freiburg,2,0,H,1.2,8.0,11.0,1.21,7.89,11.45,1.19,8.1,13.69,1.25,4.0,,
2024-09-01,E0,2425,Chelsea,Crystal Palace,1,1,D,1.6,4.33,5.0,1.63,4.4,5.06,1.68,4.24,5.05,1.5,2.63,1.56,2.55
2024-09-01,E0,2425,Newcastle,Tottenham,2,1,H,2.5,4.0,2.5,2.5,3.96,2.62,2.53,3.89,2.66,1.36,3.2,1.42,3.0
2024-09-01,E0,2425,Man United,Liverpool,0,3,A,3.7,4.2,1.85,3.93,4.31,1.82,3.51,4.11,2.0,1.44,2.75,1.46,2.86
2024-09-01,T1,2425,Buyuksehyr,Antalyaspor,5,2,H,1.75,3.6,4.5,1.8,3.58,4.59,1.83,3.63,4.68,1.93,1.93,1.88,2.02
2024-09-01,T1,2425,Eyupspor,Trabzonspor,0,0,D,2.35,3.3,3.0,2.35,3.53,2.93,2.52,3.45,2.89,1.88,1.98,1.94,1.94
2024-09-01,T1,2425,Besiktas,Sivasspor,2,0,H,1.44,4.33,7.0,1.44,4.83,6.36,1.35,5.37,8.81,1.67,2.15,1.59,2.47
2024-09-01,T1,2425,Hatayspor,Samsunspor,0,3,A,2.8,3.25,2.5,2.84,3.3,2.54,3.88,3.44,2.06,2.1,1.7,2.13,1.78
2024-09-13,D1,2425,Dortmund,Heidenheim,4,2,H,1.4,5.5,6.5,1.39,5.35,7.83,1.34,5.7,8.67,1.5,2.63,1.47,2.77
2024-09-14,D1,2425,Freiburg,Bochum,2,1,H,1.7,3.9,5.0,1.69,4.08,4.9,1.58,4.41,5.8,1.67,2.2,1.63,2.41
2024-09-14,D1,2425,Hoffenheim,Leverkusen,1,4,A,5.75,4.5,1.48,5.95,4.96,1.49,6.84,5.37,1.43,1.33,3.4,1.34,3.39
2024-09-14,D1,2425,M'gladbach,Stuttgart,1,3,A,2.75,4.0,2.3,2.84,3.96,2.31,2.7,3.86,2.51,1.44,2.75,1.5,2.72
2024-09-14,D1,2425,RB Leipzig,Union Berlin,0,0,D,1.48,4.5,6.5,1.48,4.69,6.64,1.49,4.8,6.62,1.67,2.2,1.62,2.42
2024-09-14,D1,2425,Wolfsburg,Ein Frankfurt,1,2,A,2.63,3.6,2.5,2.72,3.45,2.63,2.82,3.44,2.61,1.73,2.1,1.88,2.03
2024-09-14,D1,2425,Holstein Kiel,Bayern Munich,1,6,A,11.0,7.0,1.22,11.8,7.52,1.21,13.19,7.77,1.2,1.29,3.75,,
2024-09-14,E0,2425,Southampton,Man United,0,3,A,4.5,4.0,1.7,4.5,4.13,1.74,4.2,4.12,1.82,1.62,2.3,1.56,2.55
2024-09-14,E0,2425,Brighton,Ipswich,0,0,D,1.38,5.0,7.5,1.38,5.13,8.05,1.53,4.61,6.22,1.53,2.5,1.68,2.3
2024-09-14,E0,2425,Crystal Palace,Leicester,2,2,D,1.62,4.0,5.5,1.62,4.13,5.48,1.67,4.02,5.43,1.73,2.1,1.88,2.03
2024-09-14,E0,2425,Fulham,West Ham,1,1,D,2.38,3.25,3.0,2.4,3.53,2.97,2.36,3.41,3.21,1.73,2.1,1.86,2.05
2024-09-14,E0,2425,Liverpool,Nott'm Forest,0,1,A,1.22,6.5,12.0,1.21,7.23,12.71,1.22,7.11,12.95,1.44,2.75,1.4,3.06
2024-09-14,E0,2425,Man City,Brentford,2,1,H,1.18,8.0,12.0,1.17,8.43,14.62,1.21,7.2,13.92,1.36,3.2,1.45,2.85
2024-09-14,E0,2425,Aston Villa,Everton,3,2,H,1.5,4.2,6.5,1.51,4.45,6.48,1.68,4.0,5.44,1.67,2.2,1.82,2.08
2024-09-14,E0,2425,Bournemouth,Chelsea,0,1,A,3.4,3.8,2.0,3.32,3.97,2.06,3.17,3.79,2.23,1.44,2.75,1.5,2.7
2024-09-14,T1,2425,Samsunspor,Konyaspor,0,1,A,1.8,3.5,4.5,1.79,3.58,4.53,1.86,3.44,4.8,2.1,1.7,2.22,1.71
2024-09-14,T1,2425,Sivasspor,Gaziantep,3,2,H,2.15,3.3,3.3,2.2,3.29,3.39,2.11,3.36,3.81,1.97,1.77,2.06,1.84
2024-09-14,T1,2425,Bodrumspor,Buyuksehyr,0,1,A,3.1,3.2,2.38,3.07,3.21,2.4,2.75,3.18,2.82,2.35,1.57,2.35,1.65
2024-09-14,T1,2425,Galatasaray,Rizespor,5,0,H,1.25,7.0,9.0,1.2,7.35,11.04,1.35,5.99,7.79,1.33,3.4,1.42,2.97
2024-09-15,D1,2425,Augsburg,St Pauli,3,1,H,2.1,3.6,3.4,2.09,3.61,3.52,2.08,3.33,4.02,1.73,2.1,2.15,1.76
2024-09-15,D1,2425,Mainz,Werder Bremen,1,2,A,2.0,3.7,3.5,2.04,3.66,3.61,2.2,3.62,3.37,1.73,2.1,1.76,2.16
2024-09-15,E0,2425,Tottenham,Arsenal,0,1,A,3.0,3.5,2.3,3.03,3.62,2.32,2.77,3.49,2.63,1.57,2.38,1.68,2.29
2024-09-15,E0,2425,Wolves,Newcastle,1,2,A,3.4,3.5,2.1,3.41,3.71,2.1,3.6,3.73,2.07,1.57,2.38,1.68,2.29
2024-09-15,T1,2425,Kasimpasa,Fenerbahce,0,2,A,5.5,5.0,1.48,5.83,4.95,1.46,5.95,4.9,1.5,1.53,2.4,1.57,2.51
2024-09-15,T1,2425,Kayserispor,Eyupspor,2,2,D,3.0,3.5,2.25,2.9,3.61,2.31,2.58,3.45,2.82,1.93,1.93,1.94,1.94
2024-09-15,T1,2425,Alanyaspor,Hatayspor,0,0,D,1.75,3.75,4.5,1.76,3.71,4.6,1.78,3.62,5.05,1.93,1.93,2.15,1.76
2024-09-15,T1,2425,Trabzonspor,Besiktas,1,1,D,3.3,3.5,2.1,3.44,3.49,2.1,2.87,3.43,2.54,1.83,2.03,1.93,1.96
2024-09-16,T1,2425,Antalyaspor,Ad. Demirspor,2,1,H,1.73,3.9,4.33,1.72,3.94,4.52,1.83,3.88,4.34,1.62,2.25,1.66,2.31
2024-09-17,T1,2425,Galatasaray,Gaziantep,3,1,H,1.2,7.5,10.0,1.19,7.61,13.5,1.22,6.87,12.32,1.36,3.1,1.42,2.94
2024-09-18,T1,2425,Samsunspor,Buyuksehyr,2,0,H,2.4,3.2,3.0,2.49,3.21,2.98,2.18,3.12,3.92,2.1,1.7,2.55,1.56
2024-09-19,T1,2425,Trabzonspor,Kayserispor,2,2,D,1.65,3.75,5.25,1.61,4.27,5.0,1.6,4.32,5.55,1.67,2.15,1.7,2.25
2024-09-20,D1,2425,Augsburg,Mainz,2,3,A,2.38,3.5,2.9,2.42,3.6,2.97,2.41,3.53,3.03,1.67,2.2,1.78,2.15
2024-09-20,T1,2425,Hatayspor,Bodrumspor,0,1,A,2.63,3.1,2.8,2.69,3.02,3.02,2.26,3.06,3.79,2.5,1.5,2.61,1.54
2024-09-21,D1,2425,Bochum,Holstein Kiel,2,2,D,1.91,3.5,4.0,1.99,3.8,3.7,1.82,3.94,4.4,1.62,2.3,1.51,2.7
2024-09-21,D1,2425,Heidenheim,Freiburg,0,3,A,2.7,3.5,2.55,2.75,3.4,2.66,3.37,3.48,2.25,1.73,2.1,1.83,2.07
2024-09-21,D1,2425,Union Berlin,Hoffenheim,2,1,H,2.0,3.6,3.7,2.04,3.72,3.65,1.87,3.84,4.28,1.73,2.1,1.61,2.46
2024-09-21,D1,2425,Werder Bremen,Bayern Munich,0,5,A,8.0,5.5,1.36,7.92,5.6,1.36,9.26,6.08,1.32,1.36,3.2,1.35,3.34
2024-09-21,D1,2425,Ein Frankfurt,M'gladbach,2,0,H,1.75,4.0,4.33,1.79,4.14,4.26,1.77,4.29,4.3,1.5,2.63,1.45,2.89
2024-09-21,E0,2425,West Ham,Chelsea,0,3,A,3.6,3.9,1.95,3.59,3.93,1.99,3.59,3.94,2.01,1.5,2.63,1.52,2.59
2024-09-21,E0,2425,Aston Villa,Wolves,3,1,H,1.57,4.2,5.25,1.59,4.47,5.44,1.67,4.21,5.16,1.57,2.38,1.68,2.3
2024-09-21,E0,2425,Fulham,Newcastle,3,1,H,3.0,3.4,2.4,2.89,3.54,2.47,3.02,3.57,2.41,1.67,2.2,1.7,2.25
2024-09-21,E0,2425,Leicester,Everton,1,1,D,2.45,3.4,2.88,2.54,3.43,2.88,2.1,3.52,3.69,1.87,2.03,1.81,2.13
2024-09-21,E0,2425,Liverpool,Bournemouth,3,0,H,1.3,6.25,9.0,1.28,6.36,9.45,1.25,6.85,10.91,1.36,3.2,1.33,3.41
2024-09-21,E0,2425,Southampton,Ipswich,1,1,D,2.25,3.5,3.2,2.27,3.5,3.24,2.42,3.48,3.06,1.8,2.0,1.81,2.08
2024-09-21,E0,2425,Tottenham,Brentford,3,1,H,1.55,4.5,5.5,1.55,4.77,5.48,1.48,5.1,6.23,1.44,2.75,1.39,3.14
2024-09-21,E0,2425,Crystal Palace,Man United,0,0,D,2.88,3.75,2.3,2.92,3.76,2.35,2.8,3.55,2.57,1.57,2.38,1.68,2.27
2024-09-21,T1,2425,Konyaspor,Sivasspor,0,0,D,2.1,3.4,3.4,2.1,3.38,3.57,1.92,3.33,4.7,2.08,1.73,2.17,1.75
2024-09-21,T1,2425,Fenerbahce,Galatasaray,1,3,A,2.15,3.4,3.25,2.15,3.46,3.37,2.29,3.42,3.28,1.62,2.25,1.74,2.18
2024-09-22,D1,2425,Leverkusen,Wolfsburg,4,3,H,1.3,5.75,8.0,1.31,5.91,9.23,1.27,6.45,10.37,1.44,2.75,1.4,3.08
2024-09-22,D1,2425,Stuttgart,Dortmund,5,1,H,2.3,3.75,2.9,2.32,3.8,2.94,2.32,3.81,2.99,1.44,2.75,1.47,2.81
2024-09-22,D1,2425,St Pauli,RB Leipzig,0,0,D,5.75,3.9,1.62,5.19,4.25,1.64,5.25,4.22,1.66,1.67,2.2,1.66,2.33
2024-09-22,E0,2425,Brighton,Nott'm Forest,2,2,D,1.75,3.75,4.75,1.79,3.91,4.51,1.84,3.82,4.45,1.86,2.04,1.83,2.07
2024-09-22,E0,2425,Man City,Arsenal,2,2,D,1.8,3.6,4.5,1.85,3.66,4.54,1.81,3.66,4.91,2.04,1.86,2.03,1.88
2024-09-22,T1,2425,Kasimpasa,Antalyaspor,0,0,D,1.9,3.75,3.8,1.89,3.76,3.86,1.85,3.77,4.39,1.62,2.25,1.61,2.42
2024-09-22,T1,2425,Rizespor,Samsunspor,0,1,A,2.3,3.5,2.9,2.41,3.32,2.99,2.84,3.24,2.69,1.98,1.88,2.14,1.76
2024-09-22,T1,2425,Ad. Demirspor,Alanyaspor,0,2,A,3.0,3.5,2.25,3.08,3.53,2.26,3.23,3.54,2.27,1.65,2.2,1.72,2.21
2024-09-22,T1,2425,Besiktas,Eyupspor,2,1,H,1.44,4.75,6.0,1.4,4.77,7.55,1.42,5.16,7.13,1.67,2.15,1.51,2.66
2024-09-23,T1,2425,Gaziantep,Trabzonspor,0,0,D,3.3,3.4,2.15,3.44,3.32,2.18,3.16,3.5,2.33,1.9,1.95,1.78,2.13
2024-09-23,T1,2425,Goztep,Kayserispor,3,0,H,1.83,3.7,4.2,1.83,3.69,4.29,1.79,3.84,4.62,1.75,2.05,1.78,2.12
2024-09-27,D1,2425,Dortmund,Bochum,4,2,H,1.25,7.0,9.0,1.24,7.21,11.22,1.2,7.66,13.43,1.29,3.75,1.32,3.43
2024-09-27,T1,2425,Sivasspor,Buyuksehyr,1,2,A,2.8,3.25,2.5,2.93,3.28,2.58,2.94,3.19,2.64,2.1,1.7,2.19,1.74
2024-09-28,D1,2425,Freiburg,St Pauli,0,3,A,1.62,4.0,5.5,1.62,4.15,5.59,1.6,4.2,5.98,1.84,2.06,1.7,2.26
2024-09-28,D1,2425,Mainz,Heidenheim,0,2,A,1.83,3.75,4.2,1.86,3.82,4.21,1.86,3.67,4.56,1.73,2.1,1.85,2.06
2024-09-28,D1,2425,M'gladbach,Union Berlin,1,0,H,2.1,3.5,3.4,2.13,3.54,3.54,2.19,3.47,3.53,1.8,2.0,1.82,2.09
2024-09-28,D1,2425,RB Leipzig,Augsburg,4,0,H,1.4,5.25,6.5,1.4,5.4,7.14,1.51,4.84,6.15,1.44,2.75,1.51,2.68
2024-09-28,D1,2425,Wolfsburg,Stuttgart,2,2,D,3.2,3.9,2.05,3.35,3.89,2.09,3.66,3.82,2.03,1.5,2.63,1.66,2.35
2024-09-28,D1,2425,Bayern Munich,Leverkusen,1,1,D,1.73,4.33,4.2,1.74,4.34,4.36,1.67,4.53,4.75,1.3,3.5,1.36,3.34
2024-09-28,E0,2425,Newcastle,Man City,1,1,D,5.25,4.33,1.6,5.18,4.54,1.6,4.9,4.23,1.69,1.5,2.63,1.62,2.42
2024-09-28,E0,2425,Arsenal,Leicester,4,2,H,1.17,8.0,15.0,1.18,8.27,14.09,1.2,6.8,17.5,1.5,2.63,1.6,2.42
2024-09-28,E0,2425,Brentford,West Ham,1,1,D,2.2,3.5,3.2,2.23,3.63,3.22,2.26,3.56,3.27,1.67,2.2,1.67,2.32
2024-09-28,E0,2425,Chelsea,Brighton,4,2,H,1.73,4.2,4.2,1.75,4.3,4.32,1.81,4.2,4.15,1.5,2.63,1.48,2.77
2024-09-28,E0,2425,Everton,Crystal Palace,2,1,H,2.7,3.3,2.63,2.76,3.35,2.69,2.79,3.35,2.7,1.88,2.02,1.93,1.98
2024-09-28,E0,2425,Nott'm Forest,Fulham,0,1,A,2.38,3.3,3.0,2.49,3.32,3.03,2.65,3.16,3.0,2.02,1.88,2.29,1.69
2024-09-28,E0,2425,Wolves,Liverpool,1,2,A,8.0,5.75,1.33,8.09,5.63,1.36,8.72,5.95,1.33,1.44,2.75,1.4,3.06
2024-09-28,T1,2425,Samsunspor,Goztep,4,3,H,1.95,3.3,3.9,2.01,3.28,4.23,2.04,3.19,4.33,2.15,1.67,2.29,1.67
2024-09-28,T1,2425,Alanyaspor,Rizespor,1,0,H,2.05,3.4,3.5,2.06,3.53,3.55,2.21,3.31,3.6,1.88,1.98,2.01,1.88
2024-09-28,T1,2425,Galatasaray,Kasimpasa,3,3,D,1.27,6.5,8.0,1.24,6.57,9.58,1.3,6.09,9.15,1.33,3.4,1.29,3.71
2024-09-29,D1,2425,Holstein Kiel,Ein Frankfurt,2,4,A,4.2,4.2,1.73,4.5,4.22,1.73,3.77,3.88,2.0,1.5,2.63,1.61,2.43
2024-09-29,D1,2425,Hoffenheim,Werder Bremen,3,4,A,2.38,3.8,2.7,2.4,3.78,2.84,2.29,3.78,3.07,1.44,2.75,1.53,2.64
2024-09-29,E0,2425,Ipswich,Aston Villa,2,2,D,4.0,3.75,1.85,4.34,3.77,1.85,3.64,3.59,2.1,1.73,2.1,1.85,2.07
2024-09-29,E0,2425,Man United,Tottenham,0,3,A,2.35,3.75,2.75,2.42,3.9,2.75,2.12,3.89,3.27,1.44,2.75,1.45,2.91
2024-09-29,T1,2425,Eyupspor,Gaziantep,3,2,H,1.9,3.5,4.1,1.89,3.61,4.06,1.74,3.74,5.17,1.93,1.93,1.88,2.0
2024-09-29,T1,2425,Trabzonspor,Konyaspor,3,2,H,1.85,3.4,4.33,1.85,3.44,4.5,1.84,3.56,4.73,2.08,1.73,2.05,1.85
2024-09-29,T1,2425,Antalyaspor,Fenerbahce,0,2,A,7.0,4.75,1.4,6.98,4.96,1.4,6.7,4.68,1.48,1.6,2.3,1.73,2.19
2024-09-29,T1,2425,Bodrumspor,Ad. Demirspor,3,1,H,1.75,3.7,4.5,1.77,3.76,4.48,1.81,3.73,4.69,1.88,1.98,1.9,1.99
2024-09-30,E0,2425,Bournemouth,Southampton,3,1,H,1.65,4.1,5.0,1.65,4.37,5.01,1.49,4.69,6.79,1.5,2.63,1.59,2.49
2024-09-30,T1,2425,Kayserispor,Besiktas,0,3,A,5.0,4.0,1.62,4.96,4.32,1.61,5.33,4.13,1.65,1.57,2.35,1.51,2.66
2024-10-04,D1,2425,Augsburg,M'gladbach,2,1,H,2.38,3.7,2.7,2.46,3.78,2.81,2.45,3.7,2.86,1.5,2.63,1.6,2.47
2024-10-04,T1,2425,Rizespor,Antalyaspor,2,1,H,1.73,3.8,4.33,1.77,3.79,4.85,1.9,3.62,4.29,1.73,2.08,1.79,2.09
2024-10-05,D1,2425,Bochum,Wolfsburg,1,3,A,3.0,3.7,2.2,3.07,3.78,2.25,3.13,3.71,2.28,1.62,2.3,1.65,2.37
2024-10-05,D1,2425,Leverkusen,Holstein Kiel,2,2,D,1.09,11.0,21.0,1.08,13.45,25.93,1.09,11.97,31.01,1.22,4.33,,
2024-10-05,D1,2425,Union Berlin,Dortmund,2,1,H,3.3,3.5,2.15,3.43,3.52,2.18,3.77,3.6,2.06,1.73,2.1,1.81,2.1
2024-10-05,D1,2425,Werder Bremen,Freiburg,0,1,A,2.6,3.5,2.6,2.67,3.61,2.62,2.75,3.46,2.67,1.67,2.2,1.79,2.13
2024-10-05,D1,2425,St Pauli,Mainz,0,3,A,2.4,3.3,2.9,2.46,3.42,2.99,2.17,3.38,3.68,1.88,2.02,2.01,1.9
2024-10-05,E0,2425,Crystal Palace,Liverpool,0,1,A,6.0,4.5,1.5,6.38,4.71,1.5,5.14,4.1,1.69,1.57,2.38,1.7,2.26
2024-10-05,E0,2425,Arsenal,Southampton,3,1,H,1.14,9.0,17.0,1.13,9.46,19.13,1.16,8.18,18.71,1.36,3.2,1.45,2.84
2024-10-05,E0,2425,Brentford,Wolves,5,3,H,2.05,3.6,3.4,2.14,3.62,3.44,2.11,3.61,3.6,1.73,2.1,1.79,2.13
2024-10-05,E0,2425,Leicester,Bournemouth,1,0,H,3.1,3.75,2.15,3.35,3.63,2.17,3.7,3.81,2.02,1.67,2.2,1.65,2.36
2024-10-05,E0,2425,Man City,Fulham,3,2,H,1.25,7.0,9.5,1.23,7.15,10.66,1.26,6.52,11.37,1.44,2.75,1.52,2.65
2024-10-05,E0,2425,West Ham,Ipswich,4,1,H,1.8,3.8,4.33,1.81,4.02,4.29,1.92,3.84,4.05,1.67,2.2,1.74,2.2
2024-10-05,E0,2425,Everton,Newcastle,0,0,D,3.2,3.6,2.2,3.18,3.59,2.27,3.71,3.77,2.0,1.67,2.2,1.72,2.22
2024-10-05,T1,2425,Kasimpasa,Bodrumspor,0,0,D,1.95,3.4,4.0,1.98,3.52,3.96,1.83,3.54,4.87,2.0,1.85,1.98,1.9
2024-10-05,T1,2425,Goztep,Sivasspor,3,2,H,1.75,3.6,4.5,1.79,3.67,4.8,1.74,3.7,5.29,1.95,1.9,2.03,1.86
2024-10-05,T1,2425,Buyuksehyr,Kayserispor,1,1,D,1.57,4.0,5.75,1.59,4.14,5.41,1.72,4.02,4.84,1.73,2.08,1.7,2.27
2024-10-05,T1,2425,Hatayspor,Trabzonspor,1,1,D,3.75,3.3,2.05,3.79,3.22,2.1,3.32,3.31,2.33,2.08,1.73,2.0,1.89
2024-10-06,D1,2425,Heidenheim,RB Leipzig,0,1,A,4.5,4.33,1.67,4.77,4.18,1.7,5.18,4.04,1.69,1.57,2.38,1.65,2.32
2024-10-06,D1,2425,Ein Frankfurt,Bayern Munich,3,3,D,5.5,4.5,1.53,5.72,4.85,1.52,5.64,4.79,1.55,1.36,3.2,1.41,3.05
2024-10-06,D1,2425,Stuttgart,Hoffenheim,1,1,D,1.3,6.0,8.0,1.3,6.4,8.25,1.32,6.3,8.55,1.25,4.0,,
2024-10-06,E0,2425,Aston Villa,Man United,0,0,D,2.2,3.75,3.0,2.22,3.87,3.09,2.23,3.84,3.13,1.53,2.5,1.49,2.72
2024-10-06,E0,2425,Chelsea,Nott'm Forest,1,1,D,1.48,4.5,6.5,1.5,4.81,6.2,1.52,4.7,6.34,1.57,2.38,1.62,2.41
2024-10-06,E0,2425,Brighton,Tottenham,3,2,H,2.9,4.0,2.2,2.95,3.99,2.25,2.94,3.95,2.3,1.4,3.0,1.42,3.02
2024-10-06,T1,2425,Konyaspor,Eyupspor,2,1,H,2.2,3.2,3.4,2.25,3.22,3.38,2.47,3.19,3.17,2.1,1.7,2.09,1.82
2024-10-06,T1,2425,Ad. Demirspor,Samsunspor,1,3,A,4.75,3.8,1.7,4.82,3.87,1.7,5.09,4.04,1.69,1.7,2.1,1.72,2.2
2024-10-06,T1,2425,Galatasaray,Alanyaspor,1,0,H,1.3,6.0,8.0,1.29,6.05,8.72,1.28,6.14,9.87,1.4,2.88,1.39,3.07
2024-10-06,T1,2425,Gaziantep,Besiktas,1,1,D,5.0,3.8,1.67,5.13,4.07,1.63,4.36,3.91,1.82,1.73,2.08,1.73,2.2
2024-10-18,D1,2425,Dortmund,St Pauli,2,1,H,1.3,5.25,9.5,1.31,5.95,10.18,1.3,5.85,10.67,1.5,2.63,1.57,2.52
2024-10-19,D1,2425,Freiburg,Augsburg,3,1,H,1.73,3.75,4.75,1.74,3.87,4.93,1.69,4.01,5.3,1.73,2.1,1.68,2.29
2024-10-19,D1,2425,Hoffenheim,Bochum,3,1,H,1.7,4.5,4.2,1.7,4.47,4.45,1.52,4.94,5.89,1.4,3.0,1.36,3.34
2024-10-19,D1,2425,Leverkusen,Ein Frankfurt,2,1,H,1.44,4.75,6.5,1.45,5.18,6.35,1.47,4.95,6.59,1.4,3.0,1.45,2.87
2024-10-19,D1,2425,Mainz,RB Leipzig,0,2,A,3.9,3.8,1.85,4.27,3.71,1.88,4.09,3.96,1.88,1.67,2.2,1.56,2.56
2024-10-19,D1,2425,M'gladbach,Heidenheim,3,2,H,1.85,3.7,4.1,1.83,3.77,4.44,1.91,3.79,4.11,1.62,2.3,1.64,2.4
2024-10-19,D1,2425,Bayern Munich,Stuttgart,4,0,H,1.36,5.25,7.5,1.36,5.88,7.55,1.3,6.28,9.55,1.3,3.5,1.33,3.48
2024-10-19,E0,2425,Tottenham,West Ham,4,1,H,1.5,5.0,5.25,1.5,5.01,5.88,1.45,5.45,6.25,1.36,3.2,1.35,3.4
2024-10-19,E0,2425,Fulham,Aston Villa,1,3,A,2.45,3.5,2.8,2.46,3.5,2.94,2.48,3.46,2.98,1.73,2.1,1.83,2.06
2024-10-19,E0,2425,Ipswich,Everton,0,2,A,2.38,3.3,3.0,2.4,3.43,3.07,2.44,3.43,3.06,1.86,2.04,1.88,2.03
2024-10-19,E0,2425,Man United,Brentford,2,1,H,1.7,4.2,4.5,1.72,4.37,4.43,1.67,4.41,4.92,1.5,2.63,1.51,2.68
2024-10-19,E0,2425,Newcastle,Brighton,0,1,A,1.95,3.7,3.6,2.01,3.91,3.55,1.75,4.08,4.67,1.49,2.45,1.55,2.58
2024-10-19,E0,2425,Southampton,Leicester,2,3,A,2.3,3.5,3.0,2.34,3.53,3.09,2.23,3.5,3.41,1.73,2.1,1.78,2.12
2024-10-19,E0,2425,Bournemouth,Arsenal,2,0,H,5.0,3.9,1.65,5.01,4.13,1.68,5.17,3.71,1.76,1.73,2.1,1.96,1.94
2024-10-19,T1,2425,Kayserispor,Gaziantep,2,2,D,2.15,3.5,3.2,2.22,3.5,3.3,2.36,3.44,3.13,1.73,2.08,1.8,2.09
2024-10-19,T1,2425,Trabzonspor,Buyuksehyr,1,0,H,2.0,3.5,3.6,1.99,3.52,3.78,2.1,3.42,3.76,1.93,1.93,1.84,2.06
2024-10-19,T1,2425,Antalyaspor,Galatasaray,0,3,A,6.5,5.25,1.38,7.69,5.27,1.36,6.57,4.44,1.51,1.44,2.7,1.57,2.52
2024-10-19,T1,2425,Eyupspor,Goztep,1,0,H,2.15,3.5,3.2,2.17,3.42,3.36,2.04,3.49,3.88,1.93,1.93,1.93,1.95
2024-10-20,D1,2425,Holstein Kiel,Union Berlin,0,2,A,3.5,3.3,2.15,3.48,3.43,2.2,3.83,3.51,2.07,2.0,1.9,1.86,2.05
2024-10-20,D1,2425,Wolfsburg,Werder Bremen,2,4,A,2.1,3.6,3.3,2.09,3.66,3.55,2.02,3.79,3.67,1.73,2.1,1.63,2.47
2024-10-20,E0,2425,Wolves,Man City,1,2,A,8.0,6.0,1.33,9.01,5.92,1.32,8.08,5.46,1.38,1.44,2.75,1.5,2.7
2024-10-20,E0,2425,Liverpool,Chelsea,2,1,H,1.62,4.1,5.0,1.62,4.47,5.08,1.72,4.4,4.55,1.4,3.0,1.41,3.02
2024-10-20,T1,2425,Sivasspor,Hatayspor,3,2,H,2.15,3.4,3.25,2.25,3.23,3.39,2.28,3.27,3.45,2.1,1.7,2.12,1.78
2024-10-20,T1,2425,Besiktas,Konyaspor,2,0,H,1.4,5.0,6.5,1.4,4.63,7.75,1.48,4.44,7.27,1.7,2.1,1.85,2.04
2024-10-20,T1,2425,Alanyaspor,Kasimpasa,1,2,A,2.25,3.4,3.1,2.29,3.47,3.08,2.59,3.26,2.94,1.75,2.05,2.06,1.84
2024-10-20,T1,2425,Samsunspor,Fenerbahce,2,2,D,4.2,3.5,1.85,4.33,3.59,1.84,4.27,3.48,1.95,2.0,1.85,2.01,1.88
2024-10-21,E0,2425,Nott'm Forest,Crystal Palace,1,0,H,2.3,3.5,3.0,2.41,3.28,3.19,2.38,3.3,3.29,2.1,1.73,2.36,1.65
2024-10-21,T1,2425,Bodrumspor,Rizespor,0,1,A,2.38,3.2,3.1,2.45,3.3,2.96,2.47,3.14,3.24,2.2,1.65,2.31,1.66
2024-10-25,D1,2425,Mainz,M'gladbach,1,1,D,2.3,3.75,2.8,2.39,3.79,2.89,2.32,3.76,3.02,1.57,2.38,1.63,2.42
2024-10-25,E0,2425,Leicester,Nott'm Forest,1,3,A,3.0,3.3,2.4,3.14,3.35,2.43,3.07,3.4,2.46,2.0,1.8,2.03,1.88
2024-10-25,T1,2425,Ad. Demirspor,Sivasspor,2,4,A,2.75,3.4,2.45,2.87,3.63,2.44,2.8,3.55,2.54,1.73,2.08,1.77,2.13
2024-10-26,D1,2425,Augsburg,Dortmund,2,1,H,3.6,4.0,1.9,3.83,3.92,1.93,4.15,4.15,1.83,1.5,2.63,1.5,2.7
2024-10-26,D1,2425,RB Leipzig,Freiburg,3,1,H,1.73,4.1,4.5,1.75,4.11,4.55,1.83,3.93,4.39,1.67,2.2,1.69,2.26
2024-10-26,D1,2425,St Pauli,Wolfsburg,0,0,D,2.55,3.5,2.63,2.66,3.47,2.71,2.61,3.45,2.82,1.78,2.0,1.89,2.01
2024-10-26,D1,2425,Stuttgart,Holstein Kiel,2,1,H,1.22,7.5,9.5,1.23,7.21,11.08,1.2,7.69,13.72,1.3,3.5,1.34,3.36
2024-10-26,D1,2425,Werder Bremen,Leverkusen,2,2,D,5.25,5.0,1.5,5.84,4.9,1.51,6.48,5.2,1.46,1.4,3.0,1.44,2.94
2024-10-26,E0,2425,Aston Villa,Bournemouth,1,1,D,1.85,3.9,3.8,1.86,4.0,4.03,1.79,3.97,4.54,1.57,2.38,1.64,2.36
2024-10-26,E0,2425,Brentford,Ipswich,4,3,H,1.65,4.33,4.75,1.65,4.35,4.94,1.68,4.16,5.19,1.67,2.2,1.71,2.24
2024-10-26,E0,2425,Brighton,Wolves,2,2,D,1.62,4.5,4.5,1.66,4.34,4.9,1.58,4.41,5.79,1.57,2.38,1.63,2.4
2024-10-26,E0,2425,Man City,Southampton,1,0,H,1.11,10.0,17.0,1.1,11.9,20.73,1.12,10.5,23.0,1.29,3.75,1.32,3.28
2024-10-26,E0,2425,Everton,Fulham,1,1,D,2.75,3.25,2.63,2.8,3.38,2.63,2.71,3.36,2.73,1.91,1.99,1.82,2.08
2024-10-26,T1,2425,Hatayspor,Kayserispor,0,1,A,2.15,3.5,3.2,2.17,3.66,3.28,2.16,3.53,3.48,1.75,2.05,1.86,2.03
2024-10-26,T1,2425,Kasimpasa,Samsunspor,1,4,A,2.62,3.25,2.7,2.64,3.21,2.65,2.11,3.33,3.86,2.03,1.83,1.93,1.95
2024-10-26,T1,2425,Goztep,Trabzonspor,2,1,H,2.35,3.3,3.0,2.38,3.38,3.0,2.51,3.44,2.9,1.95,1.9,1.79,2.08
2024-10-27,D1,2425,Bochum,Bayern Munich,0,5,A,12.0,9.5,1.17,14.33,9.86,1.15,17.88,9.51,1.13,1.22,4.33,1.32,3.24
2024-10-27,D1,2425,Union Berlin,Ein Frankfurt,1,1,D,2.55,3.3,2.75,2.63,3.32,2.84,2.55,3.22,3.08,1.95,1.95,1.98,1.93
2024-10-27,D1,2425,Heidenheim,Hoffenheim,0,0,D,2.25,3.5,3.1,2.32,3.68,3.03,2.88,3.38,2.6,1.53,2.5,1.8,2.11
2024-10-27,E0,2425,Chelsea,Newcastle,2,1,H,1.73,4.33,4.2,1.75,4.35,4.28,1.82,4.03,4.29,1.44,2.75,1.51,2.66
2024-10-27,E0,2425,Crystal Palace,Tottenham,1,0,H,3.9,4.0,1.83,4.05,3.98,1.86,3.78,3.97,1.95,1.57,2.38,1.53,2.62
2024-10-27,E0,2425,West Ham,Man United,2,1,H,2.88,3.75,2.3,2.94,3.73,2.35,3.39,3.72,2.15,1.53,2.5,1.67,2.31
2024-10-27,E0,2425,Arsenal,Liverpool,2,2,D,2.5,3.25,2.9,2.54,3.4,2.9,2.27,3.46,3.35,1.92,1.98,1.9,2.01
2024-10-27,T1,2425,Gaziantep,Konyaspor,3,1,H,2.5,3.3,2.8,2.6,3.12,2.91,2.63,3.2,2.94,2.2,1.65,2.08,1.81
2024-10-27,T1,2425,Alanyaspor,Antalyaspor,1,2,A,1.95,3.5,3.8,1.99,3.57,3.73,2.01,3.26,4.33,1.95,1.9,1.97,1.92
2024-10-27,T1,2425,Fenerbahce,Bodrumspor,2,0,H,1.22,6.5,11.0,1.2,6.64,12.38,1.26,6.01,12.52,1.65,2.2,1.81,2.06
2024-10-28,T1,2425,Buyuksehyr,Eyupspor,1,1,D,2.1,3.4,3.4,2.14,3.41,3.45,2.17,3.4,3.58,1.95,1.9,1.97,1.92
2024-10-28,T1,2425,Galatasaray,Besiktas,2,1,H,1.82,3.9,3.7,1.83,3.75,3.76,1.72,4.24,4.58,1.57,2.35,1.37,3.18
2024-11-01,D1,2425,Leverkusen,Stuttgart,0,0,D,1.55,4.75,5.25,1.57,4.87,5.29,1.63,4.55,5.05,1.36,3.2,1.41,3.06
2024-11-01,T1,2425,Gaziantep,Goztep,2,1,H,2.45,3.5,2.75,2.51,3.49,2.87,2.41,3.49,3.01,1.95,1.9,1.9,1.99
2024-11-02,D1,2425,Bayern Munich,Union Berlin,3,0,H,1.18,7.5,13.0,1.17,8.24,15.58,1.15,8.88,19.22,1.44,2.75,1.38,3.16
2024-11-02,D1,2425,Ein Frankfurt,Bochum,7,2,H,1.33,5.75,7.5,1.34,6.0,7.96,1.46,4.95,6.59,1.36,3.2,1.41,3.01
2024-11-02,D1,2425,Hoffenheim,St Pauli,0,2,A,1.83,3.8,4.0,1.88,3.9,4.02,1.89,3.86,4.12,1.62,2.3,1.69,2.29
2024-11-02,D1,2425,Holstein Kiel,Heidenheim,1,0,H,2.7,3.5,2.45,2.82,3.52,2.54,2.5,3.39,3.0,1.73,2.1,1.93,1.98
2024-11-02,D1,2425,Wolfsburg,Augsburg,1,1,D,2.0,3.75,3.5,2.01,3.86,3.59,2.1,3.59,3.67,1.62,2.3,1.81,2.1
2024-11-02,D1,2425,Dortmund,RB Leipzig,2,1,H,2.2,3.8,3.0,2.25,3.69,3.15,2.19,3.84,3.21,1.5,2.63,1.48,2.79
2024-11-02,E0,2425,Newcastle,Arsenal,1,0,H,3.75,3.75,1.95,3.85,3.69,1.99,4.03,3.69,1.96,1.84,2.06,1.95,1.95
2024-11-02,E0,2425,Bournemouth,Man City,2,1,H,5.5,4.2,1.57,5.29,4.48,1.6,6.11,4.42,1.56,1.57,2.38,1.57,2.54
2024-11-02,E0,2425,Ipswich,Leicester,1,1,D,2.25,3.5,3.1,2.28,3.63,3.13,2.36,3.54,3.09,1.73,2.1,1.72,2.22
2024-11-02,E0,2425,Liverpool,Brighton,2,1,H,1.4,5.0,7.5,1.39,5.54,7.11,1.36,5.79,7.93,1.4,3.0,1.39,3.13
2024-11-02,E0,2425,Nott'm Forest,West Ham,3,0,H,2.15,3.5,3.4,2.15,3.51,3.53,2.05,3.46,3.95,1.89,2.01,2.03,1.88
2024-11-02,E0,2425,Southampton,Everton,1,0,H,2.63,3.4,2.63,2.7,3.45,2.69,2.72,3.31,2.8,1.84,2.06,2.0,1.9
2024-11-02,E0,2425,Wolves,Crystal Palace,2,2,D,2.5,3.4,2.88,2.55,3.34,2.92,2.44,3.34,3.13,1.9,2.0,2.0,1.91
2024-11-02,T1,2425,Sivasspor,Rizespor,2,1,H,2.55,3.3,2.75,2.54,3.35,2.88,2.75,3.22,2.79,1.93,1.93,2.01,1.88
2024-11-02,T1,2425,Kayserispor,Ad. Demirspor,0,0,D,1.6,4.5,4.75,1.61,4.34,4.95,1.49,4.83,6.3,1.48,2.6,1.58,2.49
2024-11-02,T1,2425,Besiktas,Kasimpasa,1,3,A,1.57,4.5,5.0,1.56,4.53,5.17,1.57,4.59,5.49,1.5,2.5,1.52,2.65
2024-11-03,D1,2425,Freiburg,Mainz,0,0,D,1.7,3.9,4.75,1.7,3.9,5.21,1.77,3.78,4.98,1.73,2.1,1.83,2.07
2024-11-03,D1,2425,M'gladbach,Werder Bremen,4,1,H,2.1,3.8,3.2,2.14,3.89,3.22,2.34,3.73,3.01,1.5,2.63,1.54,2.61
2024-11-03,E0,2425,Tottenham,Aston Villa,4,1,H,1.91,4.0,3.6,1.97,4.07,3.55,1.99,4.04,3.59,1.44,2.75,1.48,2.77
2024-11-03,E0,2425,Man United,Chelsea,1,1,D,2.6,3.5,2.6,2.61,3.81,2.58,2.72,3.65,2.59,1.44,2.75,1.51,2.67
2024-11-03,T1,2425,Konyaspor,Buyuksehyr,3,2,H,2.45,3.2,2.8,2.6,3.1,2.92,2.59,3.06,3.12,2.2,1.65,2.39,1.63
2024-11-03,T1,2425,Bodrumspor,Alanyaspor,0,0,D,2.63,2.8,3.0,2.55,3.09,2.78,2.48,3.08,3.27,2.7,1.44,2.41,1.61
2024-11-03,T1,2425,Eyupspor,Hatayspor,2,0,H,1.7,3.75,4.75,1.73,3.79,4.72,1.68,3.86,5.49,1.93,1.93,1.81,2.08
2024-11-03,T1,2425,Trabzonspor,Fenerbahce,2,3,A,4.5,3.6,1.75,4.61,3.74,1.76,4.26,3.66,1.9,1.7,2.1,1.79,2.1
2024-11-04,E0,2425,Fulham,Brentford,2,1,H,2.0,3.7,3.5,2.04,3.73,3.61,2.02,3.76,3.73,1.67,2.2,1.73,2.19
2024-11-04,T1,2425,Samsunspor,Antalyaspor,2,0,H,1.75,3.5,4.5,1.79,3.53,4.16,1.62,3.97,6.01,1.93,1.93,1.97,1.92
2024-11-08,D1,2425,Union Berlin,Freiburg,0,0,D,2.45,3.25,2.9,2.55,3.19,3.11,2.48,3.25,3.16,2.38,1.57,2.41,1.65
2024-11-08,T1,2425,Kasimpasa,Kayserispor,1,2,A,1.8,3.6,4.2,1.86,3.87,4.16,1.83,3.69,4.55,1.65,2.2,1.81,2.08
2024-11-09,D1,2425,Bochum,Leverkusen,1,1,D,9.5,6.5,1.27,10.94,6.8,1.24,11.26,6.81,1.25,1.3,3.5,1.35,3.28
2024-11-09,D1,2425,Mainz,Dortmund,3,1,H,3.5,3.6,2.0,3.48,3.74,2.08,3.75,3.8,2.01,1.62,2.3,1.57,2.55
2024-11-09,D1,2425,St Pauli,Bayern Munich,0,1,A,9.0,7.0,1.25,12.45,7.14,1.22,16.12,7.69,1.19,1.4,3.0,1.46,2.79
2024-11-09,D1,2425,Werder Bremen,Holstein Kiel,2,1,H,1.62,4.33,4.75,1.64,4.29,5.15,1.61,4.35,5.53,1.53,2.5,1.61,2.45
2024-11-09,D1,2425,RB Leipzig,M'gladbach,0,0,D,1.57,4.33,5.25,1.6,4.67,5.11,1.66,4.4,4.94,1.4,3.0,1.45,2.88
2024-11-09,E0,2425,Brentford,Bournemouth,3,2,H,2.5,3.5,2.7,2.59,3.56,2.73,2.64,3.53,2.74,1.62,2.3,1.71,2.23
2024-11-09,E0,2425,Crystal Palace,Fulham,0,2,A,2.7,3.5,2.55,2.79,3.44,2.6,3.37,3.3,2.34,1.95,1.95,2.18,1.74
2024-11-09,E0,2425,West Ham,Everton,0,0,D,2.15,3.4,3.4,2.2,3.55,3.37,2.17,3.53,3.52,1.84,2.06,1.95,1.95
2024-11-09,E0,2425,Wolves,Southampton,2,0,H,1.91,3.75,3.75,1.99,3.84,3.7,1.95,3.75,4.01,1.67,2.2,1.72,2.2
2024-11-09,E0,2425,Brighton,Man City,2,1,H,4.1,4.2,1.73,4.49,4.18,1.74,4.1,4.15,1.83,1.53,2.5,1.49,2.74
2024-11-09,E0,2425,Liverpool,Aston Villa,2,0,H,1.42,5.25,6.5,1.42,5.45,6.7,1.47,4.9,7.0,1.44,2.75,1.58,2.49
2024-11-09,T1,2425,Antalyaspor,Bodrumspor,3,2,H,2.4,3.0,3.25,2.45,3.08,3.27,2.42,3.07,3.41,2.25,1.62,2.39,1.61
2024-11-09,T1,2425,Hatayspor,Gaziantep,3,1,H,2.5,3.4,2.75,2.58,3.2,2.74,2.33,3.38,3.25,1.95,1.9,1.94,1.94
2024-11-09,T1,2425,Ad. Demirspor,Eyupspor,0,1,A,4.75,4.0,1.7,4.72,4.01,1.68,3.88,3.42,2.07,1.67,2.15,1.97,1.91
2024-11-09,T1,2425,Rizespor,Trabzonspor,3,1,H,2.7,3.4,2.5,2.75,3.44,2.53,2.48,3.47,2.92,1.75,2.05,1.79,2.1
2024-11-10,D1,2425,Augsburg,Hoffenheim,0,0,D,2.05,3.75,3.25,2.11,3.85,3.33,2.18,3.41,3.63,1.57,2.38,1.94,1.96
2024-11-10,D1,2425,Stuttgart,Ein Frankfurt,2,3,A,1.9,4.0,3.7,1.93,4.05,3.72,1.78,3.95,4.54,1.44,2.75,1.66,2.32
2024-11-10,D1,2425,Heidenheim,Wolfsburg,1,3,A,2.75,3.4,2.45,2.91,3.27,2.61,2.95,3.29,2.6,1.95,1.95,2.02,1.89
2024-11-10,E0,2425,Man United,Leicester,3,0,H,1.38,5.5,6.5,1.39,5.34,7.62,1.35,5.62,8.93,1.44,2.75,1.5,2.7
2024-11-10,E0,2425,Nott'm Forest,Newcastle,1,3,A,2.7,3.3,2.7,2.71,3.29,2.78,2.81,3.3,2.72,1.97,1.93,1.97,1.93
2024-11-10,E0,2425,Tottenham,Ipswich,1,2,A,1.25,6.5,9.0,1.25,6.95,9.87,1.26,6.72,10.66,1.3,3.5,1.34,3.42
2024-11-10,E0,2425,Chelsea,Arsenal,1,1,D,2.7,3.4,2.55,2.75,3.53,2.59,3.0,3.35,2.52,1.73,2.1,1.83,2.05
2024-11-10,T1,2425,Goztep,Konyaspor,2,0,H,2.0,3.5,3.75,1.99,3.25,3.73,1.98,3.48,4.15,2.1,1.7,2.05,1.84
2024-11-10,T1,2425,Galatasaray,Samsunspor,3,2,H,1.42,4.75,6.5,1.4,5.1,6.86,1.38,5.55,7.46,1.57,2.35,1.46,2.84
2024-11-10,T1,2425,Buyuksehyr,Besiktas,0,0,D,3.0,3.3,2.38,2.9,3.18,2.4,3.5,3.54,2.15,1.88,1.98,1.88,2.01
2024-11-10,T1,2425,Fenerbahce,Sivasspor,4,0,H,1.2,7.0,12.0,1.19,7.29,12.12,1.17,8.5,14.92,1.48,2.6,1.39,3.08
2024-11-22,D1,2425,Bayern Munich,Augsburg,3,0,H,1.13,10.0,15.0,1.12,11.15,21.63,1.11,11.5,23.0,1.29,3.75,,
2024-11-23,D1,2425,Dortmund,Freiburg,4,0,H,1.67,4.2,4.5,1.69,4.18,4.86,1.82,3.87,4.52,1.57,2.38,1.75,2.17
2024-11-23,D1,2425,Hoffenheim,RB Leipzig,4,3,H,3.4,3.5,2.1,3.49,3.7,2.09,3.21,3.75,2.22,1.57,2.38,1.57,2.56
2024-11-23,D1,2425,Leverkusen,Heidenheim,5,2,H,1.2,6.5,15.0,1.19,8.07,13.4,1.21,7.42,13.66,1.4,3.0,1.45,2.83
2024-11-23,D1,2425,Stuttgart,Bochum,2,0,H,1.29,6.0,9.0,1.33,6.24,7.44,1.34,6.01,8.33,1.33,3.4,1.39,3.15
2024-11-23,D1,2425,Wolfsburg,Union Berlin,1,0,H,2.3,3.3,3.2,2.37,3.28,3.27,2.18,3.31,3.74,2.1,1.73,2.19,1.75
2024-11-23,D1,2425,Ein Frankfurt,Werder Bremen,1,0,H,1.7,4.1,4.5,1.71,4.24,4.59,1.79,4.13,4.37,1.5,2.63,1.5,2.7
2024-11-23,E0,2425,Leicester,Chelsea,1,2,A,6.5,4.75,1.44,7.05,4.78,1.46,7.0,5.05,1.45,1.5,2.63,1.58,2.5
2024-11-23,E0,2425,Arsenal,Nott'm Forest,3,0,H,1.38,4.75,9.0,1.38,5.03,8.73,1.41,4.8,8.86,1.8,2.0,1.88,2.02
2024-11-23,E0,2425,Aston Villa,Crystal Palace,2,2,D,1.62,4.0,5.5,1.63,4.06,5.59,1.75,3.84,5.01,1.73,2.1,1.89,2.01
2024-11-23,E0,2425,Bournemouth,Brighton,1,2,A,2.4,3.6,2.8,2.42,3.62,2.91,2.49,3.6,2.88,1.57,2.38,1.59,2.49
2024-11-23,E0,2425,Everton,Brentford,0,0,D,2.45,3.4,2.88,2.5,3.38,2.97,2.38,3.42,3.18,1.86,2.04,1.88,2.03
2024-11-23,E0,2425,Fulham,Wolves,1,4,A,1.62,4.0,5.25,1.64,4.11,5.43,1.57,4.43,5.91,1.67,2.2,1.63,2.38
2024-11-23,E0,2425,Man City,Tottenham,0,4,A,1.48,4.75,6.0,1.48,4.98,6.13,1.44,5.28,6.71,1.3,3.5,1.33,3.47
2024-11-23,T1,2425,Eyupspor,Rizespor,1,2,A,1.95,3.4,3.8,1.97,3.45,3.69,2.39,3.39,3.13,1.93,1.93,2.0,1.89
2024-11-23,T1,2425,Gaziantep,Buyuksehyr,3,0,H,2.6,3.4,2.6,2.72,3.39,2.67,2.54,3.4,2.9,1.9,1.95,1.95,1.93
2024-11-23,T1,2425,Kayserispor,Fenerbahce,2,6,A,7.0,4.33,1.44,6.72,5.03,1.43,6.12,4.82,1.48,1.65,2.2,1.68,2.27
2024-11-23,T1,2425,Bodrumspor,Galatasaray,0,1,A,7.5,4.5,1.42,5.83,5.02,1.39,7.92,5.2,1.39,1.67,2.15,1.56,2.48
2024-11-24,D1,2425,Holstein Kiel,Mainz,0,3,A,3.1,3.4,2.3,3.15,3.49,2.33,3.35,3.39,2.3,1.8,2.0,1.88,2.04
2024-11-24,D1,2425,M'gladbach,St Pauli,2,0,H,1.8,3.8,4.2,1.83,3.77,4.49,1.92,3.75,4.14,1.8,2.0,1.77,2.15
2024-11-24,E0,2425,Southampton,Liverpool,2,3,A,11.0,5.75,1.27,10.83,5.79,1.28,10.0,5.95,1.31,1.44,2.75,1.4,3.12
2024-11-24,E0,2425,Ipswich,Man United,1,1,D,5.25,4.0,1.62,5.24,4.25,1.64,5.15,4.16,1.68,1.57,2.38,1.66,2.33
2024-11-24,T1,2425,Sivasspor,Kasimpasa,0,0,D,2.75,3.4,2.45,2.83,3.49,2.44,3.16,3.32,2.41,1.8,2.0,2.08,1.83
2024-11-24,T1,2425,Konyaspor,Hatayspor,1,1,D,1.95,3.5,3.8,1.96,3.35,4.13,1.9,3.42,4.61,2.1,1.7,2.11,1.78
2024-11-24,T1,2425,Samsunspor,Alanyaspor,1,1,D,1.73,3.6,4.75,1.74,3.8,4.64,1.94,3.39,4.43,1.93,1.93,2.11,1.79
2024-11-24,T1,2425,Besiktas,Goztep,2,4,A,1.48,4.33,6.25,1.46,4.4,5.75,1.66,3.94,5.57,1.67,2.15,1.88,2.02
2024-11-25,E0,2425,Newcastle,West Ham,0,2,A,1.5,4.5,6.0,1.5,4.58,6.49,1.5,4.71,6.64,1.53,2.5,1.51,2.67
2024-11-25,T1,2425,Trabzonspor,Ad. Demirspor,5,0,H,1.48,4.5,6.0,1.49,4.55,5.13,1.55,4.43,5.85,1.57,2.35,1.54,2.51
2024-11-29,D1,2425,St Pauli,Holstein Kiel,3,1,H,1.67,3.75,5.25,1.71,3.83,5.22,1.67,3.84,5.61,1.95,1.95,2.02,1.87
2024-11-29,E0,2425,Brighton,Southampton,1,1,D,1.38,5.0,7.5,1.39,5.33,7.66,1.38,5.68,7.25,1.44,2.75,1.36,3.22
2024-11-29,T1,2425,Antalyaspor,Sivasspor,2,1,H,1.95,3.5,3.7,2.03,3.53,3.86,2.1,3.45,3.74,1.88,1.98,1.88,2.01
2024-11-30,D1,2425,Augsburg,Bochum,1,0,H,1.73,4.0,4.5,1.72,3.99,4.88,1.82,3.8,4.61,1.73,2.1,1.85,2.07
2024-11-30,D1,2425,Freiburg,M'gladbach,3,1,H,1.95,3.8,3.6,2.01,3.78,3.69,2.08,3.71,3.59,1.67,2.2,1.69,2.28
2024-11-30,D1,2425,RB Leipzig,Wolfsburg,1,5,A,1.7,4.0,4.75,1.7,4.17,4.8,1.79,3.89,4.64,1.62,2.3,1.66,2.32
2024-11-30,D1,2425,Union Berlin,Leverkusen,1,2,A,4.75,3.7,1.75,4.72,3.84,1.78,4.88,3.47,1.9,1.89,2.01,2.19,1.74
2024-11-30,D1,2425,Werder Bremen,Stuttgart,2,2,D,3.0,3.75,2.2,3.02,3.75,2.3,2.57,3.56,2.8,1.53,2.5,1.68,2.3
2024-11-30,D1,2425,Dortmund,Bayern Munich,1,1,D,4.75,4.1,1.67,4.67,4.38,1.68,4.69,4.17,1.73,1.4,3.0,1.6,2.46
2024-11-30,E0,2425,Brentford,Leicester,4,1,H,1.65,4.2,4.75,1.65,4.33,4.98,1.63,4.36,5.38,1.57,2.38,1.61,2.41
2024-11-30,E0,2425,Crystal Palace,Newcastle,1,1,D,2.9,3.6,2.3,3.16,3.52,2.31,3.3,3.53,2.27,1.8,2.0,1.88,2.03
2024-11-30,E0,2425,Nott'm Forest,Ipswich,1,0,H,1.7,3.8,4.75,1.78,3.75,4.85,1.74,3.98,4.94,1.92,1.98,1.8,2.1
2024-11-30,E0,2425,Wolves,Bournemouth,2,4,A,2.8,3.6,2.4,2.86,3.6,2.46,2.75,3.48,2.66,1.67,2.2,1.77,2.14
2024-11-30,E0,2425,West Ham,Arsenal,2,5,A,7.0,4.5,1.45,7.07,4.76,1.46,7.34,4.89,1.45,1.73,2.1,1.66,2.32
2024-11-30,T1,2425,Samsunspor,Bodrumspor,4,0,H,1.67,3.5,5.5,1.68,3.76,5.52,1.56,4.07,6.04,2.1,1.7,1.97,1.92
2024-11-30,T1,2425,Ad. Demirspor,Konyaspor,0,1,A,3.4,3.25,2.15,3.09,3.66,2.08,3.48,3.5,2.17,2.0,1.85,1.95,1.93
2024-11-30,T1,2425,Alanyaspor,Trabzonspor,2,1,H,2.5,3.25,2.8,2.5,3.44,2.79,2.23,3.58,3.27,1.98,1.88,1.79,2.1
2024-11-30,T1,2425,Buyuksehyr,Goztep,4,1,H,2.38,3.25,3.0,2.42,3.09,3.19,2.32,3.19,3.47,2.0,1.85,2.16,1.75
2024-12-01,D1,2425,Mainz,Hoffenheim,2,0,H,2.1,3.4,3.5,2.08,3.7,3.53,2.15,3.57,3.52,1.67,2.2,1.79,2.12
2024-12-01,D1,2425,Heidenheim,Ein Frankfurt,0,4,A,3.7,3.7,1.95,3.85,3.73,1.97,4.09,3.54,1.99,1.73,2.1,1.76,2.17
2024-12-01,E0,2425,Chelsea,Aston Villa,3,0,H,1.7,4.1,4.5,1.7,4.3,4.6,1.75,4.07,4.69,1.53,2.5,1.58,2.5
2024-12-01,E0,2425,Man United,Everton,4,0,H,1.53,4.2,6.0,1.55,4.36,6.17,1.62,4.07,5.98,1.73,2.1,1.85,2.06
2024-12-01,E0,2425,Tottenham,Fulham,1,1,D,1.7,4.5,4.1,1.75,4.35,4.28,1.98,4.06,3.61,1.44,2.75,1.43,2.98
2024-12-01,E0,2425,Liverpool,Man City,2,0,H,2.1,3.6,3.3,2.08,3.76,3.48,2.06,3.76,3.6,1.57,2.38,1.57,2.53
2024-12-01,T1,2425,Rizespor,Kayserispor,3,0,H,1.83,3.6,4.2,1.85,3.56,4.29,1.71,3.89,5.11,1.8,2.0,1.73,2.19
2024-12-01,T1,2425,Galatasaray,Eyupspor,2,2,D,1.25,7.0,8.5,1.27,6.11,8.71,1.19,7.72,13.96,1.33,3.4,1.3,3.61
2024-12-02,T1,2425,Fenerbahce,Gaziantep,3,1,H,1.25,6.5,9.0,1.26,6.53,8.78,1.15,9.22,16.7,1.4,2.88,1.29,3.72
2024-12-02,T1,2425,Hatayspor,Besiktas,1,1,D,4.1,3.6,1.83,4.09,3.86,1.82,3.55,3.68,2.08,1.7,2.1,1.64,2.37
2024-12-03,E0,2425,Ipswich,Crystal Palace,0,1,A,3.0,3.4,2.35,3.15,3.41,2.39,3.35,3.39,2.3,2.01,1.89,2.04,1.88
2024-12-03,E0,2425,Leicester,West Ham,3,1,H,2.9,3.4,2.38,2.95,3.43,2.52,3.04,3.5,2.43,1.73,2.1,1.79,2.1
2024-12-04,E0,2425,Everton,Wolves,4,0,H,2.1,3.4,3.5,2.16,3.4,3.62,2.14,3.36,3.8,2.03,1.87,2.09,1.83
2024-12-04,E0,2425,Man City,Nott'm Forest,3,0,H,1.36,4.75,9.0,1.36,5.41,8.26,1.31,5.88,10.02,1.57,2.38,1.48,2.74
2024-12-04,E0,2425,Newcastle,Liverpool,3,3,D,4.2,4.0,1.75,4.29,4.04,1.8,3.68,3.74,2.04,1.57,2.38,1.65,2.35
2024-12-04,E0,2425,Southampton,Chelsea,1,5,A,8.5,5.25,1.33,8.92,5.79,1.33,9.07,5.95,1.33,1.44,2.75,1.37,3.18
2024-12-04,E0,2425,Arsenal,Man United,2,0,H,1.44,4.5,7.0,1.45,4.87,7.03,1.48,4.89,6.64,1.62,2.3,1.62,2.4
2024-12-04,E0,2425,Aston Villa,Brentford,3,1,H,1.8,3.75,4.33,1.8,3.91,4.44,1.68,4.23,5.06,1.57,2.38,1.57,2.51
2024-12-05,E0,2425,Fulham,Brighton,3,1,H,2.35,3.6,2.88,2.37,3.69,2.94,2.64,3.65,2.7,1.62,2.3,1.69,2.25
2024-12-05,E0,2425,Bournemouth,Tottenham,1,0,H,2.63,3.75,2.45,2.67,3.92,2.47,2.21,3.97,3.06,1.44,2.75,1.45,2.85
2024-12-06,D1,2425,Stuttgart,Union Berlin,3,2,H,1.8,3.6,4.5,1.84,3.61,4.78,1.93,3.51,4.42,2.1,1.73,2.14,1.78
2024-12-06,T1,2425,Trabzonspor,Kasimpasa,2,2,D,1.85,3.6,4.0,1.91,3.8,4.02,1.9,3.69,4.18,1.65,2.2,1.68,2.28
2024-12-07,D1,2425,Bayern Munich,Heidenheim,4,2,H,1.1,11.0,19.0,1.09,14.33,22.78,1.11,11.25,24.0,1.25,3.75,,
2024-12-07,D1,2425,Bochum,Werder Bremen,0,1,A,3.2,3.5,2.2,3.21,3.59,2.25,3.62,3.8,2.05,1.62,2.3,1.62,2.44
2024-12-07,D1,2425,Ein Frankfurt,Augsburg,2,2,D,1.53,4.1,6.25,1.56,4.43,5.91,1.54,4.4,6.39,1.62,2.3,1.68,2.28
2024-12-07,D1,2425,Holstein Kiel,RB Leipzig,0,2,A,5.75,4.2,1.57,5.49,4.42,1.59,6.95,4.91,1.46,1.49,2.45,1.56,2.55
2024-12-07,D1,2425,Leverkusen,St Pauli,2,1,H,1.25,6.5,10.0,1.24,6.76,11.47,1.28,6.06,11.8,1.5,2.63,1.63,2.41
2024-12-07,D1,2425,M'gladbach,Dortmund,1,1,D,3.2,3.75,2.1,3.24,3.87,2.14,3.45,3.88,2.08,1.44,2.75,1.53,2.62
2024-12-07,E0,2425,Aston Villa,Southampton,1,0,H,1.36,5.5,7.0,1.37,5.48,7.77,1.33,5.79,9.42,1.44,2.75,1.48,2.75
2024-12-07,E0,2425,Brentford,Newcastle,4,2,H,2.88,3.75,2.3,2.88,3.75,2.38,3.02,3.74,2.33,1.57,2.38,1.6,2.46
2024-12-07,E0,2425,Crystal Palace,Man City,2,2,D,5.5,4.2,1.57,5.38,4.39,1.6,4.69,4.04,1.76,1.62,2.3,1.63,2.37
2024-12-07,E0,2425,Man United,Nott'm Forest,2,3,A,1.65,3.9,5.25,1.68,4.05,5.18,1.69,3.98,5.33,1.8,2.0,1.83,2.07
2024-12-07,T1,2425,Konyaspor,Antalyaspor,1,1,D,2.0,3.3,3.7,2.03,3.26,3.72,2.03,3.29,4.19,2.05,1.75,2.02,1.87
2024-12-07,T1,2425,Goztep,Ad. Demirspor,3,1,H,1.3,5.25,9.0,1.3,5.82,9.8,1.26,6.27,10.82,1.6,2.3,1.51,2.64
2024-12-07,T1,2425,Besiktas,Fenerbahce,1,0,H,3.6,3.5,1.85,3.71,3.76,1.93,3.86,3.9,1.93,1.65,2.2,1.61,2.43
2024-12-08,D1,2425,Wolfsburg,Mainz,4,3,H,2.15,3.3,3.5,2.15,3.34,3.5,2.13,3.45,3.72,1.84,2.06,1.93,1.97
2024-12-08,D1,2425,Hoffenheim,Freiburg,1,1,D,2.7,3.4,2.55,2.73,3.45,2.54,2.51,3.3,3.07,1.73,2.1,1.98,1.93
2024-12-08,E0,2425,Fulham,Arsenal,1,1,D,5.0,4.33,1.6,5.33,4.22,1.63,5.5,4.2,1.64,1.8,2.0,1.79,2.12
2024-12-08,E0,2425,Ipswich,Bournemouth,1,2,A,3.5,3.75,2.0,3.68,3.76,2.01,3.92,3.82,1.95,1.73,2.1,1.7,2.26
2024-12-08,E0,2425,Leicester,Brighton,2,2,D,4.5,3.8,1.73,4.69,4.07,1.73,4.98,4.27,1.68,1.57,2.38,1.58,2.51
2024-12-08,E0,2425,Tottenham,Chelsea,3,4,A,3.4,3.9,2.0,3.23,4.13,2.07,2.93,4.1,2.25,1.36,3.2,1.35,3.37
2024-12-08,T1,2425,Eyupspor,Samsunspor,3,0,H,2.88,3.3,2.38,,,,2.75,3.37,2.69,1.95,1.9,1.86,2.03
2024-12-08,T1,2425,Kayserispor,Alanyaspor,2,0,H,2.3,3.3,3.0,,,,2.54,3.48,2.84,1.83,2.03,1.83,2.05
2024-12-08,T1,2425,Sivasspor,Galatasaray,2,3,A,5.75,5.0,1.42,4.78,5.4,1.44,9.36,6.36,1.28,1.44,2.7,1.35,3.23
2024-12-08,T1,2425,Buyuksehyr,Hatayspor,3,0,H,1.7,3.7,4.2,1.75,3.77,4.63,1.68,3.72,5.65,1.93,1.93,1.95,1.93
2024-12-09,E0,2425,West Ham,Wolves,2,1,H,1.9,3.9,3.75,1.95,3.88,3.76,1.82,3.99,4.37,1.62,2.3,1.7,2.25
2024-12-09,T1,2425,Gaziantep,Rizespor,1,0,H,2.5,3.4,2.6,2.54,3.26,2.67,3.06,3.36,2.44,1.8,2.0,1.81,2.05
2024-12-13,D1,2425,Freiburg,Wolfsburg,3,2,H,2.2,3.3,3.3,2.26,3.45,3.38,2.32,3.46,3.25,1.93,1.97,1.88,2.03
2024-12-13,T1,2425,Bodrumspor,Sivasspor,2,0,H,1.95,3.7,3.6,2.0,3.5,4.03,2.36,3.25,3.3,1.98,1.88,2.06,1.84
2024-12-13,T1,2425,Kasimpasa,Eyupspor,2,0,H,2.38,3.4,2.88,2.44,3.44,3.0,2.56,3.58,2.76,1.85,2.0,1.76,2.14
2024-12-14,D1,2425,Augsburg,Leverkusen,0,2,A,5.75,4.0,1.57,5.59,4.28,1.6,6.3,4.09,1.59,1.67,2.2,1.94,1.96
2024-12-14,D1,2425,Mainz,Bayern Munich,2,1,H,6.5,4.5,1.48,6.86,4.87,1.46,6.26,4.59,1.53,1.53,2.5,1.61,2.45
2024-12-14,D1,2425,M'gladbach,Holstein Kiel,4,1,H,1.44,4.75,6.5,1.46,4.89,6.75,1.43,5.29,7.5,1.5,2.63,1.43,2.97
2024-12-14,D1,2425,Union Berlin,Bochum,0,2,A,1.6,3.8,6.0,1.6,4.01,6.13,1.67,3.93,5.68,2.04,1.86,1.93,1.98
2024-12-14,D1,2425,St Pauli,Werder Bremen,0,2,A,2.63,3.4,2.63,2.69,3.36,2.75,3.0,3.19,2.63,1.95,1.95,2.1,1.81
2024-12-14,E0,2425,Arsenal,Everton,0,0,D,1.22,6.5,12.0,1.23,6.63,12.95,1.25,6.5,13.0,1.67,2.2,1.64,2.35
2024-12-14,E0,2425,Liverpool,Fulham,2,2,D,1.33,5.5,8.0,1.32,6.04,8.88,1.29,6.13,9.62,1.5,2.63,1.41,3.01
2024-12-14,E0,2425,Newcastle,Leicester,4,0,H,1.3,6.0,8.5,1.3,6.02,8.95,1.29,6.29,9.49,1.44,2.75,1.38,3.14
2024-12-14,E0,2425,Wolves,Ipswich,1,2,A,1.9,3.8,3.8,1.91,3.91,3.93,2.0,3.65,3.93,1.73,2.1,1.87,2.04
2024-12-14,E0,2425,Nott'm Forest,Aston Villa,2,1,H,2.63,3.3,2.7,2.67,3.38,2.76,2.73,3.28,2.81,1.9,2.0,2.12,1.79
2024-12-14,T1,2425,Rizespor,Konyaspor,1,1,D,2.1,3.4,3.4,2.17,3.11,3.89,1.96,3.39,4.33,2.05,1.8,2.05,1.85
2024-12-14,T1,2425,Alanyaspor,Gaziantep,3,0,H,1.95,3.6,3.75,1.91,3.51,3.68,1.7,3.94,5.16,1.88,1.98,1.6,2.39
2024-12-15,D1,2425,Heidenheim,Stuttgart,1,3,A,4.0,4.0,1.8,4.27,3.93,1.83,4.72,4.07,1.75,1.73,2.1,1.58,2.49
2024-12-15,D1,2425,Dortmund,Hoffenheim,1,1,D,1.44,5.0,6.0,1.45,5.13,6.46,1.36,5.51,8.55,1.4,3.0,1.49,2.73
2024-12-15,D1,2425,RB Leipzig,Ein Frankfurt,2,1,H,2.05,4.0,3.2,2.11,3.92,3.29,2.3,3.76,3.06,1.53,2.5,1.52,2.63
2024-12-15,E0,2425,Brighton,Crystal Palace,1,3,A,1.85,3.8,3.9,1.9,3.89,3.97,1.92,3.73,4.14,1.73,2.1,1.82,2.07
2024-12-15,E0,2425,Man City,Man United,1,2,A,1.57,4.5,5.0,1.6,4.65,5.07,1.53,4.9,5.85,1.44,2.75,1.5,2.7
2024-12-15,E0,2425,Chelsea,Brentford,2,1,H,1.33,6.0,7.5,1.33,6.05,8.44,1.32,6.3,8.25,1.33,3.4,1.32,3.54
2024-12-15,E0,2425,Southampton,Tottenham,0,5,A,4.33,4.5,1.67,4.47,4.51,1.69,4.04,4.49,1.79,1.3,3.5,1.35,3.3
2024-12-15,T1,2425,Hatayspor,Goztep,1,1,D,2.9,3.4,2.35,3.03,3.41,2.35,3.04,3.33,2.48,1.98,1.88,2.02,1.87
2024-12-15,T1,2425,Antalyaspor,Kayserispor,2,0,H,2.05,3.5,3.4,2.12,3.41,3.51,2.11,3.29,3.9,1.83,2.03,1.88,2.01
2024-12-15,T1,2425,Fenerbahce,Buyuksehyr,3,1,H,1.38,5.75,6.25,1.37,5.35,7.2,1.47,4.9,6.46,1.57,2.35,1.68,2.28
2024-12-16,E0,2425,Bournemouth,West Ham,1,1,D,1.7,4.0,4.75,1.72,4.27,4.49,1.78,4.13,4.42,1.53,2.5,1.56,2.56
2024-12-16,T1,2425,Ad. Demirspor,Besiktas,2,1,H,7.5,5.0,1.36,8.08,5.4,1.34,5.77,4.73,1.53,1.48,2.6,1.47,2.77
2024-12-16,T1,2425,Galatasaray,Trabzonspor,4,3,H,1.33,5.75,6.5,1.34,5.78,7.33,1.38,5.71,7.32,1.3,3.5,1.32,3.51
2024-12-20,D1,2425,Bayern Munich,RB Leipzig,5,1,H,1.2,7.5,11.0,1.21,7.48,13.15,1.22,7.36,12.59,1.29,3.75,1.33,3.43
2024-12-20,T1,2425,Eyupspor,Fenerbahce,1,1,D,5.0,4.5,1.55,5.37,4.53,1.59,5.98,4.39,1.56,1.44,2.7,1.61,2.38
2024-12-21,D1,2425,Ein Frankfurt,Mainz,1,3,A,1.83,4.0,3.9,1.85,4.02,4.05,2.1,3.6,3.63,1.67,2.2,1.76,2.17
2024-12-21,D1,2425,Hoffenheim,M'gladbach,1,2,A,2.3,3.6,2.9,2.4,3.66,2.91,2.3,3.63,3.14,1.57,2.38,1.62,2.4
2024-12-21,D1,2425,Holstein Kiel,Augsburg,5,1,H,3.0,3.4,2.35,3.17,3.25,2.44,3.59,3.36,2.21,1.97,1.93,1.93,1.96
2024-12-21,D1,2425,Stuttgart,St Pauli,0,1,A,1.45,4.75,6.5,1.47,4.73,6.93,1.46,4.77,7.33,1.67,2.2,1.66,2.34
2024-12-21,D1,2425,Werder Bremen,Union Berlin,4,1,H,2.05,3.3,3.75,2.11,3.38,3.78,2.33,3.25,3.43,2.0,1.8,2.13,1.79
2024-12-21,D1,2425,Leverkusen,Freiburg,5,1,H,1.38,5.0,7.5,1.37,5.33,8.23,1.39,5.32,8.17,1.62,2.3,1.57,2.52
2024-12-21,E0,2425,Aston Villa,Man City,2,1,H,3.25,3.7,2.1,3.3,3.79,2.14,3.21,3.7,2.24,1.57,2.38,1.66,2.36
2024-12-21,E0,2425,Brentford,Nott'm Forest,0,2,A,2.3,3.6,2.9,2.39,3.47,3.07,2.53,3.66,2.78,1.73,2.1,1.61,2.43
2024-12-21,E0,2425,Ipswich,Newcastle,0,4,A,4.75,3.75,1.73,4.69,4.02,1.74,4.6,4.24,1.73,1.62,2.3,1.62,2.42
2024-12-21,E0,2425,West Ham,Brighton,1,1,D,2.88,3.7,2.35,2.8,3.83,2.41,2.83,3.68,2.48,1.5,2.63,1.52,2.62
2024-12-21,E0,2425,Crystal Palace,Arsenal,1,5,A,6.25,4.2,1.55,6.75,4.17,1.54,7.6,4.6,1.47,1.87,2.03,1.85,2.06
2024-12-21,T1,2425,Sivasspor,Samsunspor,0,0,D,3.75,3.5,1.95,3.82,3.48,2.04,3.51,3.47,2.17,1.93,1.93,1.93,1.96
2024-12-21,T1,2425,Besiktas,Alanyaspor,1,1,D,1.67,4.0,4.5,1.66,4.2,4.68,1.75,3.97,4.73,1.6,2.3,1.75,2.17
2024-12-22,D1,2425,Bochum,Heidenheim,2,0,H,2.3,3.5,3.0,2.35,3.55,3.07,2.11,3.47,3.74,1.73,2.1,1.83,2.07
2024-12-22,D1,2425,Wolfsburg,Dortmund,1,3,A,3.1,3.6,2.2,3.09,3.65,2.29,3.35,3.76,2.15,1.62,2.3,1.64,2.37
2024-12-22,E0,2425,Everton,Chelsea,0,0,D,5.0,4.2,1.62,5.48,4.09,1.64,5.01,4.11,1.69,1.67,2.2,1.65,2.35
2024-12-22,E0,2425,Fulham,Southampton,0,0,D,1.42,4.75,7.0,1.42,5.06,7.35,1.68,4.15,5.88,1.57,2.38,1.75,2.16
2024-12-22,E0,2425,Leicester,Wolves,0,3,A,2.55,3.4,2.7,2.63,3.58,2.68,3.05,3.51,2.41,1.67,2.2,1.68,2.23
2024-12-22,E0,2425,Man United,Bournemouth,0,3,A,1.8,3.8,4.2,1.86,3.87,4.16,1.88,3.8,4.25,1.57,2.38,1.74,2.18
2024-12-22,E0,2425,Tottenham,Liverpool,3,6,A,4.5,4.0,1.73,4.47,4.37,1.71,4.9,4.55,1.65,1.3,3.5,1.33,3.28
2024-12-22,T1,2425,Gaziantep,Antalyaspor,2,0,H,2.15,3.4,3.25,2.22,3.41,3.26,1.97,3.68,3.8,1.88,1.98,1.81,2.08
2024-12-22,T1,2425,Goztep,Rizespor,3,0,H,2.05,3.3,3.7,2.01,3.45,3.77,2.24,3.25,3.58,2.0,1.85,2.05,1.85
2024-12-22,T1,2425,Kayserispor,Galatasaray,1,5,A,7.5,5.0,1.36,7.48,5.69,1.34,7.76,5.63,1.37,1.36,3.1,1.36,3.29
2024-12-22,T1,2425,Trabzonspor,Bodrumspor,1,0,H,1.57,3.9,5.5,1.56,4.27,5.46,1.75,3.83,4.93,1.67,2.15,1.8,2.09
2024-12-23,T1,2425,Buyuksehyr,Kasimpasa,2,2,D,2.05,3.4,3.3,2.11,3.46,3.47,2.37,3.38,3.17,1.85,2.0,1.8,2.09
2024-12-23,T1,2425,Hatayspor,Ad. Demirspor,1,3,A,1.6,4.0,4.33,1.6,4.13,5.29,1.44,5.0,7.0,1.73,2.08,1.56,2.55
2024-12-26,E0,2425,Man City,Everton,1,1,D,1.33,5.5,7.5,1.34,5.73,8.52,1.36,5.5,9.0,1.53,2.5,1.53,2.63
2024-12-26,E0,2425,Bournemouth,Crystal Palace,0,0,D,1.9,3.8,3.8,1.92,3.85,3.94,2.13,3.66,3.5,1.73,2.1,1.71,2.24
2024-12-26,E0,2425,Chelsea,Fulham,1,2,A,1.48,4.75,6.0,1.47,4.98,6.32,1.46,4.94,6.86,1.44,2.75,1.5,2.7
2024-12-26,E0,2425,Newcastle,Aston Villa,3,0,H,1.91,3.8,3.75,1.94,4.02,3.69,1.94,3.87,3.89,1.62,2.3,1.64,2.37
2024-12-26,E0,2425,Nott'm Forest,Tottenham,1,0,H,2.3,3.75,2.88,2.37,3.81,2.87,2.16,3.92,3.22,1.5,2.63,1.44,2.91
2024-12-26,E0,2425,Southampton,West Ham,0,1,A,3.25,3.5,2.2,3.28,3.62,2.21,3.12,3.63,2.31,1.67,2.2,1.75,2.19
2024-12-26,E0,2425,Wolves,Man United,2,0,H,3.9,3.7,1.91,3.95,3.74,1.94,4.44,4.01,1.8,1.67,2.2,1.74,2.19
2024-12-26,E0,2425,Liverpool,Leicester,3,1,H,1.08,12.0,23.0,1.08,13.84,24.96,1.09,12.25,27.0,1.2,4.5,,
2024-12-27,E0,2425,Brighton,Brentford,0,0,D,1.62,4.33,4.75,1.64,4.54,4.96,1.63,4.6,5.05,1.44,2.75,1.43,2.94
2024-12-27,E0,2425,Arsenal,Ipswich,1,0,H,1.14,9.0,15.0,1.15,8.67,20.05,1.13,9.25,23.5,1.4,3.0,1.39,3.04
2024-12-29,E0,2425,Leicester,Man City,0,2,A,7.5,5.5,1.36,8.42,5.9,1.33,10.25,6.42,1.27,1.36,3.2,1.37,3.22
2024-12-29,E0,2425,Crystal Palace,Southampton,2,1,H,1.57,3.9,5.5,1.64,4.13,5.4,1.53,4.45,6.43,1.73,2.1,1.72,2.21
2024-12-29,E0,2425,Everton,Nott'm Forest,0,2,A,2.6,3.2,2.8,2.69,3.18,2.88,2.71,3.07,3.0,2.2,1.67,2.45,1.61
2024-12-29,E0,2425,Fulham,Bournemouth,2,2,D,2.3,3.6,2.88,2.37,3.59,3.0,2.27,3.5,3.31,1.67,2.2,1.83,2.07
2024-12-29,E0,2425,Tottenham,Wolves,2,2,D,1.6,5.0,4.2,1.63,4.91,4.57,1.68,4.64,4.6,1.33,3.4,1.38,3.17
2024-12-29,E0,2425,West Ham,Liverpool,0,5,A,7.0,5.0,1.4,7.32,5.34,1.4,7.75,5.5,1.39,1.4,3.0,1.44,2.92
2024-12-30,E0,2425,Aston Villa,Brighton,2,2,D,1.9,3.8,3.6,1.99,3.91,3.62,1.86,3.89,4.25,1.57,2.38,1.67,2.3
2024-12-30,E0,2425,Ipswich,Chelsea,2,0,H,6.5,4.75,1.42,7.1,5.2,1.42,7.55,5.28,1.4,1.44,2.75,1.51,2.67
2024-12-30,E0,2425,Man United,Newcastle,0,2,A,2.75,3.5,2.55,2.72,3.68,2.54,2.71,3.6,2.58,1.62,2.3,1.69,2.27
2025-01-01,E0,2425,Brentford,Arsenal,1,3,A,6.5,4.75,1.44,6.98,4.93,1.44,6.0,4.5,1.56,1.53,2.5,1.68,2.28
2025-01-03,T1,2425,Alanyaspor,Konyaspor,2,1,H,2.05,3.25,3.5,2.13,3.25,3.89,2.2,3.23,3.72,2.05,1.75,1.96,1.93
2025-01-03,T1,2425,Rizespor,Besiktas,1,1,D,2.5,3.4,2.5,2.68,3.48,2.69,2.59,3.54,2.75,1.8,2.0,1.76,2.15
2025-01-04,E0,2425,Tottenham,Newcastle,1,2,A,2.88,3.8,2.25,2.97,4.06,2.22,3.9,4.69,1.79,1.33,3.4,1.35,3.29
2025-01-04,E0,2425,Aston Villa,Leicester,2,1,H,1.33,5.5,8.5,1.32,5.64,9.41,1.34,5.69,8.32,1.5,2.63,1.43,2.96
2025-01-04,E0,2425,Bournemouth,Everton,1,0,H,1.73,3.75,4.75,1.75,3.91,4.82,1.7,3.97,5.23,1.91,1.99,1.85,2.07
2025-01-04,E0,2425,Crystal Palace,Chelsea,1,1,D,3.8,3.75,1.91,3.69,3.97,1.95,3.64,3.94,2.0,1.57,2.38,1.51,2.66
2025-01-04,E0,2425,Man City,West Ham,4,1,H,1.3,6.25,7.5,1.32,6.41,8.2,1.26,7.24,10.79,1.33,3.4,1.32,3.48
2025-01-04,E0,2425,Southampton,Brentford,0,5,A,3.0,3.4,2.4,2.95,3.59,2.41,3.44,3.65,2.16,1.67,2.2,1.73,2.2
2025-01-04,E0,2425,Brighton,Arsenal,1,1,D,4.33,3.75,1.8,4.62,3.7,1.82,4.93,3.68,1.8,1.73,2.1,2.02,1.88
2025-01-04,T1,2425,Ad. Demirspor,Buyuksehyr,0,1,A,4.75,4.0,1.57,5.54,4.28,1.59,5.33,4.26,1.63,1.7,2.1,1.66,2.3
2025-01-04,T1,2425,Antalyaspor,Eyupspor,1,4,A,2.4,3.4,2.63,2.54,3.49,2.79,2.98,3.32,2.52,1.83,2.03,1.96,1.93
2025-01-04,T1,2425,Galatasaray,Goztep,2,1,H,1.33,5.5,7.0,1.31,5.95,7.85,1.28,6.39,9.54,1.36,3.1,1.34,3.33
2025-01-04,T1,2425,Samsunspor,Trabzonspor,2,1,H,2.1,3.5,3.2,2.18,3.63,3.17,2.41,3.38,3.11,1.73,2.08,1.79,2.11
2025-01-05,E0,2425,Fulham,Ipswich,2,2,D,1.55,4.2,5.75,1.56,4.46,5.71,1.59,4.2,6.15,1.73,2.1,1.82,2.08
2025-01-05,E0,2425,Liverpool,Man United,2,2,D,1.29,6.25,8.0,1.29,6.14,9.37,1.36,5.55,8.55,1.44,2.75,1.53,2.62
2025-01-05,T1,2425,Kasimpasa,Gaziantep,2,2,D,1.8,3.7,3.9,1.83,3.56,4.41,1.66,3.96,5.46,1.62,2.25,1.6,2.43
2025-01-05,T1,2425,Bodrumspor,Kayserispor,1,1,D,2.1,3.2,3.4,2.11,3.19,3.79,2.08,3.36,3.91,2.03,1.83,2.04,1.85
2025-01-05,T1,2425,Fenerbahce,Hatayspor,2,1,H,1.08,9.0,23.0,1.08,11.9,25.19,1.11,10.5,22.38,1.36,3.1,1.36,3.2
2025-01-06,E0,2425,Wolves,Nott'm Forest,0,3,A,3.3,3.2,2.3,3.44,3.22,2.31,4.01,3.54,2.01,2.1,1.73,1.87,2.04
2025-01-10,D1,2425,Dortmund,Leverkusen,2,3,A,2.7,3.6,2.45,2.92,3.6,2.43,3.88,3.82,1.96,1.57,2.38,1.56,2.55
2025-01-11,D1,2425,Freiburg,Holstein Kiel,3,2,H,1.4,4.75,7.5,1.4,5.21,7.67,1.46,5.04,6.73,1.57,2.38,1.52,2.65
2025-01-11,D1,2425,Heidenheim,Union Berlin,2,0,H,3.1,3.3,2.3,3.24,3.29,2.38,3.25,3.46,2.32,2.05,1.85,1.85,2.07
2025-01-11,D1,2425,Hoffenheim,Wolfsburg,0,1,A,2.35,3.6,2.88,2.44,3.45,3.0,2.36,3.48,3.15,1.57,2.38,1.74,2.2
2025-01-11,D1,2425,Mainz,Bochum,2,0,H,1.53,4.33,5.75,1.57,4.38,5.81,1.68,3.97,5.47,1.73,2.1,1.93,1.98
2025-01-11,D1,2425,St Pauli,Ein Frankfurt,0,1,A,3.7,3.5,2.05,3.8,3.4,2.1,3.58,3.43,2.18,1.85,2.05,1.87,2.05
2025-01-11,D1,2425,M'gladbach,Bayern Munich,0,1,A,7.0,5.0,1.4,7.2,5.47,1.4,8.68,5.86,1.34,1.36,3.2,1.39,3.12
2025-01-11,T1,2425,Kayserispor,Samsunspor,0,1,A,3.2,3.3,2.1,3.29,3.47,2.18,3.52,3.56,2.13,1.85,2.0,1.88,2.01
2025-01-11,T1,2425,Hatayspor,Rizespor,1,2,A,3.1,3.5,2.05,3.56,3.48,2.07,3.94,3.62,1.98,1.84,1.89,1.91,1.98
2025-01-11,T1,2425,Besiktas,Bodrumspor,2,1,H,1.48,4.33,5.25,1.52,4.45,5.76,1.54,4.49,5.96,1.73,2.08,1.75,2.16
2025-01-12,D1,2425,RB Leipzig,Werder Bremen,4,2,H,1.75,4.0,4.2,1.76,4.18,4.34,1.91,3.85,4.06,1.53,2.5,1.63,2.4
2025-01-12,D1,2425,Augsburg,Stuttgart,0,1,A,3.6,3.6,2.0,3.76,3.71,2.0,4.15,3.69,1.93,1.73,2.1,1.81,2.1
2025-01-12,T1,2425,Sivasspor,Alanyaspor,1,1,D,2.75,3.4,2.35,2.87,3.32,2.5,2.99,3.18,2.6,1.93,1.93,2.19,1.76
2025-01-12,T1,2425,Trabzonspor,Antalyaspor,5,0,H,1.53,4.2,5.0,1.54,4.42,5.51,1.47,4.99,6.36,1.6,2.3,1.49,2.71
2025-01-12,T1,2425,Buyuksehyr,Galatasaray,1,2,A,5.0,4.1,1.57,4.72,4.55,1.6,4.91,4.74,1.61,1.53,2.4,1.46,2.81
2025-01-12,T1,2425,Gaziantep,Ad. Demirspor,1,0,H,1.45,4.5,5.25,1.46,4.68,6.31,1.5,4.79,6.17,1.53,2.4,1.47,2.77
2025-01-13,T1,2425,Goztep,Kasimpasa,5,0,H,1.9,3.4,3.6,1.95,3.67,3.76,2.03,3.47,3.9,1.8,2.0,1.81,2.08
2025-01-13,T1,2425,Konyaspor,Fenerbahce,2,3,A,5.5,4.0,1.5,6.05,4.55,1.49,8.49,4.99,1.39,1.73,2.08,1.6,2.45
2025-01-14,D1,2425,Holstein Kiel,Dortmund,4,2,H,5.25,4.5,1.55,5.52,4.77,1.56,6.9,4.8,1.48,1.44,2.75,1.52,2.64
2025-01-14,D1,2425,Ein Frankfurt,Freiburg,4,1,H,1.7,4.2,4.33,1.72,4.19,4.77,1.7,4.13,5.03,1.57,2.38,1.56,2.56
2025-01-14,D1,2425,Leverkusen,Mainz,1,0,H,1.36,5.25,7.5,1.38,5.26,8.51,1.37,5.25,8.81,1.62,2.3,1.69,2.3
2025-01-14,D1,2425,Wolfsburg,M'gladbach,5,1,H,1.91,3.8,3.75,1.95,3.86,3.87,1.9,3.81,4.14,1.62,2.3,1.68,2.31
2025-01-14,E0,2425,Brentford,Man City,2,2,D,4.75,4.2,1.62,4.9,4.56,1.65,5.18,4.51,1.61,1.4,3.0,1.44,2.9
2025-01-14,E0,2425,Chelsea,Bournemouth,2,2,D,1.48,4.75,6.0,1.5,4.96,6.17,1.54,4.8,5.71,1.4,3.0,1.44,2.89
2025-01-14,E0,2425,West Ham,Fulham,3,2,H,3.0,3.4,2.38,3.03,3.54,2.41,3.22,3.3,2.42,1.86,2.04,1.96,1.94
2025-01-14,E0,2425,Nott'm Forest,Liverpool,1,1,D,5.25,4.1,1.62,5.28,4.24,1.65,5.7,4.3,1.62,1.62,2.3,1.64,2.44
2025-01-15,D1,2425,Bochum,St Pauli,1,0,H,2.6,3.25,2.75,2.64,3.28,2.87,2.56,3.26,3.03,2.0,1.8,2.04,1.88
2025-01-15,D1,2425,Bayern Munich,Hoffenheim,5,0,H,1.13,9.0,17.0,1.12,11.23,17.9,1.1,11.74,25.84,1.25,4.0,,
2025-01-15,D1,2425,Stuttgart,RB Leipzig,2,1,H,1.95,3.9,3.4,2.01,3.81,3.63,2.01,3.88,3.64,1.44,2.75,1.49,2.74
2025-01-15,D1,2425,Union Berlin,Augsburg,0,2,A,1.83,3.5,4.5,1.84,3.56,4.74,2.2,3.33,3.65,2.1,1.73,2.17,1.76
2025-01-15,D1,2425,Werder Bremen,Heidenheim,3,3,D,1.6,4.2,4.75,1.64,4.42,4.97,1.76,4.08,4.58,1.57,2.38,1.65,2.36
2025-01-15,E0,2425,Everton,Aston Villa,0,1,A,3.25,3.2,2.3,3.26,3.31,2.36,3.55,3.13,2.35,2.08,1.82,2.35,1.65
2025-01-15,E0,2425,Leicester,Crystal Palace,0,2,A,3.9,3.6,1.91,4.01,3.76,1.93,4.07,3.63,1.97,1.73,2.1,1.91,1.99
2025-01-15,E0,2425,Newcastle,Wolves,3,0,H,1.36,5.5,8.0,1.36,5.73,7.91,1.37,5.4,8.5,1.44,2.75,1.51,2.66
2025-01-15,E0,2425,Arsenal,Tottenham,2,1,H,1.4,5.25,7.0,1.4,5.54,6.88,1.38,5.35,8.2,1.44,2.75,1.54,2.6
2025-01-16,E0,2425,Ipswich,Brighton,0,2,A,3.9,3.7,1.91,3.84,3.78,1.96,3.94,3.75,1.97,1.73,2.1,1.79,2.12
2025-01-16,E0,2425,Man United,Southampton,3,1,H,1.29,6.0,9.5,1.31,5.97,9.23,1.29,6.1,11.0,1.53,2.5,1.58,2.47
2025-01-17,D1,2425,Ein Frankfurt,Dortmund,2,0,H,2.55,3.6,2.63,2.61,3.64,2.71,2.89,3.58,2.49,1.57,2.38,1.73,2.25
2025-01-17,T1,2425,Hatayspor,Galatasaray,1,1,D,8.5,5.5,1.27,10.13,6.41,1.27,9.58,6.11,1.29,1.4,2.88,1.4,3.07
2025-01-18,D1,2425,Bayern Munich,Wolfsburg,3,2,H,1.17,7.5,15.0,1.17,8.66,14.14,1.14,9.0,21.0,1.3,3.5,1.32,3.52
2025-01-18,D1,2425,Bochum,RB Leipzig,3,3,D,3.7,3.6,2.0,3.71,3.75,2.01,3.39,3.51,2.23,1.73,2.1,1.78,2.12
2025-01-18,D1,2425,Heidenheim,St Pauli,0,2,A,2.38,3.5,2.8,2.43,3.5,2.97,2.41,3.46,3.09,1.97,1.93,1.99,1.92
2025-01-18,D1,2425,Holstein Kiel,Hoffenheim,1,3,A,3.0,3.4,2.35,2.94,3.63,2.39,2.99,3.53,2.44,1.67,2.2,1.66,2.33
2025-01-18,D1,2425,Stuttgart,Freiburg,4,0,H,1.65,4.5,4.5,1.67,4.39,4.78,1.61,4.37,5.54,1.53,2.5,1.64,2.36
2025-01-18,D1,2425,Leverkusen,M'gladbach,3,1,H,1.27,5.75,11.0,1.27,6.29,9.26,1.26,6.52,11.25,1.44,2.75,1.43,2.89
2025-01-18,E0,2425,Newcastle,Bournemouth,1,4,A,1.62,4.2,5.0,1.65,4.33,4.99,1.66,4.25,5.2,1.53,2.5,1.54,2.61
2025-01-18,E0,2425,Brentford,Liverpool,0,2,A,6.5,5.0,1.42,6.49,5.33,1.43,6.33,5.0,1.49,1.36,3.2,1.35,3.36
2025-01-18,E0,2425,Leicester,Fulham,0,2,A,4.33,3.7,1.8,4.38,3.91,1.81,4.65,3.79,1.81,1.73,2.1,1.85,2.06
2025-01-18,E0,2425,West Ham,Crystal Palace,0,2,A,2.6,3.5,2.63,2.65,3.49,2.7,2.86,3.32,2.66,1.8,2.0,2.06,1.85
2025-01-18,E0,2425,Arsenal,Aston Villa,2,2,D,1.5,4.1,7.0,1.53,4.4,6.38,1.57,4.35,6.1,1.87,2.03,1.76,2.14
2025-01-18,T1,2425,Buyuksehyr,Rizespor,2,0,H,2.2,3.4,3.1,2.26,3.51,3.21,2.3,3.21,3.48,1.98,1.88,2.1,1.79
2025-01-18,T1,2425,Gaziantep,Bodrumspor,0,0,D,2.0,3.2,3.7,2.08,3.27,3.97,2.38,3.25,3.28,1.98,1.88,1.94,1.94
2025-01-18,T1,2425,Besiktas,Samsunspor,0,0,D,2.1,3.4,3.2,2.08,3.62,3.12,1.79,3.88,4.43,1.8,2.0,1.63,2.29
2025-01-19,D1,2425,Union Berlin,Mainz,2,1,H,2.55,3.2,2.88,2.63,3.2,2.94,2.86,3.15,2.78,2.1,1.73,2.09,1.81
2025-01-19,D1,2425,Werder Bremen,Augsburg,0,2,A,1.85,3.8,4.0,1.88,3.79,4.19,1.91,3.73,4.2,1.87,2.03,1.85,2.06
2025-01-19,E0,2425,Everton,Tottenham,3,2,H,2.8,3.5,2.45,2.97,3.45,2.46,2.56,3.51,2.85,1.67,2.2,1.88,2.02
2025-01-19,E0,2425,Man United,Brighton,1,3,A,2.1,3.6,3.3,2.11,3.77,3.39,2.34,3.45,3.25,1.67,2.2,1.83,2.08
2025-01-19,E0,2425,Nott'm Forest,Southampton,3,2,H,1.38,4.75,8.0,1.4,4.92,8.27,1.37,5.15,9.23,1.73,2.1,1.69,2.25
2025-01-19,E0,2425,Ipswich,Man City,0,6,A,7.5,5.25,1.36,7.76,5.51,1.37,8.5,5.5,1.37,1.44,2.75,1.51,2.66
2025-01-19,T1,2425,Goztep,Antalyaspor,1,0,H,1.55,3.9,5.5,1.55,4.17,5.79,1.64,3.94,5.8,1.73,2.08,1.75,2.16
2025-01-19,T1,2425,Konyaspor,Kasimpasa,3,3,D,2.05,3.25,3.5,2.05,3.31,3.48,2.06,3.47,3.82,1.88,1.98,1.86,2.03
2025-01-19,T1,2425,Ad. Demirspor,Fenerbahce,0,4,A,13.0,7.5,1.17,14.83,8.58,1.14,13.7,8.18,1.18,1.3,3.5,1.29,3.65
2025-01-19,T1,2425,Eyupspor,Alanyaspor,3,0,H,2.1,3.25,3.4,2.12,3.29,3.63,2.17,3.23,3.81,1.93,1.93,2.04,1.85
2025-01-20,E0,2425,Chelsea,Wolves,3,1,H,1.36,5.75,6.5,1.38,5.69,7.16,1.44,5.25,6.8,1.36,3.2,1.41,3.03
2025-01-20,T1,2425,Trabzonspor,Sivasspor,4,0,H,1.48,4.5,5.5,1.5,4.56,5.82,1.57,4.26,6.0,1.57,2.35,1.53,2.6
2025-01-24,D1,2425,Wolfsburg,Holstein Kiel,2,2,D,1.42,5.0,7.0,1.44,5.08,7.11,1.47,4.94,6.39,1.53,2.5,1.47,2.73
2025-01-24,T1,2425,Samsunspor,Gaziantep,2,1,H,1.67,3.9,4.75,1.69,3.97,5.17,1.7,3.83,5.36,1.85,2.0,1.79,2.11
2025-01-25,D1,2425,Augsburg,Heidenheim,2,1,H,1.82,3.6,4.0,1.91,3.65,4.22,2.01,3.56,3.98,1.92,1.98,1.9,2.0
2025-01-25,D1,2425,Dortmund,Werder Bremen,2,2,D,1.62,4.33,4.75,1.63,4.44,5.03,1.52,4.8,6.0,1.5,2.63,1.47,2.78
2025-01-25,D1,2425,Freiburg,Bayern Munich,1,2,A,7.5,5.75,1.33,8.98,5.78,1.33,13.24,6.82,1.23,1.44,2.75,1.42,2.96
2025-01-25,D1,2425,Mainz,Stuttgart,2,0,H,2.8,3.5,2.45,2.88,3.55,2.47,3.38,3.46,2.26,1.73,2.1,1.83,2.07
2025-01-25,D1,2425,RB Leipzig,Leverkusen,2,2,D,3.7,3.9,1.9,3.79,4.03,1.92,3.63,3.54,2.13,1.49,2.45,1.86,2.05
2025-01-25,D1,2425,M'gladbach,Bochum,3,0,H,1.73,4.0,4.5,1.72,4.12,4.66,1.77,4.09,4.52,1.62,2.3,1.62,2.42
2025-01-25,E0,2425,Bournemouth,Nott'm Forest,5,0,H,2.05,3.7,3.4,2.11,3.7,3.45,1.97,3.73,3.94,1.85,2.05,1.78,2.14
2025-01-25,E0,2425,Brighton,Everton,0,1,A,1.67,3.75,5.5,1.68,3.83,5.5,1.74,3.69,5.42,1.89,1.89,2.05,1.86
2025-01-25,E0,2425,Liverpool,Ipswich,4,1,H,1.08,12.0,15.0,1.1,11.75,21.77,1.1,12.25,24.5,1.25,4.0,,
2025-01-25,E0,2425,Southampton,Newcastle,1,3,A,6.5,5.25,1.42,7.05,5.17,1.42,6.62,5.04,1.47,1.41,2.7,1.49,2.74
2025-01-25,E0,2425,Wolves,Arsenal,0,1,A,7.0,4.5,1.45,6.86,4.74,1.47,5.93,4.15,1.61,1.73,2.1,1.96,1.94
2025-01-25,E0,2425,Man City,Chelsea,3,1,H,2.05,4.0,3.3,2.03,4.09,3.36,2.39,3.89,2.85,1.4,3.0,1.46,2.84
2025-01-25,T1,2425,Sivasspor,Kayserispor,5,2,H,2.15,3.5,3.2,2.26,3.37,3.34,2.2,3.35,3.56,2.0,1.85,1.93,1.95
2025-01-25,T1,2425,Alanyaspor,Buyuksehyr,5,4,H,2.55,3.2,2.9,2.62,3.09,2.91,3.09,3.08,2.6,2.15,1.67,2.3,1.67
2025-01-25,T1,2425,Galatasaray,Konyaspor,1,0,H,1.22,7.0,9.0,1.2,7.42,10.57,1.22,7.22,11.66,1.33,3.4,1.34,3.31
2025-01-26,D1,2425,Hoffenheim,Ein Frankfurt,2,2,D,3.1,3.6,2.2,3.16,3.58,2.29,3.43,3.88,2.09,1.67,2.2,1.49,2.75
2025-01-26,D1,2425,St Pauli,Union Berlin,3,0,H,2.55,3.1,3.0,2.53,3.15,3.12,2.39,3.2,3.37,2.2,1.67,2.19,1.75
2025-01-26,E0,2425,Crystal Palace,Brentford,1,2,A,2.05,3.75,3.3,2.06,3.7,3.59,1.97,3.8,3.84,1.73,2.1,1.61,2.43
2025-01-26,E0,2425,Tottenham,Leicester,1,2,A,1.45,5.5,5.5,1.46,5.37,5.94,1.51,5.05,5.85,1.33,3.4,1.34,3.4
2025-01-26,E0,2425,Aston Villa,West Ham,1,1,D,1.53,4.33,5.75,1.55,4.46,5.99,1.47,4.9,6.9,1.67,2.2,1.61,2.43
2025-01-26,E0,2425,Fulham,Man United,0,1,A,2.3,3.4,3.1,2.32,3.48,3.18,2.4,3.55,3.03,1.88,2.02,1.89,2.01
2025-01-26,T1,2425,Rizespor,Ad. Demirspor,3,2,H,1.33,5.0,9.0,1.33,5.35,8.34,1.33,5.73,9.12,1.53,2.4,1.51,2.64
2025-01-26,T1,2425,Antalyaspor,Besiktas,1,1,D,3.9,3.75,1.85,3.98,3.63,1.9,4.26,3.79,1.86,1.67,2.15,1.67,2.31
2025-01-26,T1,2425,Bodrumspor,Eyupspor,0,1,A,2.7,3.25,2.7,2.66,3.29,2.71,2.54,3.16,3.1,2.05,1.75,2.13,1.78
2025-01-26,T1,2425,Fenerbahce,Goztep,3,2,H,1.4,4.75,7.0,1.39,5.02,7.32,1.64,4.1,5.48,1.57,2.35,1.71,2.23
2025-01-27,T1,2425,Kasimpasa,Hatayspor,5,4,H,1.7,4.0,4.5,1.72,4.0,4.5,1.78,3.94,4.56,1.67,2.15,1.64,2.38
2025-01-31,D1,2425,Werder Bremen,Mainz,1,0,H,2.25,3.3,3.2,2.35,3.46,3.19,2.4,3.45,3.13,1.89,2.01,1.79,2.13
2025-01-31,T1,2425,Eyupspor,Sivasspor,1,0,H,1.83,3.5,3.8,1.88,3.63,4.36,1.83,3.72,4.55,1.75,2.05,1.76,2.16
2025-01-31,T1,2425,Konyaspor,Bodrumspor,3,1,H,1.9,3.3,3.9,1.99,3.34,4.28,2.01,3.21,4.42,2.25,1.62,2.29,1.68
2025-02-01,D1,2425,Bayern Munich,Holstein Kiel,4,3,H,1.05,17.0,26.0,1.05,17.7,41.8,1.04,18.0,51.0,1.14,5.5,,
2025-02-01,D1,2425,Bochum,Freiburg,0,1,A,2.8,3.4,2.5,2.88,3.42,2.54,2.74,3.35,2.74,1.8,2.0,1.97,1.93
2025-02-01,D1,2425,Heidenheim,Dortmund,1,2,A,4.33,3.9,1.75,4.49,4.04,1.76,4.82,4.11,1.72,1.57,2.38,1.62,2.4
2025-02-01,D1,2425,St Pauli,Augsburg,1,1,D,2.35,3.3,3.1,2.38,3.2,3.32,2.15,3.32,3.83,2.2,1.67,2.23,1.72
2025-02-01,D1,2425,Stuttgart,M'gladbach,1,2,A,1.57,4.5,5.0,1.58,4.65,5.2,1.68,4.31,4.94,1.44,2.75,1.51,2.66
2025-02-01,D1,2425,Union Berlin,RB Leipzig,0,0,D,3.1,3.5,2.25,3.2,3.52,2.29,2.96,3.47,2.49,1.73,2.1,1.83,2.08
2025-02-01,E0,2425,Nott'm Forest,Brighton,7,0,H,2.38,3.5,2.8,2.46,3.43,2.99,2.68,3.45,2.74,1.95,1.95,1.83,2.07
2025-02-01,E0,2425,Bournemouth,Liverpool,0,2,A,4.5,4.33,1.67,4.68,4.35,1.68,4.66,4.26,1.72,1.44,2.75,1.47,2.78
2025-02-01,E0,2425,Everton,Leicester,4,0,H,1.75,3.75,4.5,1.81,3.7,4.73,1.96,3.34,4.53,2.04,1.86,2.34,1.66
2025-02-01,E0,2425,Ipswich,Southampton,1,2,A,1.95,3.6,3.8,2.0,3.71,3.78,1.91,3.75,4.18,1.73,2.1,1.76,2.16
2025-02-01,E0,2425,Newcastle,Fulham,1,2,A,1.7,4.0,4.75,1.71,4.14,4.74,1.77,3.82,4.91,1.62,2.3,1.71,2.24
2025-02-01,E0,2425,Wolves,Aston Villa,2,0,H,3.3,3.6,2.1,3.43,3.56,2.17,3.32,3.48,2.28,1.73,2.1,1.88,2.04
2025-02-01,T1,2425,Hatayspor,Antalyaspor,2,3,A,2.2,3.3,3.0,2.27,3.43,3.27,2.99,3.35,2.5,1.83,2.03,1.81,2.08
2025-02-01,T1,2425,Kayserispor,Trabzonspor,0,0,D,3.75,3.5,1.83,4.03,3.73,1.91,3.47,3.7,2.1,1.62,2.25,1.68,2.29
2025-02-01,T1,2425,Buyuksehyr,Samsunspor,4,0,H,2.15,3.3,3.25,2.17,3.38,3.41,2.16,3.32,3.69,2.05,1.75,2.23,1.71
2025-02-02,D1,2425,Ein Frankfurt,Wolfsburg,1,1,D,1.95,3.8,3.6,1.99,3.8,3.72,2.11,3.58,3.63,1.53,2.5,1.68,2.29
2025-02-02,D1,2425,Leverkusen,Hoffenheim,3,1,H,1.25,7.0,9.5,1.23,7.29,10.7,1.14,9.66,18.88,1.36,3.2,1.31,3.54
2025-02-02,E0,2425,Brentford,Tottenham,0,2,A,2.1,3.9,3.2,2.12,3.88,3.11,1.97,4.21,3.51,1.33,3.4,1.38,3.18
2025-02-02,E0,2425,Man United,Crystal Palace,0,2,A,2.0,3.5,3.8,1.98,3.49,3.83,1.78,3.73,4.97,1.87,2.03,1.97,1.93
2025-02-02,E0,2425,Arsenal,Man City,5,1,H,1.95,3.5,4.0,1.93,3.63,3.85,1.91,4.17,3.77,1.73,2.1,1.6,2.44
2025-02-02,T1,2425,Ad. Demirspor,Kasimpasa,3,5,A,3.9,3.8,1.75,4.15,3.96,1.79,4.08,3.76,1.91,1.57,2.35,1.53,2.53
2025-02-02,T1,2425,Goztep,Alanyaspor,0,1,A,1.7,3.5,4.33,1.73,3.81,4.7,1.56,4.15,6.49,1.9,1.95,1.85,2.05
2025-02-02,T1,2425,Fenerbahce,Rizespor,3,2,H,1.36,4.75,8.5,1.32,5.56,8.33,1.34,5.61,8.82,1.53,2.4,1.55,2.57
2025-02-03,E0,2425,Chelsea,West Ham,2,1,H,1.36,4.75,8.0,1.36,5.92,7.51,1.29,6.55,9.45,1.4,3.0,1.34,3.34
2025-02-03,T1,2425,Gaziantep,Galatasaray,0,1,A,6.5,4.5,1.4,7.7,5.03,1.37,7.13,5.03,1.43,1.4,2.88,1.41,2.99
2025-02-07,D1,2425,Bayern Munich,Werder Bremen,3,0,H,1.1,11.0,17.0,1.09,12.89,20.27,1.1,12.94,20.92,1.2,4.5,,
2025-02-07,T1,2425,Samsunspor,Hatayspor,2,0,H,1.48,4.5,6.0,1.49,4.61,6.75,1.49,4.59,6.68,1.7,2.1,1.69,2.26
2025-02-08,D1,2425,Dortmund,Stuttgart,1,2,A,1.85,3.8,3.9,1.88,3.93,3.98,2.0,3.95,3.62,1.5,2.63,1.5,2.7
2025-02-08,D1,2425,Freiburg,Heidenheim,1,0,H,1.7,3.75,4.75,1.74,3.99,4.77,1.71,3.81,5.41,1.73,2.1,1.82,2.08
2025-02-08,D1,2425,Hoffenheim,Union Berlin,0,4,A,2.2,3.5,3.2,2.26,3.6,3.2,2.38,3.57,3.06,1.84,2.06,1.74,2.21
2025-02-08,D1,2425,Mainz,Augsburg,0,0,D,1.75,3.5,5.0,1.78,3.72,4.88,1.83,3.6,4.87,2.05,1.85,2.1,1.81
2025-02-08,D1,2425,Wolfsburg,Leverkusen,0,0,D,4.33,3.6,1.8,4.3,3.86,1.84,3.72,3.38,2.16,1.67,2.2,1.82,2.07
2025-02-08,D1,2425,M'gladbach,Ein Frankfurt,1,1,D,2.63,3.5,2.55,2.62,3.7,2.63,2.59,3.73,2.68,1.53,2.5,1.51,2.69
2025-02-08,T1,2425,Kayserispor,Konyaspor,3,2,H,2.4,3.4,2.8,2.47,3.34,2.9,2.47,3.24,3.14,1.98,1.88,2.06,1.84
2025-02-08,T1,2425,Sivasspor,Besiktas,0,2,A,3.6,3.6,1.95,3.69,3.68,1.96,3.76,3.6,2.04,1.7,2.1,1.88,2.01
2025-02-09,D1,2425,Holstein Kiel,Bochum,2,2,D,2.25,3.5,3.0,2.31,3.54,3.15,2.4,3.49,3.09,1.67,2.2,1.78,2.14
2025-02-09,D1,2425,RB Leipzig,St Pauli,2,0,H,1.57,4.2,5.25,1.57,4.39,5.81,1.66,4.11,5.36,1.73,2.1,1.85,2.07
2025-02-09,T1,2425,Kasimpasa,Rizespor,3,2,H,2.0,3.5,3.25,2.05,3.61,3.5,2.23,3.6,3.25,1.67,2.15,1.61,2.42
2025-02-09,T1,2425,Alanyaspor,Fenerbahce,0,2,A,5.25,4.2,1.5,6.1,4.38,1.51,5.7,4.44,1.57,1.65,2.2,1.52,2.62
2025-02-09,T1,2425,Antalyaspor,Buyuksehyr,0,0,D,2.88,3.5,2.2,2.94,3.62,2.31,3.38,3.44,2.24,1.93,1.93,2.13,1.78
2025-02-09,T1,2425,Galatasaray,Ad. Demirspor,3,0,H,1.08,10.0,21.0,1.07,13.75,20.92,1.07,15.17,27.67,1.17,5.0,1.13,5.85
2025-02-10,T1,2425,Bodrumspor,Goztep,0,0,D,3.1,3.1,2.15,3.25,3.45,2.21,3.36,3.05,2.45,2.05,1.8,2.57,1.54
2025-02-10,T1,2425,Trabzonspor,Eyupspor,1,0,H,1.7,3.6,4.2,1.76,4.12,4.1,1.93,3.8,3.97,1.62,2.25,1.69,2.25
2025-02-12,E0,2425,Everton,Liverpool,2,2,D,7.5,4.5,1.44,7.36,4.73,1.45,7.9,4.65,1.45,1.73,2.1,1.83,2.05
2025-02-14,D1,2425,Augsburg,RB Leipzig,0,0,D,2.9,3.3,2.4,3.02,3.41,2.48,3.09,3.4,2.44,1.9,2.0,1.94,1.96
2025-02-14,E0,2425,Brighton,Chelsea,3,0,H,2.7,3.6,2.45,2.92,3.65,2.43,2.95,3.78,2.36,1.57,2.38,1.6,2.46
2025-02-14,T1,2425,Ad. Demirspor,Antalyaspor,1,1,D,4.2,3.7,1.8,4.37,3.8,1.84,5.17,4.05,1.68,1.62,2.25,1.7,2.22
2025-02-15,D1,2425,Bochum,Dortmund,2,0,H,5.0,3.9,1.67,4.98,4.27,1.66,5.77,4.48,1.57,1.62,2.3,1.61,2.44
2025-02-15,D1,2425,St Pauli,Freiburg,0,1,A,2.5,3.25,2.88,2.6,3.25,2.94,2.59,3.1,3.14,2.2,1.67,2.31,1.68
2025-02-15,D1,2425,Stuttgart,Wolfsburg,1,2,A,1.73,4.2,4.2,1.76,4.24,4.32,1.57,4.61,5.63,1.53,2.5,1.5,2.72
2025-02-15,D1,2425,Union Berlin,M'gladbach,1,2,A,2.2,3.5,3.1,2.28,3.57,3.18,2.16,3.59,3.48,1.73,2.1,1.78,2.13
2025-02-15,D1,2425,Leverkusen,Bayern Munich,0,0,D,2.9,3.7,2.25,3.08,3.71,2.27,3.11,3.56,2.35,1.67,2.2,1.83,2.06
2025-02-15,E0,2425,Leicester,Arsenal,0,2,A,8.5,5.0,1.33,9.47,5.42,1.34,10.15,5.52,1.33,1.73,2.1,1.74,2.2
2025-02-15,E0,2425,Aston Villa,Ipswich,1,1,D,1.4,4.75,7.0,1.41,5.02,7.6,1.44,4.99,7.41,1.57,2.38,1.56,2.53
2025-02-15,E0,2425,Fulham,Nott'm Forest,2,1,H,2.2,3.4,3.3,2.23,3.38,3.47,2.12,3.55,3.63,2.1,1.73,1.98,1.93
2025-02-15,E0,2425,Man City,Newcastle,4,0,H,1.95,4.2,3.3,1.99,4.09,3.49,2.09,4.07,3.29,1.44,2.75,1.38,3.11
2025-02-15,E0,2425,Southampton,Bournemouth,1,3,A,6.0,4.5,1.5,6.01,4.65,1.52,6.32,4.79,1.51,1.5,2.63,1.52,2.62
2025-02-15,E0,2425,West Ham,Brentford,0,1,A,2.35,3.6,2.88,2.43,3.71,2.83,2.4,3.71,2.93,1.62,2.3,1.6,2.46
2025-02-15,E0,2425,Crystal Palace,Everton,1,2,A,1.8,3.4,5.0,1.79,3.5,5.17,2.0,3.25,4.53,2.2,1.67,2.62,1.53
2025-02-15,T1,2425,Gaziantep,Sivasspor,2,1,H,2.05,3.4,3.4,2.07,3.57,3.62,1.95,3.67,4.0,1.85,2.0,1.79,2.11
2025-02-15,T1,2425,Buyuksehyr,Bodrumspor,0,1,A,1.72,3.4,5.0,1.81,3.53,4.87,1.88,3.25,5.05,2.1,1.67,2.36,1.64
2025-02-15,T1,2425,Besiktas,Trabzonspor,2,1,H,1.77,3.75,4.2,1.85,3.58,4.3,1.89,3.78,4.11,1.54,2.35,1.57,2.51
2025-02-16,D1,2425,Werder Bremen,Hoffenheim,1,3,A,1.85,3.8,3.9,1.9,4.04,3.8,1.88,3.88,4.2,1.53,2.5,1.61,2.43
2025-02-16,D1,2425,Ein Frankfurt,Holstein Kiel,3,1,H,1.33,5.75,7.5,1.34,5.94,8.04,1.34,5.71,8.82,1.4,3.0,1.48,2.77
2025-02-16,D1,2425,Heidenheim,Mainz,0,2,A,3.6,3.5,2.05,3.69,3.53,2.08,3.8,3.44,2.1,1.92,1.98,1.99,1.92
2025-02-16,E0,2425,Liverpool,Wolves,2,1,H,1.15,8.0,12.0,1.19,8.22,12.7,1.23,7.1,12.75,1.36,3.2,1.43,2.87
2025-02-16,E0,2425,Tottenham,Man United,1,0,H,2.45,3.75,2.62,2.46,3.84,2.73,2.21,3.9,3.13,1.5,2.63,1.52,2.64
2025-02-16,T1,2425,Hatayspor,Alanyaspor,1,0,H,2.8,3.6,2.3,3.04,3.43,2.33,3.16,3.56,2.29,1.85,2.0,1.77,2.14
2025-02-16,T1,2425,Eyupspor,Kayserispor,1,1,D,1.85,3.4,4.0,1.87,3.59,4.18,1.71,3.8,5.29,1.75,2.05,1.87,2.02
2025-02-16,T1,2425,Konyaspor,Samsunspor,0,1,A,2.5,3.2,2.75,2.56,3.27,2.84,2.65,3.05,3.05,2.05,1.75,2.35,1.65
2025-02-16,T1,2425,Fenerbahce,Kasimpasa,3,1,H,1.27,6.25,9.0,1.22,6.66,10.7,1.39,5.49,7.22,1.33,3.4,1.37,3.24
2025-02-17,T1,2425,Rizespor,Galatasaray,1,2,A,4.5,4.33,1.62,4.73,4.27,1.64,4.45,3.95,1.79,1.48,2.6,1.52,2.62
2025-02-19,E0,2425,Aston Villa,Liverpool,2,2,D,3.9,4.0,1.83,4.02,4.09,1.85,3.97,4.04,1.88,1.57,2.38,1.6,2.48
2025-02-21,D1,2425,Freiburg,Werder Bremen,5,0,H,2.0,3.5,3.75,2.09,3.45,3.84,2.02,3.49,4.03,1.98,1.92,1.93,1.98
2025-02-21,E0,2425,Leicester,Brentford,0,4,A,3.6,3.8,1.91,3.79,3.87,1.97,3.74,3.86,1.99,1.57,2.38,1.63,2.4
2025-02-21,T1,2425,Bodrumspor,Hatayspor,1,0,H,1.67,3.7,5.25,1.68,3.75,5.66,1.61,3.9,6.25,2.05,1.8,2.06,1.84
2025-02-21,T1,2425,Eyupspor,Besiktas,1,3,A,3.2,3.4,2.2,3.35,3.42,2.26,3.12,3.42,2.38,1.95,1.9,1.95,1.93
2025-02-22,D1,2425,Holstein Kiel,Leverkusen,0,2,A,11.0,6.0,1.25,10.87,6.67,1.25,15.26,7.32,1.2,1.4,3.0,1.52,2.63
2025-02-22,D1,2425,Mainz,St Pauli,2,0,H,1.8,3.5,4.75,1.79,3.66,4.88,1.74,3.7,5.36,2.1,1.73,2.16,1.76
2025-02-22,D1,2425,M'gladbach,Augsburg,0,3,A,1.85,3.75,4.0,1.83,3.82,4.4,1.97,3.58,4.12,1.73,2.1,1.93,1.98
2025-02-22,D1,2425,Wolfsburg,Bochum,1,1,D,1.53,4.2,6.0,1.56,4.53,5.71,1.66,4.35,5.0,1.62,2.3,1.57,2.53
2025-02-22,D1,2425,Dortmund,Union Berlin,6,0,H,1.53,4.5,5.5,1.57,4.52,5.55,1.52,4.59,6.34,1.62,2.3,1.67,2.32
2025-02-22,E0,2425,Everton,Man United,2,2,D,2.5,3.2,2.9,2.58,3.23,2.98,2.67,3.15,2.97,2.2,1.67,2.29,1.68
2025-02-22,E0,2425,Arsenal,West Ham,0,1,A,1.27,6.0,10.0,1.25,6.42,11.04,1.29,5.82,12.73,1.67,2.2,1.85,2.07
2025-02-22,E0,2425,Bournemouth,Wolves,0,1,A,1.53,4.5,5.5,1.57,4.52,5.58,1.66,4.21,5.27,1.57,2.38,1.71,2.24
2025-02-22,E0,2425,Fulham,Crystal Palace,0,2,A,2.05,3.4,3.7,2.04,3.52,3.84,2.1,3.49,3.77,2.02,1.88,2.0,1.9
2025-02-22,E0,2425,Ipswich,Tottenham,1,4,A,4.1,3.6,1.9,3.92,3.96,1.89,3.42,3.85,2.1,1.53,2.5,1.51,2.66
2025-02-22,E0,2425,Southampton,Brighton,0,4,A,6.0,4.1,1.55,5.56,4.53,1.57,5.83,4.51,1.57,1.57,2.38,1.52,2.62
2025-02-22,E0,2425,Aston Villa,Chelsea,2,1,H,2.63,3.4,2.6,2.62,3.78,2.58,2.68,3.61,2.65,1.57,2.38,1.63,2.38
2025-02-22,T1,2425,Sivasspor,Konyaspor,1,1,D,2.7,3.1,2.7,2.76,3.21,2.76,2.8,3.21,2.74,2.08,1.73,2.15,1.76
2025-02-22,T1,2425,Antalyaspor,Kasimpasa,2,1,H,2.35,3.6,2.8,2.4,3.55,2.93,2.6,3.36,2.85,1.62,2.25,1.85,2.04
2025-02-22,T1,2425,Samsunspor,Rizespor,2,3,A,2.05,3.4,3.6,2.07,3.43,3.62,2.37,3.09,3.48,1.93,1.93,2.2,1.73
2025-02-23,D1,2425,RB Leipzig,Heidenheim,2,2,D,1.33,5.0,8.5,1.35,5.61,8.22,1.31,5.91,10.15,1.5,2.63,1.5,2.69
2025-02-23,D1,2425,Bayern Munich,Ein Frankfurt,4,0,H,1.3,6.5,7.5,1.3,6.5,8.28,1.26,6.85,10.75,1.33,3.4,1.38,3.13
2025-02-23,D1,2425,Hoffenheim,Stuttgart,1,1,D,3.5,3.9,1.95,3.63,3.96,1.97,3.43,3.94,2.07,1.5,2.63,1.54,2.6
2025-02-23,E0,2425,Newcastle,Nott'm Forest,4,3,H,1.8,3.8,4.2,1.84,4.03,4.1,1.92,3.88,4.01,1.67,2.2,1.61,2.43
2025-02-23,E0,2425,Man City,Liverpool,0,2,A,2.88,3.8,2.25,2.95,3.97,2.26,3.24,3.87,2.21,1.4,3.0,1.53,2.61
2025-02-23,T1,2425,Kayserispor,Goztep,1,0,H,3.3,3.25,2.2,3.0,3.6,2.15,3.11,3.35,2.42,1.9,1.95,2.08,1.81
2025-02-23,T1,2425,Alanyaspor,Ad. Demirspor,3,2,H,1.33,5.5,8.0,1.31,5.63,8.57,1.35,5.64,8.21,1.5,2.5,1.49,2.61
2025-02-23,T1,2425,Trabzonspor,Gaziantep,3,2,H,1.7,4.1,4.2,1.69,4.12,4.52,1.63,4.17,5.47,1.57,2.35,1.72,2.2
2025-02-24,T1,2425,Galatasaray,Fenerbahce,0,0,D,2.25,3.6,2.9,2.31,3.59,2.95,2.32,3.55,3.11,1.44,2.7,1.64,2.36
2025-02-25,E0,2425,Brighton,Bournemouth,2,1,H,2.0,3.8,3.3,2.06,3.84,3.53,2.01,3.92,3.63,1.62,2.3,1.6,2.48
2025-02-25,E0,2425,Crystal Palace,Aston Villa,4,1,H,2.45,3.4,2.8,2.57,3.42,2.89,2.27,3.55,3.26,1.9,2.0,1.77,2.13
2025-02-25,E0,2425,Wolves,Fulham,1,2,A,2.63,3.3,2.63,2.74,3.36,2.74,2.42,3.31,3.2,2.05,1.85,2.19,1.75
2025-02-25,E0,2425,Chelsea,Southampton,4,0,H,1.17,8.0,13.0,1.17,8.97,14.66,1.18,8.25,16.0,1.29,3.75,1.31,3.38
2025-02-26,E0,2425,Brentford,Everton,1,1,D,2.0,3.7,3.5,2.03,3.75,3.64,2.03,3.68,3.8,1.87,2.03,1.81,2.1
2025-02-26,E0,2425,Man United,Ipswich,3,2,H,1.53,4.33,6.0,1.53,4.69,5.8,1.52,4.52,6.65,1.67,2.2,1.67,2.31
2025-02-26,E0,2425,Nott'm Forest,Arsenal,0,0,D,3.9,3.6,1.95,4.02,3.51,1.99,4.37,3.45,1.96,2.2,1.67,2.3,1.68
2025-02-26,E0,2425,Tottenham,Man City,0,1,A,3.25,4.0,2.0,3.23,4.15,2.07,3.96,4.19,1.85,1.36,3.2,1.35,3.33
2025-02-26,E0,2425,Liverpool,Newcastle,2,0,H,1.5,4.5,5.75,1.53,4.86,5.67,1.37,5.65,8.0,1.44,2.75,1.43,2.97
2025-02-27,E0,2425,West Ham,Leicester,2,0,H,1.62,4.2,5.0,1.63,4.21,5.34,1.79,3.79,4.83,1.73,2.1,1.96,1.94
2025-02-28,D1,2425,Stuttgart,Bayern Munich,1,3,A,4.75,4.2,1.65,4.94,4.37,1.67,4.45,4.18,1.76,1.53,2.5,1.56,2.54
2025-03-01,D1,2425,Bochum,Hoffenheim,0,1,A,2.4,3.6,2.8,2.47,3.56,2.88,2.41,3.55,3.01,1.57,2.25,1.72,2.23
2025-03-01,D1,2425,Heidenheim,M'gladbach,0,3,A,3.1,3.5,2.25,3.1,3.62,2.3,2.73,3.43,2.7,1.62,2.15,1.75,2.19
2025-03-01,D1,2425,RB Leipzig,Mainz,1,2,A,1.95,3.7,3.75,2.02,3.76,3.66,1.93,3.76,4.07,1.76,1.96,1.75,2.17
2025-03-01,D1,2425,St Pauli,Dortmund,0,2,A,4.1,3.8,1.83,4.31,3.73,1.87,4.39,3.71,1.88,1.8,2.0,1.92,1.99
2025-03-01,D1,2425,Werder Bremen,Wolfsburg,1,2,A,2.63,3.4,2.6,2.72,3.55,2.61,3.13,3.52,2.36,1.67,2.2,1.77,2.16
2025-03-01,D1,2425,Ein Frankfurt,Leverkusen,1,4,A,4.75,3.75,1.73,4.72,3.92,1.76,4.16,3.93,1.87,1.67,2.2,1.57,2.52
2025-03-01,T1,2425,Ad. Demirspor,Bodrumspor,0,0,D,4.33,3.9,1.73,4.38,3.8,1.69,5.51,4.0,1.65,1.73,2.08,1.88,2.01
2025-03-01,T1,2425,Besiktas,Kayserispor,2,0,H,1.48,4.5,5.5,1.48,4.59,6.19,1.53,4.67,5.98,1.57,2.35,1.57,2.51
2025-03-02,D1,2425,Union Berlin,Holstein Kiel,0,1,A,1.57,4.33,5.25,1.62,4.25,5.45,1.57,4.36,6.0,1.67,2.2,1.79,2.11
2025-03-02,D1,2425,Augsburg,Freiburg,0,0,D,2.63,3.25,2.7,2.71,3.13,2.91,2.54,3.11,3.21,2.2,1.67,2.37,1.64
2025-03-02,T1,2425,Rizespor,Alanyaspor,3,1,H,1.85,3.5,4.2,1.86,3.27,4.2,1.85,3.62,4.54,1.75,2.05,1.74,2.19
2025-03-02,T1,2425,Kasimpasa,Galatasaray,3,3,D,4.75,4.33,1.62,4.43,4.25,1.61,5.27,4.33,1.62,1.4,2.88,1.47,2.78
2025-03-02,T1,2425,Fenerbahce,Antalyaspor,3,0,H,1.27,6.5,8.5,1.24,6.27,10.33,1.21,6.93,12.93,1.5,2.5,1.47,2.73
2025-03-03,T1,2425,Gaziantep,Eyupspor,3,1,H,2.3,3.4,3.0,2.4,3.44,2.92,2.52,3.29,3.03,1.9,1.95,2.06,1.84
2025-03-03,T1,2425,Konyaspor,Trabzonspor,1,0,H,2.63,3.3,2.63,2.64,3.45,2.62,2.97,3.5,2.44,1.88,1.98,1.78,2.13
2025-03-03,T1,2425,Buyuksehyr,Sivasspor,1,0,H,1.67,4.0,4.75,1.69,3.8,4.97,1.5,4.29,7.32,1.98,1.88,1.93,1.96
2025-03-03,T1,2425,Goztep,Samsunspor,2,2,D,2.0,3.4,3.75,2.05,3.35,3.79,1.83,3.36,5.2,2.15,1.67,2.25,1.7
2025-03-07,D1,2425,M'gladbach,Mainz,1,3,A,2.6,3.3,2.7,2.65,3.43,2.74,2.73,3.5,2.67,1.76,1.96,1.78,2.14
2025-03-07,T1,2425,Bodrumspor,Kasimpasa,1,0,H,2.2,3.4,3.2,2.22,3.44,3.35,2.53,3.31,2.98,1.92,1.82,2.02,1.88
2025-03-08,D1,2425,Bayern Munich,Bochum,2,3,A,1.11,9.5,19.0,1.11,12.4,17.74,1.17,8.25,17.0,1.29,3.75,1.33,3.45
2025-03-08,D1,2425,Dortmund,Augsburg,0,1,A,1.53,4.33,5.75,1.55,4.42,6.05,1.41,4.87,8.32,1.73,2.1,1.68,2.33
2025-03-08,D1,2425,Holstein Kiel,Stuttgart,2,2,D,5.75,4.33,1.53,5.89,4.71,1.52,6.23,4.82,1.51,1.5,2.63,1.49,2.73
2025-03-08,D1,2425,Leverkusen,Werder Bremen,0,2,A,1.27,5.75,11.0,1.27,6.39,10.17,1.33,5.74,9.49,1.53,2.5,1.55,2.59
2025-03-08,D1,2425,Wolfsburg,St Pauli,1,1,D,1.75,3.5,5.0,1.78,3.75,4.85,1.85,3.56,4.76,1.85,1.93,2.01,1.89
2025-03-08,D1,2425,Freiburg,RB Leipzig,0,0,D,2.55,3.3,2.7,2.66,3.32,2.81,2.56,3.37,2.94,1.8,2.0,1.83,2.07
2025-03-08,E0,2425,Nott'm Forest,Man City,1,0,H,4.0,3.75,1.85,3.93,3.95,1.89,3.91,3.87,1.94,1.57,2.38,1.61,2.43
2025-03-08,E0,2425,Brighton,Fulham,2,1,H,1.95,3.6,3.75,2.0,3.64,3.86,2.01,3.55,4.0,1.73,2.1,1.9,2.01
2025-03-08,E0,2425,Crystal Palace,Ipswich,1,0,H,1.45,4.75,6.25,1.5,4.56,6.67,1.57,4.21,6.39,1.73,2.1,1.88,2.04
2025-03-08,E0,2425,Liverpool,Southampton,3,1,H,1.1,9.0,19.0,1.12,10.6,18.75,1.11,11.5,26.0,1.29,3.75,,
2025-03-08,E0,2425,Brentford,Aston Villa,0,1,A,2.2,3.8,2.9,2.27,3.82,3.01,2.15,3.96,3.21,1.53,2.5,1.47,2.81
2025-03-08,E0,2425,Wolves,Everton,1,1,D,2.6,3.1,2.88,2.68,3.15,2.92,2.88,3.0,2.88,2.3,1.62,2.59,1.54
2025-03-08,T1,2425,Kayserispor,Buyuksehyr,3,1,H,2.88,3.25,2.45,2.99,3.33,2.48,3.24,3.29,2.38,2.03,1.83,2.04,1.85
2025-03-08,T1,2425,Antalyaspor,Rizespor,2,1,H,2.8,3.0,2.7,2.81,3.15,2.74,2.83,3.24,2.69,1.94,1.79,1.98,1.9
2025-03-08,T1,2425,Trabzonspor,Hatayspor,1,2,A,1.38,5.0,7.0,1.34,5.38,8.05,1.38,5.3,8.03,1.48,2.6,1.48,2.73
2025-03-09,D1,2425,Ein Frankfurt,Union Berlin,1,2,A,1.73,4.0,4.5,1.77,4.13,4.39,1.99,3.67,3.95,1.67,2.2,1.86,2.06
2025-03-09,D1,2425,Hoffenheim,Heidenheim,1,1,D,1.75,4.0,4.33,1.78,4.03,4.41,1.93,3.85,3.96,1.62,2.15,1.74,2.2
2025-03-09,E0,2425,Chelsea,Leicester,1,0,H,1.18,8.0,12.0,1.2,8.05,11.42,1.24,6.85,13.0,1.33,3.2,1.44,2.88
2025-03-09,E0,2425,Tottenham,Bournemouth,2,2,D,2.7,3.9,2.35,2.73,3.95,2.42,2.86,3.83,2.4,1.37,3.0,1.51,2.67
2025-03-09,E0,2425,Man United,Arsenal,1,1,D,5.75,3.5,1.7,5.61,3.65,1.71,5.05,3.72,1.78,2.15,1.62,2.09,1.81
2025-03-09,T1,2425,Sivasspor,Goztep,3,1,H,3.7,3.3,2.0,3.92,3.26,2.04,3.64,3.25,2.22,2.08,1.73,2.22,1.71
2025-03-09,T1,2425,Eyupspor,Konyaspor,2,1,H,2.1,3.25,3.6,2.13,3.27,3.62,2.19,3.37,3.56,2.05,1.75,1.99,1.9
2025-03-09,T1,2425,Samsunspor,Ad. Demirspor,3,2,H,1.25,5.75,9.5,1.23,6.25,11.01,1.16,7.64,15.43,1.53,2.4,1.42,2.81
2025-03-09,T1,2425,Alanyaspor,Galatasaray,1,2,A,4.75,4.1,1.65,4.63,3.96,1.63,5.56,4.39,1.59,1.53,2.4,1.57,2.51
2025-03-10,E0,2425,West Ham,Newcastle,0,1,A,3.25,3.4,2.2,3.3,3.62,2.2,3.39,3.55,2.22,1.73,2.1,1.9,2.0
2025-03-10,T1,2425,Besiktas,Gaziantep,1,2,A,1.48,4.5,5.5,1.48,4.36,5.45,1.41,4.92,7.91,1.57,2.35,1.62,2.39
2025-03-14,D1,2425,St Pauli,Hoffenheim,1,0,H,2.25,3.25,3.3,2.31,3.3,3.37,2.35,3.22,3.44,2.1,1.73,2.21,1.74
2025-03-14,T1,2425,Galatasaray,Antalyaspor,4,0,H,1.25,6.0,8.5,1.24,6.76,10.85,1.22,7.0,12.42,1.33,3.4,1.38,3.08
2025-03-15,D1,2425,Augsburg,Wolfsburg,1,0,H,2.55,3.3,2.75,2.63,3.29,2.87,2.48,3.28,3.13,2.0,1.8,2.13,1.78
2025-03-15,D1,2425,Mainz,Freiburg,2,2,D,1.95,3.3,4.1,2.02,3.45,4.0,1.86,3.54,4.74,2.1,1.73,2.08,1.84
2025-03-15,D1,2425,Union Berlin,Bayern Munich,1,1,D,8.5,5.0,1.36,9.0,5.36,1.35,9.31,5.42,1.34,1.57,2.38,1.59,2.48
2025-03-15,D1,2425,Werder Bremen,M'gladbach,2,4,A,2.35,3.6,2.8,2.42,3.68,2.87,2.24,3.78,3.15,1.57,2.38,1.62,2.42
2025-03-15,D1,2425,RB Leipzig,Dortmund,2,0,H,2.38,3.6,2.88,2.43,3.68,2.87,2.8,3.64,2.52,1.62,2.3,1.68,2.31
2025-03-15,E0,2425,Everton,West Ham,1,1,D,2.05,3.2,3.9,2.11,3.3,3.9,2.12,3.31,3.92,2.3,1.62,2.37,1.63
2025-03-15,E0,2425,Ipswich,Nott'm Forest,2,4,A,3.75,3.5,2.0,3.88,3.64,1.99,3.99,3.58,2.0,1.87,2.03,1.94,1.96
2025-03-15,E0,2425,Man City,Brighton,2,2,D,1.67,4.33,4.5,1.67,4.55,4.62,1.83,3.99,4.3,1.44,2.75,1.49,2.74
2025-03-15,E0,2425,Southampton,Wolves,1,2,A,3.7,3.4,2.0,3.67,3.56,2.08,3.97,3.43,2.07,1.84,2.06,2.12,1.79
2025-03-15,E0,2425,Bournemouth,Brentford,1,2,A,1.73,4.2,4.2,1.77,4.21,4.29,1.76,4.35,4.32,1.44,2.75,1.5,2.69
2025-03-15,T1,2425,Gaziantep,Kayserispor,1,0,H,2.3,3.1,3.3,2.27,3.12,3.45,2.29,3.34,3.36,1.8,2.0,1.8,2.09
2025-03-15,T1,2425,Kasimpasa,Alanyaspor,2,1,H,2.05,3.5,3.3,2.03,3.56,3.59,1.91,3.54,4.38,1.58,2.25,1.93,1.95
2025-03-15,T1,2425,Buyuksehyr,Trabzonspor,0,3,A,2.25,3.1,3.25,2.29,3.19,3.33,2.37,3.2,3.35,1.85,2.0,1.97,1.92
2025-03-15,T1,2425,Konyaspor,Besiktas,1,0,H,2.9,3.6,2.25,2.7,3.84,2.24,3.71,3.46,2.1,1.88,1.98,1.99,1.9
2025-03-16,D1,2425,Bochum,Ein Frankfurt,1,3,A,3.1,3.6,2.2,3.13,3.66,2.27,2.73,3.54,2.64,1.67,2.2,1.72,2.22
2025-03-16,D1,2425,Heidenheim,Holstein Kiel,3,1,H,2.0,3.5,3.75,2.03,3.66,3.72,2.05,3.63,3.77,1.8,2.0,1.79,2.12
2025-03-16,D1,2425,Stuttgart,Leverkusen,3,4,A,3.1,3.4,2.3,3.09,3.6,2.32,3.34,3.45,2.28,1.67,2.2,1.88,2.02
2025-03-16,E0,2425,Arsenal,Chelsea,1,0,H,1.8,3.6,4.5,1.81,3.78,4.55,1.73,3.74,5.39,1.86,1.92,2.12,1.79
2025-03-16,E0,2425,Fulham,Tottenham,2,0,H,2.0,3.75,3.6,2.03,3.88,3.53,1.85,4.1,4.08,1.57,2.38,1.67,2.31
2025-03-16,E0,2425,Leicester,Man United,0,3,A,4.5,3.5,1.83,4.21,3.86,1.85,4.56,3.82,1.83,1.8,2.0,1.95,1.95
2025-03-16,T1,2425,Rizespor,Bodrumspor,0,2,A,2.0,3.0,4.0,2.1,2.9,4.36,2.03,3.1,4.58,2.1,1.7,2.19,1.72
2025-03-16,T1,2425,Goztep,Eyupspor,1,1,D,1.75,3.6,4.5,1.8,3.65,4.49,1.76,3.8,4.92,1.98,1.88,1.92,1.97
2025-03-16,T1,2425,Hatayspor,Sivasspor,3,2,H,2.2,3.4,3.1,2.17,3.78,2.84,3.44,3.35,2.25,1.88,1.98,1.89,1.99
2025-03-16,T1,2425,Fenerbahce,Samsunspor,0,0,D,1.38,4.75,7.0,1.37,4.9,8.02,1.41,4.77,8.38,1.67,2.15,1.75,2.17
2025-03-28,D1,2425,Leverkusen,Bochum,3,1,H,1.22,6.5,12.0,1.23,6.93,11.71,1.23,7.02,12.77,1.41,2.7,1.46,2.78
2025-03-28,T1,2425,Antalyaspor,Alanyaspor,2,1,H,2.35,3.25,2.88,2.54,3.02,3.18,2.51,3.25,3.06,2.05,1.72,2.11,1.79
2025-03-28,T1,2425,Kayserispor,Hatayspor,5,0,H,1.6,3.9,4.75,1.64,4.09,4.61,1.5,4.64,6.51,1.6,2.3,1.6,2.43
2025-03-28,T1,2425,Bodrumspor,Fenerbahce,2,4,A,5.75,3.9,1.48,7.51,4.3,1.47,8.66,4.76,1.4,2.0,1.85,1.72,2.18
2025-03-28,T1,2425,Konyaspor,Gaziantep,1,0,H,2.05,3.25,3.4,2.19,3.11,3.82,2.2,3.35,3.56,1.93,1.93,1.94,1.94
2025-03-29,D1,2425,Bayern Munich,St Pauli,3,2,H,1.14,8.0,15.0,1.15,9.41,16.44,1.12,9.5,26.0,1.44,2.75,1.35,3.33
2025-03-29,D1,2425,Hoffenheim,Augsburg,1,1,D,2.35,3.3,3.1,2.43,3.29,3.15,2.36,3.43,3.19,2.1,1.73,1.93,1.98
2025-03-29,D1,2425,Holstein Kiel,Werder Bremen,0,3,A,3.2,3.9,2.05,3.42,3.85,2.08,3.18,3.74,2.24,1.62,2.3,1.68,2.32
2025-03-29,D1,2425,M'gladbach,RB Leipzig,1,0,H,2.88,3.7,2.3,2.94,3.58,2.41,3.01,3.71,2.35,1.53,2.5,1.51,2.66
2025-03-29,D1,2425,Wolfsburg,Heidenheim,0,1,A,1.67,3.75,5.0,1.66,4.12,5.22,1.72,4.05,4.98,1.73,2.1,1.76,2.15
2025-03-29,D1,2425,Ein Frankfurt,Stuttgart,1,0,H,2.5,3.8,2.5,2.6,3.67,2.66,2.58,3.79,2.67,1.5,2.63,1.53,2.61
2025-03-29,T1,2425,Sivasspor,Ad. Demirspor,5,1,H,1.38,5.0,6.5,1.35,5.33,8.4,1.26,6.52,10.17,1.5,2.5,1.42,2.92
2025-03-29,T1,2425,Samsunspor,Kasimpasa,0,2,A,1.91,3.5,3.7,2.0,3.46,3.97,2.07,3.49,3.8,1.9,1.95,1.88,2.01
2025-03-29,T1,2425,Trabzonspor,Goztep,1,1,D,2.05,3.4,3.3,2.06,3.51,3.7,2.22,3.36,3.51,1.88,1.98,1.96,1.92
2025-03-29,T1,2425,Besiktas,Galatasaray,2,1,H,3.1,3.5,2.1,3.03,3.5,2.17,3.22,3.61,2.24,1.6,2.3,1.63,2.34
2025-03-30,D1,2425,Freiburg,Union Berlin,1,2,A,2.0,3.5,3.7,2.02,3.43,4.05,1.96,3.48,4.3,2.1,1.73,2.06,1.85
2025-03-30,D1,2425,Dortmund,Mainz,3,1,H,1.62,3.9,5.0,1.67,4.17,5.07,1.67,4.24,5.02,1.67,2.2,1.75,2.17
2025-03-31,T1,2425,Eyupspor,Buyuksehyr,1,3,A,2.63,3.2,2.55,2.83,3.22,2.6,2.88,3.18,2.69,2.1,1.7,2.21,1.72
2025-04-01,E0,2425,Arsenal,Fulham,2,1,H,1.48,4.33,7.0,1.5,4.21,7.79,1.51,4.3,7.6,2.1,1.73,2.08,1.81
2025-04-01,E0,2425,Wolves,West Ham,1,0,H,2.5,3.2,2.9,2.62,3.25,2.96,2.39,3.29,3.27,2.2,1.67,2.36,1.65
2025-04-01,E0,2425,Nott'm Forest,Man United,1,0,H,2.3,3.4,3.1,2.36,3.44,3.19,2.35,3.46,3.19,1.95,1.95,2.03,1.88
2025-04-02,E0,2425,Bournemouth,Ipswich,1,2,A,1.36,5.25,7.5,1.39,5.33,7.75,1.4,5.4,7.52,1.53,2.5,1.66,2.32
2025-04-02,E0,2425,Brighton,Aston Villa,0,3,A,2.05,3.8,3.25,2.11,3.85,3.33,2.38,3.5,3.11,1.62,2.3,1.87,2.04
2025-04-02,E0,2425,Man City,Leicester,2,0,H,1.2,8.0,10.0,1.2,8.18,11.84,1.2,8.0,13.5,1.4,3.0,1.39,3.08
2025-04-02,E0,2425,Newcastle,Brentford,2,1,H,1.73,4.5,4.0,1.74,4.34,4.31,1.7,4.29,4.69,1.44,2.75,1.57,2.52
2025-04-02,E0,2425,Southampton,Crystal Palace,1,1,D,5.75,3.8,1.62,5.72,4.05,1.63,5.72,4.13,1.63,1.8,2.0,1.78,2.14
2025-04-02,E0,2425,Liverpool,Everton,1,0,H,1.36,5.0,8.0,1.36,5.19,9.2,1.5,4.41,7.31,1.73,2.1,1.85,2.06
2025-04-03,E0,2425,Chelsea,Tottenham,1,0,H,1.65,4.5,4.5,1.66,4.58,4.59,1.67,4.46,4.83,1.4,3.0,1.47,2.81
2025-04-04,D1,2425,Augsburg,Bayern Munich,1,3,A,7.5,4.75,1.42,7.61,5.01,1.43,7.76,5.12,1.41,1.62,2.3,1.6,2.45
2025-04-04,T1,2425,Ad. Demirspor,Kayserispor,0,2,A,7.0,4.75,1.4,7.28,5.34,1.4,7.45,5.36,1.39,1.44,2.7,1.47,2.77
2025-04-05,D1,2425,Bochum,Stuttgart,0,4,A,3.1,3.7,2.15,3.2,3.8,2.18,2.53,3.46,2.91,1.57,2.38,1.61,2.45
2025-04-05,D1,2425,Freiburg,Dortmund,1,4,A,3.1,3.5,2.2,3.1,3.61,2.31,3.42,3.68,2.15,1.8,2.0,1.72,2.21
2025-04-05,D1,2425,Heidenheim,Leverkusen,0,1,A,6.5,4.75,1.44,6.78,4.84,1.46,6.09,4.55,1.52,1.62,2.3,1.72,2.23
2025-04-05,D1,2425,Mainz,Holstein Kiel,1,1,D,1.45,4.5,7.0,1.43,5.01,7.05,1.44,5.07,7.16,1.67,2.2,1.55,2.51
2025-04-05,D1,2425,RB Leipzig,Hoffenheim,3,1,H,1.55,4.2,5.5,1.58,4.55,5.43,1.72,4.29,4.65,1.53,2.5,1.5,2.7
2025-04-05,D1,2425,Werder Bremen,Ein Frankfurt,2,0,H,2.63,3.5,2.5,2.65,3.73,2.58,2.34,3.71,3.03,1.57,2.38,1.54,2.59
2025-04-05,E0,2425,Everton,Arsenal,1,1,D,5.25,3.25,1.75,5.3,3.39,1.81,4.19,3.19,2.1,2.38,1.57,2.49,1.58
2025-04-05,E0,2425,Crystal Palace,Brighton,2,1,H,2.35,3.6,2.8,2.5,3.46,2.9,2.58,3.4,2.89,1.8,2.0,1.89,2.02
2025-04-05,E0,2425,Ipswich,Wolves,1,2,A,2.7,3.25,2.63,2.78,3.3,2.71,2.85,3.27,2.7,2.1,1.73,2.31,1.68
2025-04-05,E0,2425,West Ham,Bournemouth,2,2,D,3.0,3.5,2.3,3.03,3.53,2.38,3.04,3.55,2.4,1.8,2.0,1.87,2.04
2025-04-05,E0,2425,Aston Villa,Nott'm Forest,2,1,H,1.95,3.6,3.7,2.0,3.69,3.8,2.15,3.45,3.66,1.8,2.0,1.99,1.92
2025-04-05,T1,2425,Rizespor,Sivasspor,1,1,D,1.85,3.8,3.75,1.93,3.77,3.88,1.95,3.82,3.83,1.75,2.05,1.74,2.17
2025-04-05,T1,2425,Buyuksehyr,Konyaspor,1,0,H,1.8,3.4,4.75,1.79,3.27,4.59,1.79,3.38,4.73,2.05,1.8,2.01,1.8
2025-04-05,T1,2425,Antalyaspor,Samsunspor,2,1,H,2.75,3.1,2.63,2.8,3.17,2.66,2.75,3.2,2.8,2.15,1.67,2.22,1.71
2025-04-06,D1,2425,St Pauli,M'gladbach,1,1,D,2.5,3.3,2.75,2.52,3.45,2.89,2.3,3.61,3.16,1.88,2.02,1.82,2.08
2025-04-06,D1,2425,Union Berlin,Wolfsburg,1,0,H,2.45,3.3,2.88,2.49,3.32,3.02,2.31,3.4,3.33,2.05,1.85,2.01,1.9
2025-04-06,E0,2425,Brentford,Chelsea,0,0,D,3.2,3.6,2.15,3.26,3.8,2.16,2.94,3.65,2.42,1.53,2.5,1.67,2.3
2025-04-06,E0,2425,Fulham,Liverpool,3,2,H,4.5,3.5,1.83,4.27,3.75,1.87,4.29,3.55,1.94,1.8,2.0,1.83,2.06
2025-04-06,E0,2425,Tottenham,Southampton,3,1,H,1.38,5.5,6.5,1.39,5.42,7.33,1.37,5.64,7.87,1.4,3.0,1.4,3.09
2025-04-06,E0,2425,Man United,Man City,0,0,D,3.4,3.6,2.1,3.39,3.66,2.15,3.48,3.75,2.11,1.67,2.2,1.67,2.32
2025-04-06,T1,2425,Alanyaspor,Bodrumspor,0,1,A,2.15,3.2,3.5,2.12,3.19,3.77,2.52,2.98,3.33,2.2,1.65,2.46,1.59
2025-04-06,T1,2425,Hatayspor,Eyupspor,0,1,A,3.2,3.3,2.15,3.15,3.58,2.08,3.96,4.23,1.83,1.75,2.05,1.51,2.63
2025-04-06,T1,2425,Fenerbahce,Trabzonspor,4,1,H,1.42,4.75,6.5,1.39,5.0,7.37,1.47,4.78,6.84,1.53,2.4,1.64,2.35
2025-04-07,E0,2425,Leicester,Newcastle,0,3,A,6.5,4.2,1.48,6.61,4.47,1.51,7.45,4.85,1.45,1.62,2.3,1.73,2.2
2025-04-07,T1,2425,Goztep,Gaziantep,1,1,D,1.7,3.8,4.75,1.7,3.99,4.1,1.56,4.25,6.23,1.85,2.0,1.75,2.15
2025-04-07,T1,2425,Kasimpasa,Besiktas,1,1,D,3.25,3.4,2.15,3.26,3.37,2.11,3.63,3.82,2.01,1.7,2.1,1.6,2.43
2025-04-11,D1,2425,Wolfsburg,RB Leipzig,2,3,A,2.88,3.75,2.3,3.0,3.71,2.36,2.75,3.75,2.51,1.57,2.38,1.55,2.57
2025-04-11,T1,2425,Samsunspor,Galatasaray,0,2,A,5.0,4.0,1.65,5.24,4.13,1.66,5.57,4.31,1.6,1.7,2.1,1.67,2.3
2025-04-12,D1,2425,Bochum,Augsburg,1,2,A,2.5,3.4,2.8,2.5,3.35,3.0,2.37,3.35,3.26,2.02,1.88,2.13,1.79
2025-04-12,D1,2425,Hoffenheim,Mainz,2,0,H,2.7,3.5,2.55,2.69,3.5,2.66,2.46,3.48,3.0,1.73,2.1,1.81,2.1
2025-04-12,D1,2425,Holstein Kiel,St Pauli,1,2,A,3.25,3.3,2.25,3.28,3.42,2.29,3.59,3.5,2.16,2.0,1.9,1.91,1.99
2025-04-12,D1,2425,Leverkusen,Union Berlin,0,0,D,1.33,4.75,9.5,1.34,5.61,8.99,1.38,5.12,8.87,1.62,2.3,1.76,2.16
2025-04-12,D1,2425,M'gladbach,Freiburg,1,2,A,2.15,3.6,3.25,2.19,3.71,3.26,2.29,3.8,3.06,1.67,2.2,1.57,2.52
2025-04-12,D1,2425,Bayern Munich,Dortmund,2,2,D,1.44,5.25,6.0,1.43,5.36,6.51,1.44,5.35,6.6,1.4,3.0,1.35,3.36
2025-04-12,E0,2425,Man City,Crystal Palace,5,2,H,1.5,4.75,5.75,1.5,4.81,6.12,1.64,4.35,5.3,1.53,2.5,1.67,2.3
2025-04-12,E0,2425,Brighton,Leicester,2,2,D,1.29,6.0,10.0,1.27,5.96,10.93,1.29,5.95,10.93,1.62,2.3,1.54,2.58
2025-04-12,E0,2425,Nott'm Forest,Everton,0,1,A,2.1,3.3,3.7,2.13,3.38,3.72,1.99,3.38,4.35,2.2,1.67,2.3,1.68
2025-04-12,E0,2425,Southampton,Aston Villa,0,3,A,6.0,4.2,1.55,5.75,4.49,1.56,6.23,4.64,1.53,1.62,2.3,1.58,2.49
2025-04-12,E0,2425,Arsenal,Brentford,1,1,D,1.6,4.33,5.0,1.63,4.17,5.42,1.62,4.24,5.66,1.73,2.1,1.75,2.18
2025-04-12,T1,2425,Konyaspor,Goztep,1,0,H,2.63,3.2,2.7,2.58,3.34,2.57,2.75,3.1,2.88,2.08,1.73,2.18,1.72
2025-04-12,T1,2425,Besiktas,Buyuksehyr,0,2,A,1.9,3.5,4.0,1.92,3.59,3.96,1.86,3.69,4.41,1.83,2.03,1.78,2.1
2025-04-12,T1,2425,Bodrumspor,Antalyaspor,0,0,D,2.05,3.25,3.6,2.09,3.12,3.59,1.88,3.41,4.76,2.2,1.65,2.22,1.7
2025-04-13,D1,2425,Stuttgart,Werder Bremen,1,2,A,1.65,4.33,4.5,1.67,4.62,4.53,1.75,4.31,4.44,1.44,2.75,1.51,2.67
2025-04-13,D1,2425,Ein Frankfurt,Heidenheim,3,0,H,1.73,4.2,4.2,1.75,4.18,4.43,1.76,4.06,4.62,1.67,2.2,1.68,2.29
2025-04-13,E0,2425,Chelsea,Ipswich,2,2,D,1.27,7.0,8.5,1.25,6.84,10.14,1.21,7.43,13.76,1.44,2.75,1.44,2.82
2025-04-13,E0,2425,Liverpool,West Ham,2,1,H,1.3,6.0,8.0,1.3,6.09,9.78,1.28,6.12,10.75,1.53,2.5,1.56,2.51
2025-04-13,E0,2425,Wolves,Tottenham,4,2,H,2.2,3.6,3.1,2.25,3.57,3.23,2.29,3.63,3.16,1.67,2.2,1.82,2.07
2025-04-13,E0,2425,Newcastle,Man United,4,1,H,1.65,4.2,4.75,1.66,4.29,4.97,1.62,4.35,5.45,1.67,2.2,1.65,2.35
2025-04-13,T1,2425,Gaziantep,Hatayspor,2,1,H,1.5,4.5,5.5,1.49,4.61,5.9,1.63,4.49,4.93,1.53,2.4,1.42,2.96
2025-04-13,T1,2425,Kayserispor,Kasimpasa,1,0,H,2.2,3.4,3.1,2.24,3.47,3.18,2.25,3.61,3.21,1.7,2.1,1.6,2.42
2025-04-13,T1,2425,Sivasspor,Fenerbahce,1,3,A,7.5,4.75,1.38,7.86,5.07,1.36,6.41,4.55,1.51,1.57,2.35,1.6,2.43
2025-04-13,T1,2425,Trabzonspor,Rizespor,2,0,H,1.75,3.6,4.33,1.79,3.82,4.29,1.93,3.68,4.05,1.67,2.15,1.81,2.07
2025-04-14,E0,2425,Bournemouth,Fulham,1,0,H,2.15,3.5,3.3,2.16,3.62,3.39,2.24,3.45,3.43,1.73,2.1,1.86,2.05
2025-04-14,T1,2425,Eyupspor,Ad. Demirspor,6,0,H,1.18,7.5,12.0,1.15,7.94,15.74,1.17,8.04,15.35,1.36,3.1,1.31,3.49
2025-04-16,E0,2425,Newcastle,Crystal Palace,5,0,H,1.67,3.9,5.0,1.72,4.01,4.84,1.68,3.99,5.24,1.73,2.1,1.71,2.23
2025-04-18,T1,2425,Galatasaray,Bodrumspor,2,0,H,1.3,5.5,8.0,1.27,5.42,8.64,1.23,6.36,13.16,1.57,2.35,1.65,2.28
2025-04-18,T1,2425,Hatayspor,Konyaspor,2,3,A,3.9,3.6,1.8,3.91,3.77,1.79,4.23,4.2,1.78,1.75,2.05,1.55,2.55
2025-04-19,D1,2425,Freiburg,Hoffenheim,3,2,H,1.91,3.7,3.75,1.96,3.75,3.85,1.94,3.8,4.0,1.73,2.1,1.72,2.21
2025-04-19,D1,2425,Heidenheim,Bayern Munich,0,4,A,9.0,6.0,1.29,9.06,6.38,1.29,9.59,6.57,1.27,1.4,3.0,1.32,3.48
2025-04-19,D1,2425,Mainz,Wolfsburg,2,2,D,2.0,3.6,3.6,2.05,3.72,3.6,2.03,3.73,3.73,1.8,2.0,1.74,2.2
2025-04-19,D1,2425,RB Leipzig,Holstein Kiel,1,1,D,1.33,5.75,7.5,1.31,6.22,8.55,1.48,5.21,6.11,1.4,3.0,1.43,2.96
2025-04-19,D1,2425,Werder Bremen,Bochum,1,0,H,1.73,4.1,4.33,1.74,4.19,4.49,1.63,4.48,5.12,1.57,2.38,1.55,2.58
2025-04-19,D1,2425,Union Berlin,Stuttgart,4,4,D,2.8,3.4,2.45,2.87,3.43,2.54,3.2,3.5,2.32,1.8,2.0,1.82,2.09
2025-04-19,E0,2425,Brentford,Brighton,4,2,H,2.4,3.75,2.63,2.56,3.59,2.75,2.7,3.66,2.6,1.57,2.38,1.63,2.4
2025-04-19,E0,2425,Crystal Palace,Bournemouth,0,0,D,2.45,3.6,2.63,2.59,3.61,2.71,2.59,3.54,2.79,1.8,2.0,1.79,2.13
2025-04-19,E0,2425,Everton,Man City,0,2,A,3.7,3.6,1.91,3.79,3.74,1.99,4.13,3.73,1.93,1.86,2.04,1.85,2.06
2025-04-19,E0,2425,West Ham,Southampton,1,1,D,1.48,4.33,6.5,1.5,4.61,6.49,1.64,4.3,5.25,1.73,2.1,1.62,2.4
2025-04-19,E0,2425,Aston Villa,Newcastle,4,1,H,2.3,3.6,2.75,2.38,3.7,2.92,2.55,3.65,2.71,1.62,2.3,1.65,2.35
2025-04-19,T1,2425,Kasimpasa,Sivasspor,3,1,H,1.8,3.6,3.9,1.82,3.95,3.99,1.89,3.88,4.01,1.65,2.2,1.63,2.35
2025-04-19,T1,2425,Ad. Demirspor,Trabzonspor,0,1,A,9.5,7.0,1.2,13.52,7.3,1.18,12.62,7.18,1.2,1.36,3.1,1.33,3.29
2025-04-19,T1,2425,Goztep,Besiktas,1,1,D,2.6,3.3,2.6,2.64,3.35,2.69,2.94,3.42,2.49,1.88,1.98,1.91,1.98
2025-04-20,D1,2425,Augsburg,Ein Frankfurt,0,0,D,2.55,3.3,2.75,2.63,3.44,2.77,2.62,3.46,2.8,1.92,1.98,1.85,2.06
2025-04-20,D1,2425,Dortmund,M'gladbach,3,2,H,1.42,5.25,6.5,1.43,5.46,6.47,1.37,5.91,7.62,1.36,3.2,1.33,3.5
2025-04-20,D1,2425,St Pauli,Leverkusen,1,1,D,5.25,3.8,1.67,5.42,3.93,1.67,5.08,3.93,1.72,2.03,1.87,1.9,2.01
2025-04-20,E0,2425,Fulham,Chelsea,1,2,A,2.7,3.7,2.35,2.9,3.55,2.45,3.15,3.61,2.31,1.84,2.06,1.79,2.13
2025-04-20,E0,2425,Ipswich,Arsenal,0,4,A,8.0,4.5,1.4,7.87,4.95,1.41,8.93,5.22,1.37,1.73,2.1,1.68,2.27
2025-04-20,E0,2425,Man United,Wolves,0,1,A,2.0,3.6,3.6,2.01,3.63,3.82,2.6,3.5,2.8,1.97,1.93,1.96,1.94
2025-04-20,E0,2425,Leicester,Liverpool,0,1,A,11.0,6.25,1.22,11.65,6.96,1.23,13.5,7.25,1.22,1.44,2.75,1.37,3.17
2025-04-20,T1,2425,Buyuksehyr,Gaziantep,2,1,H,1.63,3.7,4.33,1.72,3.93,4.6,1.66,4.15,5.14,1.73,2.08,1.67,2.3
2025-04-20,T1,2425,Rizespor,Eyupspor,1,0,H,2.1,3.3,3.25,2.14,3.52,3.34,2.15,3.36,3.68,1.83,2.03,1.99,1.9
2025-04-20,T1,2425,Fenerbahce,Kayserispor,3,3,D,1.18,7.5,11.0,1.15,8.17,15.79,1.14,8.81,22.24,1.4,2.88,1.35,3.33
2025-04-21,E0,2425,Tottenham,Nott'm Forest,1,2,A,2.45,3.6,2.63,2.52,3.78,2.69,2.4,3.55,3.06,1.57,2.38,1.69,2.26
2025-04-21,T1,2425,Alanyaspor,Samsunspor,1,0,H,2.38,3.1,2.8,2.64,2.84,3.13,2.48,3.22,3.13,2.25,1.62,2.14,1.77
2025-04-22,E0,2425,Man City,Aston Villa,2,1,H,1.8,4.1,3.9,1.87,4.09,4.0,1.91,4.06,3.96,1.53,2.5,1.63,2.39
2025-04-23,E0,2425,Arsenal,Crystal Palace,2,2,D,1.4,4.75,7.5,1.42,4.74,8.22,1.4,4.85,9.1,1.91,1.99,1.77,2.15
2025-04-25,D1,2425,Stuttgart,Heidenheim,0,1,A,1.48,5.0,5.75,1.51,4.97,5.99,1.51,4.86,6.06,1.44,2.75,1.5,2.71
2025-04-25,T1,2425,Besiktas,Hatayspor,5,1,H,1.25,6.0,10.0,1.24,6.78,10.87,1.22,7.16,11.77,1.29,3.6,1.26,3.94
2025-04-26,D1,2425,Bayern Munich,Mainz,3,0,H,1.22,7.0,11.0,1.22,7.3,11.15,1.24,7.26,11.09,1.33,3.4,1.33,3.36
2025-04-26,D1,2425,Hoffenheim,Dortmund,2,3,A,4.1,4.33,1.73,4.3,4.37,1.74,4.01,4.08,1.87,1.44,2.75,1.56,2.56
2025-04-26,D1,2425,Holstein Kiel,M'gladbach,4,3,H,3.1,3.8,2.15,3.18,3.9,2.16,2.51,3.83,2.72,1.5,2.63,1.49,2.74
2025-04-26,D1,2425,Leverkusen,Augsburg,2,0,H,1.36,5.0,8.5,1.37,5.23,8.61,1.47,4.77,6.41,1.73,2.1,1.64,2.35
2025-04-26,D1,2425,Wolfsburg,Freiburg,0,1,A,2.35,3.5,2.88,2.4,3.67,2.91,2.37,3.69,2.98,1.73,2.1,1.63,2.4
2025-04-26,D1,2425,Ein Frankfurt,RB Leipzig,4,0,H,2.15,3.8,3.0,2.17,3.92,3.15,2.06,3.91,3.48,1.5,2.63,1.49,2.76
2025-04-26,E0,2425,Chelsea,Everton,1,0,H,1.55,4.0,6.0,1.58,4.17,6.05,1.44,4.95,7.5,1.88,2.02,1.66,2.34
2025-04-26,E0,2425,Brighton,West Ham,3,2,H,1.67,4.2,4.75,1.7,4.2,4.75,1.79,4.0,4.46,1.67,2.2,1.76,2.15
2025-04-26,E0,2425,Newcastle,Ipswich,3,0,H,1.18,7.5,13.0,1.18,8.02,14.29,1.17,8.5,17.5,1.36,3.2,1.34,3.3
2025-04-26,E0,2425,Southampton,Fulham,1,2,A,5.25,4.0,1.6,5.28,4.2,1.64,5.08,4.11,1.68,1.73,2.1,1.7,2.25
2025-04-26,E0,2425,Wolves,Leicester,3,0,H,1.5,4.2,6.25,1.52,4.45,6.49,1.55,4.46,6.03,1.73,2.1,1.76,2.14
2025-04-26,T1,2425,Sivasspor,Antalyaspor,2,0,H,2.1,3.4,3.4,2.11,3.53,3.54,2.01,3.49,4.01,1.9,1.95,1.84,2.05
2025-04-26,T1,2425,Bodrumspor,Samsunspor,1,2,A,2.38,3.0,3.2,2.42,3.09,3.2,2.58,2.9,3.33,2.5,1.5,2.61,1.53
2025-04-26,T1,2425,Gaziantep,Fenerbahce,1,3,A,6.5,4.5,1.44,7.04,4.9,1.41,6.75,4.89,1.46,1.44,2.7,1.48,2.72
2025-04-27,D1,2425,Bochum,Union Berlin,1,1,D,2.25,3.4,3.1,2.36,3.5,3.09,2.4,3.46,3.11,1.85,2.05,1.88,2.04
2025-04-27,D1,2425,Werder Bremen,St Pauli,0,0,D,1.85,3.6,4.0,1.92,3.74,4.07,2.03,3.6,3.87,1.88,2.02,1.88,2.03
2025-04-27,E0,2425,Bournemouth,Man United,1,1,D,1.67,4.0,4.5,1.68,4.21,4.86,1.98,3.93,3.72,1.67,2.2,1.74,2.19
2025-04-27,E0,2425,Liverpool,Tottenham,5,1,H,1.25,6.0,11.0,1.27,6.89,9.07,1.2,7.95,13.75,1.33,3.4,1.32,3.48
2025-04-27,T1,2425,Konyaspor,Ad. Demirspor,3,1,H,1.18,8.0,10.0,1.16,7.5,13.85,1.18,7.67,14.42,1.36,3.1,1.37,3.09
2025-04-27,T1,2425,Trabzonspor,Alanyaspor,4,3,H,1.75,3.6,4.5,1.74,3.49,5.19,1.65,3.87,5.74,1.8,2.0,1.7,2.22
2025-04-27,T1,2425,Eyupspor,Galatasaray,1,5,A,6.5,4.1,1.5,5.74,4.36,1.46,7.33,4.85,1.41,1.6,2.3,1.57,2.49
2025-04-27,T1,2425,Kayserispor,Rizespor,1,0,H,2.25,3.3,3.0,2.37,2.92,3.2,2.26,3.32,3.46,1.88,1.98,1.81,2.05
2025-04-28,T1,2425,Goztep,Buyuksehyr,4,1,H,2.2,3.3,3.2,2.27,3.22,3.34,2.34,3.38,3.23,2.08,1.73,2.08,1.82
2025-05-01,E0,2425,Nott'm Forest,Brentford,0,2,A,2.15,3.5,3.25,2.2,3.58,3.34,2.35,3.61,3.22,1.8,2.0,1.74,2.2
2025-05-02,D1,2425,Heidenheim,Bochum,0,0,D,2.25,3.6,3.1,2.32,3.59,3.13,2.41,3.39,3.15,1.62,2.15,1.93,1.97
2025-05-02,E0,2425,Man City,Wolves,1,0,H,1.4,4.75,7.5,1.41,5.27,7.55,1.33,5.6,9.75,1.53,2.5,1.58,2.49
2025-05-02,T1,2425,Antalyaspor,Konyaspor,1,0,H,2.45,3.2,2.88,2.59,3.2,2.99,2.7,3.2,2.85,2.05,1.75,2.09,1.78
2025-05-03,D1,2425,M'gladbach,Hoffenheim,4,4,D,2.1,4.0,3.0,2.13,4.03,3.16,2.27,4.05,2.94,1.41,2.7,1.38,3.19
2025-05-03,D1,2425,RB Leipzig,Bayern Munich,3,3,D,4.5,4.33,1.62,4.46,4.73,1.66,4.19,4.77,1.72,1.33,3.2,1.34,3.38
2025-05-03,D1,2425,St Pauli,Stuttgart,0,1,A,2.62,3.5,2.55,2.73,3.52,2.61,2.86,3.53,2.53,1.85,2.05,1.8,2.1
2025-05-03,D1,2425,Union Berlin,Werder Bremen,2,2,D,2.7,3.4,2.55,2.78,3.45,2.61,3.38,3.49,2.25,1.89,2.01,1.91,2.0
2025-05-03,D1,2425,Dortmund,Wolfsburg,4,0,H,1.33,5.75,7.5,1.32,6.21,7.74,1.27,6.72,9.89,1.33,3.4,1.32,3.49
2025-05-03,E0,2425,Aston Villa,Fulham,1,0,H,1.77,3.75,4.5,1.82,3.96,4.27,1.88,3.78,4.28,1.68,2.05,1.75,2.17
2025-05-03,E0,2425,Everton,Ipswich,2,2,D,1.45,4.33,6.5,1.47,4.53,7.28,1.57,4.3,6.09,1.95,1.95,1.78,2.13
2025-05-03,E0,2425,Leicester,Southampton,2,0,H,2.3,3.6,2.88,2.37,3.7,2.93,2.45,3.61,2.91,1.68,2.05,1.79,2.11
2025-05-03,E0,2425,Arsenal,Bournemouth,1,2,A,2.05,3.7,3.4,2.07,3.63,3.62,1.68,4.05,5.25,1.87,2.03,1.68,2.29
2025-05-03,T1,2425,Alanyaspor,Kayserispor,1,1,D,2.0,3.4,3.4,2.12,3.36,3.56,2.31,3.29,3.37,1.8,2.0,1.99,1.9
2025-05-03,T1,2425,Rizespor,Gaziantep,2,0,H,1.85,3.6,3.75,1.88,3.96,3.38,1.67,4.37,4.78,1.7,2.1,1.58,2.45
2025-05-03,T1,2425,Galatasaray,Sivasspor,4,1,H,1.2,7.5,11.0,1.16,7.21,10.95,1.14,9.61,18.26,1.3,3.5,1.22,4.31
2025-05-03,T1,2425,Hatayspor,Buyuksehyr,2,4,A,5.75,4.0,1.45,5.86,4.6,1.5,5.67,4.87,1.52,1.53,2.4,1.41,3.02
2025-05-04,D1,2425,Augsburg,Holstein Kiel,1,3,A,1.83,3.9,4.0,1.85,3.81,4.29,1.79,4.1,4.4,1.85,2.05,1.66,2.31
2025-05-04,D1,2425,Freiburg,Leverkusen,2,2,D,3.2,3.4,2.25,3.14,3.51,2.33,3.23,3.62,2.27,1.73,2.1,1.65,2.34
2025-05-04,D1,2425,Mainz,Ein Frankfurt,1,1,D,2.35,3.5,2.9,2.41,3.67,2.89,2.37,3.62,3.02,1.62,2.3,1.64,2.4
2025-05-04,E0,2425,Brentford,Man United,4,3,H,1.65,4.1,4.75,1.7,4.23,4.7,1.65,4.34,4.96,1.67,2.2,1.56,2.56
2025-05-04,E0,2425,Brighton,Newcastle,1,1,D,2.88,3.7,2.3,2.92,3.82,2.33,3.13,3.75,2.26,1.53,2.5,1.61,2.44
2025-05-04,E0,2425,West Ham,Tottenham,1,1,D,2.1,3.7,3.25,2.08,3.73,3.5,1.85,3.95,4.22,1.57,2.38,1.61,2.44
2025-05-04,E0,2425,Chelsea,Liverpool,3,1,H,2.15,3.7,3.1,2.19,3.78,3.21,2.34,3.84,2.95,1.53,2.5,1.5,2.71
2025-05-04,T1,2425,Samsunspor,Eyupspor,3,0,H,2.15,3.1,3.3,2.25,2.96,3.73,2.19,3.38,3.55,2.15,1.67,1.93,1.95
2025-05-04,T1,2425,Ad. Demirspor,Goztep,1,2,A,11.0,6.0,1.17,8.78,6.32,1.22,9.38,6.88,1.23,1.47,2.5,1.36,3.08
2025-05-04,T1,2425,Fenerbahce,Besiktas,0,1,A,1.5,4.2,5.25,1.53,4.58,5.44,1.49,4.95,6.14,1.5,2.4,1.5,2.67
2025-05-05,E0,2425,Crystal Palace,Nott'm Forest,1,1,D,2.25,3.4,3.2,2.31,3.44,3.23,2.19,3.5,3.5,2.01,1.89,2.0,1.91
2025-05-05,T1,2425,Kasimpasa,Trabzonspor,1,1,D,2.55,3.5,2.38,2.66,3.72,2.47,2.28,3.95,2.92,1.54,2.35,1.42,2.96
2025-05-09,D1,2425,Wolfsburg,Hoffenheim,2,2,D,2.2,3.6,2.9,2.3,3.77,2.99,2.98,3.62,2.4,1.5,2.63,1.53,2.62
2025-05-09,T1,2425,Buyuksehyr,Fenerbahce,1,4,A,3.8,3.9,1.8,4.32,3.93,1.82,4.59,4.19,1.72,1.57,2.3,1.57,2.51
2025-05-09,T1,2425,Gaziantep,Alanyaspor,0,1,A,2.4,3.4,2.75,2.46,3.52,2.93,2.81,3.45,2.58,1.7,2.1,1.75,2.17
2025-05-10,D1,2425,Bochum,Mainz,1,4,A,2.9,3.6,2.3,3.0,3.73,2.31,3.16,3.9,2.2,1.67,2.2,1.58,2.5
2025-05-10,D1,2425,Holstein Kiel,Freiburg,1,2,A,3.1,3.75,2.15,3.29,3.88,2.12,3.59,3.85,2.04,1.53,2.5,1.62,2.4
2025-05-10,D1,2425,Union Berlin,Heidenheim,0,3,A,2.25,3.3,3.3,2.21,3.55,3.33,2.11,3.57,3.64,1.95,1.95,1.81,2.09
2025-05-10,D1,2425,Werder Bremen,RB Leipzig,0,0,D,2.35,3.7,2.8,2.38,3.7,2.92,1.95,4.18,3.59,1.53,2.5,1.39,3.14
2025-05-10,D1,2425,Bayern Munich,M'gladbach,2,0,H,1.17,9.5,11.0,1.16,10.06,12.25,1.14,9.5,16.5,1.17,5.0,0.0,0.0
2025-05-10,E0,2425,Fulham,Everton,1,3,A,1.82,3.4,4.5,1.88,3.57,4.45,1.77,3.75,4.94,2.0,1.8,2.04,1.88
2025-05-10,E0,2425,Ipswich,Brentford,0,1,A,5.0,4.0,1.65,5.1,4.21,1.66,5.83,4.84,1.52,1.53,2.5,1.44,2.87
2025-05-10,E0,2425,Southampton,Man City,0,0,D,11.0,7.5,1.2,14.01,7.65,1.19,15.0,8.0,1.19,1.36,3.2,1.41,2.93
2025-05-10,E0,2425,Wolves,Brighton,0,2,A,2.7,3.5,2.5,2.76,3.47,2.61,3.08,3.39,2.45,1.73,2.1,1.98,1.92
2025-05-10,E0,2425,Bournemouth,Aston Villa,0,1,A,2.4,3.6,2.75,2.46,3.75,2.78,2.62,3.58,2.73,1.62,2.3,1.7,2.27
2025-05-10,T1,2425,Eyupspor,Kasimpasa,0,3,A,2.3,3.5,2.75,2.4,3.63,2.79,3.11,3.75,2.24,1.57,2.35,1.61,2.36
2025-05-10,T1,2425,Konyaspor,Rizespor,2,1,H,2.0,3.4,3.7,1.97,3.34,3.68,2.64,3.26,2.88,1.9,1.9,1.88,2.0
2025-05-10,T1,2425,Trabzonspor,Galatasaray,0,2,A,3.5,4.33,1.7,4.21,4.28,1.71,5.38,4.5,1.58,1.36,3.1,1.51,2.59
2025-05-11,D1,2425,Leverkusen,Dortmund,2,4,A,2.7,3.9,2.35,2.66,4.08,2.43,2.59,3.89,2.6,1.5,2.63,1.48,2.74
2025-05-11,D1,2425,Ein Frankfurt,St Pauli,2,2,D,1.53,4.33,5.75,1.52,4.61,6.18,1.57,4.34,6.03,1.73,2.1,1.7,2.24
2025-05-11,D1,2425,Stuttgart,Augsburg,4,0,H,1.55,4.33,5.75,1.56,4.54,5.67,1.53,4.78,5.84,1.53,2.5,1.43,2.96
2025-05-11,E0,2425,Newcastle,Chelsea,2,0,H,2.1,3.75,3.1,2.15,3.78,3.28,2.29,3.73,3.1,1.57,2.38,1.56,2.51
2025-05-11,E0,2425,Man United,West Ham,0,2,A,1.9,3.6,4.0,1.93,3.78,3.95,2.02,3.68,3.74,1.73,2.1,1.79,2.11
2025-05-11,E0,2425,Nott'm Forest,Leicester,2,2,D,1.33,5.25,8.0,1.34,5.56,8.99,1.39,5.19,7.91,1.67,2.2,1.67,2.3
2025-05-11,E0,2425,Tottenham,Crystal Palace,0,2,A,2.63,3.6,2.5,2.69,3.74,2.54,3.13,3.74,2.26,1.53,2.5,1.69,2.26
2025-05-11,E0,2425,Liverpool,Arsenal,2,2,D,2.0,3.6,3.6,2.08,3.54,3.71,2.24,3.68,3.22,1.73,2.1,1.66,2.32
2025-05-11,T1,2425,Sivasspor,Bodrumspor,0,0,D,2.25,3.2,3.25,2.24,3.31,3.31,2.24,3.23,3.61,2.05,1.75,2.21,1.71
2025-05-11,T1,2425,Besiktas,Ad. Demirspor,4,1,H,1.09,10.0,19.0,1.07,12.27,20.3,1.04,16.5,34.35,1.2,4.33,1.15,5.21
2025-05-11,T1,2425,Goztep,Hatayspor,1,1,D,1.25,7.0,7.5,1.26,6.26,9.18,1.23,6.55,10.0,1.33,3.4,1.3,3.42
2025-05-12,T1,2425,Kayserispor,Antalyaspor,3,1,H,1.91,3.5,3.7,1.96,3.44,3.6,1.93,3.65,4.15,1.93,1.88,1.87,2.02
2025-05-16,E0,2425,Aston Villa,Tottenham,2,0,H,1.3,6.0,8.5,1.33,6.02,8.61,1.26,7.0,11.0,1.36,3.2,1.36,3.17
2025-05-16,E0,2425,Chelsea,Man United,1,0,H,1.44,5.0,6.25,1.47,4.89,6.68,1.56,4.7,5.75,1.5,2.63,1.57,2.58
2025-05-17,D1,2425,Augsburg,Union Berlin,1,2,A,2.1,3.5,3.4,2.07,3.43,3.62,1.9,3.69,4.29,1.62,2.3,1.76,2.14
2025-05-17,D1,2425,Dortmund,Holstein Kiel,3,0,H,1.09,12.0,19.0,1.07,13.97,18.89,1.13,10.5,18.0,1.14,5.5,1.1,7.03
2025-05-17,D1,2425,Freiburg,Ein Frankfurt,1,3,A,2.35,3.7,2.8,2.38,3.77,2.74,2.38,3.68,2.98,1.53,2.5,1.64,2.37
2025-05-17,D1,2425,Heidenheim,Werder Bremen,1,4,A,2.3,3.8,2.75,2.31,3.91,2.76,2.74,3.77,2.52,1.99,1.91,1.5,2.7
2025-05-17,D1,2425,Hoffenheim,Bayern Munich,0,4,A,5.0,5.25,1.5,5.05,5.25,1.5,4.5,4.61,1.67,1.29,3.75,1.34,3.43
2025-05-17,D1,2425,Mainz,Leverkusen,2,2,D,2.15,3.9,3.0,2.18,3.99,2.93,2.55,3.72,2.73,1.44,2.75,1.5,2.71
2025-05-17,D1,2425,M'gladbach,Wolfsburg,0,1,A,2.2,4.2,2.8,2.17,4.31,2.79,2.29,4.1,2.84,1.3,3.5,1.36,3.29
2025-05-17,D1,2425,RB Leipzig,Stuttgart,2,3,A,2.0,4.2,3.2,1.97,4.31,3.2,1.91,4.4,3.6,1.33,3.4,1.3,3.68
2025-05-17,D1,2425,St Pauli,Bochum,0,2,A,1.67,4.2,4.5,1.66,4.19,4.65,1.76,4.09,4.57,1.57,2.38,1.65,2.34
2025-05-17,T1,2425,Ad. Demirspor,Hatayspor,0,5,A,3.2,4.5,1.85,3.22,4.53,1.85,2.82,4.04,2.23,1.22,4.2,1.31,3.44
2025-05-18,E0,2425,Everton,Southampton,2,0,H,1.4,4.75,7.5,1.4,4.9,8.19,1.43,4.95,7.6,1.8,2.0,1.78,2.12
2025-05-18,E0,2425,West Ham,Nott'm Forest,1,2,A,2.75,3.3,2.55,2.84,3.43,2.56,3.05,3.44,2.44,1.98,1.92,2.02,1.88
2025-05-18,E0,2425,Brentford,Fulham,2,3,A,1.91,3.9,3.6,1.96,3.95,3.68,2.07,3.79,3.56,1.62,2.3,1.66,2.33
2025-05-18,E0,2425,Leicester,Ipswich,2,0,H,2.3,3.6,2.9,2.37,3.65,2.97,2.27,3.77,3.11,1.73,2.1,1.67,2.3
2025-05-18,E0,2425,Arsenal,Newcastle,1,0,H,1.95,3.7,3.7,2.03,3.58,3.83,1.94,3.79,3.98,1.73,2.1,1.74,2.18
2025-05-18,T1,2425,Alanyaspor,Besiktas,1,1,D,3.4,3.7,1.95,3.62,3.66,1.97,3.29,3.41,2.26,1.67,2.15,1.75,2.08
2025-05-18,T1,2425,Antalyaspor,Gaziantep,0,0,D,1.95,3.3,3.9,1.98,3.09,4.38,2.5,3.15,3.12,1.7,2.1,1.89,1.97
2025-05-18,T1,2425,Bodrumspor,Trabzonspor,1,1,D,1.95,3.5,3.7,1.96,3.56,3.76,1.79,3.75,4.65,1.85,1.95,1.94,1.93
2025-05-18,T1,2425,Fenerbahce,Eyupspor,2,1,H,1.22,6.0,11.0,1.21,6.96,9.96,1.25,6.22,8.77,1.33,3.4,1.33,3.2
2025-05-18,T1,2425,Galatasaray,Kayserispor,3,0,H,1.18,7.0,12.0,1.18,7.85,11.11,1.16,8.49,14.7,1.29,3.6,1.25,3.93
2025-05-18,T1,2425,Kasimpasa,Buyuksehyr,2,3,A,2.2,3.4,3.0,2.26,3.36,3.17,2.53,3.6,2.73,1.67,2.15,1.48,2.64
2025-05-18,T1,2425,Rizespor,Goztep,6,3,H,1.91,3.7,3.5,1.95,3.72,3.62,2.12,3.47,3.59,1.62,2.25,1.82,2.03
2025-05-18,T1,2425,Samsunspor,Sivasspor,1,0,H,1.8,3.6,4.2,1.84,3.68,4.12,1.73,3.81,4.96,1.75,2.05,1.79,2.07
2025-05-19,E0,2425,Brighton,Liverpool,3,2,H,2.6,3.75,2.45,2.69,3.83,2.49,2.2,3.99,3.09,1.44,2.75,1.47,2.8
2025-05-20,E0,2425,Crystal Palace,Wolves,4,2,H,2.25,3.3,3.2,2.29,3.37,3.34,2.41,3.26,3.23,2.02,1.88,2.0,1.85
2025-05-20,E0,2425,Man City,Bournemouth,3,1,H,1.55,4.33,5.75,1.57,4.52,5.6,1.34,5.8,8.9,1.53,2.5,1.51,2.66
2025-05-24,T1,2425,Eyupspor,Antalyaspor,2,1,H,1.9,3.6,3.7,1.94,3.46,3.95,1.91,3.68,4.09,1.73,2.08,1.7,2.2
2025-05-24,T1,2425,Gaziantep,Kasimpasa,2,2,D,2.6,3.7,2.38,2.74,3.71,2.38,2.85,3.9,2.32,1.48,2.6,1.46,2.78
2025-05-24,T1,2425,Goztep,Galatasaray,0,2,A,3.7,4.5,1.7,3.73,4.54,1.75,2.67,4.21,2.34,1.4,2.88,1.43,2.86
2025-05-25,E0,2425,Bournemouth,Leicester,2,0,H,1.33,5.25,8.5,1.34,5.82,8.37,1.34,5.67,9.01,1.5,2.63,1.5,2.67
2025-05-25,E0,2425,Fulham,Man City,0,2,A,5.0,4.2,1.6,5.54,4.19,1.62,6.32,4.57,1.52,1.53,2.5,1.59,2.47
2025-05-25,E0,2425,Ipswich,West Ham,1,3,A,3.0,3.8,2.2,3.02,3.9,2.24,3.28,3.63,2.23,1.5,2.63,1.75,2.16
2025-05-25,E0,2425,Liverpool,Crystal Palace,1,1,D,1.4,6.0,5.75,1.42,5.68,6.36,1.38,6.04,7.14,1.3,3.5,1.33,3.48
2025-05-25,E0,2425,Man United,Aston Villa,2,0,H,4.33,4.2,1.7,4.4,4.26,1.74,4.82,4.37,1.68,1.62,2.3,1.6,2.44
2025-05-25,E0,2425,Newcastle,Everton,0,1,A,1.33,5.5,8.5,1.33,5.85,8.55,1.28,6.19,10.36,1.53,2.5,1.47,2.75
2025-05-25,E0,2425,Nott'm Forest,Chelsea,0,1,A,3.0,3.75,2.2,3.15,3.76,2.22,3.5,3.87,2.07,1.67,2.2,1.7,2.24
2025-05-25,E0,2425,Southampton,Arsenal,1,2,A,8.5,6.0,1.3,9.46,5.85,1.3,11.73,6.54,1.25,1.5,2.63,1.41,2.99
2025-05-25,E0,2425,Tottenham,Brighton,1,4,A,4.2,4.33,1.7,4.33,4.52,1.71,3.83,4.06,1.92,1.33,3.4,1.49,2.72
2025-05-25,E0,2425,Wolves,Brentford,1,1,D,2.7,3.7,2.45,2.74,3.83,2.45,3.0,3.82,2.31,1.53,2.5,1.52,2.63
2025-05-25,T1,2425,Besiktas,Rizespor,1,2,A,1.45,4.33,6.0,1.45,4.52,6.5,1.4,5.28,7.21,1.57,2.35,1.41,2.98
2025-05-25,T1,2425,Buyuksehyr,Ad. Demirspor,2,3,A,1.07,11.0,21.0,1.08,11.03,18.57,1.07,9.89,16.41,1.14,5.5,1.1,5.9
2025-05-25,T1,2425,Kayserispor,Bodrumspor,1,1,D,3.5,3.4,2.0,3.37,3.63,2.06,3.46,3.54,2.14,1.95,1.85,1.8,2.06
2025-05-25,T1,2425,Konyaspor,Alanyaspor,1,2,A,2.8,3.5,2.25,3.11,3.09,2.44,2.81,3.16,2.73,1.85,1.95,2.0,1.88
2025-05-25,T1,2425,Trabzonspor,Samsunspor,2,2,D,2.25,3.5,2.8,2.33,3.57,2.9,2.76,3.53,2.55,1.67,2.15,1.81,2.06
2025-05-26,T1,2425,Hatayspor,Fenerbahce,4,2,H,9.0,6.5,1.22,9.59,7.03,1.2,11.89,8.08,1.17,1.22,4.2,1.18,4.74
2025-05-30,T1,2425,Antalyaspor,Trabzonspor,0,2,A,2.75,3.4,2.45,2.76,3.52,2.48,2.9,3.49,2.39,1.62,2.25,1.74,2.09
2025-05-30,T1,2425,Galatasaray,Buyuksehyr,2,0,H,1.7,4.75,3.9,1.71,4.22,4.29,1.43,5.11,6.09,1.4,2.88,1.32,3.33
2025-05-30,T1,2425,Kasimpasa,Goztep,1,2,A,2.2,3.9,2.88,2.21,3.86,2.94,2.72,3.69,2.43,1.4,2.88,1.5,2.56
2025-05-31,T1,2425,Fenerbahce,Konyaspor,2,1,H,1.48,5.25,5.25,1.49,4.48,5.58,1.27,5.99,10.47,1.36,3.1,1.33,3.25
2025-05-31,T1,2425,Rizespor,Hatayspor,5,2,H,1.44,5.0,5.75,1.43,5.23,5.45,1.21,7.8,9.17,1.29,3.6,1.16,5.39
2025-05-31,T1,2425,Ad. Demirspor,Gaziantep,2,2,D,6.5,5.5,1.38,6.15,5.67,1.35,6.06,5.14,1.41,1.25,4.0,1.24,3.82
2025-05-31,T1,2425,Alanyaspor,Sivasspor,2,0,H,1.85,3.8,3.7,1.83,3.78,3.86,1.83,4.04,3.87,1.65,2.2,1.45,2.72
2025-06-01,T1,2425,Bodrumspor,Besiktas,0,4,A,4.2,3.75,1.75,4.14,3.95,1.74,4.57,4.15,1.67,1.67,2.15,1.54,2.48
2025-06-01,T1,2425,Samsunspor,Kayserispor,2,1,H,1.75,3.75,4.33,1.73,3.17,5.6,1.24,6.35,10.16,1.57,2.35,1.41,2.82
2025-08-08,T1,2526,Gaziantep,Galatasaray,0,3,A,6.25,5.0,1.33,8.01,5.38,1.34,7.67,5.05,1.41,1.48,2.6,1.58,2.48
2025-08-09,T1,2526,Samsunspor,Genclerbirligi,2,1,H,1.67,3.7,3.9,1.74,3.8,4.63,1.68,3.93,5.3,1.88,1.93,1.91,1.98
2025-08-09,T1,2526,Antalyaspor,Kasimpasa,2,1,H,2.5,3.4,2.4,2.82,3.42,2.49,2.67,3.3,2.81,1.73,2.08,2.02,1.87
2025-08-10,T1,2526,Rizespor,Goztep,0,3,A,1.95,3.5,3.3,2.18,3.51,3.26,2.28,3.41,3.31,1.8,2.0,1.83,2.05
2025-08-10,T1,2526,Eyupspor,Konyaspor,1,4,A,2.25,3.3,2.8,2.42,3.25,3.05,2.45,3.21,3.19,1.98,1.83,2.23,1.71
2025-08-11,T1,2526,Trabzonspor,Kocaelispor,1,0,H,1.53,3.9,4.75,1.58,4.14,5.53,1.51,4.41,6.64,1.75,2.05,1.75,2.15
2025-08-15,E0,2526,Liverpool,Bournemouth,4,2,H,1.3,6.0,8.5,1.28,6.56,9.07,1.29,6.55,9.75,1.36,3.2,1.41,2.95
2025-08-15,T1,2526,Galatasaray,Karagumruk,3,0,H,1.17,7.0,15.0,1.16,8.14,17.05,1.15,8.56,18.63,1.4,2.88,1.37,3.15
2025-08-16,E0,2526,Aston Villa,Newcastle,0,0,D,2.25,3.5,2.9,2.24,3.72,3.13,2.32,3.63,3.07,1.62,2.3,1.66,2.31
2025-08-16,E0,2526,Brighton,Fulham,1,1,D,1.91,3.6,4.0,1.94,3.73,3.98,1.92,3.66,4.27,1.73,2.1,1.91,2.0
2025-08-16,E0,2526,Sunderland,West Ham,3,0,H,3.25,3.4,2.25,3.27,3.43,2.29,3.55,3.24,2.29,1.93,1.93,2.24,1.7
2025-08-16,E0,2526,Tottenham,Burnley,3,0,H,1.38,4.75,8.5,1.4,4.71,8.79,1.56,4.2,6.7,1.73,2.1,1.91,2.0
2025-08-16,E0,2526,Wolves,Man City,0,4,A,6.25,4.75,1.45,6.72,4.92,1.46,6.22,4.7,1.52,1.62,2.3,1.64,2.37
2025-08-16,T1,2526,Kocaelispor,Samsunspor,0,1,A,2.8,3.3,2.45,2.88,3.34,2.48,2.57,3.39,2.86,2.08,1.73,2.13,1.77
2025-08-16,T1,2526,Alanyaspor,Rizespor,0,0,D,2.2,3.5,3.1,2.2,3.51,3.21,2.57,3.39,2.87,1.8,2.0,1.86,2.03
2025-08-16,T1,2526,Goztep,Fenerbahce,0,0,D,4.2,3.75,1.75,4.22,3.97,1.77,4.03,3.73,1.93,1.62,2.25,1.86,2.03
2025-08-17,E0,2526,Chelsea,Crystal Palace,0,0,D,1.62,4.33,4.5,1.66,4.12,5.25,1.75,4.1,4.67,1.67,2.2,1.74,2.18
2025-08-17,E0,2526,Nott'm Forest,Brentford,3,1,H,2.2,3.3,3.5,2.25,3.38,3.4,2.18,3.37,3.66,2.0,1.85,2.09,1.81
2025-08-17,E0,2526,Man United,Arsenal,0,1,A,3.6,3.6,1.95,3.74,3.72,2.01,3.84,3.71,2.0,1.83,2.03,1.74,2.18
2025-08-17,T1,2526,Genclerbirligi,Antalyaspor,0,1,A,2.63,3.2,2.7,2.64,3.22,2.77,2.63,3.19,2.95,2.05,1.75,2.22,1.71
2025-08-17,T1,2526,Konyaspor,Gaziantep,3,0,H,1.83,3.5,4.2,1.83,3.71,4.23,1.83,3.74,4.52,1.83,1.98,1.85,2.04
2025-08-17,T1,2526,Besiktas,Eyupspor,2,1,H,1.44,5.0,5.5,1.44,4.82,6.52,1.54,4.78,5.6,1.53,2.4,1.6,2.43
2025-08-17,T1,2526,Buyuksehyr,Kayserispor,1,1,D,1.57,4.2,5.0,1.58,4.26,5.31,1.78,3.94,4.55,1.65,2.2,1.72,2.22
2025-08-18,E0,2526,Leeds,Everton,1,0,H,2.38,3.3,3.0,2.37,3.52,3.06,2.36,3.3,3.32,2.1,1.73,2.2,1.74
2025-08-18,T1,2526,Kasimpasa,Trabzonspor,0,1,A,2.75,3.5,2.4,2.73,3.52,2.51,3.23,3.5,2.28,1.62,2.25,1.81,2.08
2025-08-22,D1,2526,Bayern Munich,RB Leipzig,6,0,H,1.22,7.0,9.0,1.23,7.43,10.85,1.25,7.24,10.31,1.25,4.0,1.32,3.33
2025-08-22,E0,2526,West Ham,Chelsea,1,5,A,4.75,3.8,1.73,4.94,3.95,1.74,5.17,4.14,1.68,1.73,2.1,1.73,2.19
2025-08-22,T1,2526,Karagumruk,Goztep,0,2,A,3.3,3.3,2.0,3.59,3.41,2.16,3.73,3.37,2.13,2.1,1.7,2.19,1.72
2025-08-23,D1,2526,Ein Frankfurt,Werder Bremen,4,1,H,1.7,4.1,4.5,1.7,4.26,4.68,1.62,4.52,5.21,1.57,2.38,1.52,2.63
2025-08-23,D1,2526,Freiburg,Augsburg,1,3,A,1.85,3.6,4.33,1.87,3.71,4.33,1.96,3.63,4.11,1.93,1.93,1.99,1.92
2025-08-23,D1,2526,Heidenheim,Wolfsburg,1,3,A,3.2,3.5,2.2,3.19,3.59,2.26,2.84,3.47,2.58,1.67,2.2,1.81,2.08
2025-08-23,D1,2526,Leverkusen,Hoffenheim,1,2,A,1.53,4.75,5.25,1.56,4.74,5.46,1.76,4.25,4.41,1.5,2.63,1.57,2.51
2025-08-23,D1,2526,Union Berlin,Stuttgart,2,1,H,3.4,3.7,2.05,3.56,3.69,2.07,4.23,3.87,1.87,1.67,2.2,1.67,2.32
2025-08-23,D1,2526,St Pauli,Dortmund,3,3,D,4.5,3.9,1.75,4.82,3.79,1.77,4.13,3.64,1.95,1.83,2.03,1.86,2.05
2025-08-23,E0,2526,Man City,Tottenham,0,2,A,1.48,4.5,6.25,1.49,5.0,6.01,1.51,4.93,6.07,1.44,2.75,1.52,2.66
2025-08-23,E0,2526,Bournemouth,Wolves,1,0,H,1.8,3.8,4.2,1.79,3.98,4.4,1.81,3.88,4.59,1.73,2.1,1.81,2.09
2025-08-23,E0,2526,Brentford,Aston Villa,1,0,H,3.1,3.6,2.2,3.26,3.49,2.27,3.29,3.48,2.29,1.8,2.0,1.99,1.92
2025-08-23,E0,2526,Burnley,Sunderland,2,0,H,2.2,3.2,3.5,2.21,3.26,3.63,2.35,3.19,3.47,2.3,1.62,2.45,1.61
2025-08-23,E0,2526,Arsenal,Leeds,5,0,H,1.27,6.25,9.5,1.28,6.21,9.68,1.34,5.55,9.7,1.53,2.5,1.65,2.33
2025-08-23,T1,2526,Fenerbahce,Kocaelispor,3,1,H,1.33,5.0,7.0,1.29,5.82,9.28,1.31,5.92,9.49,1.53,2.4,1.54,2.58
2025-08-23,T1,2526,Gaziantep,Genclerbirligi,2,1,H,1.67,3.4,4.75,1.78,3.67,4.61,2.0,3.6,3.88,2.08,1.73,2.03,1.86
2025-08-24,D1,2526,Mainz,FC Koln,0,1,A,1.9,3.7,4.0,1.93,3.7,4.07,1.93,3.73,4.12,1.83,2.03,1.85,2.06
2025-08-24,D1,2526,M'gladbach,Hamburg,0,0,D,1.85,3.9,3.9,1.86,4.06,3.96,1.88,4.02,4.03,1.53,2.5,1.58,2.51
2025-08-24,E0,2526,Crystal Palace,Nott'm Forest,1,1,D,2.35,3.3,3.1,2.41,3.25,3.22,2.45,3.25,3.21,2.1,1.73,2.3,1.68
2025-08-24,E0,2526,Everton,Brighton,2,0,H,3.1,3.3,2.3,3.16,3.36,2.38,3.14,3.36,2.43,2.0,1.8,2.04,1.88
2025-08-24,E0,2526,Fulham,Man United,1,1,D,3.25,3.5,2.15,3.3,3.54,2.23,3.53,3.49,2.18,1.8,2.0,1.85,2.07
2025-08-24,T1,2526,Trabzonspor,Antalyaspor,1,0,H,1.6,3.7,4.75,1.65,3.89,5.26,1.54,4.39,6.25,1.88,1.93,1.93,1.96
2025-08-24,T1,2526,Kayserispor,Galatasaray,0,4,A,6.5,5.5,1.3,8.18,5.91,1.31,6.24,5.42,1.44,1.4,2.88,1.45,2.85
2025-08-25,E0,2526,Newcastle,Liverpool,2,3,A,3.25,3.8,2.05,3.29,3.92,2.11,2.97,3.74,2.36,1.57,2.38,1.6,2.42
2025-08-25,T1,2526,Eyupspor,Alanyaspor,2,1,H,2.35,3.3,2.63,2.52,3.29,2.87,2.47,3.28,3.1,1.93,1.88,1.99,1.89
2025-08-29,D1,2526,Hamburg,St Pauli,0,2,A,2.4,3.3,3.0,2.45,3.29,3.12,2.49,3.18,3.2,2.0,1.8,2.29,1.69
2025-08-29,T1,2526,Goztep,Konyaspor,1,1,D,1.81,3.5,4.2,1.88,3.53,4.57,1.79,3.7,4.85,1.98,1.83,1.99,1.9
2025-08-30,D1,2526,Hoffenheim,Ein Frankfurt,1,3,A,2.88,3.75,2.25,2.95,3.84,2.3,2.74,3.81,2.47,1.5,2.63,1.48,2.68
2025-08-30,D1,2526,RB Leipzig,Heidenheim,2,0,H,1.44,5.0,6.25,1.45,5.17,6.4,1.48,4.96,6.28,1.5,2.63,1.51,2.61
2025-08-30,D1,2526,Stuttgart,M'gladbach,1,0,H,1.6,4.5,4.75,1.62,4.59,4.97,1.58,4.81,5.08,1.4,3.0,1.34,3.31
2025-08-30,D1,2526,Werder Bremen,Leverkusen,3,3,D,3.7,3.8,1.91,3.82,3.87,1.94,3.59,3.89,2.0,1.57,2.38,1.49,2.66
2025-08-30,D1,2526,Augsburg,Bayern Munich,2,3,A,9.0,6.5,1.27,9.88,6.53,1.27,9.65,6.2,1.29,1.33,3.4,1.43,2.87
2025-08-30,E0,2526,Chelsea,Fulham,2,0,H,1.55,4.33,5.25,1.57,4.37,5.75,1.67,3.97,5.49,1.67,2.2,1.78,2.13
2025-08-30,E0,2526,Man United,Burnley,3,2,H,1.33,5.25,8.0,1.36,5.39,8.45,1.4,5.11,7.98,1.67,2.2,1.63,2.39
2025-08-30,E0,2526,Sunderland,Brentford,2,1,H,3.0,3.3,2.4,3.03,3.24,2.53,3.08,3.29,2.5,2.1,1.73,2.15,1.78
2025-08-30,E0,2526,Tottenham,Bournemouth,0,1,A,1.73,4.2,4.2,1.76,4.14,4.39,1.97,3.71,3.97,1.57,2.38,1.68,2.31
2025-08-30,E0,2526,Wolves,Everton,2,3,A,2.7,3.2,2.75,2.74,3.23,2.79,3.21,3.2,2.48,2.2,1.67,2.49,1.59
2025-08-30,E0,2526,Leeds,Newcastle,0,0,D,3.5,3.4,2.1,3.47,3.54,2.16,3.16,3.55,2.33,1.8,2.0,2.0,1.91
2025-08-30,T1,2526,Kasimpasa,Gaziantep,2,3,A,1.81,4.1,3.5,1.88,3.96,3.7,2.16,3.69,3.34,1.57,2.35,1.71,2.22
2025-08-30,T1,2526,Kocaelispor,Kayserispor,1,1,D,2.1,3.3,3.4,2.18,3.32,3.44,2.12,3.4,3.72,1.95,1.85,1.96,1.93
2025-08-30,T1,2526,Antalyaspor,Karagumruk,1,2,A,1.91,3.4,3.9,1.95,3.23,4.37,1.9,3.37,4.69,2.0,1.8,2.09,1.8
2025-08-30,T1,2526,Galatasaray,Rizespor,3,1,H,1.19,7.0,11.0,1.18,7.31,12.51,1.18,7.95,14.49,1.33,3.4,1.27,3.82
2025-08-31,D1,2526,Wolfsburg,Mainz,1,1,D,2.0,3.6,3.5,2.08,3.68,3.54,2.13,3.65,3.51,1.73,2.1,1.79,2.13
2025-08-31,D1,2526,Dortmund,Union Berlin,3,0,H,1.4,5.25,6.5,1.4,5.3,7.28,1.41,5.29,7.35,1.5,2.63,1.55,2.6
2025-08-31,D1,2526,FC Koln,Freiburg,4,1,H,2.55,3.3,2.8,2.66,3.38,2.77,2.6,3.42,2.86,2.03,1.83,1.92,1.98
2025-08-31,E0,2526,Brighton,Man City,2,1,H,3.8,3.9,1.9,3.92,3.89,1.91,3.77,3.79,2.0,1.62,2.3,1.54,2.58
2025-08-31,E0,2526,Nott'm Forest,West Ham,0,3,A,1.67,3.75,5.25,1.69,3.98,5.13,1.69,4.0,5.17,1.98,1.88,1.81,2.08
2025-08-31,E0,2526,Liverpool,Arsenal,1,0,H,2.2,3.5,3.2,2.27,3.47,3.28,2.4,3.53,3.05,1.73,2.1,1.74,2.19
2025-08-31,E0,2526,Aston Villa,Crystal Palace,0,3,A,1.85,3.7,4.0,1.9,3.69,4.21,2.03,3.51,3.98,1.98,1.88,2.04,1.88
2025-08-31,T1,2526,Buyuksehyr,Eyupspor,0,0,D,1.96,3.6,3.5,2.04,3.59,3.54,2.15,3.42,3.63,1.8,2.0,1.89,2.0
2025-08-31,T1,2526,Genclerbirligi,Fenerbahce,1,3,A,9.0,5.0,1.3,9.06,5.28,1.32,7.81,4.97,1.41,1.6,2.3,1.68,2.29
2025-08-31,T1,2526,Alanyaspor,Besiktas,2,0,H,3.2,3.7,2.05,3.34,3.66,2.09,3.89,3.59,2.01,1.7,2.1,1.87,2.02
2025-08-31,T1,2526,Trabzonspor,Samsunspor,1,1,D,1.71,3.75,4.5,1.76,3.76,4.54,1.77,3.82,4.79,1.88,1.93,2.03,1.86
2025-09-12,D1,2526,Leverkusen,Ein Frankfurt,3,1,H,2.1,3.8,3.2,2.16,3.83,3.29,2.19,3.8,3.24,1.44,2.75,1.57,2.49
2025-09-13,D1,2526,Freiburg,Stuttgart,3,1,H,2.9,3.6,2.35,2.92,3.64,2.41,2.66,3.5,2.73,1.57,2.38,1.73,2.22
2025-09-13,D1,2526,Heidenheim,Dortmund,0,2,A,5.5,4.5,1.55,5.53,4.66,1.56,5.34,4.54,1.6,1.5,2.63,1.47,2.75
2025-09-13,D1,2526,Mainz,RB Leipzig,0,1,A,2.55,3.6,2.63,2.6,3.7,2.64,2.41,3.79,2.87,1.67,2.2,1.56,2.55
2025-09-13,D1,2526,Union Berlin,Hoffenheim,2,4,A,2.6,3.4,2.7,2.66,3.51,2.68,2.94,3.42,2.53,1.88,1.98,1.88,2.03
2025-09-13,D1,2526,Wolfsburg,FC Koln,3,3,D,1.95,3.5,3.9,2.01,3.61,3.85,1.97,3.71,3.97,1.8,2.0,1.76,2.17
2025-09-13,D1,2526,Bayern Munich,Hamburg,5,0,H,1.06,12.0,26.0,1.07,14.97,29.41,1.08,16.5,21.0,1.22,4.33,1.32,3.2
2025-09-13,E0,2526,Arsenal,Nott'm Forest,3,0,H,1.38,5.0,8.0,1.38,5.25,8.14,1.38,5.12,8.32,1.73,2.1,1.67,2.29
2025-09-13,E0,2526,Bournemouth,Brighton,2,1,H,2.35,3.5,2.9,2.4,3.57,2.98,2.47,3.54,2.94,1.67,2.2,1.67,2.3
2025-09-13,E0,2526,Crystal Palace,Sunderland,0,0,D,1.65,3.75,5.75,1.69,3.77,5.51,1.69,3.69,5.82,2.1,1.73,2.22,1.71
2025-09-13,E0,2526,Everton,Aston Villa,0,0,D,2.45,3.3,2.9,2.46,3.41,3.01,2.7,3.26,2.86,2.05,1.8,2.21,1.72
2025-09-13,E0,2526,Fulham,Leeds,1,0,H,1.91,3.5,4.0,1.99,3.56,3.99,2.11,3.38,3.87,2.03,1.83,2.13,1.78
2025-09-13,E0,2526,Newcastle,Wolves,1,0,H,1.42,4.75,7.0,1.43,4.93,7.21,1.37,5.2,9.25,1.8,2.0,1.72,2.21
2025-09-13,E0,2526,West Ham,Tottenham,0,3,A,3.4,3.6,2.1,3.55,3.62,2.1,3.44,3.59,2.18,1.8,2.0,1.77,2.15
2025-09-13,E0,2526,Brentford,Chelsea,2,2,D,4.5,3.9,1.73,4.63,3.95,1.76,4.21,3.86,1.88,1.73,2.1,1.74,2.19
2025-09-13,T1,2526,Eyupspor,Galatasaray,0,2,A,8.5,4.75,1.33,10.41,4.9,1.32,9.64,5.27,1.34,1.44,2.7,1.46,2.82
2025-09-13,T1,2526,Karagumruk,Kasimpasa,0,1,A,2.75,3.4,2.35,2.94,3.23,2.5,3.19,3.2,2.46,1.9,1.9,2.08,1.81
2025-09-13,T1,2526,Samsunspor,Antalyaspor,1,2,A,1.76,3.5,4.75,1.79,3.51,4.78,1.68,3.71,5.8,2.15,1.67,2.15,1.75
2025-09-13,T1,2526,Besiktas,Buyuksehyr,2,1,H,1.66,3.9,4.75,1.72,3.8,4.74,1.59,4.3,5.7,1.67,2.15,1.57,2.49
2025-09-13,T1,2526,Konyaspor,Alanyaspor,1,2,A,2.05,3.4,3.5,2.14,3.32,3.54,2.13,3.34,3.78,2.05,1.75,2.03,1.87
2025-09-14,D1,2526,St Pauli,Augsburg,2,1,H,2.2,3.4,3.3,2.23,3.39,3.46,2.23,3.32,3.6,2.1,1.73,2.17,1.75
2025-09-14,D1,2526,M'gladbach,Werder Bremen,0,4,A,1.95,3.9,3.4,2.0,4.11,3.44,2.05,4.08,3.38,1.5,2.63,1.39,3.09
2025-09-14,E0,2526,Burnley,Liverpool,0,1,A,8.0,5.5,1.33,9.0,5.44,1.34,9.5,5.7,1.33,1.53,2.5,1.53,2.61
2025-09-14,E0,2526,Man City,Man United,3,0,H,1.75,4.0,4.2,1.8,4.0,4.33,1.77,4.05,4.53,1.57,2.38,1.59,2.49
2025-09-14,T1,2526,Kayserispor,Goztep,1,1,D,3.4,3.2,2.15,3.57,3.2,2.19,3.79,3.45,2.08,2.0,1.8,1.88,2.01
2025-09-14,T1,2526,Fenerbahce,Trabzonspor,1,0,H,1.35,5.0,7.5,1.43,4.64,6.89,1.48,4.67,6.68,1.65,2.2,1.65,2.33
2025-09-14,T1,2526,Gaziantep,Kocaelispor,2,0,H,2.01,3.3,3.8,2.09,3.25,3.79,2.16,3.26,3.79,1.85,1.95,1.96,1.93
2025-09-15,T1,2526,Rizespor,Genclerbirligi,1,0,H,1.62,3.5,5.75,1.64,3.74,5.63,1.74,3.76,5.1,1.95,1.85,1.75,2.15
2025-09-17,T1,2526,Fenerbahce,Alanyaspor,2,2,D,1.27,5.5,8.5,1.3,5.7,8.91,1.25,6.34,11.54,1.53,2.4,1.56,2.49
2025-09-17,T1,2526,Karagumruk,Buyuksehyr,0,2,A,3.7,3.6,1.86,3.86,3.58,1.95,3.97,3.76,1.93,1.98,1.83,1.91,1.98
2025-09-17,T1,2526,Samsunspor,Kasimpasa,0,0,D,1.76,3.75,4.33,1.78,3.73,4.48,1.93,3.55,4.24,1.83,1.98,1.98,1.9
2025-09-19,D1,2526,Stuttgart,St Pauli,2,0,H,1.75,4.1,4.2,1.78,4.0,4.46,1.8,4.09,4.37,1.73,2.1,1.66,2.32
2025-09-19,T1,2526,Goztep,Besiktas,3,0,H,2.1,3.6,3.1,2.21,3.59,3.31,2.45,3.49,2.96,1.73,2.08,1.8,2.09
2025-09-20,D1,2526,Augsburg,Mainz,1,4,A,2.7,3.4,2.6,2.77,3.47,2.61,2.75,3.42,2.69,1.93,1.93,1.96,1.94
2025-09-20,D1,2526,Hamburg,Heidenheim,2,1,H,2.05,3.6,3.5,2.1,3.53,3.66,1.88,3.89,4.18,1.8,2.0,1.68,2.29
2025-09-20,D1,2526,Hoffenheim,Bayern Munich,1,4,A,7.0,6.0,1.33,7.87,6.19,1.33,8.29,6.37,1.31,1.29,3.75,1.32,3.45
2025-09-20,D1,2526,Werder Bremen,Freiburg,0,3,A,2.38,3.6,2.8,2.38,3.81,2.86,2.51,3.68,2.79,1.62,2.3,1.64,2.38
2025-09-20,D1,2526,RB Leipzig,FC Koln,3,1,H,1.65,4.33,4.5,1.68,4.39,4.73,1.95,3.9,3.84,1.53,2.5,1.49,2.72
2025-09-20,E0,2526,Liverpool,Everton,2,1,H,1.45,4.75,6.5,1.45,4.7,7.25,1.54,4.4,6.5,1.62,2.3,1.73,2.2
2025-09-20,E0,2526,Brighton,Tottenham,2,2,D,2.25,3.7,3.0,2.28,3.67,3.1,2.28,3.74,3.1,1.67,2.2,1.67,2.33
2025-09-20,E0,2526,Burnley,Nott'm Forest,1,1,D,3.4,3.3,2.2,3.43,3.47,2.2,3.46,3.37,2.26,2.0,1.85,2.09,1.81
2025-09-20,E0,2526,West Ham,Crystal Palace,1,2,A,2.88,3.5,2.38,3.09,3.39,2.41,3.26,3.4,2.34,2.05,1.8,2.01,1.9
2025-09-20,E0,2526,Wolves,Leeds,1,3,A,2.7,3.2,2.75,2.78,3.21,2.76,2.85,3.17,2.77,2.3,1.62,2.32,1.66
2025-09-20,E0,2526,Man United,Chelsea,2,1,H,2.6,3.8,2.45,2.71,3.74,2.52,2.71,3.69,2.58,1.57,2.38,1.59,2.44
2025-09-20,E0,2526,Fulham,Brentford,3,1,H,2.0,3.4,3.8,2.05,3.44,3.92,2.19,3.32,3.71,2.0,1.85,2.11,1.8
2025-09-20,T1,2526,Genclerbirligi,Eyupspor,1,0,H,2.55,3.25,2.55,2.73,3.13,2.75,2.43,3.27,3.16,2.1,1.7,2.14,1.77
2025-09-20,T1,2526,Antalyaspor,Kayserispor,1,1,D,2.01,3.5,3.5,2.13,3.22,3.69,2.37,3.37,3.19,1.98,1.83,1.98,1.9
2025-09-20,T1,2526,Trabzonspor,Gaziantep,1,1,D,1.61,3.8,5.0,1.65,3.95,5.07,1.74,3.88,4.96,1.73,2.08,1.82,2.06
2025-09-21,D1,2526,Ein Frankfurt,Union Berlin,3,4,A,1.57,4.33,5.5,1.58,4.47,5.57,1.65,4.38,5.03,1.57,2.38,1.57,2.5
2025-09-21,D1,2526,Leverkusen,M'gladbach,1,1,D,1.57,5.0,4.5,1.56,4.77,5.33,1.56,4.48,5.96,1.44,2.75,1.62,2.38
2025-09-21,D1,2526,Dortmund,Wolfsburg,1,0,H,1.5,5.0,5.5,1.52,5.13,5.42,1.59,4.66,5.27,1.44,2.75,1.46,2.79
2025-09-21,E0,2526,Bournemouth,Newcastle,0,0,D,2.5,3.5,2.7,2.47,3.57,2.87,2.52,3.45,2.93,1.83,2.03,1.88,2.04
2025-09-21,E0,2526,Sunderland,Aston Villa,1,1,D,3.4,3.5,2.1,3.71,3.37,2.14,3.61,3.32,2.22,2.2,1.67,2.23,1.72
2025-09-21,E0,2526,Arsenal,Man City,1,1,D,1.85,3.9,3.8,1.92,3.8,3.99,2.05,3.65,3.76,1.8,2.0,1.83,2.05
2025-09-21,T1,2526,Buyuksehyr,Alanyaspor,1,1,D,1.79,3.8,4.0,1.88,3.71,3.95,2.05,3.36,4.02,1.85,1.95,2.02,1.88
2025-09-21,T1,2526,Kocaelispor,Rizespor,1,1,D,2.55,3.3,2.65,2.49,3.67,2.66,2.73,3.54,2.6,1.85,1.95,2.0,1.89
2025-09-21,T1,2526,Kasimpasa,Fenerbahce,1,1,D,6.5,4.5,1.42,6.69,4.65,1.44,7.95,4.99,1.4,1.6,2.3,1.69,2.26
2025-09-21,T1,2526,Samsunspor,Karagumruk,3,2,H,1.49,3.9,6.5,1.54,3.97,6.42,1.75,3.81,4.94,1.9,1.9,1.96,1.93
2025-09-22,T1,2526,Galatasaray,Konyaspor,3,1,H,1.22,6.5,9.0,1.26,5.14,14.13,1.22,7.0,12.16,1.44,2.7,1.33,3.31
2025-09-24,T1,2526,Kayserispor,Besiktas,0,4,A,3.9,3.8,1.7,3.69,3.71,1.96,4.38,4.02,1.79,1.7,2.1,1.58,2.47
2025-09-26,D1,2526,Bayern Munich,Werder Bremen,4,0,H,1.09,11.0,21.0,1.09,12.5,26.0,1.1,12.0,26.0,1.2,4.5,,
2025-09-26,T1,2526,Alanyaspor,Galatasaray,0,1,A,6.25,4.5,1.42,6.88,4.61,1.48,6.88,4.61,1.48,1.53,2.4,1.54,2.58
2025-09-27,D1,2526,Heidenheim,Augsburg,2,1,H,2.7,3.5,2.5,2.77,3.65,2.51,2.85,3.56,2.53,1.73,2.1,1.81,2.09
2025-09-27,D1,2526,Mainz,Dortmund,0,2,A,3.2,3.7,2.1,3.32,3.79,2.13,3.53,3.83,2.06,1.62,2.3,1.63,2.41
2025-09-27,D1,2526,St Pauli,Leverkusen,1,2,A,3.1,3.6,2.2,3.28,3.55,2.24,3.37,3.54,2.23,1.88,1.98,1.95,1.95
2025-09-27,D1,2526,Wolfsburg,RB Leipzig,0,1,A,2.55,3.6,2.6,2.6,3.75,2.61,2.63,3.73,2.63,1.53,2.5,1.54,2.59
2025-09-27,D1,2526,M'gladbach,Ein Frankfurt,4,6,A,3.1,3.6,2.2,3.2,3.59,2.26,3.08,3.72,2.3,1.53,2.5,1.56,2.52
2025-09-27,E0,2526,Brentford,Man United,3,1,H,3.4,3.8,2.0,3.47,3.79,2.07,3.39,3.82,2.12,1.67,2.2,1.65,2.34
2025-09-27,E0,2526,Chelsea,Brighton,1,3,A,1.85,3.8,3.8,1.9,3.86,3.98,1.91,3.91,4.0,1.62,2.3,1.68,2.28
2025-09-27,E0,2526,Crystal Palace,Liverpool,2,1,H,3.8,3.8,1.9,3.93,3.73,1.95,4.3,3.71,1.89,1.73,2.1,1.75,2.18
2025-09-27,E0,2526,Leeds,Bournemouth,2,2,D,3.1,3.25,2.38,2.99,3.32,2.51,3.01,3.37,2.5,2.03,1.83,2.09,1.83
2025-09-27,E0,2526,Man City,Burnley,5,1,H,1.17,7.5,15.0,1.17,8.36,14.45,1.2,7.49,14.84,1.44,2.75,1.49,2.66
2025-09-27,E0,2526,Nott'm Forest,Sunderland,0,1,A,1.75,3.75,4.5,1.78,3.82,4.76,1.78,3.82,4.79,2.0,1.85,2.02,1.88
2025-09-27,E0,2526,Tottenham,Wolves,1,1,D,1.5,4.5,6.0,1.49,4.96,6.08,1.58,4.37,5.76,1.73,2.1,1.77,2.14
2025-09-27,T1,2526,Eyupspor,Goztep,0,0,D,4.33,3.6,1.79,4.15,3.69,1.85,3.45,3.41,1.98,1.95,1.85,1.91,1.82
2025-09-27,T1,2526,Gaziantep,Samsunspor,2,2,D,2.45,3.3,2.75,2.46,3.38,2.87,2.46,3.47,2.95,1.93,1.88,1.89,2.0
2025-09-27,T1,2526,Karagumruk,Trabzonspor,3,4,A,3.75,3.5,1.91,3.87,3.44,1.99,3.44,3.63,2.14,2.0,1.8,1.85,2.04
2025-09-28,D1,2526,Freiburg,Hoffenheim,1,1,D,2.25,3.4,3.1,2.27,3.66,3.13,2.36,3.55,3.1,1.62,2.3,1.65,2.31
2025-09-28,D1,2526,FC Koln,Stuttgart,1,2,A,2.9,3.5,2.35,2.91,3.68,2.39,2.61,3.72,2.66,1.53,2.5,1.56,2.5
2025-09-28,D1,2526,Union Berlin,Hamburg,0,0,D,1.95,3.4,4.0,1.99,3.7,3.82,2.01,3.61,3.95,1.8,2.0,1.92,1.99
2025-09-28,E0,2526,Aston Villa,Fulham,3,1,H,2.3,3.1,3.4,2.3,3.15,3.55,2.38,3.25,3.34,2.1,1.73,2.16,1.76
2025-09-28,E0,2526,Newcastle,Arsenal,1,2,A,3.6,3.4,2.1,3.64,3.4,2.15,3.78,3.36,2.14,2.1,1.73,2.3,1.67
2025-09-28,T1,2526,Konyaspor,Buyuksehyr,2,1,H,2.15,3.25,3.3,2.23,3.32,3.32,2.16,3.35,3.69,1.98,1.83,1.99,1.9
2025-09-28,T1,2526,Rizespor,Kasimpasa,1,2,A,1.91,3.8,3.6,1.99,3.88,3.42,2.11,3.54,3.6,1.75,2.05,1.83,2.06
2025-09-28,T1,2526,Fenerbahce,Antalyaspor,2,0,H,1.19,6.5,12.0,1.19,6.91,12.72,1.22,6.79,12.58,1.53,2.4,1.61,2.39
2025-09-28,T1,2526,Kayserispor,Genclerbirligi,1,1,D,2.05,3.3,3.4,2.08,3.38,3.65,2.2,3.43,3.49,1.85,1.95,1.88,2.01
2025-09-29,E0,2526,Everton,West Ham,1,1,D,1.7,3.75,5.0,1.74,3.88,4.9,1.68,3.9,5.46,1.93,1.93,2.0,1.9
2025-09-29,T1,2526,Besiktas,Kocaelispor,3,1,H,1.37,4.75,7.0,1.39,4.75,7.76,1.38,5.34,7.82,1.67,2.15,1.61,2.42
2025-10-03,D1,2526,Hoffenheim,FC Koln,0,1,A,1.91,3.7,3.75,1.93,3.98,3.79,1.92,3.95,3.92,1.57,2.38,1.57,2.5
2025-10-03,E0,2526,Bournemouth,Fulham,3,1,H,1.95,3.5,3.9,1.99,3.6,3.93,2.02,3.55,3.98,2.0,1.85,2.04,1.88
2025-10-03,T1,2526,Antalyaspor,Rizespor,2,5,A,2.65,3.1,2.35,,,,2.9,3.35,2.57,2.15,1.67,2.16,1.75
2025-10-03,T1,2526,Trabzonspor,Kayserispor,4,0,H,1.41,4.5,6.5,1.45,4.83,7.15,1.41,5.02,7.77,1.62,2.25,1.62,2.38
2025-10-04,D1,2526,Augsburg,Wolfsburg,3,1,H,2.75,3.5,2.45,2.86,3.58,2.48,2.64,3.58,2.71,1.73,2.1,1.78,2.15
2025-10-04,D1,2526,Dortmund,RB Leipzig,1,1,D,1.7,4.5,4.2,1.7,4.67,4.25,1.71,4.63,4.29,1.36,3.2,1.34,3.38
2025-10-04,D1,2526,Leverkusen,Union Berlin,2,0,H,1.7,4.0,4.75,1.7,4.1,4.88,1.7,4.09,4.94,1.8,2.0,1.75,2.17
2025-10-04,D1,2526,Werder Bremen,St Pauli,1,0,H,2.35,3.7,2.88,2.43,3.67,2.87,2.37,3.61,3.04,1.73,2.1,1.7,2.26
2025-10-04,D1,2526,Ein Frankfurt,Bayern Munich,0,3,A,6.25,5.25,1.42,6.14,5.53,1.44,7.49,5.65,1.38,1.29,3.75,1.32,3.37
2025-10-04,E0,2526,Leeds,Tottenham,1,2,A,2.7,3.5,2.5,2.78,3.56,2.55,2.77,3.45,2.65,1.95,1.9,1.97,1.93
2025-10-04,E0,2526,Arsenal,West Ham,2,0,H,1.18,6.5,17.0,1.21,6.93,13.68,1.22,6.82,14.76,1.53,2.5,1.49,2.64
2025-10-04,E0,2526,Man United,Sunderland,2,0,H,1.5,4.75,5.75,1.51,4.7,6.18,1.57,4.41,5.78,1.62,2.3,1.73,2.19
2025-10-04,E0,2526,Chelsea,Liverpool,2,1,H,2.8,3.75,2.3,2.92,3.89,2.3,2.9,3.85,2.36,1.53,2.5,1.52,2.59
2025-10-04,T1,2526,Genclerbirligi,Alanyaspor,2,2,D,3.0,3.3,2.25,3.07,3.37,2.34,3.42,3.45,2.22,2.05,1.75,2.07,1.83
2025-10-04,T1,2526,Kocaelispor,Eyupspor,1,0,H,2.1,3.4,3.3,2.2,3.36,3.35,2.38,3.34,3.18,2.03,1.78,2.01,1.88
2025-10-04,T1,2526,Galatasaray,Besiktas,1,1,D,1.56,4.75,4.5,1.58,4.72,4.77,1.64,4.55,4.83,1.44,2.7,1.43,2.92
2025-10-05,D1,2526,Stuttgart,Heidenheim,1,0,H,1.42,4.75,7.0,1.44,5.16,6.75,1.41,5.33,7.49,1.5,2.63,1.48,2.69
2025-10-05,D1,2526,Hamburg,Mainz,4,0,H,2.8,3.5,2.4,2.89,3.53,2.48,3.21,3.77,2.21,1.73,2.1,1.57,2.54
2025-10-05,D1,2526,M'gladbach,Freiburg,0,0,D,2.25,3.6,3.0,2.36,3.57,3.04,2.66,3.4,2.8,1.73,2.1,1.93,1.97
2025-10-05,E0,2526,Aston Villa,Burnley,2,1,H,1.6,4.0,5.75,1.6,3.99,6.21,1.65,3.91,5.77,1.98,1.88,1.95,1.95
2025-10-05,E0,2526,Everton,Crystal Palace,2,1,H,2.45,3.25,3.0,2.59,3.26,2.95,2.61,3.23,2.99,2.2,1.67,2.23,1.72
2025-10-05,E0,2526,Newcastle,Nott'm Forest,2,0,H,1.57,4.2,5.5,1.63,4.3,5.27,1.57,4.39,5.91,1.73,2.1,1.71,2.23
2025-10-05,E0,2526,Wolves,Brighton,1,1,D,3.6,3.7,2.0,3.82,3.68,1.99,3.82,3.68,2.02,1.85,2.0,1.89,2.01
2025-10-05,E0,2526,Brentford,Man City,0,1,A,4.75,4.5,1.62,4.87,4.5,1.64,5.04,4.39,1.65,1.57,2.38,1.63,2.36
2025-10-05,T1,2526,Kasimpasa,Konyaspor,1,1,D,2.55,3.3,2.55,2.64,3.38,2.68,2.62,3.46,2.76,1.9,1.9,1.9,1.99
2025-10-05,T1,2526,Karagumruk,Gaziantep,0,2,A,2.65,3.2,2.65,2.64,3.35,2.69,2.86,3.3,2.63,1.83,1.98,1.91,1.97
2025-10-05,T1,2526,Goztep,Buyuksehyr,1,0,H,1.71,3.6,4.5,1.82,3.56,4.48,1.86,3.46,4.76,1.98,1.83,2.09,1.82
2025-10-05,T1,2526,Samsunspor,Fenerbahce,0,0,D,4.5,3.6,1.57,4.88,3.91,1.68,5.51,4.18,1.62,1.83,1.98,1.81,2.08
2025-10-17,D1,2526,Union Berlin,M'gladbach,3,1,H,2.2,3.4,3.2,2.24,3.5,3.31,2.25,3.46,3.39,1.88,1.98,1.97,1.93
2025-10-18,D1,2526,FC Koln,Augsburg,1,1,D,1.95,3.9,3.5,2.0,3.96,3.56,1.92,3.9,3.98,1.57,2.38,1.61,2.44
2025-10-18,D1,2526,Heidenheim,Werder Bremen,2,2,D,2.88,3.5,2.35,2.97,3.61,2.39,3.08,3.6,2.35,1.67,2.2,1.72,2.23
2025-10-18,D1,2526,Mainz,Leverkusen,3,4,A,2.8,3.4,2.45,2.83,3.46,2.56,2.69,3.59,2.65,1.8,2.0,1.72,2.23
2025-10-18,D1,2526,RB Leipzig,Hamburg,2,1,H,1.44,4.75,6.5,1.43,5.37,6.59,1.47,5.28,6.25,1.36,3.2,1.38,3.13
2025-10-18,D1,2526,Wolfsburg,Stuttgart,0,3,A,2.63,3.6,2.5,2.72,3.62,2.57,2.89,3.75,2.41,1.62,2.3,1.6,2.45
2025-10-18,D1,2526,Bayern Munich,Dortmund,2,1,H,1.33,5.5,7.5,1.38,5.55,7.5,1.36,5.75,8.25,1.33,3.4,1.33,3.41
2025-10-18,E0,2526,Nott'm Forest,Chelsea,0,3,A,3.7,3.8,1.95,3.77,3.88,1.95,3.24,3.5,2.31,1.73,2.1,1.86,2.05
2025-10-18,E0,2526,Brighton,Newcastle,2,1,H,2.63,3.4,2.6,2.71,3.52,2.64,2.87,3.5,2.54,1.88,1.98,1.79,2.11
2025-10-18,E0,2526,Burnley,Leeds,2,0,H,3.25,3.25,2.25,3.43,3.29,2.28,3.57,3.23,2.28,2.2,1.67,2.37,1.65
2025-10-18,E0,2526,Crystal Palace,Bournemouth,3,3,D,2.2,3.4,3.25,2.23,3.4,3.43,2.24,3.41,3.47,1.95,1.9,1.87,2.05
2025-10-18,E0,2526,Man City,Everton,2,0,H,1.4,5.0,7.0,1.39,5.29,7.71,1.44,4.55,8.31,1.73,2.1,1.71,2.22
2025-10-18,E0,2526,Sunderland,Wolves,2,0,H,2.5,3.0,3.1,2.5,3.07,3.25,2.65,3.03,3.12,2.5,1.53,2.48,1.57
2025-10-18,E0,2526,Fulham,Arsenal,0,1,A,5.75,4.1,1.55,5.98,4.46,1.55,7.25,4.15,1.54,1.98,1.88,1.96,1.94
2025-10-18,T1,2526,Konyaspor,Kocaelispor,2,3,A,1.86,3.6,3.75,1.93,3.56,3.96,1.88,3.49,4.59,1.95,1.85,1.99,1.9
2025-10-18,T1,2526,Besiktas,Genclerbirligi,1,2,A,1.22,5.5,11.0,1.23,6.36,10.7,1.24,6.72,11.64,1.44,2.7,1.41,2.97
2025-10-18,T1,2526,Rizespor,Trabzonspor,1,2,A,2.65,3.4,2.4,2.74,3.49,2.51,3.07,3.48,2.38,1.75,2.05,1.9,1.99
2025-10-18,T1,2526,Buyuksehyr,Galatasaray,1,2,A,4.5,4.33,1.56,4.8,4.22,1.64,4.7,4.31,1.69,1.6,2.3,1.56,2.52
2025-10-19,D1,2526,Freiburg,Ein Frankfurt,2,2,D,2.5,3.5,2.7,2.54,3.68,2.72,2.56,3.64,2.76,1.62,2.3,1.68,2.29
2025-10-19,D1,2526,St Pauli,Hoffenheim,0,3,A,2.5,3.4,2.8,2.51,3.64,2.78,2.57,3.49,2.84,1.8,2.0,1.82,2.08
2025-10-19,E0,2526,Tottenham,Aston Villa,1,2,A,2.05,3.5,3.5,2.07,3.77,3.5,2.32,3.44,3.27,1.83,2.03,1.88,2.02
2025-10-19,E0,2526,Liverpool,Man United,1,2,A,1.6,4.5,5.0,1.63,4.27,5.32,1.63,4.46,5.12,1.44,2.75,1.49,2.69
2025-10-19,T1,2526,Kayserispor,Samsunspor,1,3,A,2.85,3.3,2.3,2.99,3.41,2.37,3.11,3.55,2.33,1.93,1.88,1.85,2.04
2025-10-19,T1,2526,Alanyaspor,Goztep,1,0,H,2.95,3.05,2.35,2.91,3.25,2.52,2.86,3.08,2.78,2.2,1.65,2.28,1.68
2025-10-19,T1,2526,Gaziantep,Antalyaspor,3,2,H,1.81,3.4,4.2,1.89,3.63,4.04,1.74,3.69,5.22,1.9,1.9,2.0,1.89
2025-10-19,T1,2526,Fenerbahce,Karagumruk,2,1,H,1.15,7.5,11.0,1.16,8.05,13.74,1.2,7.75,12.15,1.44,2.7,1.38,3.11
2025-10-20,E0,2526,West Ham,Brentford,0,2,A,2.5,3.25,2.88,2.54,3.43,2.87,2.63,3.31,2.9,1.9,1.95,2.0,1.91
2025-10-20,T1,2526,Eyupspor,Kasimpasa,2,0,H,2.3,3.2,3.05,2.36,3.34,3.07,2.5,3.29,3.04,2.05,1.75,2.15,1.76
2025-10-22,T1,2526,Konyaspor,Besiktas,0,2,A,3.05,3.5,2.15,3.21,3.53,2.2,3.08,3.64,2.3,1.75,2.05,1.78,2.11
2025-10-22,T1,2526,Rizespor,Buyuksehyr,0,0,D,2.25,3.05,3.2,2.36,3.46,2.98,2.39,3.42,3.1,1.9,1.9,1.93,1.95
2025-10-24,D1,2526,Werder Bremen,Union Berlin,1,0,H,2.25,3.6,2.9,2.33,3.63,3.09,2.36,3.59,3.08,1.67,2.2,1.7,2.24
2025-10-24,E0,2526,Leeds,West Ham,2,1,H,1.8,3.5,4.75,1.82,3.72,4.72,1.81,3.71,4.79,2.1,1.73,2.05,1.87
2025-10-24,T1,2526,Karagumruk,Kayserispor,2,2,D,2.05,3.6,3.05,2.29,3.61,2.98,2.29,3.61,2.98,1.7,2.1,1.75,2.12
2025-10-25,D1,2526,Augsburg,RB Leipzig,0,6,A,3.2,3.9,2.05,3.29,4.06,2.07,3.41,3.81,2.12,1.44,2.75,1.53,2.58
2025-10-25,D1,2526,Ein Frankfurt,St Pauli,2,0,H,1.67,4.2,4.5,1.74,4.19,4.49,1.65,4.43,4.92,1.57,2.38,1.5,2.7
2025-10-25,D1,2526,Hamburg,Wolfsburg,0,1,A,2.35,3.5,2.9,2.4,3.73,2.88,2.21,3.76,3.24,1.67,2.2,1.55,2.58
2025-10-25,D1,2526,Hoffenheim,Heidenheim,3,1,H,1.57,4.5,5.25,1.6,4.45,5.32,1.6,4.5,5.32,1.5,2.63,1.53,2.62
2025-10-25,D1,2526,M'gladbach,Bayern Munich,0,3,A,10.0,6.5,1.22,11.5,7.11,1.23,10.65,7.0,1.24,1.29,3.75,,
2025-10-25,D1,2526,Dortmund,FC Koln,1,0,H,1.44,5.25,6.5,1.46,4.96,6.64,1.39,5.38,7.8,1.4,3.0,1.5,2.66
2025-10-25,E0,2526,Chelsea,Sunderland,1,2,A,1.36,4.75,9.0,1.38,5.22,8.0,1.45,4.7,7.85,1.73,2.1,1.71,2.22
2025-10-25,E0,2526,Newcastle,Fulham,2,1,H,1.62,3.9,5.5,1.65,3.97,5.59,1.61,4.15,6.0,1.93,1.93,1.85,2.07
2025-10-25,E0,2526,Man United,Brighton,4,2,H,1.95,3.8,3.5,2.0,3.92,3.57,2.03,3.9,3.57,1.53,2.5,1.55,2.55
2025-10-25,E0,2526,Brentford,Liverpool,3,2,H,4.1,4.2,1.75,4.25,4.18,1.78,4.27,3.93,1.85,1.53,2.5,1.58,2.46
2025-10-25,T1,2526,Kocaelispor,Alanyaspor,2,0,H,2.35,3.2,2.95,2.41,3.22,3.09,2.41,3.22,3.09,2.0,1.8,2.02,1.82
2025-10-25,T1,2526,Trabzonspor,Eyupspor,2,0,H,1.53,4.33,5.25,1.57,4.14,5.59,1.57,4.14,5.59,1.8,2.0,1.83,2.01
2025-10-26,D1,2526,Leverkusen,Freiburg,2,0,H,1.83,3.9,4.0,1.84,3.92,4.2,2.02,3.59,3.91,1.73,2.1,1.81,2.08
2025-10-26,D1,2526,Stuttgart,Mainz,2,1,H,1.75,4.0,4.33,1.79,4.13,4.24,2.16,3.63,3.44,1.57,2.38,1.74,2.19
2025-10-26,E0,2526,Arsenal,Crystal Palace,1,0,H,1.4,4.75,7.5,1.44,4.71,7.49,1.39,5.0,9.0,1.73,2.1,1.7,2.24
2025-10-26,E0,2526,Aston Villa,Man City,1,0,H,4.33,3.8,1.8,4.24,4.06,1.81,4.27,3.77,1.88,1.73,2.1,1.73,2.2
2025-10-26,E0,2526,Bournemouth,Nott'm Forest,2,0,H,1.8,3.8,4.33,1.79,3.96,4.48,2.02,3.54,3.98,1.88,1.98,1.86,2.05
2025-10-26,E0,2526,Wolves,Burnley,2,3,A,1.95,3.3,4.2,2.0,3.39,4.18,1.93,3.41,4.55,2.3,1.62,2.32,1.67
2025-10-26,E0,2526,Everton,Tottenham,0,3,A,2.35,3.4,3.0,2.42,3.33,3.13,2.28,3.39,3.4,1.98,1.88,1.99,1.91
2025-10-26,T1,2526,Antalyaspor,Buyuksehyr,0,4,A,2.95,3.3,2.25,3.12,3.4,2.3,3.12,3.4,2.3,1.98,1.83,1.99,1.85
2025-10-26,T1,2526,Galatasaray,Goztep,3,1,H,1.37,5.0,6.5,1.4,4.89,7.29,1.4,4.89,7.29,1.6,2.3,1.63,2.29
2025-10-26,T1,2526,Genclerbirligi,Konyaspor,1,2,A,3.3,3.4,2.1,3.39,3.4,2.17,3.39,3.4,2.17,1.95,1.85,1.95,1.88
2025-10-26,T1,2526,Kasimpasa,Besiktas,1,1,D,4.33,3.8,1.71,4.37,3.96,1.75,4.37,3.96,1.75,1.67,2.15,1.68,2.21
2025-10-27,T1,2526,Gaziantep,Fenerbahce,0,4,A,4.75,4.2,1.57,4.88,4.1,1.65,4.88,4.1,1.65,1.7,2.1,1.73,2.13
2025-10-27,T1,2526,Samsunspor,Rizespor,1,1,D,1.86,3.4,4.1,1.97,3.47,3.92,1.97,3.47,3.92,1.98,1.83,2.04,1.81
2025-10-31,D1,2526,Augsburg,Dortmund,0,1,A,5.0,4.5,1.57,5.3,4.42,1.61,5.34,4.42,1.6,1.5,2.63,1.53,2.6
2025-10-31,T1,2526,Buyuksehyr,Kocaelispor,1,0,H,1.76,3.6,4.2,,,,,,,1.98,1.83,,
2025-11-01,D1,2526,Heidenheim,Ein Frankfurt,1,1,D,3.6,4.0,1.9,3.69,4.18,1.9,3.88,4.14,1.88,1.5,2.63,1.5,2.67
2025-11-01,D1,2526,Mainz,Werder Bremen,1,1,D,1.95,3.9,3.5,2.02,3.92,3.51,1.83,4.02,4.27,1.57,2.38,1.52,2.64
2025-11-01,D1,2526,RB Leipzig,Stuttgart,3,1,H,1.95,3.9,3.5,2.02,3.88,3.55,2.04,3.89,3.55,1.44,2.75,1.48,2.72
2025-11-01,D1,2526,St Pauli,M'gladbach,0,4,A,2.15,3.5,3.3,2.2,3.51,3.4,2.35,3.49,3.17,1.88,1.98,1.85,2.06
2025-11-01,D1,2526,Union Berlin,Freiburg,0,0,D,2.5,3.3,2.75,2.65,3.27,2.86,2.72,3.21,2.87,2.1,1.73,2.24,1.71
2025-11-01,D1,2526,Bayern Munich,Leverkusen,3,0,H,1.22,7.0,9.5,1.23,7.43,10.66,1.21,7.57,12.27,1.25,4.0,,
2025-11-01,E0,2526,Brighton,Leeds,3,0,H,1.85,3.75,4.0,1.89,3.77,4.15,2.03,3.6,3.86,1.85,2.0,1.92,1.99
2025-11-01,E0,2526,Burnley,Arsenal,0,2,A,10.0,6.0,1.27,9.99,6.26,1.28,12.24,6.08,1.27,1.73,2.1,1.82,2.08
2025-11-01,E0,2526,Crystal Palace,Brentford,2,0,H,1.91,3.6,3.9,1.94,3.68,4.01,2.07,3.53,3.81,1.73,2.1,1.84,2.05
2025-11-01,E0,2526,Fulham,Wolves,3,0,H,1.83,3.5,4.5,1.88,3.54,4.56,1.79,3.73,4.92,2.2,1.67,2.08,1.84
2025-11-01,E0,2526,Nott'm Forest,Man United,2,2,D,3.3,3.75,2.05,3.43,3.87,2.06,3.48,3.77,2.1,1.73,2.1,1.79,2.13
2025-11-01,E0,2526,Tottenham,Chelsea,0,1,A,2.7,3.5,2.5,2.73,3.63,2.56,2.83,3.51,2.57,1.73,2.1,1.8,2.11
2025-11-01,E0,2526,Liverpool,Aston Villa,2,0,H,1.65,4.33,4.5,1.66,4.21,5.07,1.68,4.34,4.92,1.53,2.5,1.57,2.52
2025-11-01,T1,2526,Goztep,Genclerbirligi,1,0,H,1.45,4.1,7.0,,,,,,,1.98,1.83,,
2025-11-01,T1,2526,Galatasaray,Trabzonspor,0,0,D,1.41,4.75,6.0,,,,,,,1.44,2.7,,
2025-11-02,D1,2526,FC Koln,Hamburg,4,1,H,2.1,3.7,3.2,2.18,3.67,3.29,2.49,3.64,2.84,1.62,2.3,1.58,2.48
2025-11-02,D1,2526,Wolfsburg,Hoffenheim,2,3,A,2.75,3.9,2.3,2.77,3.78,2.45,2.79,3.77,2.47,1.57,2.38,1.52,2.63
2025-11-02,E0,2526,West Ham,Newcastle,3,1,H,5.25,4.0,1.62,5.07,4.45,1.63,5.17,4.22,1.66,1.8,2.0,1.75,2.18
2025-11-02,E0,2526,Man City,Bournemouth,3,1,H,1.5,4.75,5.75,1.51,4.75,6.02,1.43,5.35,6.8,1.53,2.5,1.49,2.71
2025-11-02,T1,2526,Konyaspor,Samsunspor,1,3,A,2.25,3.25,3.05,,,,,,,2.03,1.78,,
2025-11-02,T1,2526,Kayserispor,Kasimpasa,3,2,H,2.45,3.5,2.57,,,,,,,1.75,2.05,,
2025-11-02,T1,2526,Besiktas,Fenerbahce,2,3,A,2.55,3.6,2.45,,,,,,,1.62,2.25,,
2025-11-03,E0,2526,Sunderland,Everton,1,1,D,2.7,3.2,2.7,2.82,3.18,2.75,3.32,3.2,2.42,2.3,1.62,2.5,1.57
2025-11-03,T1,2526,Alanyaspor,Gaziantep,0,0,D,2.1,3.4,3.25,,,,,,,1.93,1.88,,
2025-11-03,T1,2526,Eyupspor,Antalyaspor,0,1,A,1.76,3.6,4.33,,,,,,,1.98,1.83,,
2025-11-03,T1,2526,Rizespor,Karagumruk,1,0,H,1.62,3.75,5.0,,,,,,,1.8,2.0,,
2025-11-07,D1,2526,Werder Bremen,Wolfsburg,2,1,H,2.15,3.6,3.1,2.23,3.84,3.13,2.2,3.76,3.26,1.53,2.5,1.61,2.45
2025-11-07,T1,2526,Genclerbirligi,Buyuksehyr,2,1,H,2.95,3.3,2.25,,,,,,,1.95,1.85,,
2025-11-08,D1,2526,Hamburg,Dortmund,1,1,D,4.33,4.2,1.7,4.58,4.28,1.71,4.1,3.9,1.89,1.5,2.63,1.6,2.45
2025-11-08,D1,2526,Hoffenheim,RB Leipzig,3,1,H,2.6,3.9,2.4,2.71,3.97,2.43,2.79,3.95,2.4,1.4,3.0,1.45,2.84
2025-11-08,D1,2526,Leverkusen,Heidenheim,6,0,H,1.4,5.0,6.5,1.41,5.1,7.57,1.4,5.23,7.71,1.53,2.5,1.55,2.56
2025-11-08,D1,2526,Union Berlin,Bayern Munich,2,2,D,13.0,7.0,1.2,12.56,7.33,1.21,13.0,7.05,1.22,1.36,3.2,1.37,3.13
2025-11-08,D1,2526,M'gladbach,FC Koln,3,1,H,2.2,3.6,3.1,2.28,3.65,3.11,2.07,3.77,3.57,1.62,2.3,1.61,2.44
2025-11-08,E0,2526,Tottenham,Man United,2,2,D,2.63,3.6,2.5,2.72,3.59,2.58,3.01,3.59,2.43,1.67,2.2,1.72,2.21
2025-11-08,E0,2526,Everton,Fulham,2,0,H,2.2,3.3,3.4,2.26,3.35,3.41,2.38,3.24,3.35,2.2,1.67,2.18,1.75
2025-11-08,E0,2526,West Ham,Burnley,3,2,H,1.91,3.5,4.0,1.95,3.58,4.12,1.88,3.66,4.44,2.0,1.8,2.0,1.91
2025-11-08,E0,2526,Sunderland,Arsenal,2,2,D,7.5,5.0,1.38,7.56,5.01,1.41,8.0,4.5,1.47,2.05,1.8,2.2,1.72
2025-11-08,E0,2526,Chelsea,Wolves,3,0,H,1.36,4.75,8.5,1.37,5.26,8.42,1.36,5.4,9.2,1.62,2.3,1.62,2.42
2025-11-08,T1,2526,Gaziantep,Rizespor,2,2,D,2.1,3.5,3.2,,,,,,,1.83,1.98,,
2025-11-08,T1,2526,Trabzonspor,Alanyaspor,1,1,D,1.61,3.8,5.0,,,,,,,1.88,1.93,,
2025-11-08,T1,2526,Antalyaspor,Besiktas,1,3,A,5.0,4.2,1.56,,,,,,,1.67,2.15,,
2025-11-08,T1,2526,Kasimpasa,Goztep,0,2,A,3.7,3.05,2.05,,,,,,,2.08,1.73,,
2025-11-09,D1,2526,Freiburg,St Pauli,2,1,H,1.83,3.5,4.5,1.87,3.61,4.48,1.78,3.62,5.17,2.0,1.8,2.03,1.88
2025-11-09,D1,2526,Stuttgart,Augsburg,3,2,H,1.55,4.33,5.75,1.54,4.63,5.84,1.53,4.63,6.08,1.57,2.38,1.52,2.62
2025-11-09,D1,2526,Ein Frankfurt,Mainz,1,0,H,1.83,4.0,3.9,1.87,4.11,3.9,1.88,3.94,4.1,1.57,2.38,1.6,2.46
2025-11-09,E0,2526,Aston Villa,Bournemouth,4,0,H,2.2,3.4,3.25,2.25,3.49,3.29,2.37,3.4,3.2,1.88,1.98,1.93,1.98
2025-11-09,E0,2526,Brentford,Newcastle,3,1,H,2.8,3.5,2.45,2.97,3.39,2.5,2.93,3.51,2.49,1.85,2.0,1.79,2.13
2025-11-09,E0,2526,Crystal Palace,Brighton,0,0,D,2.25,3.5,3.1,2.3,3.62,3.1,2.43,3.45,3.07,1.73,2.1,1.88,2.02
2025-11-09,E0,2526,Nott'm Forest,Leeds,3,1,H,2.25,3.25,3.3,2.29,3.45,3.27,2.23,3.3,3.62,2.1,1.73,2.44,1.59
2025-11-09,E0,2526,Man City,Liverpool,3,0,H,1.9,3.9,3.7,1.88,4.08,3.85,1.94,4.0,3.86,1.5,2.63,1.49,2.69
2025-11-09,T1,2526,Karagumruk,Konyaspor,2,0,H,3.05,3.4,2.15,,,,,,,1.85,1.95,,
2025-11-09,T1,2526,Kocaelispor,Galatasaray,1,0,H,6.0,4.75,1.42,,,,,,,1.53,2.4,,
2025-11-09,T1,2526,Fenerbahce,Kayserispor,4,2,H,1.15,7.5,12.0,,,,,,,1.36,3.1,,
2025-11-09,T1,2526,Samsunspor,Eyupspor,1,0,H,1.71,3.7,4.33,,,,,,,1.85,1.95,,
2025-11-21,D1,2526,Mainz,Hoffenheim,1,1,D,2.6,3.6,2.7,2.59,3.6,2.71,2.54,3.56,2.83,1.67,2.2,1.71,2.22
2025-11-22,D1,2526,Augsburg,Hamburg,1,0,H,2.35,3.5,2.9,2.39,3.67,2.92,2.53,3.46,2.91,1.73,2.1,1.82,2.09
2025-11-22,D1,2526,Bayern Munich,Freiburg,6,2,H,1.17,8.0,13.0,1.19,7.45,14.94,1.19,7.8,15.0,1.33,3.4,1.38,3.07
2025-11-22,D1,2526,Dortmund,Stuttgart,3,3,D,1.75,4.0,4.33,1.79,4.11,4.25,1.83,3.93,4.38,1.53,2.5,1.61,2.39
2025-11-22,D1,2526,Heidenheim,M'gladbach,0,3,A,3.2,3.6,2.15,3.18,3.72,2.22,3.44,3.74,2.13,1.67,2.2,1.68,2.32
2025-11-22,D1,2526,Wolfsburg,Leverkusen,1,3,A,3.5,3.75,2.0,3.59,3.82,2.02,3.56,3.92,2.03,1.62,2.3,1.52,2.64
2025-11-22,D1,2526,FC Koln,Ein Frankfurt,3,4,A,3.0,3.75,2.2,3.1,3.79,2.23,2.83,3.67,2.49,1.53,2.5,1.57,2.48
2025-11-22,E0,2526,Burnley,Chelsea,0,2,A,6.25,4.5,1.48,6.45,4.73,1.49,5.8,4.25,1.61,1.8,2.0,1.71,2.23
2025-11-22,E0,2526,Bournemouth,West Ham,2,2,D,1.62,4.2,4.75,1.65,4.16,5.26,1.68,4.09,5.12,1.67,2.2,1.69,2.27
2025-11-22,E0,2526,Brighton,Brentford,2,1,H,1.91,3.6,4.0,1.96,3.6,4.05,2.17,3.47,3.59,1.73,2.1,1.78,2.14
2025-11-22,E0,2526,Fulham,Sunderland,1,0,H,2.1,3.25,3.75,2.12,3.24,3.95,2.07,3.38,4.0,2.2,1.67,2.13,1.78
2025-11-22,E0,2526,Liverpool,Nott'm Forest,0,3,A,1.44,5.0,6.25,1.45,4.9,6.9,1.47,4.69,6.97,1.53,2.5,1.64,2.34
2025-11-22,E0,2526,Wolves,Crystal Palace,0,2,A,3.8,3.6,1.95,3.92,3.62,1.99,4.53,3.8,1.82,2.05,1.8,1.96,1.94
2025-11-22,E0,2526,Newcastle,Man City,2,1,H,3.6,3.8,1.95,3.69,3.8,2.0,4.06,3.85,1.93,1.67,2.2,1.61,2.42
2025-11-22,T1,2526,Kayserispor,Gaziantep,0,3,A,2.5,3.5,2.57,,,,2.48,3.58,2.85,1.67,2.15,1.65,2.32
2025-11-22,T1,2526,Eyupspor,Karagumruk,1,1,D,1.81,3.7,4.0,,,,2.1,3.53,3.64,1.88,1.93,1.9,1.99
2025-11-22,T1,2526,Galatasaray,Genclerbirligi,3,2,H,1.13,8.0,13.0,1.14,8.82,14.59,1.18,7.74,15.15,1.36,3.1,1.54,2.55
2025-11-23,D1,2526,RB Leipzig,Werder Bremen,2,0,H,1.45,5.0,6.0,1.45,5.25,6.38,1.55,4.82,5.6,1.33,3.4,1.35,3.3
2025-11-23,D1,2526,St Pauli,Union Berlin,0,1,A,2.45,3.3,2.9,2.54,3.29,2.98,2.76,3.04,2.97,2.1,1.73,2.55,1.55
2025-11-23,E0,2526,Leeds,Aston Villa,1,2,A,3.0,3.3,2.4,3.05,3.27,2.51,3.3,3.46,2.29,2.1,1.73,2.15,1.77
2025-11-23,E0,2526,Arsenal,Tottenham,4,1,H,1.42,4.75,7.5,1.43,4.75,7.88,1.47,4.47,7.69,1.8,2.0,2.0,1.9
2025-11-23,T1,2526,Goztep,Kocaelispor,0,0,D,1.62,3.6,5.5,1.7,3.59,5.33,2.05,3.13,4.4,2.1,1.7,2.45,1.6
2025-11-23,T1,2526,Alanyaspor,Kasimpasa,1,2,A,1.81,3.6,4.0,1.83,3.72,4.18,1.93,3.53,4.26,1.83,1.98,1.93,1.96
2025-11-23,T1,2526,Besiktas,Samsunspor,1,1,D,1.86,3.5,4.0,1.9,3.61,4.02,1.98,3.59,3.99,1.75,2.05,1.69,2.26
2025-11-23,T1,2526,Rizespor,Fenerbahce,2,5,A,6.0,4.0,1.51,6.13,4.25,1.52,6.05,4.09,1.6,1.7,2.1,1.68,2.27
2025-11-24,E0,2526,Man United,Everton,0,1,A,1.75,4.0,4.33,1.8,3.76,4.68,1.9,3.87,4.08,1.73,2.1,1.85,2.06
2025-11-24,T1,2526,Buyuksehyr,Trabzonspor,3,4,A,2.55,3.4,2.57,2.63,3.34,2.7,2.46,3.46,2.97,1.8,2.0,1.84,2.06
2025-11-24,T1,2526,Konyaspor,Antalyaspor,0,0,D,1.66,3.6,5.0,1.69,3.98,4.71,1.73,3.85,5.03,1.83,1.98,1.86,2.03
2025-11-28,D1,2526,M'gladbach,RB Leipzig,0,0,D,2.88,3.7,2.3,2.92,3.91,2.32,2.92,3.84,2.35,1.44,2.75,1.49,2.68
2025-11-28,T1,2526,Kocaelispor,Genclerbirligi,1,0,H,1.81,3.4,4.2,1.94,3.4,4.4,1.71,3.64,5.61,2.1,1.7,2.08,1.79
2025-11-29,D1,2526,Bayern Munich,St Pauli,3,1,H,1.1,10.0,21.0,1.1,10.2,29.77,1.12,11.0,23.0,1.25,4.0,1.31,3.53
2025-11-29,D1,2526,Hoffenheim,Augsburg,3,0,H,1.67,4.33,4.5,1.68,4.5,4.6,1.77,4.13,4.5,1.53,2.5,1.6,2.45
2025-11-29,D1,2526,Union Berlin,Heidenheim,1,2,A,1.67,4.0,5.0,1.66,4.05,5.34,1.56,4.09,6.63,1.93,1.93,2.09,1.81
2025-11-29,D1,2526,Werder Bremen,FC Koln,1,1,D,2.25,3.8,2.9,2.28,3.9,2.96,2.25,3.83,3.1,1.53,2.5,1.56,2.55
2025-11-29,D1,2526,Leverkusen,Dortmund,1,2,A,2.55,3.6,2.63,2.54,3.77,2.67,2.77,3.61,2.57,1.57,2.38,1.61,2.44
2025-11-29,E0,2526,Brentford,Burnley,3,1,H,1.45,4.5,7.0,1.47,4.72,6.95,1.5,4.55,7.05,1.73,2.1,1.85,2.07
2025-11-29,E0,2526,Man City,Leeds,3,2,H,1.22,6.5,12.0,1.25,6.77,10.58,1.22,7.5,13.5,1.53,2.5,1.42,2.91
2025-11-29,E0,2526,Sunderland,Bournemouth,3,2,H,3.2,3.3,2.3,3.14,3.4,2.38,3.29,3.43,2.31,2.0,1.85,2.02,1.89
2025-11-29,E0,2526,Everton,Newcastle,1,4,A,2.8,3.25,2.63,2.79,3.38,2.64,2.75,3.36,2.73,2.0,1.8,1.92,1.99
2025-11-29,E0,2526,Tottenham,Fulham,1,2,A,2.2,3.3,3.3,2.3,3.31,3.38,2.4,3.44,3.12,1.95,1.9,1.86,2.05
2025-11-29,T1,2526,Rizespor,Kayserispor,0,1,A,1.86,3.75,3.6,1.91,3.71,3.87,1.89,3.73,4.18,1.67,2.15,1.65,2.33
2025-11-29,T1,2526,Gaziantep,Eyupspor,1,2,A,1.81,3.5,4.1,1.85,3.86,3.97,2.0,3.69,3.78,1.8,2.0,1.74,2.17
2025-11-29,T1,2526,Kasimpasa,Buyuksehyr,1,3,A,3.05,3.5,2.15,3.22,3.54,2.19,3.27,3.41,2.3,1.8,2.0,1.86,2.03
2025-11-29,T1,2526,Trabzonspor,Konyaspor,3,1,H,1.61,3.8,5.0,1.69,3.99,4.67,1.58,3.93,6.6,1.7,2.1,1.63,2.3
2025-11-30,D1,2526,Hamburg,Stuttgart,2,1,H,3.0,3.75,2.2,3.17,3.76,2.21,2.85,3.55,2.53,1.53,2.5,1.7,2.26
2025-11-30,D1,2526,Ein Frankfurt,Wolfsburg,1,1,D,1.73,4.2,4.2,1.75,4.28,4.33,1.97,3.98,3.7,1.5,2.63,1.52,2.61
2025-11-30,D1,2526,Freiburg,Mainz,4,0,H,1.91,3.4,4.2,1.93,3.55,4.27,1.75,3.8,5.09,2.0,1.8,1.78,2.12
2025-11-30,E0,2526,Crystal Palace,Man United,1,2,A,2.3,3.4,3.1,2.29,3.62,3.11,2.1,3.75,3.56,1.73,2.1,1.75,2.19
2025-11-30,E0,2526,Aston Villa,Wolves,1,0,H,1.5,4.33,6.5,1.48,4.76,6.56,1.47,4.65,7.25,1.8,2.0,1.82,2.07
2025-11-30,E0,2526,Nott'm Forest,Brighton,0,2,A,2.75,3.3,2.63,2.81,3.46,2.58,2.95,3.35,2.57,1.91,1.91,1.98,1.92
2025-11-30,E0,2526,West Ham,Liverpool,0,2,A,4.33,4.33,1.67,4.45,4.22,1.74,5.15,4.75,1.6,1.53,2.5,1.55,2.55
2025-11-30,E0,2526,Chelsea,Arsenal,1,1,D,3.4,3.3,2.2,3.47,3.33,2.25,3.19,3.17,2.51,1.98,1.88,2.11,1.78
2025-11-30,T1,2526,Antalyaspor,Goztep,1,2,A,3.9,3.2,1.96,3.95,3.29,2.02,4.31,3.4,1.97,2.25,1.62,2.22,1.71
2025-11-30,T1,2526,Karagumruk,Besiktas,0,2,A,4.5,3.9,1.66,4.45,4.08,1.71,4.6,4.18,1.72,1.62,2.25,1.63,2.37
2025-12-01,T1,2526,Fenerbahce,Galatasaray,1,1,D,2.1,3.5,3.2,2.23,3.35,3.3,2.28,3.51,3.22,1.67,2.15,1.72,2.21
2025-12-01,T1,2526,Samsunspor,Alanyaspor,1,1,D,1.76,3.6,4.33,1.81,3.58,4.49,1.82,3.63,4.75,1.95,1.85,1.94,1.94
2025-12-02,E0,2526,Bournemouth,Everton,0,1,A,2.2,3.25,3.3,2.28,3.36,3.43,2.23,3.5,3.41,1.98,1.88,1.83,2.07
2025-12-02,E0,2526,Fulham,Man City,4,5,A,4.33,4.1,1.73,4.73,4.13,1.72,5.3,4.12,1.66,1.67,2.2,1.75,2.17
2025-12-02,E0,2526,Newcastle,Tottenham,2,2,D,1.83,3.8,4.1,1.85,3.87,4.29,1.85,3.89,4.3,1.73,2.1,1.72,2.22
2025-12-03,E0,2526,Arsenal,Brentford,2,0,H,1.36,5.0,8.5,1.35,5.41,8.75,1.44,4.65,8.07,1.73,2.1,1.94,1.96
2025-12-03,E0,2526,Brighton,Aston Villa,3,4,A,2.15,3.5,3.4,2.18,3.58,3.37,2.31,3.45,3.27,1.88,1.98,1.91,2.0
2025-12-03,E0,2526,Burnley,Crystal Palace,0,1,A,4.5,3.8,1.75,4.64,3.81,1.79,5.05,3.77,1.76,2.0,1.8,2.22,1.72
2025-12-03,E0,2526,Wolves,Nott'm Forest,0,1,A,3.25,3.4,2.25,3.27,3.37,2.32,3.17,3.32,2.44,2.1,1.73,2.18,1.75
2025-12-03,E0,2526,Leeds,Chelsea,3,1,H,4.1,4.1,1.8,4.27,4.05,1.8,4.11,3.53,1.99,1.83,2.03,2.09,1.83
2025-12-03,E0,2526,Liverpool,Sunderland,1,1,D,1.36,5.25,7.0,1.37,5.44,8.12,1.36,5.47,8.52,1.57,2.38,1.65,2.32
2025-12-04,E0,2526,Man United,West Ham,1,1,D,1.45,5.0,6.0,1.47,4.9,6.52,1.39,5.2,8.25,1.53,2.5,1.55,2.59
2025-12-05,D1,2526,Mainz,M'gladbach,0,1,A,2.55,3.4,2.63,2.68,3.55,2.69,2.72,3.48,2.68,1.73,2.1,1.77,2.13
2025-12-05,T1,2526,Galatasaray,Samsunspor,3,2,H,1.45,4.33,6.25,1.48,4.8,6.52,1.46,4.76,6.47,1.57,2.35,1.51,2.61
2025-12-06,D1,2526,Augsburg,Leverkusen,2,0,H,3.7,4.0,1.9,3.82,3.94,1.93,3.57,3.48,2.17,1.62,2.3,1.74,2.21
2025-12-06,D1,2526,FC Koln,St Pauli,1,1,D,1.95,3.6,3.8,1.99,3.69,3.82,2.05,3.56,3.85,1.91,1.91,1.93,1.95
2025-12-06,D1,2526,Heidenheim,Freiburg,2,1,H,3.9,3.6,1.91,4.03,3.65,1.95,4.97,3.68,1.79,1.91,1.91,2.13,1.78
2025-12-06,D1,2526,Stuttgart,Bayern Munich,0,5,A,5.75,5.0,1.45,5.4,5.21,1.51,4.76,4.71,1.63,1.33,3.4,1.34,3.37
2025-12-06,D1,2526,Wolfsburg,Union Berlin,3,1,H,2.15,3.4,3.5,2.17,3.44,3.53,2.04,3.51,3.95,1.93,1.93,1.97,1.93
2025-12-06,D1,2526,RB Leipzig,Ein Frankfurt,6,0,H,1.73,4.2,4.2,1.79,4.24,4.13,1.78,4.1,4.4,1.44,2.75,1.57,2.5
2025-12-06,E0,2526,Aston Villa,Arsenal,2,1,H,4.2,3.5,1.9,4.32,3.53,1.92,4.5,3.54,1.93,2.1,1.73,2.1,1.81
2025-12-06,E0,2526,Bournemouth,Chelsea,0,0,D,3.1,3.75,2.15,3.15,3.83,2.2,3.38,3.85,2.12,1.62,2.3,1.64,2.38
2025-12-06,E0,2526,Everton,Nott'm Forest,3,0,H,2.2,3.2,3.5,2.23,3.24,3.63,2.12,3.37,3.84,2.1,1.73,2.13,1.78
2025-12-06,E0,2526,Man City,Sunderland,3,0,H,1.25,6.5,10.0,1.24,6.68,11.08,1.27,6.45,11.0,1.5,2.63,1.45,2.77
2025-12-06,E0,2526,Newcastle,Burnley,2,1,H,1.27,6.0,9.5,1.27,6.25,10.24,1.33,5.75,9.25,1.57,2.38,1.58,2.46
2025-12-06,E0,2526,Tottenham,Brentford,2,0,H,2.3,3.5,3.0,2.39,3.42,3.09,2.49,3.43,3.0,1.83,2.03,2.02,1.88
2025-12-06,E0,2526,Leeds,Liverpool,3,3,D,3.8,4.0,1.85,3.96,3.85,1.91,4.58,4.07,1.76,1.67,2.2,1.79,2.11
2025-12-06,T1,2526,Eyupspor,Kayserispor,1,1,D,1.91,3.6,3.6,2.02,3.61,3.73,2.15,3.35,3.7,1.7,2.1,1.86,2.03
2025-12-06,T1,2526,Konyaspor,Rizespor,1,1,D,1.96,3.5,3.6,2.04,3.44,3.71,2.98,3.31,2.53,1.75,2.05,1.93,1.96
2025-12-06,T1,2526,Buyuksehyr,Fenerbahce,1,1,D,5.25,3.9,1.56,5.07,4.48,1.57,4.21,3.69,1.9,1.65,2.2,1.74,2.19
2025-12-07,D1,2526,Hamburg,Werder Bremen,3,2,H,2.25,3.5,3.0,2.36,3.62,3.0,2.45,3.51,2.99,1.73,2.1,1.77,2.15
2025-12-07,D1,2526,Dortmund,Hoffenheim,2,0,H,1.62,4.5,4.75,1.63,4.55,4.89,1.65,4.55,4.95,1.5,2.63,1.42,2.93
2025-12-07,E0,2526,Brighton,West Ham,1,1,D,1.55,4.33,5.75,1.56,4.52,5.73,1.63,4.35,5.35,1.62,2.3,1.61,2.41
2025-12-07,E0,2526,Fulham,Crystal Palace,1,2,A,2.55,3.3,2.8,2.59,3.35,2.87,2.53,3.4,2.96,2.0,1.8,2.01,1.9
2025-12-07,T1,2526,Genclerbirligi,Karagumruk,3,0,H,2.15,3.3,3.25,2.21,3.43,3.27,2.08,3.5,3.72,2.0,1.8,2.01,1.88
2025-12-07,T1,2526,Kocaelispor,Kasimpasa,0,0,D,1.79,3.5,4.33,1.85,3.41,4.6,1.66,3.81,5.81,2.1,1.7,2.07,1.83
2025-12-07,T1,2526,Goztep,Trabzonspor,1,2,A,2.5,3.25,2.75,2.62,3.2,2.82,2.18,3.27,3.72,1.95,1.85,2.03,1.87
2025-12-08,E0,2526,Wolves,Man United,1,4,A,4.2,4.0,1.75,4.19,4.01,1.83,5.35,4.2,1.65,1.67,2.2,1.75,2.17
2025-12-08,T1,2526,Alanyaspor,Antalyaspor,0,0,D,1.62,3.75,5.0,1.7,3.87,4.78,1.75,3.73,5.13,1.9,1.9,2.01,1.88
2025-12-08,T1,2526,Besiktas,Gaziantep,2,2,D,1.45,4.75,5.5,1.48,4.76,5.79,1.4,5.33,7.44,1.48,2.6,1.48,2.73
2025-12-12,D1,2526,Union Berlin,RB Leipzig,3,1,H,3.2,3.5,2.2,3.27,3.47,2.31,3.13,3.51,2.36,1.98,1.88,2.04,1.87
2025-12-12,T1,2526,Kasimpasa,Genclerbirligi,0,0,D,2.5,3.25,2.7,2.59,3.36,2.87,2.6,3.4,2.82,2.0,1.8,1.94,1.94
2025-12-13,D1,2526,Ein Frankfurt,Augsburg,1,0,H,1.7,4.2,4.33,1.72,4.27,4.51,1.87,3.82,4.29,1.57,2.38,1.85,2.06
2025-12-13,D1,2526,Hoffenheim,Hamburg,4,1,H,1.7,4.33,4.2,1.72,4.33,4.47,1.72,4.16,4.68,1.5,2.63,1.63,2.38
2025-12-13,D1,2526,M'gladbach,Wolfsburg,1,3,A,1.95,3.8,3.6,1.98,3.85,3.69,2.05,3.8,3.62,1.57,2.38,1.65,2.36
2025-12-13,D1,2526,St Pauli,Heidenheim,2,1,H,1.95,3.4,4.0,1.98,3.45,4.18,1.88,3.54,4.65,2.2,1.67,2.25,1.71
2025-12-13,D1,2526,Leverkusen,FC Koln,2,0,H,1.55,4.33,5.25,1.57,4.68,5.33,1.81,4.3,4.07,1.53,2.5,1.49,2.75
2025-12-13,E0,2526,Chelsea,Everton,2,0,H,1.67,3.8,5.25,1.67,4.04,5.3,1.75,3.91,4.86,1.88,1.98,1.91,2.0
2025-12-13,E0,2526,Liverpool,Brighton,2,0,H,1.67,4.0,4.75,1.69,4.32,4.68,1.8,4.1,4.28,1.53,2.5,1.67,2.32
2025-12-13,E0,2526,Burnley,Fulham,2,3,A,4.0,3.5,1.91,3.98,3.59,1.98,4.06,3.51,2.01,2.1,1.73,2.14,1.78
2025-12-13,E0,2526,Arsenal,Wolves,2,1,H,1.13,8.5,21.0,1.14,8.77,21.15,1.13,9.55,27.0,1.53,2.5,1.45,2.72
2025-12-13,T1,2526,Rizespor,Eyupspor,3,0,H,2.05,3.4,3.3,2.13,3.48,3.4,1.87,3.74,4.3,1.88,1.93,1.78,2.11
2025-12-13,T1,2526,Kayserispor,Alanyaspor,0,0,D,2.85,3.5,2.2,2.96,3.55,2.32,2.82,3.43,2.59,1.8,2.0,1.95,1.93
2025-12-13,T1,2526,Antalyaspor,Galatasaray,1,4,A,8.0,5.25,1.3,8.12,5.51,1.33,7.34,5.63,1.38,1.53,2.4,1.53,2.6
2025-12-14,D1,2526,Freiburg,Dortmund,1,1,D,3.25,3.5,2.15,3.32,3.59,2.2,3.95,3.59,2.01,1.83,2.03,1.86,2.05
2025-12-14,D1,2526,Bayern Munich,Mainz,2,2,D,1.09,11.0,21.0,1.09,12.74,21.79,1.08,14.25,24.0,1.22,4.33,,
2025-12-14,D1,2526,Werder Bremen,Stuttgart,0,4,A,2.9,3.8,2.25,2.91,3.92,2.3,2.9,3.75,2.4,1.53,2.5,1.6,2.42
2025-12-14,E0,2526,Crystal Palace,Man City,0,3,A,3.9,3.9,1.85,4.05,3.99,1.86,4.23,3.82,1.9,1.67,2.2,1.75,2.17
2025-12-14,E0,2526,Nott'm Forest,Tottenham,3,0,H,2.55,3.3,2.8,2.6,3.4,2.82,2.75,3.35,2.74,2.03,1.83,1.99,1.92
2025-12-14,E0,2526,Sunderland,Newcastle,1,0,H,3.3,3.3,2.25,3.43,3.33,2.26,3.61,3.43,2.18,1.91,1.91,1.95,1.95
2025-12-14,E0,2526,West Ham,Aston Villa,2,3,A,3.75,3.5,2.0,3.76,3.57,2.05,3.35,3.57,2.23,1.8,2.0,1.81,2.09
2025-12-14,E0,2526,Brentford,Leeds,1,1,D,1.91,3.6,4.0,1.97,3.69,3.89,2.23,3.33,3.59,1.9,1.95,2.2,1.74
2025-12-14,T1,2526,Gaziantep,Goztep,0,1,A,3.05,3.3,2.25,3.09,3.35,2.34,3.49,3.36,2.22,1.93,1.88,2.07,1.83
2025-12-14,T1,2526,Karagumruk,Kocaelispor,1,1,D,3.2,3.05,2.3,3.28,3.09,2.37,3.72,3.24,2.19,2.1,1.7,2.4,1.62
2025-12-14,T1,2526,Samsunspor,Buyuksehyr,0,2,A,2.05,3.4,3.3,2.15,3.36,3.47,2.08,3.46,3.78,1.85,1.95,1.81,2.08
2025-12-14,T1,2526,Trabzonspor,Besiktas,3,3,D,2.5,3.4,2.57,2.52,3.72,2.6,2.78,3.51,2.58,1.67,2.15,1.74,2.17
2025-12-15,E0,2526,Man United,Bournemouth,4,4,D,1.83,4.0,3.8,1.84,4.21,3.93,1.81,4.15,4.2,1.57,2.38,1.49,2.7
2025-12-15,T1,2526,Fenerbahce,Konyaspor,4,0,H,1.24,6.0,9.5,1.24,6.37,10.09,1.22,7.33,11.79,1.5,2.5,1.44,2.81
2025-12-19,D1,2526,Dortmund,M'gladbach,2,0,H,1.55,4.5,5.5,1.56,4.56,5.68,1.52,4.72,6.1,1.5,2.63,1.51,2.68
2025-12-19,T1,2526,Kocaelispor,Antalyaspor,2,1,H,1.62,3.6,5.25,1.71,3.72,5.44,1.68,3.62,6.07,2.15,1.67,2.38,1.63
2025-12-20,D1,2526,Augsburg,Werder Bremen,0,0,D,2.25,3.5,3.1,2.28,3.56,3.19,2.33,3.53,3.17,1.73,2.1,1.84,2.06
2025-12-20,D1,2526,FC Koln,Union Berlin,0,1,A,2.3,3.3,3.1,2.37,3.4,3.15,2.69,3.27,2.86,1.98,1.88,2.15,1.78
2025-12-20,D1,2526,Hamburg,Ein Frankfurt,1,1,D,2.6,3.6,2.55,2.71,3.55,2.51,2.52,3.43,2.95,1.67,2.2,1.9,2.01
2025-12-20,D1,2526,Stuttgart,Hoffenheim,0,0,D,2.0,3.8,3.4,2.07,3.86,3.42,2.0,3.92,3.65,1.5,2.63,1.52,2.59
2025-12-20,D1,2526,Wolfsburg,Freiburg,3,4,A,2.5,3.6,2.75,2.57,3.55,2.76,2.48,3.49,2.96,1.8,2.0,1.88,2.03
2025-12-20,D1,2526,RB Leipzig,Leverkusen,1,3,A,2.1,3.8,3.2,2.15,3.8,3.28,2.11,3.92,3.33,1.53,2.5,1.47,2.75
2025-12-20,E0,2526,Newcastle,Chelsea,2,2,D,2.75,3.6,2.45,2.87,3.41,2.55,2.87,3.55,2.52,1.67,2.2,1.7,2.27
2025-12-20,E0,2526,Bournemouth,Burnley,1,1,D,1.48,4.33,6.5,1.48,4.65,6.73,1.48,4.8,6.95,1.67,2.2,1.59,2.48
2025-12-20,E0,2526,Brighton,Sunderland,0,0,D,1.67,4.0,5.25,1.63,4.15,5.5,1.88,3.63,4.64,1.85,2.0,1.91,2.0
2025-12-20,E0,2526,Man City,West Ham,3,0,H,1.22,8.0,10.0,1.2,7.87,12.43,1.19,8.25,14.0,1.36,3.2,1.34,3.31
2025-12-20,E0,2526,Wolves,Brentford,0,2,A,3.5,3.6,2.05,3.66,3.56,2.08,3.47,3.48,2.21,2.0,1.85,2.05,1.86
2025-12-20,E0,2526,Tottenham,Liverpool,1,2,A,3.5,3.75,2.0,3.42,3.8,2.09,3.71,3.68,2.05,1.67,2.2,1.83,2.05
2025-12-20,E0,2526,Everton,Arsenal,0,1,A,5.75,4.1,1.57,6.18,4.09,1.58,6.65,4.2,1.56,2.1,1.73,2.03,1.88
2025-12-20,E0,2526,Leeds,Crystal Palace,4,1,H,2.6,3.3,2.75,2.66,3.32,2.81,2.93,3.11,2.74,2.1,1.73,2.53,1.57
2025-12-20,T1,2526,Konyaspor,Kayserispor,1,1,D,1.86,3.5,3.9,1.93,3.73,3.91,2.1,3.58,3.6,1.85,1.95,1.74,2.19
2025-12-20,T1,2526,Eyupspor,Fenerbahce,0,3,A,6.5,4.75,1.39,7.33,5.01,1.39,7.48,4.95,1.42,1.62,2.25,1.68,2.27
2025-12-20,T1,2526,Besiktas,Rizespor,1,0,H,1.62,4.0,4.75,1.67,4.08,4.73,1.83,4.0,4.16,1.62,2.25,1.57,2.5
2025-12-21,D1,2526,Mainz,St Pauli,0,0,D,1.95,3.4,4.1,1.98,3.5,4.11,2.04,3.39,4.12,2.1,1.73,2.28,1.69
2025-12-21,D1,2526,Heidenheim,Bayern Munich,0,4,A,13.0,9.5,1.14,17.17,10.24,1.13,15.87,9.2,1.15,1.25,4.0,,
2025-12-21,E0,2526,Aston Villa,Man United,2,1,H,2.1,3.6,3.3,2.08,3.73,3.49,2.04,3.75,3.76,1.67,2.2,1.64,2.33
2025-12-21,T1,2526,Alanyaspor,Karagumruk,2,0,H,1.62,3.8,5.0,1.66,4.03,4.87,1.79,3.59,5.0,1.85,1.95,2.09,1.8
2025-12-21,T1,2526,Galatasaray,Kasimpasa,3,0,H,1.19,7.5,9.0,1.2,7.69,10.52,1.21,7.83,11.47,1.36,3.1,1.33,3.35
2025-12-21,T1,2526,Goztep,Samsunspor,2,0,H,2.25,3.2,3.2,2.34,3.18,3.24,2.32,2.91,3.87,2.15,1.67,2.8,1.47
2025-12-22,E0,2526,Fulham,Nott'm Forest,1,0,H,2.4,3.25,3.0,2.51,3.29,3.01,2.66,3.35,2.83,2.05,1.8,1.94,1.96
2025-12-22,T1,2526,Buyuksehyr,Gaziantep,5,1,H,1.68,4.0,4.33,1.72,4.21,4.26,1.68,4.12,5.02,1.67,2.15,1.65,2.34
2025-12-22,T1,2526,Genclerbirligi,Trabzonspor,4,3,H,3.6,3.5,1.96,3.57,3.54,2.05,3.36,3.25,2.34,1.8,2.0,1.92,1.97
2025-12-26,E0,2526,Man United,Newcastle,1,0,H,2.55,3.6,2.6,2.57,3.71,2.67,2.49,3.77,2.71,1.67,2.2,1.62,2.37
2025-12-27,E0,2526,Nott'm Forest,Man City,1,2,A,5.0,4.33,1.6,5.26,4.53,1.6,5.55,4.15,1.64,1.67,2.2,1.61,2.43
2025-12-27,E0,2526,Arsenal,Brighton,2,1,H,1.42,4.75,7.0,1.39,5.09,8.08,1.33,5.65,9.7,1.67,2.2,1.58,2.46
2025-12-27,E0,2526,Brentford,Bournemouth,4,1,H,2.25,3.6,3.0,2.31,3.67,3.05,2.32,3.59,3.15,1.67,2.2,1.87,2.05
2025-12-27,E0,2526,Burnley,Everton,0,0,D,4.1,3.4,1.95,4.12,3.35,2.03,3.74,3.25,2.21,2.2,1.67,2.5,1.57
2025-12-27,E0,2526,Liverpool,Wolves,2,1,H,1.25,6.5,10.0,1.23,7.02,11.7,1.25,6.61,11.61,1.5,2.63,1.47,2.73
2025-12-27,E0,2526,West Ham,Fulham,0,1,A,2.63,3.4,2.6,2.69,3.49,2.67,3.06,3.38,2.47,1.8,2.0,2.0,1.9
2025-12-27,E0,2526,Chelsea,Aston Villa,1,2,A,1.83,3.9,4.0,1.85,3.95,4.1,1.79,4.14,4.31,1.67,2.2,1.7,2.25
2025-12-28,E0,2526,Sunderland,Leeds,1,1,D,2.5,3.1,2.88,2.63,3.31,2.86,3.01,3.15,2.65,2.2,1.67,2.43,1.6
2025-12-28,E0,2526,Crystal Palace,Tottenham,0,1,A,2.25,3.25,3.2,2.29,3.34,3.36,2.29,3.45,3.33,2.0,1.8,1.97,1.93
2025-12-30,E0,2526,Burnley,Newcastle,1,3,A,5.25,4.2,1.6,5.67,4.28,1.61,6.0,4.4,1.57,1.8,2.0,1.79,2.11
2025-12-30,E0,2526,Chelsea,Bournemouth,2,2,D,1.5,4.75,5.75,1.53,4.74,5.95,1.59,4.5,5.6,1.5,2.63,1.47,2.8
2025-12-30,E0,2526,Nott'm Forest,Everton,0,2,A,2.1,3.25,3.7,2.13,3.31,3.88,1.92,3.49,4.54,2.3,1.62,2.3,1.68
2025-12-30,E0,2526,West Ham,Brighton,2,2,D,3.4,3.75,2.0,3.6,3.82,2.05,3.53,3.65,2.12,1.67,2.2,1.75,2.19
2025-12-30,E0,2526,Arsenal,Aston Villa,4,1,H,1.42,4.75,7.0,1.43,4.97,7.51,1.37,5.5,8.25,1.67,2.2,1.73,2.2
2025-12-30,E0,2526,Man United,Wolves,1,1,D,1.36,5.25,8.0,1.37,5.38,8.33,1.38,5.4,8.25,1.62,2.3,1.54,2.61
2026-01-01,E0,2526,Crystal Palace,Fulham,1,1,D,2.15,3.3,3.4,2.2,3.34,3.59,2.29,3.31,3.47,2.1,1.73,2.15,1.77
2026-01-01,E0,2526,Liverpool,Leeds,0,0,D,1.55,4.5,5.5,1.55,4.45,5.94,1.48,4.65,7.25,1.62,2.3,1.77,2.15
2026-01-01,E0,2526,Brentford,Tottenham,0,0,D,2.1,3.6,3.2,2.18,3.49,3.48,2.52,3.45,2.94,1.93,1.93,2.04,1.88
2026-01-01,E0,2526,Sunderland,Man City,0,0,D,7.5,4.75,1.38,7.71,5.15,1.4,7.75,4.9,1.44,1.62,2.3,1.69,2.27
2026-01-03,E0,2526,Aston Villa,Nott'm Forest,3,1,H,1.75,3.9,4.5,1.76,3.86,4.83,1.96,3.49,4.29,1.8,2.0,1.93,1.98
2026-01-03,E0,2526,Brighton,Burnley,2,0,H,1.48,4.33,7.0,1.5,4.54,6.59,1.47,4.6,7.55,1.73,2.1,1.74,2.19
2026-01-03,E0,2526,Wolves,West Ham,3,0,H,2.5,3.3,2.88,2.53,3.44,2.88,2.73,3.4,2.72,1.98,1.88,1.89,2.01
2026-01-03,E0,2526,Bournemouth,Arsenal,2,3,A,6.5,4.75,1.44,6.16,5.04,1.48,6.3,4.55,1.53,1.62,2.3,1.65,2.31
2026-01-04,E0,2526,Leeds,Man United,1,1,D,2.7,3.3,2.63,2.71,3.57,2.61,2.77,3.4,2.68,1.83,2.03,2.04,1.87
2026-01-04,E0,2526,Everton,Brentford,2,4,A,2.35,3.25,3.1,2.45,3.16,3.24,2.53,3.24,3.09,2.2,1.67,2.21,1.73
2026-01-04,E0,2526,Newcastle,Crystal Palace,2,0,H,1.7,3.9,4.75,1.71,4.04,4.86,1.69,4.0,5.19,1.8,2.0,1.78,2.13
2026-01-04,E0,2526,Tottenham,Sunderland,1,1,D,1.8,3.6,4.5,1.83,3.85,4.39,2.01,3.46,4.22,2.0,1.8,2.16,1.76
2026-01-04,E0,2526,Fulham,Liverpool,2,2,D,3.8,3.75,1.91,3.75,3.84,1.97,4.39,3.67,1.91,1.8,2.0,1.99,1.92
2026-01-04,E0,2526,Man City,Chelsea,1,1,D,1.6,4.75,4.5,1.65,4.66,4.64,1.48,5.05,6.35,1.5,2.63,1.38,3.15
2026-01-06,E0,2526,West Ham,Nott'm Forest,1,2,A,2.88,3.25,2.2,3.29,3.37,2.34,3.05,3.5,2.41,1.98,1.88,1.88,2.02
2026-01-07,E0,2526,Bournemouth,Tottenham,3,2,H,2.1,3.6,3.3,2.14,3.72,3.36,2.25,3.64,3.23,1.73,2.1,1.77,2.13
2026-01-07,E0,2526,Brentford,Sunderland,3,0,H,1.85,3.5,4.33,1.85,3.63,4.56,2.08,3.17,4.3,2.05,1.8,2.45,1.59
2026-01-07,E0,2526,Crystal Palace,Aston Villa,0,0,D,3.1,3.3,2.3,3.14,3.4,2.38,3.08,3.4,2.45,1.93,1.93,1.88,2.03
2026-01-07,E0,2526,Everton,Wolves,1,1,D,1.75,3.5,5.0,1.79,3.57,5.06,1.89,3.52,4.6,2.1,1.73,2.06,1.85
2026-01-07,E0,2526,Fulham,Chelsea,2,1,H,3.4,3.6,2.05,3.45,3.76,2.09,3.7,3.58,2.09,1.8,2.0,1.93,1.98
2026-01-07,E0,2526,Man City,Brighton,1,1,D,1.4,5.25,6.5,1.4,5.43,7.17,1.53,4.63,6.1,1.44,2.75,1.47,2.77
2026-01-07,E0,2526,Burnley,Man United,2,2,D,4.75,4.0,1.7,4.92,4.15,1.69,4.98,3.87,1.74,1.73,2.1,1.87,2.04
2026-01-07,E0,2526,Newcastle,Leeds,4,3,H,1.67,3.8,5.0,1.7,3.89,5.19,1.65,4.04,5.57,1.83,2.03,1.85,2.07
2026-01-08,E0,2526,Arsenal,Liverpool,0,0,D,1.6,4.1,5.0,1.6,4.35,5.49,1.59,4.4,5.75,1.73,2.1,1.82,2.07
2026-01-09,D1,2526,Ein Frankfurt,Dortmund,3,3,D,3.6,3.8,1.95,3.62,3.85,2.03,3.51,3.7,2.11,1.62,2.3,1.67,2.32
2026-01-10,D1,2526,Freiburg,Hamburg,2,1,H,1.8,3.6,4.5,1.81,3.56,4.95,1.81,3.67,4.82,1.83,2.03,1.93,1.97
2026-01-10,D1,2526,Heidenheim,FC Koln,2,2,D,2.9,3.5,2.38,2.95,3.58,2.41,2.81,3.52,2.59,1.8,2.0,1.81,2.1
2026-01-10,D1,2526,Union Berlin,Mainz,2,2,D,2.15,3.25,3.7,2.14,3.2,3.92,2.12,3.29,3.97,2.2,1.65,2.26,1.71
2026-01-10,D1,2526,Leverkusen,Stuttgart,1,4,A,1.95,4.1,3.4,1.95,4.05,3.63,2.23,3.75,3.19,1.5,2.63,1.65,2.32
2026-01-11,D1,2526,M'gladbach,Augsburg,4,0,H,1.85,3.8,4.0,1.93,3.73,4.04,1.95,3.71,3.99,1.8,2.0,1.85,2.06
2026-01-11,D1,2526,Bayern Munich,Wolfsburg,8,1,H,1.11,11.0,17.0,1.1,12.15,18.99,1.13,11.0,19.0,1.2,4.5,,
2026-01-13,D1,2526,Stuttgart,Ein Frankfurt,3,2,H,1.73,4.2,4.2,1.81,4.01,4.25,1.81,4.01,4.25,1.5,2.63,1.58,2.47
2026-01-13,D1,2526,Dortmund,Werder Bremen,3,0,H,1.4,5.0,7.0,1.36,5.64,7.94,1.36,5.64,7.94,1.5,2.63,1.44,2.82
2026-01-13,D1,2526,Mainz,Heidenheim,2,1,H,1.75,3.8,4.33,1.67,3.85,5.58,1.67,3.85,5.58,1.73,2.1,1.92,1.97
2026-01-14,D1,2526,Wolfsburg,St Pauli,2,1,H,1.91,3.7,3.8,1.9,3.75,4.14,1.9,3.75,4.14,1.93,1.93,1.86,2.03
2026-01-14,D1,2526,FC Koln,Bayern Munich,1,3,A,10.5,7.5,1.22,9.41,6.82,1.26,9.41,6.82,1.26,1.25,4.0,,
2026-01-14,D1,2526,Hoffenheim,M'gladbach,5,1,H,1.85,3.9,3.8,1.85,4.05,4.05,1.85,4.05,4.05,1.57,2.38,1.6,2.42
2026-01-14,D1,2526,RB Leipzig,Freiburg,2,0,H,1.7,4.0,4.5,1.72,4.16,4.63,1.72,4.16,4.63,1.57,2.38,1.62,2.39
2026-01-15,D1,2526,Augsburg,Union Berlin,1,1,D,2.6,3.2,2.8,2.63,3.26,2.89,,,,2.2,1.67,,
2026-01-16,D1,2526,Werder Bremen,Ein Frankfurt,3,3,D,2.7,3.5,2.5,,,,,,,1.67,2.2,,
2026-01-17,D1,2526,Dortmund,St Pauli,3,2,H,1.33,5.25,10.0,,,,,,,1.67,2.2,,
2026-01-17,D1,2526,FC Koln,Mainz,2,1,H,2.15,3.5,3.25,,,,,,,1.73,2.1,,
2026-01-17,D1,2526,Hamburg,M'gladbach,0,0,D,2.45,3.5,2.8,,,,,,,1.73,2.1,,
2026-01-17,D1,2526,Hoffenheim,Leverkusen,1,0,H,2.4,3.8,2.7,,,,,,,1.5,2.63,,
2026-01-17,D1,2526,Wolfsburg,Heidenheim,1,1,D,1.67,4.0,5.0,,,,,,,1.57,2.38,,
2026-01-17,D1,2526,RB Leipzig,Bayern Munich,1,5,A,5.0,4.75,1.55,,,,,,,1.3,3.5,,
2026-01-17,E0,2526,Man United,Man City,2,0,H,3.7,3.8,1.91,,,,,,,1.53,2.5,,
2026-01-17,E0,2526,Chelsea,Brentford,2,0,H,1.73,4.0,4.75,,,,,,,1.62,2.3,,
2026-01-17,E0,2526,Leeds,Fulham,1,0,H,2.15,3.3,3.5,,,,,,,2.1,1.73,,
2026-01-17,E0,2526,Liverpool,Burnley,1,1,D,1.22,6.5,11.0,,,,,,,1.57,2.38,,
2026-01-17,E0,2526,Sunderland,Crystal Palace,2,1,H,2.75,3.1,2.75,,,,,,,2.2,1.67,,
2026-01-17,E0,2526,Tottenham,West Ham,1,2,A,1.73,4.0,4.5,,,,,,,1.73,2.1,,
2026-01-17,E0,2526,Nott'm Forest,Arsenal,0,0,D,6.0,4.33,1.53,,,,,,,1.91,1.91,,
2026-01-17,T1,2526,Buyuksehyr,Karagumruk,2,1,H,1.45,4.33,6.5,,,,,,,1.7,2.1,,
2026-01-17,T1,2526,Galatasaray,Gaziantep,1,1,D,1.11,8.0,15.0,,,,,,,1.33,3.4,,
2026-01-18,D1,2526,Stuttgart,Union Berlin,1,1,D,1.65,3.9,5.25,,,,,,,1.8,2.0,,
2026-01-18,D1,2526,Augsburg,Freiburg,2,2,D,2.9,3.3,2.45,,,,,,,1.98,1.88,,
2026-01-18,E0,2526,Wolves,Newcastle,0,0,D,4.75,4.0,1.7,,,,,,,1.67,2.2,,
2026-01-18,E0,2526,Aston Villa,Everton,0,1,A,1.67,3.9,5.25,,,,,,,1.93,1.93,,
2026-01-18,T1,2526,Kasimpasa,Antalyaspor,0,0,D,2.15,3.2,3.4,,,,,,,2.1,1.7,,
2026-01-18,T1,2526,Genclerbirligi,Samsunspor,1,1,D,3.0,3.2,2.35,,,,,,,2.08,1.73,,
2026-01-18,T1,2526,Kocaelispor,Trabzonspor,1,2,A,2.55,3.3,2.65,,,,,,,2.08,1.73,,
2026-01-18,T1,2526,Alanyaspor,Fenerbahce,2,3,A,6.0,4.1,1.49,,,,,,,1.88,1.93,,
2026-01-19,E0,2526,Brighton,Bournemouth,1,1,D,1.85,3.9,3.8,,,,,,,1.5,2.63,,
2026-01-19,T1,2526,Konyaspor,Eyupspor,1,1,D,1.53,4.1,5.5,,,,,,,1.8,2.0,,
2026-01-19,T1,2526,Besiktas,Kayserispor,1,0,H,1.39,5.0,7.0,,,,,,,1.44,2.7,,
2026-01-19,T1,2526,Goztep,Rizespor,3,1,H,1.91,3.3,4.1,,,,,,,2.1,1.7,,
2026-01-23,D1,2526,St Pauli,Hamburg,0,0,D,2.88,2.9,2.75,,,,,,,2.63,1.5,,
2026-01-23,T1,2526,Trabzonspor,Kasimpasa,2,1,H,1.51,4.2,5.5,,,,,,,1.62,2.25,,
2026-01-24,D1,2526,Bayern Munich,Augsburg,1,2,A,1.1,12.0,17.0,,,,,,,1.25,4.0,,
2026-01-24,D1,2526,Ein Frankfurt,Hoffenheim,1,3,A,2.8,3.75,2.3,,,,,,,1.53,2.5,,
2026-01-24,D1,2526,Heidenheim,RB Leipzig,0,3,A,5.0,4.5,1.57,,,,,,,1.5,2.63,,
2026-01-24,D1,2526,Leverkusen,Werder Bremen,1,0,H,1.62,4.2,5.25,,,,,,,1.5,2.63,,
2026-01-24,D1,2526,Mainz,Wolfsburg,3,1,H,2.3,3.5,3.0,,,,,,,1.73,2.1,,
2026-01-24,D1,2526,Union Berlin,Dortmund,0,3,A,3.6,3.5,2.05,,,,,,,1.91,1.91,,
2026-01-24,E0,2526,West Ham,Sunderland,3,1,H,2.5,3.2,2.88,,,,,,,2.1,1.73,,
2026-01-24,E0,2526,Burnley,Tottenham,2,2,D,3.7,3.5,2.05,,,,,,,2.0,1.8,,
2026-01-24,E0,2526,Fulham,Brighton,2,1,H,2.6,3.4,2.7,,,,,,,1.73,2.1,,
2026-01-24,E0,2526,Man City,Wolves,2,0,H,1.2,7.0,11.0,,,,,,,1.4,3.0,,
2026-01-24,E0,2526,Bournemouth,Liverpool,3,2,H,3.75,3.8,1.9,,,,,,,1.62,2.3,,
2026-01-24,T1,2526,Kayserispor,Buyuksehyr,0,3,A,3.4,3.6,2.01,,,,,,,1.7,2.1,,
2026-01-24,T1,2526,Samsunspor,Kocaelispor,0,0,D,2.1,3.3,3.5,,,,,,,2.3,1.6,,
2026-01-24,T1,2526,Karagumruk,Galatasaray,1,3,A,8.0,5.5,1.3,,,,,,,1.48,2.6,,
2026-01-25,D1,2526,M'gladbach,Stuttgart,0,3,A,3.0,3.75,2.2,,,,,,,1.53,2.5,,
2026-01-25,D1,2526,Freiburg,FC Koln,2,1,H,1.9,3.75,3.8,,,,,,,1.8,2.0,,
2026-01-25,E0,2526,Brentford,Nott'm Forest,0,2,A,1.91,3.5,4.1,,,,,,,1.98,1.88,,
2026-01-25,E0,2526,Crystal Palace,Chelsea,1,3,A,3.5,3.8,2.0,,,,,,,1.73,2.1,,
2026-01-25,E0,2526,Newcastle,Aston Villa,0,2,A,1.95,3.7,3.7,,,,,,,1.67,2.2,,
2026-01-25,E0,2526,Arsenal,Man United,2,3,A,1.55,4.2,6.0,,,,,,,1.73,2.1,,
2026-01-25,T1,2526,Gaziantep,Konyaspor,1,1,D,2.25,3.4,3.0,,,,,,,1.73,2.08,,
2026-01-25,T1,2526,Antalyaspor,Genclerbirligi,2,1,H,2.65,3.25,2.55,,,,,,,2.2,1.65,,
2026-01-25,T1,2526,Rizespor,Alanyaspor,1,1,D,1.96,3.4,3.75,,,,,,,2.0,1.8,,
2026-01-25,T1,2526,Fenerbahce,Goztep,1,1,D,1.41,4.33,7.0,,,,,,,1.85,1.95,,
2026-01-26,E0,2526,Everton,Leeds,1,1,D,2.5,3.25,2.9,,,,,,,2.2,1.67,,
2026-01-26,T1,2526,Eyupspor,Besiktas,2,2,D,7.5,4.33,1.39,,,,,,,1.67,2.15,,
2026-01-27,D1,2526,St Pauli,RB Leipzig,1,1,D,4.5,3.5,1.8,,,,,,,2.1,1.73,,
2026-01-27,D1,2526,Werder Bremen,Hoffenheim,0,2,A,3.7,3.6,2.0,,,,,,,1.73,2.1,,
2026-01-30,D1,2526,FC Koln,Wolfsburg,1,0,H,1.95,3.8,3.5,,,,,,,1.57,2.38,,
2026-01-30,T1,2526,Antalyaspor,Trabzonspor,1,1,D,4.2,3.6,1.76,,,,,,,1.85,1.95,,
2026-01-30,T1,2526,Kasimpasa,Samsunspor,0,1,A,3.1,3.1,2.4,,,,,,,2.15,1.67,,
2026-01-31,D1,2526,Augsburg,St Pauli,2,1,H,2.0,3.3,4.1,,,,,,,2.3,1.62,,
2026-01-31,D1,2526,Ein Frankfurt,Leverkusen,1,3,A,3.0,3.8,2.2,,,,,,,1.53,2.5,,
2026-01-31,D1,2526,Hoffenheim,Union Berlin,3,1,H,1.8,3.8,4.33,,,,,,,1.8,2.0,,
2026-01-31,D1,2526,RB Leipzig,Mainz,1,2,A,1.55,4.5,5.5,,,,,,,1.53,2.5,,
2026-01-31,D1,2526,Werder Bremen,M'gladbach,1,1,D,2.45,3.6,2.75,,,,,,,1.67,2.2,,
2026-01-31,D1,2526,Hamburg,Bayern Munich,2,2,D,8.0,6.5,1.29,,,,,,,1.33,3.4,,
2026-01-31,E0,2526,Brighton,Everton,1,1,D,1.85,3.6,4.1,,,,,,,1.9,1.95,,
2026-01-31,E0,2526,Leeds,Arsenal,0,4,A,5.75,4.2,1.55,,,,,,,1.98,1.88,,
2026-01-31,E0,2526,Wolves,Bournemouth,0,2,A,2.9,3.5,2.3,,,,,,,1.73,2.1,,
2026-01-31,E0,2526,Chelsea,West Ham,3,2,H,1.5,4.5,6.0,,,,,,,1.53,2.5,,
2026-01-31,E0,2526,Liverpool,Newcastle,4,1,H,1.8,3.9,4.1,,,,,,,1.62,2.3,,
2026-01-31,T1,2526,Alanyaspor,Eyupspor,1,3,A,1.45,4.0,7.5,,,,,,,1.95,1.85,,
2026-01-31,T1,2526,Buyuksehyr,Rizespor,2,2,D,1.81,3.8,3.8,,,,,,,1.75,2.05,,
2026-01-31,T1,2526,Besiktas,Konyaspor,2,1,H,1.49,4.33,5.5,,,,,,,1.48,2.6,,
2026-01-31,T1,2526,Goztep,Karagumruk,2,1,H,1.45,4.1,7.0,,,,,,,1.95,1.85,,
2026-02-01,D1,2526,Stuttgart,Freiburg,1,0,H,1.67,4.1,4.75,,,,,,,1.62,2.3,,
2026-02-01,D1,2526,Dortmund,Heidenheim,3,2,H,1.22,6.5,12.0,,,,,,,1.44,2.75,,
2026-02-01,E0,2526,Aston Villa,Brentford,0,1,A,2.1,3.5,3.4,,,,,,,1.8,2.0,,
2026-02-01,E0,2526,Man United,Fulham,3,2,H,1.57,4.5,5.0,,,,,,,1.67,2.2,,
2026-02-01,E0,2526,Nott'm Forest,Crystal Palace,1,1,D,1.95,3.5,3.9,,,,,,,2.0,1.8,,
2026-02-01,E0,2526,Tottenham,Man City,2,2,D,4.5,4.1,1.73,,,,,,,1.62,2.3,,
2026-02-01,T1,2526,Genclerbirligi,Gaziantep,2,1,H,2.25,3.25,3.2,,,,,,,1.9,1.9,,
2026-02-01,T1,2526,Galatasaray,Kayserispor,4,0,H,1.11,7.5,15.0,,,,,,,1.33,3.4,,
2026-02-02,E0,2526,Sunderland,Burnley,3,0,H,1.8,3.5,4.75,,,,,,,2.2,1.67,,
2026-02-02,T1,2526,Kocaelispor,Fenerbahce,0,2,A,5.0,3.7,1.66,,,,,,,2.05,1.75,,
2026-02-06,D1,2526,Union Berlin,Ein Frankfurt,1,1,D,2.0,3.5,3.6,,,,,,,1.91,1.91,,
2026-02-06,E0,2526,Leeds,Nott'm Forest,3,1,H,2.2,3.3,3.4,,,,,,,2.1,1.73,,
2026-02-07,D1,2526,Freiburg,Werder Bremen,1,0,H,1.83,3.75,4.2,,,,,,,1.8,2.0,,
2026-02-07,D1,2526,Heidenheim,Hamburg,0,2,A,2.88,3.5,2.45,,,,,,,1.8,2.0,,
2026-02-07,D1,2526,Mainz,Augsburg,2,0,H,2.05,3.6,3.5,,,,,,,1.8,2.0,,
2026-02-07,D1,2526,St Pauli,Stuttgart,2,1,H,4.33,3.75,1.8,,,,,,,1.93,1.93,,
2026-02-07,D1,2526,Wolfsburg,Dortmund,1,2,A,4.2,4.2,1.73,,,,,,,1.57,2.38,,
2026-02-07,D1,2526,M'gladbach,Leverkusen,1,1,D,3.5,3.75,2.0,,,,,,,1.62,2.3,,
2026-02-07,E0,2526,Man United,Tottenham,2,0,H,1.57,4.5,5.0,,,,,,,1.44,2.75,,
2026-02-07,E0,2526,Arsenal,Sunderland,3,0,H,1.22,6.25,12.0,,,,,,,1.73,2.1,,
2026-02-07,E0,2526,Bournemouth,Aston Villa,1,1,D,2.7,3.5,2.5,,,,,,,1.67,2.2,,
2026-02-07,E0,2526,Burnley,West Ham,0,2,A,3.3,3.5,2.15,,,,,,,1.9,1.95,,
2026-02-07,E0,2526,Fulham,Everton,1,2,A,2.1,3.25,3.75,,,,,,,2.2,1.67,,
2026-02-07,E0,2526,Wolves,Chelsea,1,3,A,5.0,4.0,1.67,,,,,,,1.73,2.1,,
2026-02-07,E0,2526,Newcastle,Brentford,2,3,A,2.1,3.5,3.5,,,,,,,1.73,2.1,,
2026-02-07,T1,2526,Karagumruk,Antalyaspor,1,0,H,2.2,3.2,3.25,,,,,,,2.15,1.67,,
2026-02-07,T1,2526,Samsunspor,Trabzonspor,0,3,A,2.5,3.25,2.75,,,,,,,1.95,1.85,,
2026-02-08,D1,2526,FC Koln,RB Leipzig,1,2,A,3.25,3.8,2.1,,,,,,,1.5,2.63,,
2026-02-08,D1,2526,Bayern Munich,Hoffenheim,5,1,H,1.29,7.0,7.5,,,,,,,1.25,4.0,,
2026-02-08,E0,2526,Brighton,Crystal Palace,0,1,A,1.95,3.5,3.9,,,,,,,1.8,2.0,,
2026-02-08,E0,2526,Liverpool,Man City,1,2,A,2.38,3.7,2.75,,,,,,,1.57,2.38,,
2026-02-08,T1,2526,Eyupspor,Buyuksehyr,1,2,A,5.5,3.6,1.61,,,,,,,1.7,2.1,,
2026-02-08,T1,2526,Konyaspor,Goztep,0,0,D,2.7,3.2,2.55,,,,,,,2.15,1.67,,
2026-02-08,T1,2526,Rizespor,Galatasaray,0,3,A,5.25,4.33,1.53,,,,,,,1.62,2.25,,
2026-02-08,T1,2526,Besiktas,Alanyaspor,2,2,D,1.51,4.33,5.25,,,,,,,1.62,2.25,,
2026-02-09,T1,2526,Kayserispor,Kocaelispor,1,2,A,2.75,3.1,2.55,,,,,,,2.2,1.65,,
2026-02-09,T1,2526,Fenerbahce,Genclerbirligi,3,1,H,1.19,6.0,13.0,,,,,,,1.5,2.5,,
2026-02-09,T1,2526,Gaziantep,Kasimpasa,2,1,H,1.91,3.5,3.8,,,,,,,1.83,1.98,,
2026-02-10,E0,2526,Chelsea,Leeds,2,2,D,1.55,4.33,5.5,,,,,,,1.62,2.3,,
2026-02-10,E0,2526,Everton,Bournemouth,1,2,A,2.38,3.4,3.0,,,,,,,1.88,1.98,,
2026-02-10,E0,2526,Tottenham,Newcastle,1,2,A,3.2,3.6,2.2,,,,,,,1.73,2.1,,
2026-02-10,E0,2526,West Ham,Man United,1,1,D,4.5,4.2,1.7,,,,,,,1.5,2.63,,
2026-02-11,E0,2526,Aston Villa,Brighton,1,0,H,1.91,3.7,3.8,,,,,,,1.8,2.0,,
2026-02-11,E0,2526,Crystal Palace,Burnley,2,3,A,1.57,4.0,6.25,,,,,,,1.98,1.88,,
2026-02-11,E0,2526,Man City,Fulham,3,0,H,1.36,5.5,7.0,,,,,,,1.53,2.5,,
2026-02-11,E0,2526,Nott'm Forest,Wolves,0,0,D,1.7,3.8,5.0,,,,,,,2.0,1.85,,
2026-02-11,E0,2526,Sunderland,Liverpool,0,1,A,4.75,3.8,1.73,,,,,,,1.8,2.0,,
2026-02-12,E0,2526,Brentford,Arsenal,1,1,D,4.75,3.9,1.7,,,,,,,1.88,1.98,,
2026-02-13,D1,2526,Dortmund,Mainz,4,0,H,1.53,4.5,5.5,,,,,,,1.53,2.5,,
2026-02-13,T1,2526,Antalyaspor,Samsunspor,3,1,H,4.1,3.2,1.91,,,,,,,2.3,1.6,,
2026-02-13,T1,2526,Galatasaray,Eyupspor,5,1,H,1.1,8.5,19.0,,,,,,,1.29,3.6,,
2026-02-14,D1,2526,Ein Frankfurt,M'gladbach,3,0,H,1.95,3.5,4.0,,,,,,,1.73,2.1,,
2026-02-14,D1,2526,Hamburg,Union Berlin,3,2,H,2.5,3.25,2.9,,,,,,,2.1,1.73,,
2026-02-14,D1,2526,Hoffenheim,Freiburg,3,0,H,1.73,3.9,4.5,,,,,,,1.67,2.2,,
2026-02-14,D1,2526,Leverkusen,St Pauli,4,0,H,1.45,3.75,6.5,,,,,,,1.88,1.98,,
2026-02-14,D1,2526,Werder Bremen,Bayern Munich,0,3,A,8.0,6.0,1.3,,,,,,,1.33,3.4,,
2026-02-14,D1,2526,Stuttgart,FC Koln,3,1,H,1.45,4.75,6.5,,,,,,,1.44,2.75,,
2026-02-14,T1,2526,Genclerbirligi,Rizespor,2,2,D,2.45,3.25,2.75,,,,,,,1.93,1.88,,
2026-02-14,T1,2526,Alanyaspor,Konyaspor,2,1,H,2.05,3.4,3.4,,,,,,,2.0,1.8,,
2026-02-14,T1,2526,Trabzonspor,Fenerbahce,2,3,A,3.4,3.6,2.01,,,,,,,1.67,2.15,,
2026-02-15,D1,2526,Augsburg,Heidenheim,1,0,H,1.85,3.6,4.2,,,,,,,1.73,2.1,,
2026-02-15,D1,2526,RB Leipzig,Wolfsburg,2,2,D,1.44,4.75,6.5,,,,,,,1.4,3.0,,
2026-02-15,T1,2526,Kocaelispor,Gaziantep,3,0,H,1.86,3.4,4.0,,,,,,,2.05,1.75,,
2026-02-15,T1,2526,Goztep,Kayserispor,0,0,D,1.53,3.75,6.0,,,,,,,2.0,1.8,,
2026-02-15,T1,2526,Buyuksehyr,Besiktas,2,3,A,2.55,3.6,2.45,,,,,,,1.65,2.2,,
2026-02-16,T1,2526,Kasimpasa,Karagumruk,3,2,H,1.81,3.6,4.0,,,,,,,2.05,1.75,,
2026-02-18,E0,2526,Wolves,Arsenal,2,2,D,11.0,5.25,1.29,,,,,,,1.73,2.1,,
2026-02-20,D1,2526,Mainz,Hamburg,1,1,D,2.1,3.4,3.5,,,,,,,1.8,2.0,,
2026-02-20,T1,2526,Rizespor,Kocaelispor,2,0,H,2.2,3.4,3.1,,,,,,,2.1,1.7,,
2026-02-21,D1,2526,Bayern Munich,Ein Frankfurt,3,2,H,1.14,9.5,13.0,,,,,,,1.2,4.5,,
2026-02-21,D1,2526,FC Koln,Hoffenheim,2,2,D,3.3,3.8,2.05,,,,,,,1.57,2.38,,
2026-02-21,D1,2526,Union Berlin,Leverkusen,1,0,H,3.0,3.3,2.38,,,,,,,1.95,1.9,,
2026-02-21,D1,2526,Wolfsburg,Augsburg,2,3,A,2.05,3.4,3.75,,,,,,,1.73,2.1,,
2026-02-21,D1,2526,RB Leipzig,Dortmund,2,2,D,2.15,3.8,3.1,,,,,,,1.44,2.75,,
2026-02-21,E0,2526,Aston Villa,Leeds,1,1,D,1.85,3.6,4.33,,,,,,,1.83,2.03,,
2026-02-21,E0,2526,Brentford,Brighton,0,2,A,2.0,3.7,3.5,,,,,,,1.8,2.0,,
2026-02-21,E0,2526,Chelsea,Burnley,1,1,D,1.22,6.5,12.0,,,,,,,1.44,2.75,,
2026-02-21,E0,2526,West Ham,Bournemouth,0,0,D,2.5,3.7,2.63,,,,,,,1.57,2.38,,
2026-02-21,E0,2526,Man City,Newcastle,2,1,H,1.45,5.0,5.5,,,,,,,1.44,2.75,,
2026-02-21,T1,2526,Eyupspor,Genclerbirligi,1,0,H,2.75,3.4,2.35,,,,,,,1.95,1.85,,
2026-02-21,T1,2526,Alanyaspor,Buyuksehyr,1,2,A,2.75,3.4,2.4,,,,,,,1.85,1.95,,
2026-02-21,T1,2526,Konyaspor,Galatasaray,2,0,H,6.0,4.5,1.45,,,,,,,1.6,2.3,,
2026-02-22,D1,2526,Freiburg,M'gladbach,2,1,H,1.95,3.25,4.33,,,,,,,1.88,1.98,,
2026-02-22,D1,2526,St Pauli,Werder Bremen,2,1,H,2.75,3.1,2.75,,,,,,,2.3,1.62,,
2026-02-22,D1,2526,Heidenheim,Stuttgart,3,3,D,4.5,4.0,1.7,,,,,,,1.57,2.38,,
2026-02-22,E0,2526,Crystal Palace,Wolves,1,0,H,1.65,4.0,5.0,,,,,,,1.91,1.91,,
2026-02-22,E0,2526,Nott'm Forest,Liverpool,0,1,A,4.1,3.9,1.8,,,,,,,1.73,2.1,,
2026-02-22,E0,2526,Sunderland,Fulham,1,3,A,2.7,3.25,2.7,,,,,,,2.2,1.67,,
2026-02-22,E0,2526,Tottenham,Arsenal,1,4,A,6.0,4.0,1.57,,,,,,,1.8,2.0,,
2026-02-22,T1,2526,Kayserispor,Antalyaspor,1,0,H,1.91,3.3,4.0,,,,,,,2.05,1.75,,
2026-02-22,T1,2526,Gaziantep,Trabzonspor,1,2,A,3.6,3.6,1.91,,,,,,,1.7,2.1,,
2026-02-22,T1,2526,Besiktas,Goztep,4,0,H,1.68,3.6,4.75,,,,,,,1.85,1.95,,
2026-02-22,T1,2526,Karagumruk,Samsunspor,0,0,D,3.75,3.3,1.96,,,,,,,2.05,1.75,,
2026-02-23,E0,2526,Everton,Man United,0,1,A,3.7,3.75,1.91,,,,,,,1.73,2.1,,
2026-02-23,T1,2526,Fenerbahce,Kasimpasa,1,1,D,1.19,6.0,13.0,,,,,,,1.53,2.4,,
2026-02-27,D1,2526,Augsburg,FC Koln,2,0,H,2.2,3.5,3.25,,,,,,,1.88,1.98,,
2026-02-27,E0,2526,Wolves,Aston Villa,2,0,H,4.1,3.7,1.85,,,,,,,1.85,2.0,,
2026-02-27,T1,2526,Buyuksehyr,Konyaspor,2,0,H,1.68,3.6,4.75,,,,,,,1.8,2.0,,
2026-02-27,T1,2526,Trabzonspor,Karagumruk,3,1,H,1.41,4.5,6.5,,,,,,,1.75,2.05,,
2026-02-28,D1,2526,Hoffenheim,St Pauli,0,1,A,1.48,4.75,6.0,,,,,,,1.8,2.0,,
2026-02-28,D1,2526,Leverkusen,Mainz,1,1,D,1.7,4.0,4.5,,,,,,,1.67,2.2,,
2026-02-28,D1,2526,M'gladbach,Union Berlin,1,0,H,2.38,3.3,3.0,,,,,,,2.0,1.8,,
2026-02-28,D1,2526,Werder Bremen,Heidenheim,2,0,H,1.75,4.0,4.33,,,,,,,1.67,2.2,,
2026-02-28,D1,2526,Dortmund,Bayern Munich,2,3,A,4.5,4.75,1.6,,,,,,,1.33,3.4,,
2026-02-28,E0,2526,Bournemouth,Sunderland,1,1,D,1.8,3.75,4.33,,,,,,,1.8,2.0,,
2026-02-28,E0,2526,Burnley,Brentford,3,4,A,4.5,3.9,1.73,,,,,,,1.85,2.0,,
2026-02-28,E0,2526,Liverpool,West Ham,5,2,H,1.42,4.75,6.5,,,,,,,1.44,2.75,,
2026-02-28,E0,2526,Newcastle,Everton,2,3,A,1.7,4.0,4.75,,,,,,,1.73,2.1,,
2026-02-28,E0,2526,Leeds,Man City,0,1,A,4.75,4.33,1.62,,,,,,,1.62,2.3,,
2026-02-28,T1,2526,Kasimpasa,Rizespor,0,3,A,2.4,3.5,2.65,,,,,,,1.85,1.95,,
2026-02-28,T1,2526,Kocaelispor,Besiktas,0,1,A,3.5,3.4,2.01,,,,,,,2.0,1.8,,
2026-02-28,T1,2526,Galatasaray,Alanyaspor,3,1,H,1.27,5.5,8.5,,,,,,,1.48,2.6,,
2026-02-28,T1,2526,Goztep,Eyupspor,0,0,D,1.57,3.75,5.75,,,,,,,1.88,1.93,,
2026-03-01,D1,2526,Stuttgart,Wolfsburg,4,0,H,1.5,4.75,5.25,,,,,,,1.44,2.75,,
2026-03-01,D1,2526,Ein Frankfurt,Freiburg,2,0,H,2.2,3.5,3.2,,,,,,,1.8,2.0,,
2026-03-01,D1,2526,Hamburg,RB Leipzig,1,2,A,3.3,3.5,2.15,,,,,,,1.57,2.38,,
2026-03-01,E0,2526,Brighton,Nott'm Forest,2,1,H,2.0,3.6,3.5,,,,,,,1.83,2.03,,
2026-03-01,E0,2526,Fulham,Tottenham,2,1,H,2.1,3.6,3.3,,,,,,,1.73,2.1,,
2026-03-01,E0,2526,Man United,Crystal Palace,2,1,H,1.53,4.5,5.5,,,,,,,1.67,2.2,,
2026-03-01,E0,2526,Arsenal,Chelsea,2,1,H,1.6,3.8,5.5,,,,,,,1.73,2.1,,
2026-03-01,T1,2526,Genclerbirligi,Kayserispor,0,0,D,2.05,3.3,3.5,,,,,,,2.0,1.8,,
2026-03-01,T1,2526,Antalyaspor,Fenerbahce,2,2,D,6.5,4.33,1.45,,,,,,,1.73,2.08,,
2026-03-01,T1,2526,Samsunspor,Gaziantep,0,0,D,1.68,3.9,4.33,,,,,,,1.85,1.95,,
2026-03-03,E0,2526,Bournemouth,Brentford,0,0,D,2.5,3.6,2.63,,,,,,,1.62,2.3,,
2026-03-03,E0,2526,Everton,Burnley,2,0,H,1.57,4.0,6.0,,,,,,,1.98,1.88,,
2026-03-03,E0,2526,Leeds,Sunderland,0,1,A,1.85,3.4,4.33,,,,,,,2.1,1.73,,
2026-03-03,E0,2526,Wolves,Liverpool,2,1,H,5.5,4.5,1.5,,,,,,,1.62,2.3,,
2026-03-04,D1,2526,Hamburg,Leverkusen,0,1,A,3.5,3.6,2.05,,,,,,,1.73,2.1,,
2026-03-04,E0,2526,Aston Villa,Chelsea,1,4,A,2.7,3.4,2.55,,,,,,,1.73,2.1,,
2026-03-04,E0,2526,Brighton,Arsenal,0,1,A,4.75,4.1,1.65,,,,,,,1.91,1.91,,
2026-03-04,E0,2526,Fulham,West Ham,0,1,A,2.0,3.5,3.7,,,,,,,1.73,2.1,,
2026-03-04,E0,2526,Man City,Nott'm Forest,2,2,D,1.38,5.0,7.5,,,,,,,1.57,2.38,,
2026-03-04,E0,2526,Newcastle,Man United,2,1,H,2.63,3.5,2.6,,,,,,,1.57,2.38,,
2026-03-05,E0,2526,Tottenham,Crystal Palace,1,3,A,2.35,3.25,3.1,,,,,,,1.8,2.0,,
2026-03-06,D1,2526,Bayern Munich,M'gladbach,4,1,H,1.2,8.5,9.5,,,,,,,1.25,4.0,,
2026-03-07,D1,2526,Freiburg,Leverkusen,3,3,D,2.9,3.3,2.4,,,,,,,1.91,1.91,,
2026-03-07,D1,2526,Heidenheim,Hoffenheim,2,4,A,5.0,4.5,1.57,,,,,,,1.5,2.63,,
2026-03-07,D1,2526,Mainz,Stuttgart,2,2,D,3.2,3.6,2.15,,,,,,,1.62,2.3,,
2026-03-07,D1,2526,RB Leipzig,Augsburg,2,1,H,1.42,5.0,6.5,,,,,,,1.44,2.75,,
2026-03-07,D1,2526,Wolfsburg,Hamburg,1,2,A,2.3,3.5,3.0,,,,,,,1.73,2.1,,
2026-03-07,D1,2526,FC Koln,Dortmund,1,2,A,4.1,4.0,1.75,,,,,,,1.57,2.38,,
2026-03-07,T1,2526,Buyuksehyr,Goztep,2,1,H,1.86,3.3,4.2,,,,,,,2.0,1.8,,
2026-03-07,T1,2526,Besiktas,Galatasaray,0,1,A,2.45,3.7,2.45,,,,,,,1.57,2.35,,
2026-03-08,D1,2526,St Pauli,Ein Frankfurt,0,0,D,2.63,3.4,2.6,,,,,,,2.0,1.85,,
2026-03-08,D1,2526,Union Berlin,Werder Bremen,1,4,A,2.25,3.4,3.25,,,,,,,2.0,1.8,,
2026-03-08,T1,2526,Gaziantep,Karagumruk,1,1,D,1.91,3.6,3.7,,,,,,,1.9,1.9,,
2026-03-08,T1,2526,Rizespor,Antalyaspor,1,0,H,1.53,3.9,5.75,,,,,,,1.88,1.93,,
2026-03-08,T1,2526,Konyaspor,Kasimpasa,1,1,D,2.01,3.1,4.0,,,,,,,2.15,1.67,,
2026-03-08,T1,2526,Fenerbahce,Samsunspor,3,2,H,1.45,4.5,6.5,,,,,,,1.75,2.05,,
2026-03-09,T1,2526,Eyupspor,Kocaelispor,0,1,A,3.5,3.2,2.15,,,,,,,2.25,1.62,,
2026-03-09,T1,2526,Alanyaspor,Genclerbirligi,0,0,D,1.81,3.5,4.1,,,,,,,1.98,1.83,,
2026-03-09,T1,2526,Kayserispor,Trabzonspor,1,3,A,3.6,3.4,1.96,,,,,,,1.8,2.0,,
2026-03-13,D1,2526,M'gladbach,St Pauli,2,0,H,1.91,3.4,4.2,,,,,,,2.2,1.67,,
2026-03-13,T1,2526,Antalyaspor,Gaziantep,1,4,A,2.55,3.3,2.65,,,,,,,2.0,1.8,,
2026-03-13,T1,2526,Karagumruk,Fenerbahce,2,0,H,6.5,4.5,1.41,,,,,,,1.57,2.35,,
2026-03-14,D1,2526,Dortmund,Augsburg,2,0,H,1.42,4.75,7.0,,,,,,,1.53,2.5,,
2026-03-14,D1,2526,Ein Frankfurt,Heidenheim,1,0,H,1.53,4.5,5.5,,,,,,,1.57,2.38,,
2026-03-14,D1,2526,Hoffenheim,Wolfsburg,1,1,D,1.44,4.75,6.5,,,,,,,1.44,2.75,,
2026-03-14,D1,2526,Leverkusen,Bayern Munich,1,1,D,5.25,4.33,1.55,,,,,,,1.36,3.2,,
2026-03-14,D1,2526,Hamburg,FC Koln,1,1,D,2.1,3.6,3.25,,,,,,,1.8,2.0,,
2026-03-14,E0,2526,Burnley,Bournemouth,0,0,D,4.1,3.8,1.83,,,,,,,1.73,2.1,,
2026-03-14,E0,2526,Sunderland,Brighton,0,1,A,3.3,3.3,2.25,,,,,,,2.1,1.73,,
2026-03-14,E0,2526,Arsenal,Everton,2,0,H,1.38,4.75,8.5,,,,,,,1.98,1.88,,
2026-03-14,E0,2526,Chelsea,Newcastle,0,1,A,1.8,4.2,3.8,,,,,,,1.5,2.63,,
2026-03-14,E0,2526,West Ham,Man City,1,1,D,4.33,4.33,1.7,,,,,,,1.53,2.5,,
2026-03-14,T1,2526,Kocaelispor,Konyaspor,1,2,A,2.2,3.2,3.3,,,,,,,2.35,1.57,,
2026-03-14,T1,2526,Galatasaray,Buyuksehyr,3,0,H,1.57,4.33,4.5,,,,,,,1.53,2.4,,
2026-03-14,T1,2526,Goztep,Alanyaspor,2,2,D,2.05,3.25,3.6,,,,,,,2.2,1.65,,
2026-03-14,T1,2526,Trabzonspor,Rizespor,1,0,H,1.66,3.9,4.5,,,,,,,1.67,2.15,,
2026-03-15,D1,2526,Werder Bremen,Mainz,0,2,A,2.2,3.5,3.2,,,,,,,1.73,2.1,,
2026-03-15,D1,2526,Freiburg,Union Berlin,0,1,A,2.15,3.3,3.5,,,,,,,2.1,1.73,,
2026-03-15,D1,2526,Stuttgart,RB Leipzig,1,0,H,2.3,3.9,2.7,,,,,,,1.36,3.2,,
2026-03-15,E0,2526,Crystal Palace,Leeds,0,0,D,2.55,3.3,2.88,,,,,,,2.1,1.73,,
2026-03-15,E0,2526,Man United,Aston Villa,3,1,H,1.73,4.0,4.5,,,,,,,1.67,2.2,,
2026-03-15,E0,2526,Nott'm Forest,Fulham,0,0,D,2.2,3.4,3.3,,,,,,,1.93,1.93,,
2026-03-15,E0,2526,Liverpool,Tottenham,1,1,D,1.3,6.25,8.0,,,,,,,1.44,2.75,,
2026-03-15,T1,2526,Kasimpasa,Eyupspor,1,0,H,1.81,3.75,4.0,,,,,,,1.9,1.9,,
2026-03-15,T1,2526,Genclerbirligi,Besiktas,0,2,A,5.25,4.0,1.57,,,,,,,1.73,2.08,,
2026-03-15,T1,2526,Samsunspor,Kayserispor,2,1,H,1.91,3.4,4.0,,,,,,,2.0,1.8,,
2026-03-16,E0,2526,Brentford,Wolves,2,2,D,1.55,4.2,5.75,,,,,,,1.73,2.1,,
2026-03-17,T1,2526,Fenerbahce,Gaziantep,4,1,H,1.22,6.25,8.0,,,,,,,1.44,2.7,,
2026-03-18,T1,2526,Alanyaspor,Kocaelispor,5,0,H,1.96,3.25,3.9,,,,,,,2.25,1.62,,
2026-03-18,T1,2526,Buyuksehyr,Antalyaspor,0,0,D,1.49,4.0,6.0,,,,,,,1.67,2.15,,
2026-03-18,T1,2526,Eyupspor,Trabzonspor,0,1,A,4.75,3.9,1.61,,,,,,,1.67,2.15,,
2026-03-19,T1,2526,Kayserispor,Karagumruk,1,0,H,1.86,3.6,3.8,,,,,,,1.85,1.95,,
2026-03-19,T1,2526,Besiktas,Kasimpasa,2,1,H,1.35,4.75,8.0,,,,,,,1.57,2.35,,
2026-03-19,T1,2526,Konyaspor,Genclerbirligi,1,0,H,1.76,3.5,4.5,,,,,,,2.05,1.75,,
2026-03-20,D1,2526,RB Leipzig,Hoffenheim,5,0,H,1.91,4.0,3.5,,,,,,,1.36,3.2,,
2026-03-20,E0,2526,Bournemouth,Man United,2,2,D,3.2,3.8,2.1,,,,,,,1.57,2.38,,
2026-03-21,D1,2526,Bayern Munich,Union Berlin,4,0,H,1.17,8.0,13.0,,,,,,,1.33,3.4,,
2026-03-21,D1,2526,FC Koln,M'gladbach,3,3,D,2.25,3.5,3.1,,,,,,,1.8,2.0,,
2026-03-21,D1,2526,Heidenheim,Leverkusen,3,3,D,5.25,4.5,1.57,,,,,,,1.53,2.5,,
2026-03-21,D1,2526,Wolfsburg,Werder Bremen,0,1,A,2.35,3.6,2.8,,,,,,,1.73,2.1,,
2026-03-21,D1,2526,Dortmund,Hamburg,3,2,H,1.4,5.0,7.0,,,,,,,1.53,2.5,,
2026-03-21,E0,2526,Brighton,Liverpool,2,1,H,3.1,3.5,2.2,,,,,,,1.73,2.1,,
2026-03-21,E0,2526,Fulham,Burnley,3,1,H,1.53,4.1,6.25,,,,,,,1.8,2.0,,
2026-03-21,E0,2526,Everton,Chelsea,3,0,H,3.5,3.4,2.1,,,,,,,1.83,2.03,,
2026-03-21,E0,2526,Leeds,Brentford,0,0,D,2.45,3.5,2.88,,,,,,,1.88,1.98,,
2026-03-22,D1,2526,Mainz,Ein Frankfurt,2,1,H,2.1,3.7,3.25,,,,,,,1.73,2.1,,
2026-03-22,D1,2526,St Pauli,Freiburg,1,2,A,2.7,3.1,2.8,,,,,,,2.3,1.62,,
2026-03-22,D1,2526,Augsburg,Stuttgart,2,5,A,3.5,3.8,2.0,,,,,,,1.57,2.38,,
2026-03-22,E0,2526,Newcastle,Sunderland,1,2,A,1.67,4.0,5.0,,,,,,,1.88,1.98,,
2026-03-22,E0,2526,Aston Villa,West Ham,2,0,H,1.95,3.6,3.8,,,,,,,1.8,2.0,,
2026-03-22,E0,2526,Tottenham,Nott'm Forest,0,3,A,2.25,3.4,3.2,,,,,,,1.93,1.93,,
2026-04-04,D1,2526,Freiburg,Bayern Munich,2,3,A,6.5,5.5,1.4,,,,,,,1.36,3.2,,
2026-04-04,D1,2526,Hamburg,Augsburg,1,1,D,2.25,3.5,3.2,,,,,,,1.8,2.0,,
2026-04-04,D1,2526,Hoffenheim,Mainz,1,2,A,1.7,4.0,4.75,,,,,,,1.57,2.38,,
2026-04-04,D1,2526,Leverkusen,Wolfsburg,6,3,H,1.4,5.0,7.0,,,,,,,1.44,2.75,,
2026-04-04,D1,2526,M'gladbach,Heidenheim,2,2,D,1.57,4.33,5.25,,,,,,,1.62,2.3,,
2026-04-04,D1,2526,Werder Bremen,RB Leipzig,1,2,A,3.6,4.0,1.91,,,,,,,1.5,2.63,,
2026-04-04,D1,2526,Stuttgart,Dortmund,0,2,A,2.3,3.9,2.8,,,,,,,1.44,2.75,,
2026-04-04,T1,2526,Genclerbirligi,Goztep,0,2,A,3.25,3.2,2.2,,,,,,,2.25,1.62,,
2026-04-04,T1,2526,Kasimpasa,Kayserispor,2,0,H,2.1,3.5,3.3,,,,,,,1.9,1.9,,
2026-04-04,T1,2526,Gaziantep,Alanyaspor,1,1,D,2.75,3.5,2.32,,,,,,,1.8,2.0,,
2026-04-04,T1,2526,Trabzonspor,Galatasaray,2,1,H,3.2,3.6,2.1,,,,,,,1.57,2.35,,
2026-04-05,D1,2526,Union Berlin,St Pauli,1,1,D,2.1,3.25,3.75,,,,,,,2.5,1.53,,
2026-04-05,D1,2526,Ein Frankfurt,FC Koln,2,2,D,2.0,3.5,3.6,,,,,,,1.73,2.1,,
2026-04-05,T1,2526,Karagumruk,Rizespor,2,1,H,2.7,3.6,2.32,,,,,,,1.8,2.0,,
2026-04-05,T1,2526,Samsunspor,Konyaspor,2,2,D,2.25,3.1,3.3,,,,,,,2.1,1.7,,
2026-04-05,T1,2526,Antalyaspor,Eyupspor,3,0,H,2.1,3.0,3.8,,,,,,,2.15,1.67,,
2026-04-05,T1,2526,Fenerbahce,Besiktas,1,0,H,1.91,3.75,3.5,,,,,,,1.62,2.25,,
2026-04-06,T1,2526,Kocaelispor,Buyuksehyr,0,0,D,2.75,3.3,2.45,,,,,,,2.03,1.78,,
2026-04-08,T1,2526,Goztep,Galatasaray,1,3,A,5.5,3.75,1.57,,,,,,,1.73,2.08,,
2026-04-09,T1,2526,Rizespor,Samsunspor,4,1,H,2.25,3.25,3.1,,,,,,,1.9,1.9,,
2026-04-10,D1,2526,Augsburg,Hoffenheim,2,2,D,3.5,3.75,2.0,,,,,,,1.57,2.38,,
2026-04-10,E0,2526,West Ham,Wolves,4,0,H,1.8,3.8,4.33,,,,,,,1.8,2.0,,
2026-04-10,T1,2526,Besiktas,Antalyaspor,4,2,H,1.3,5.5,7.5,,,,,,,1.48,2.6,,
2026-04-11,D1,2526,Dortmund,Leverkusen,0,1,A,1.95,3.8,3.6,,,,,,,1.53,2.5,,
2026-04-11,D1,2526,Heidenheim,Union Berlin,3,1,H,2.9,3.6,2.3,,,,,,,1.9,1.95,,
2026-04-11,D1,2526,RB Leipzig,M'gladbach,1,0,H,1.53,4.75,5.5,,,,,,,1.44,2.75,,
2026-04-11,D1,2526,Wolfsburg,Ein Frankfurt,1,2,A,2.55,3.6,2.55,,,,,,,1.57,2.38,,
2026-04-11,D1,2526,St Pauli,Bayern Munich,0,5,A,8.0,5.0,1.36,,,,,,,1.53,2.5,,
2026-04-11,E0,2526,Arsenal,Bournemouth,1,2,A,1.44,4.5,7.5,,,,,,,1.62,2.3,,
2026-04-11,E0,2526,Brentford,Everton,2,2,D,2.15,3.3,3.5,,,,,,,2.0,1.8,,
2026-04-11,E0,2526,Burnley,Brighton,0,2,A,4.5,4.0,1.73,,,,,,,1.73,2.1,,
2026-04-11,E0,2526,Liverpool,Fulham,2,0,H,1.65,4.2,4.75,,,,,,,1.57,2.38,,
2026-04-11,T1,2526,Buyuksehyr,Genclerbirligi,3,0,H,1.56,3.9,5.5,,,,,,,1.73,2.08,,
2026-04-11,T1,2526,Alanyaspor,Trabzonspor,1,1,D,3.0,3.3,2.25,,,,,,,1.85,1.95,,
2026-04-11,T1,2526,Kayserispor,Fenerbahce,0,4,A,6.5,4.5,1.41,,,,,,,1.65,2.2,,
2026-04-12,D1,2526,FC Koln,Werder Bremen,3,1,H,2.2,3.5,3.2,,,,,,,1.73,2.1,,
2026-04-12,D1,2526,Stuttgart,Hamburg,4,0,H,1.4,4.75,7.0,,,,,,,1.44,2.75,,
2026-04-12,D1,2526,Mainz,Freiburg,0,1,A,2.25,3.1,3.5,,,,,,,1.88,1.98,,
2026-04-12,E0,2526,Crystal Palace,Newcastle,2,1,H,3.0,3.6,2.2,,,,,,,1.73,2.1,,
2026-04-12,E0,2526,Nott'm Forest,Aston Villa,1,1,D,2.63,3.3,2.7,,,,,,,2.0,1.85,,
2026-04-12,E0,2526,Sunderland,Tottenham,1,0,H,2.7,3.2,2.7,,,,,,,2.0,1.85,,
2026-04-12,E0,2526,Chelsea,Man City,0,3,A,3.1,3.8,2.15,,,,,,,1.57,2.38,,
2026-04-12,T1,2526,Konyaspor,Karagumruk,3,0,H,1.62,3.7,5.0,,,,,,,2.0,1.8,,
2026-04-12,T1,2526,Goztep,Kasimpasa,3,3,D,1.86,3.4,4.1,,,,,,,2.15,1.67,,
2026-04-12,T1,2526,Galatasaray,Kocaelispor,1,1,D,1.19,6.0,12.0,,,,,,,1.53,2.4,,
2026-04-13,E0,2526,Man United,Leeds,1,2,A,1.62,4.1,5.0,,,,,,,1.73,2.1,,
2026-04-13,T1,2526,Eyupspor,Samsunspor,1,2,A,4.2,3.4,1.81,,,,,,,2.0,1.8,,
2026-04-13,T1,2526,Rizespor,Gaziantep,2,1,H,1.68,3.8,4.5,,,,,,,1.67,2.15,,
2026-04-17,D1,2526,St Pauli,FC Koln,1,1,D,2.88,3.3,2.45,,,,,,,2.03,1.83,,
2026-04-17,T1,2526,Antalyaspor,Konyaspor,0,2,A,2.82,3.25,2.4,,,,,,,1.95,1.85,,
2026-04-17,T1,2526,Fenerbahce,Rizespor,2,2,D,1.3,5.0,8.0,,,,,,,1.48,2.6,,
2026-04-18,D1,2526,Hoffenheim,Dortmund,2,1,H,2.5,4.0,2.5,,,,,,,1.5,2.63,,
2026-04-18,D1,2526,Leverkusen,Augsburg,1,2,A,1.4,5.0,7.0,,,,,,,1.44,2.75,,
2026-04-18,D1,2526,Union Berlin,Wolfsburg,1,2,A,2.15,3.6,3.25,,,,,,,1.91,1.91,,
2026-04-18,D1,2526,Werder Bremen,Hamburg,3,1,H,1.95,3.6,3.75,,,,,,,1.73,2.1,,
2026-04-18,D1,2526,Ein Frankfurt,RB Leipzig,1,3,A,3.4,4.0,2.0,,,,,,,1.44,2.75,,
2026-04-18,E0,2526,Brentford,Fulham,0,0,D,2.1,3.75,3.25,,,,,,,1.73,2.1,,
2026-04-18,E0,2526,Leeds,Wolves,3,0,H,1.62,3.9,5.75,,,,,,,1.9,1.95,,
2026-04-18,E0,2526,Newcastle,Bournemouth,1,2,A,2.0,3.75,3.5,,,,,,,1.5,2.63,,
2026-04-18,E0,2526,Tottenham,Brighton,2,2,D,2.7,3.75,2.4,,,,,,,1.67,2.2,,
2026-04-18,E0,2526,Chelsea,Man United,0,1,A,2.2,3.5,3.2,,,,,,,1.57,2.38,,
2026-04-18,T1,2526,Karagumruk,Eyupspor,1,2,A,1.86,3.4,4.1,,,,,,,2.05,1.75,,
2026-04-18,T1,2526,Kocaelispor,Goztep,1,1,D,2.75,3.0,2.65,,,,,,,2.5,1.5,,
2026-04-18,T1,2526,Genclerbirligi,Galatasaray,1,2,A,8.0,4.75,1.33,,,,,,,1.57,2.35,,
2026-04-19,D1,2526,Freiburg,Heidenheim,2,1,H,1.67,4.1,4.75,,,,,,,1.62,2.3,,
2026-04-19,D1,2526,Bayern Munich,Stuttgart,4,2,H,1.4,5.5,6.5,,,,,,,1.25,4.0,,
2026-04-19,D1,2526,M'gladbach,Mainz,1,1,D,2.35,3.5,2.9,,,,,,,1.9,1.95,,
2026-04-19,E0,2526,Aston Villa,Sunderland,4,3,H,1.67,3.75,5.5,,,,,,,1.98,1.88,,
2026-04-19,E0,2526,Everton,Liverpool,1,2,A,3.1,3.4,2.3,,,,,,,1.9,1.95,,
2026-04-19,E0,2526,Nott'm Forest,Burnley,4,1,H,1.5,4.2,7.0,,,,,,,1.73,2.1,,
2026-04-19,E0,2526,Man City,Arsenal,2,1,H,1.83,3.7,4.2,,,,,,,2.0,1.8,,
2026-04-19,T1,2526,Kasimpasa,Alanyaspor,1,0,H,2.65,3.2,2.57,,,,,,,2.08,1.73,,
2026-04-19,T1,2526,Samsunspor,Besiktas,2,1,H,3.5,3.6,1.96,,,,,,,1.73,2.08,,
2026-04-19,T1,2526,Trabzonspor,Buyuksehyr,1,1,D,1.86,3.75,3.6,,,,,,,1.6,2.3,,
2026-04-20,E0,2526,Crystal Palace,West Ham,0,0,D,2.38,3.2,3.1,,,,,,,1.93,1.93,,
2026-04-20,T1,2526,Gaziantep,Kayserispor,3,0,H,2.1,3.25,3.4,,,,,,,1.8,2.0,,
2026-04-21,E0,2526,Brighton,Chelsea,3,0,H,2.5,3.5,2.7,,,,,,,1.67,2.2,,
2026-04-22,E0,2526,Bournemouth,Leeds,2,2,D,2.0,3.5,3.6,,,,,,,1.73,2.1,,
2026-04-22,E0,2526,Burnley,Man City,0,1,A,19.0,9.0,1.13,,,,,,,1.33,3.4,,
2026-04-24,D1,2526,RB Leipzig,Union Berlin,3,1,H,1.48,4.75,6.0,,,,,,,1.5,2.63,,
2026-04-24,E0,2526,Sunderland,Nott'm Forest,0,5,A,2.7,3.2,2.7,,,,,,,2.2,1.67,,
2026-04-24,T1,2526,Buyuksehyr,Kasimpasa,4,0,H,1.66,3.9,4.75,,,,,,,1.73,2.08,,
2026-04-25,D1,2526,Augsburg,Ein Frankfurt,1,1,D,2.5,3.8,2.5,,,,,,,1.53,2.5,,
2026-04-25,D1,2526,FC Koln,Leverkusen,1,2,A,3.8,4.0,1.85,,,,,,,1.53,2.5,,
2026-04-25,D1,2526,Heidenheim,St Pauli,2,0,H,2.3,3.5,3.0,,,,,,,1.91,1.91,,
2026-04-25,D1,2526,Mainz,Bayern Munich,3,4,A,4.33,4.5,1.67,,,,,,,1.44,2.75,,
2026-04-25,D1,2526,Wolfsburg,M'gladbach,0,0,D,2.2,3.75,3.0,,,,,,,1.62,2.3,,
2026-04-25,D1,2526,Hamburg,Hoffenheim,1,2,A,4.0,4.0,1.75,,,,,,,1.53,2.5,,
2026-04-25,E0,2526,Fulham,Aston Villa,1,0,H,2.75,3.6,2.45,,,,,,,1.73,2.1,,
2026-04-25,E0,2526,Liverpool,Crystal Palace,3,1,H,1.44,5.0,6.25,,,,,,,1.57,2.38,,
2026-04-25,E0,2526,West Ham,Everton,2,1,H,2.4,3.4,2.9,,,,,,,1.9,1.95,,
2026-04-25,E0,2526,Wolves,Tottenham,0,1,A,4.5,4.33,1.67,,,,,,,1.67,2.2,,
2026-04-25,E0,2526,Arsenal,Newcastle,1,0,H,1.45,4.75,6.25,,,,,,,1.57,2.38,,
2026-04-25,T1,2526,Eyupspor,Gaziantep,3,0,H,2.57,3.4,2.55,,,,,,,1.83,1.98,,
2026-04-25,T1,2526,Kayserispor,Rizespor,2,0,H,2.5,3.5,2.55,,,,,,,1.7,2.1,,
2026-04-25,T1,2526,Goztep,Antalyaspor,2,0,H,1.66,3.6,5.0,,,,,,,1.95,1.85,,
2026-04-26,D1,2526,Stuttgart,Werder Bremen,1,1,D,1.53,4.33,5.5,,,,,,,1.44,2.75,,
2026-04-26,D1,2526,Dortmund,Freiburg,4,0,H,1.36,5.25,7.5,,,,,,,1.53,2.5,,
2026-04-26,T1,2526,Genclerbirligi,Kocaelispor,1,0,H,2.45,3.2,2.82,,,,,,,2.3,1.6,,
2026-04-26,T1,2526,Galatasaray,Fenerbahce,3,0,H,2.35,3.4,2.75,,,,,,,1.65,2.2,,
2026-04-27,E0,2526,Man United,Brentford,2,1,H,1.85,3.8,4.0,,,,,,,1.57,2.38,,
2026-04-27,T1,2526,Alanyaspor,Samsunspor,2,3,A,2.3,3.1,3.2,,,,,,,2.05,1.75,,
2026-04-27,T1,2526,Besiktas,Karagumruk,0,0,D,1.3,5.25,8.0,,,,,,,1.57,2.35,,
2026-04-27,T1,2526,Konyaspor,Trabzonspor,2,1,H,2.85,3.75,2.15,,,,,,,1.73,2.08,,
2026-05-01,E0,2526,Leeds,Burnley,3,1,H,1.33,5.0,9.5,,,,,,,1.67,2.2,,
2026-05-01,T1,2526,Rizespor,Konyaspor,3,2,H,1.81,3.6,4.0,,,,,,,1.7,2.1,,
2026-05-01,T1,2526,Gaziantep,Besiktas,0,2,A,3.6,3.9,1.86,,,,,,,1.48,2.6,,
2026-05-02,D1,2526,Bayern Munich,Heidenheim,3,3,D,1.25,7.0,9.5,,,,,,,1.25,4.0,,
2026-05-02,D1,2526,Ein Frankfurt,Hamburg,1,2,A,1.73,4.1,4.33,,,,,,,1.53,2.5,,
2026-05-02,D1,2526,Hoffenheim,Stuttgart,3,3,D,2.3,4.2,2.6,,,,,,,1.36,3.2,,
2026-05-02,D1,2526,Union Berlin,FC Koln,2,2,D,2.45,3.3,2.9,,,,,,,1.91,1.91,,
2026-05-02,D1,2526,Werder Bremen,Augsburg,1,3,A,1.95,3.8,3.6,,,,,,,1.62,2.3,,
2026-05-02,D1,2526,Leverkusen,RB Leipzig,4,1,H,2.1,4.2,2.88,,,,,,,1.36,3.2,,
2026-05-02,E0,2526,Brentford,West Ham,3,0,H,1.91,3.75,3.75,,,,,,,1.62,2.3,,
2026-05-02,E0,2526,Newcastle,Brighton,3,1,H,2.5,3.75,2.6,,,,,,,1.73,2.1,,
2026-05-02,E0,2526,Wolves,Sunderland,1,1,D,3.1,3.2,2.1,,,,,,,2.1,1.73,,
2026-05-02,E0,2526,Arsenal,Fulham,3,0,H,1.44,4.33,7.0,,,,,,,1.8,2.0,,
2026-05-02,T1,2526,Fenerbahce,Buyuksehyr,3,1,H,1.61,4.33,4.5,,,,,,,1.5,2.5,,
2026-05-02,T1,2526,Samsunspor,Galatasaray,4,1,H,4.5,4.33,1.61,,,,,,,1.6,2.3,,
2026-05-02,T1,2526,Trabzonspor,Goztep,1,1,D,1.76,3.75,4.2,,,,,,,1.8,2.0,,
2026-05-03,D1,2526,St Pauli,Mainz,1,2,A,2.63,3.3,2.6,,,,,,,2.1,1.73,,
2026-05-03,D1,2526,M'gladbach,Dortmund,1,0,H,3.75,3.8,1.91,,,,,,,1.57,2.38,,
2026-05-03,D1,2526,Freiburg,Wolfsburg,1,1,D,2.55,3.5,2.7,,,,,,,1.67,2.2,,
2026-05-03,E0,2526,Bournemouth,Crystal Palace,3,0,H,1.57,4.33,5.25,,,,,,,1.67,2.2,,
2026-05-03,E0,2526,Man United,Liverpool,3,2,H,2.3,3.8,2.75,,,,,,,1.5,2.63,,
2026-05-03,E0,2526,Aston Villa,Tottenham,1,2,A,2.15,3.6,3.2,,,,,,,1.73,2.1,,
2026-05-03,T1,2526,Antalyaspor,Alanyaspor,0,0,D,3.1,3.25,2.25,,,,,,,2.03,1.78,,
2026-05-03,T1,2526,Karagumruk,Genclerbirligi,1,0,H,2.57,3.3,2.57,,,,,,,2.0,1.8,,
2026-05-03,T1,2526,Kasimpasa,Kocaelispor,1,1,D,2.2,3.1,3.4,,,,,,,2.3,1.6,,
2026-05-03,T1,2526,Kayserispor,Eyupspor,1,1,D,1.71,3.75,4.5,,,,,,,1.93,1.88,,
2026-05-04,E0,2526,Chelsea,Nott'm Forest,1,3,A,1.7,4.0,4.75,,,,,,,1.67,2.2,,
2026-05-04,E0,2526,Everton,Man City,3,3,D,6.5,4.75,1.44,,,,,,,1.62,2.3,,
2026-05-08,D1,2526,Dortmund,Ein Frankfurt,3,2,H,1.67,4.33,4.5,,,,,,,1.4,3.0,,
2026-05-09,D1,2526,Augsburg,M'gladbach,3,1,H,2.05,3.75,3.3,,,,,,,1.62,2.3,,
2026-05-09,D1,2526,Hoffenheim,Werder Bremen,1,0,H,1.45,5.0,5.75,,,,,,,1.36,3.2,,
2026-05-09,D1,2526,RB Leipzig,St Pauli,2,1,H,1.3,5.5,9.5,,,,,,,1.44,2.75,,
2026-05-09,D1,2526,Stuttgart,Leverkusen,3,1,H,2.15,4.0,2.8,,,,,,,1.33,3.4,,
2026-05-09,D1,2526,Wolfsburg,Bayern Munich,0,1,A,4.5,4.33,1.65,,,,,,,1.29,3.75,,
2026-05-09,E0,2526,Liverpool,Chelsea,1,1,D,1.83,4.0,3.9,,,,,,,1.44,2.75,,
2026-05-09,E0,2526,Brighton,Wolves,3,0,H,1.27,6.25,9.5,,,,,,,1.53,2.5,,
2026-05-09,E0,2526,Fulham,Bournemouth,0,1,A,2.75,3.6,2.4,,,,,,,1.57,2.38,,
2026-05-09,E0,2526,Sunderland,Man United,0,0,D,3.9,3.75,1.85,,,,,,,1.73,2.1,,
2026-05-09,E0,2526,Man City,Brentford,3,0,H,1.36,5.75,7.0,,,,,,,1.36,3.2,,
2026-05-09,T1,2526,Alanyaspor,Kayserispor,3,1,H,2.15,3.6,3.0,,,,,,,1.8,2.0,,
2026-05-09,T1,2526,Besiktas,Trabzonspor,1,2,A,2.05,3.7,3.1,,,,,,,1.57,2.35,,
2026-05-09,T1,2526,Buyuksehyr,Samsunspor,3,0,H,1.81,3.7,3.9,,,,,,,1.75,2.05,,
2026-05-09,T1,2526,Eyupspor,Rizespor,4,0,H,2.1,3.6,3.1,,,,,,,1.8,2.0,,
2026-05-09,T1,2526,Galatasaray,Antalyaspor,4,2,H,1.13,7.0,15.0,,,,,,,1.36,3.1,,
2026-05-09,T1,2526,Genclerbirligi,Kasimpasa,3,2,H,2.35,3.2,3.0,,,,,,,2.1,1.7,,
2026-05-09,T1,2526,Goztep,Gaziantep,2,1,H,1.46,4.33,5.75,,,,,,,1.8,2.0,,
2026-05-09,T1,2526,Kocaelispor,Karagumruk,0,1,A,2.01,3.4,3.6,,,,,,,2.03,1.78,,
2026-05-09,T1,2526,Konyaspor,Fenerbahce,0,3,A,5.75,4.2,1.39,,,,,,,1.62,2.25,,
2026-05-10,D1,2526,Hamburg,Freiburg,3,2,H,2.75,3.6,2.4,,,,,,,1.73,2.1,,
2026-05-10,D1,2526,FC Koln,Heidenheim,1,3,A,1.91,4.1,3.4,,,,,,,1.44,2.75,,
2026-05-10,D1,2526,Mainz,Union Berlin,1,3,A,1.75,4.0,4.33,,,,,,,1.67,2.2,,
2026-05-10,E0,2526,Burnley,Aston Villa,2,2,D,5.0,4.33,1.6,,,,,,,1.73,2.1,,
2026-05-10,E0,2526,Crystal Palace,Everton,2,2,D,2.7,3.3,2.63,,,,,,,2.03,1.83,,
2026-05-10,E0,2526,Nott'm Forest,Newcastle,1,1,D,2.6,3.6,2.6,,,,,,,1.73,2.1,,
2026-05-10,E0,2526,West Ham,Arsenal,0,1,A,5.5,4.2,1.57,,,,,,,1.67,2.2,,
2026-05-11,E0,2526,Tottenham,Leeds,1,1,D,1.83,4.1,3.75,,,,,,,1.73,2.1,,
2026-05-13,E0,2526,Man City,Crystal Palace,3,0,H,1.2,7.5,12.0,,,,,,,1.4,3.0,,
2026-05-15,E0,2526,Aston Villa,Liverpool,4,2,H,2.75,3.5,2.4,,,,,,,1.73,2.1,,
2026-05-15,T1,2526,Rizespor,Besiktas,2,2,D,3.3,3.9,1.96,,,,,,,1.44,2.7,,
2026-05-16,D1,2526,Bayern Munich,FC Koln,5,1,H,1.14,9.5,14.0,,,,,,,1.13,6.0,,
2026-05-16,D1,2526,Ein Frankfurt,Stuttgart,2,2,D,3.4,4.33,1.85,,,,,,,1.3,3.5,,
2026-05-16,D1,2526,Freiburg,RB Leipzig,4,1,H,2.7,4.0,2.3,,,,,,,1.44,2.75,,
2026-05-16,D1,2526,Heidenheim,Mainz,0,2,A,1.91,4.33,3.4,,,,,,,1.44,2.75,,
2026-05-16,D1,2526,Leverkusen,Hamburg,1,1,D,1.25,6.75,9.5,,,,,,,1.29,3.75,,
2026-05-16,D1,2526,M'gladbach,Hoffenheim,4,0,H,4.33,4.5,1.67,,,,,,,1.36,3.2,,
2026-05-16,D1,2526,St Pauli,Wolfsburg,1,3,A,2.8,3.75,2.35,,,,,,,1.67,2.2,,
2026-05-16,D1,2526,Union Berlin,Augsburg,4,0,H,2.6,3.9,2.4,,,,,,,1.5,2.63,,
2026-05-16,D1,2526,Werder Bremen,Dortmund,0,2,A,3.5,4.0,1.95,,,,,,,1.4,3.0,,
2026-05-16,T1,2526,Karagumruk,Alanyaspor,2,1,H,2.65,3.2,2.57,,,,,,,1.93,1.88,,
2026-05-16,T1,2526,Gaziantep,Buyuksehyr,1,2,A,4.1,4.33,1.66,,,,,,,1.44,2.7,,
2026-05-16,T1,2526,Samsunspor,Goztep,3,0,H,2.4,3.5,2.7,,,,,,,1.73,2.08,,
2026-05-17,E0,2526,Man United,Nott'm Forest,3,2,H,1.6,4.2,5.25,,,,,,,1.62,2.3,,
2026-05-17,E0,2526,Brentford,Crystal Palace,2,2,D,1.73,4.2,4.33,,,,,,,1.67,2.2,,
2026-05-17,E0,2526,Everton,Sunderland,1,3,A,1.8,3.75,4.33,,,,,,,1.91,1.91,,
2026-05-17,E0,2526,Leeds,Brighton,1,0,H,3.2,3.6,2.15,,,,,,,1.67,2.2,,
2026-05-17,E0,2526,Wolves,Fulham,1,1,D,3.8,3.8,1.9,,,,,,,1.73,2.1,,
2026-05-17,E0,2526,Newcastle,West Ham,3,1,H,2.1,3.8,3.2,,,,,,,1.5,2.63,,
2026-05-17,T1,2526,Kayserispor,Konyaspor,2,1,H,1.86,3.8,3.6,,,,,,,1.65,2.2,,
2026-05-17,T1,2526,Antalyaspor,Kocaelispor,1,0,H,1.49,4.2,5.75,,,,,,,1.95,1.85,,
2026-05-17,T1,2526,Fenerbahce,Eyupspor,3,3,D,1.22,6.25,9.0,,,,,,,1.4,2.88,,
2026-05-17,T1,2526,Kasimpasa,Galatasaray,1,0,H,3.75,3.5,1.91,,,,,,,1.73,2.08,,
2026-05-17,T1,2526,Trabzonspor,Genclerbirligi,0,3,A,3.25,3.5,2.1,,,,,,,1.7,2.1,,
2026-05-18,E0,2526,Arsenal,Burnley,1,0,H,1.09,11.0,23.0,,,,,,,1.33,3.4,,
2026-05-19,E0,2526,Bournemouth,Man City,1,1,D,4.5,4.33,1.67,,,,,,,1.44,2.75,,
2026-05-19,E0,2526,Chelsea,Tottenham,2,1,H,1.91,3.7,3.9,,,,,,,1.73,2.1,,
2026-05-24,E0,2526,Brighton,Man United,0,3,A,1.85,4.2,3.6,,,,,,,1.5,2.63,,
2026-05-24,E0,2526,Burnley,Wolves,1,1,D,2.35,3.5,2.9,,,,,,,1.73,2.1,,
2026-05-24,E0,2526,Crystal Palace,Arsenal,1,2,A,4.2,4.0,1.75,,,,,,,1.67,2.2,,
2026-05-24,E0,2526,Fulham,Newcastle,2,0,H,2.88,3.8,2.25,,,,,,,1.62,2.3,,
2026-05-24,E0,2526,Liverpool,Brentford,1,1,D,1.8,4.2,3.8,,,,,,,1.5,2.63,,
2026-05-24,E0,2526,Man City,Aston Villa,1,2,A,1.29,6.0,9.0,,,,,,,1.3,3.5,,
2026-05-24,E0,2526,Nott'm Forest,Bournemouth,1,1,D,3.3,3.75,2.05,,,,,,,1.57,2.38,,
2026-05-24,E0,2526,Sunderland,Chelsea,2,1,H,3.6,3.6,2.0,,,,,,,1.73,2.1,,
2026-05-24,E0,2526,Tottenham,Everton,1,0,H,1.91,3.75,3.8,,,,,,,1.73,2.1,,
2026-05-24,E0,2526,West Ham,Leeds,3,0,H,1.85,4.0,3.75,,,,,,,1.67,2.2,,
