match_date,home_team,away_team,home_goals,away_goals,y,p_ensemble,p_dc_only
2021-08-13,Brentford,Arsenal,2,0,0,,
2021-08-14,Man United,Leeds,5,1,1,,
2021-08-14,Burnley,Brighton,1,2,1,,
2021-08-14,Chelsea,Crystal Palace,3,0,1,,
2021-08-14,Everton,Southampton,3,1,1,,
2021-08-14,Leicester,Wolves,1,0,0,,
2021-08-14,Watford,Aston Villa,3,2,1,,
2021-08-14,Norwich,Liverpool,0,3,1,,
2021-08-15,Newcastle,West Ham,2,4,1,,
2021-08-15,Tottenham,Man City,1,0,0,,
2021-08-21,Crystal Palace,Brentford,0,0,0,,
2021-08-21,Liverpool,Burnley,2,0,0,,
2021-08-21,Aston Villa,Newcastle,2,0,0,,
2021-08-21,Man City,Norwich,5,0,1,,
2021-08-21,Brighton,Watford,2,0,0,,
2021-08-21,Leeds,Everton,2,2,1,,
2021-08-22,Southampton,Man United,1,1,0,,
2021-08-22,Wolves,Tottenham,0,1,0,,
2021-08-22,Arsenal,Chelsea,0,2,0,,
2021-08-23,West Ham,Leicester,4,1,1,,
2021-08-28,West Ham,Crystal Palace,2,2,1,,
2021-08-28,Liverpool,Chelsea,1,1,0,,
2021-08-28,Man City,Arsenal,5,0,1,,
2021-08-28,Aston Villa,Brentford,1,1,0,,
2021-08-28,Brighton,Everton,0,2,0,,
2021-08-28,Newcastle,Southampton,2,2,1,,
2021-08-28,Norwich,Leicester,1,2,1,,
2021-08-29,Wolves,Man United,0,1,0,,
2021-08-29,Burnley,Leeds,1,1,0,,
2021-08-29,Tottenham,Watford,1,0,0,,
2021-09-11,Crystal Palace,Tottenham,3,0,1,,
2021-09-11,Arsenal,Norwich,1,0,0,,
2021-09-11,Brentford,Brighton,0,1,0,,
2021-09-11,Leicester,Man City,0,1,0,,
2021-09-11,Man United,Newcastle,4,1,1,,
2021-09-11,Southampton,West Ham,0,0,0,,
2021-09-11,Watford,Wolves,0,2,0,,
2021-09-11,Chelsea,Aston Villa,3,0,1,,
2021-09-12,Leeds,Liverpool,0,3,1,,
2021-09-13,Everton,Burnley,3,1,1,,
2021-09-17,Newcastle,Leeds,1,1,0,,
2021-09-18,Norwich,Watford,1,3,1,,
2021-09-18,Man City,Southampton,0,0,0,,
2021-09-18,Wolves,Brentford,0,2,0,,
2021-09-18,Aston Villa,Everton,3,0,1,,
2021-09-18,Liverpool,Crystal Palace,3,0,1,,
2021-09-18,Burnley,Arsenal,0,1,0,,
2021-09-19,Brighton,Leicester,2,1,1,,
2021-09-19,West Ham,Man United,1,2,1,,
2021-09-19,Tottenham,Chelsea,0,3,1,,
2021-09-25,Leicester,Burnley,2,2,1,,
2021-09-25,Watford,Newcastle,1,1,0,,
2021-09-25,Chelsea,Man City,0,1,0,,
2021-09-25,Man United,Aston Villa,0,1,0,,
2021-09-25,Everton,Norwich,2,0,0,,
2021-09-25,Leeds,West Ham,1,2,1,,
2021-09-25,Brentford,Liverpool,3,3,1,,
2021-09-26,Southampton,Wolves,0,1,0,,
2021-09-26,Arsenal,Tottenham,3,1,1,,
2021-09-27,Crystal Palace,Brighton,1,1,0,,
2021-10-02,Man United,Everton,1,1,0,,
2021-10-02,Burnley,Norwich,0,0,0,,
2021-10-02,Chelsea,Southampton,3,1,1,,
2021-10-02,Leeds,Watford,1,0,0,,
2021-10-02,Wolves,Newcastle,2,1,1,,
2021-10-02,Brighton,Arsenal,0,0,0,,
2021-10-03,Crystal Palace,Leicester,2,2,1,,
2021-10-03,Tottenham,Aston Villa,2,1,1,,
2021-10-03,West Ham,Brentford,1,2,1,,
2021-10-03,Liverpool,Man City,2,2,1,,
2021-10-16,Watford,Liverpool,0,5,1,,
2021-10-16,Aston Villa,Wolves,2,3,1,,
2021-10-16,Leicester,Man United,4,2,1,,
2021-10-16,Man City,Burnley,2,0,0,,
2021-10-16,Norwich,Brighton,0,0,0,,
2021-10-16,Southampton,Leeds,1,0,0,,
2021-10-16,Brentford,Chelsea,0,1,0,,
2021-10-17,Everton,West Ham,0,1,0,,
2021-10-17,Newcastle,Tottenham,2,3,1,,
2021-10-18,Arsenal,Crystal Palace,2,2,1,,
2021-10-22,Arsenal,Aston Villa,3,1,1,,
2021-10-23,Chelsea,Norwich,7,0,1,,
2021-10-23,Crystal Palace,Newcastle,1,1,0,,
2021-10-23,Everton,Watford,2,5,1,,
2021-10-23,Leeds,Wolves,1,1,0,,
2021-10-23,Southampton,Burnley,2,2,1,,
2021-10-23,Brighton,Man City,1,4,1,,
2021-10-24,Man United,Liverpool,0,5,1,,
2021-10-24,Brentford,Leicester,1,2,1,,
2021-10-24,West Ham,Tottenham,1,0,0,,
2021-10-30,Leicester,Arsenal,0,2,0,,
2021-10-30,Burnley,Brentford,3,1,1,,
2021-10-30,Liverpool,Brighton,2,2,1,,
2021-10-30,Man City,Crystal Palace,0,2,0,,
2021-10-30,Newcastle,Chelsea,0,3,1,,
2021-10-30,Watford,Southampton,0,1,0,,
2021-10-30,Tottenham,Man United,0,3,1,,
2021-10-31,Norwich,Leeds,1,2,1,,
2021-10-31,Aston Villa,West Ham,1,4,1,,
2021-11-01,Wolves,Everton,2,1,1,,
2021-11-05,Southampton,Aston Villa,1,0,0,,
2021-11-06,Brentford,Norwich,1,2,1,,
2021-11-06,Man United,Man City,0,2,0,,
2021-11-06,Chelsea,Burnley,1,1,0,,
2021-11-06,Brighton,Newcastle,1,1,0,,
2021-11-06,Crystal Palace,Wolves,2,0,0,,
2021-11-07,Arsenal,Watford,1,0,0,,
2021-11-07,Everton,Tottenham,0,0,0,,
2021-11-07,Leeds,Leicester,1,1,0,,
2021-11-07,West Ham,Liverpool,3,2,1,,
2021-11-20,Aston Villa,Brighton,2,0,0,,
2021-11-20,Leicester,Chelsea,0,3,1,,
2021-11-20,Burnley,Crystal Palace,3,3,1,,
2021-11-20,Newcastle,Brentford,3,3,1,,
2021-11-20,Norwich,Southampton,2,1,1,,
2021-11-20,Wolves,West Ham,1,0,0,,
2021-11-20,Watford,Man United,4,1,1,,
2021-11-20,Liverpool,Arsenal,4,0,1,,
2021-11-21,Man City,Everton,3,0,1,,
2021-11-21,Tottenham,Leeds,2,1,1,,
2021-11-27,Arsenal,Newcastle,2,0,0,,
2021-11-27,Crystal Palace,Aston Villa,1,2,1,,
2021-11-27,Liverpool,Southampton,4,0,1,,
2021-11-27,Norwich,Wolves,0,0,0,,
2021-11-27,Brighton,Leeds,0,0,0,,
2021-11-28,Brentford,Everton,1,0,0,,
2021-11-28,Leicester,Watford,4,2,1,,
2021-11-28,Man City,West Ham,2,1,1,,
2021-11-28,Chelsea,Man United,1,1,0,,
2021-11-30,Newcastle,Norwich,1,1,0,,
2021-11-30,Leeds,Crystal Palace,1,0,0,,
2021-12-01,Southampton,Leicester,2,2,1,,
2021-12-01,Watford,Chelsea,1,2,1,,
2021-12-01,West Ham,Brighton,1,1,0,,
2021-12-01,Wolves,Burnley,0,0,0,,
2021-12-01,Aston Villa,Man City,1,2,1,,
2021-12-01,Everton,Liverpool,1,4,1,,
2021-12-02,Tottenham,Brentford,2,0,0,,
2021-12-02,Man United,Arsenal,3,2,1,,
2021-12-04,West Ham,Chelsea,3,2,1,,
2021-12-04,Newcastle,Burnley,1,0,0,,
2021-12-04,Southampton,Brighton,1,1,0,,
2021-12-04,Wolves,Liverpool,0,1,0,,
2021-12-04,Watford,Man City,1,3,1,,
2021-12-05,Leeds,Brentford,2,2,1,,
2021-12-05,Man United,Crystal Palace,1,0,0,,
2021-12-05,Tottenham,Norwich,3,0,1,,
2021-12-05,Aston Villa,Leicester,2,1,1,,
2021-12-06,Everton,Arsenal,2,1,1,,
2021-12-10,Brentford,Watford,2,1,1,,
2021-12-11,Man City,Wolves,1,0,0,,
2021-12-11,Arsenal,Southampton,3,0,1,,
2021-12-11,Chelsea,Leeds,3,2,1,,
2021-12-11,Liverpool,Aston Villa,1,0,0,,
2021-12-11,Norwich,Man United,0,1,0,,
2021-12-12,Burnley,West Ham,0,0,0,,
2021-12-12,Leicester,Newcastle,4,0,1,,
2021-12-12,Crystal Palace,Everton,3,1,1,,
2021-12-14,Norwich,Aston Villa,0,2,0,,
2021-12-14,Man City,Leeds,7,0,1,,
2021-12-15,Arsenal,West Ham,2,0,0,,
2021-12-15,Brighton,Wolves,0,1,0,,
2021-12-15,Crystal Palace,Southampton,2,2,1,,
2021-12-16,Chelsea,Everton,1,1,0,,
2021-12-16,Liverpool,Newcastle,3,1,1,,
2021-12-18,Leeds,Arsenal,1,4,1,,
2021-12-19,Newcastle,Man City,0,4,1,,
2021-12-19,Wolves,Chelsea,0,0,0,,
2021-12-19,Tottenham,Liverpool,2,2,1,,
2021-12-26,Man City,Leicester,6,3,1,,
2021-12-26,Norwich,Arsenal,0,5,1,,
2021-12-26,Tottenham,Crystal Palace,3,0,1,,
2021-12-26,West Ham,Southampton,2,3,1,,
2021-12-26,Aston Villa,Chelsea,1,3,1,,
2021-12-26,Brighton,Brentford,2,0,0,,
2021-12-27,Newcastle,Man United,1,1,0,,
2021-12-28,Crystal Palace,Norwich,3,0,1,,
2021-12-28,Southampton,Tottenham,1,1,0,,
2021-12-28,Watford,West Ham,1,4,1,,
2021-12-28,Leicester,Liverpool,1,0,0,,
2021-12-29,Chelsea,Brighton,1,1,0,,
2021-12-29,Brentford,Man City,0,1,0,,
2021-12-30,Man United,Burnley,3,1,1,,
2022-01-01,Arsenal,Man City,1,2,1,,
2022-01-01,Watford,Tottenham,0,1,0,,
2022-01-01,Crystal Palace,West Ham,2,3,1,,
2022-01-02,Brentford,Aston Villa,2,1,1,,
2022-01-02,Everton,Brighton,2,3,1,,
2022-01-02,Leeds,Burnley,3,1,1,,
2022-01-02,Chelsea,Liverpool,2,2,1,,
2022-01-03,Man United,Wolves,0,1,0,,
2022-01-11,Southampton,Brentford,4,1,1,,
2022-01-12,West Ham,Norwich,2,0,0,,
2022-01-14,Brighton,Crystal Palace,1,1,0,,
2022-01-15,Man City,Chelsea,1,0,0,,
2022-01-15,Newcastle,Watford,1,1,0,,
2022-01-15,Norwich,Everton,2,1,1,,
2022-01-15,Wolves,Southampton,3,1,1,,
2022-01-15,Aston Villa,Man United,2,2,1,,
2022-01-16,Liverpool,Brentford,3,0,1,,
2022-01-16,West Ham,Leeds,2,3,1,,
2022-01-18,Brighton,Chelsea,1,1,0,,
2022-01-19,Leicester,Tottenham,2,3,1,,
2022-01-19,Brentford,Man United,1,3,1,,
2022-01-21,Watford,Norwich,0,3,1,,
2022-01-22,Everton,Aston Villa,0,1,0,,
2022-01-22,Brentford,Wolves,1,2,1,,
2022-01-22,Leeds,Newcastle,0,1,0,,
2022-01-22,Man United,West Ham,1,0,0,,
2022-01-22,Southampton,Man City,1,1,0,,
2022-01-23,Arsenal,Burnley,0,0,0,,
2022-01-23,Crystal Palace,Liverpool,1,3,1,,
2022-01-23,Leicester,Brighton,1,1,0,,
2022-01-23,Chelsea,Tottenham,2,0,0,,
2022-02-05,Burnley,Watford,0,0,0,,
2022-02-08,Newcastle,Everton,3,1,1,,
2022-02-08,West Ham,Watford,1,0,0,,
2022-02-08,Burnley,Man United,1,1,0,,
2022-02-09,Man City,Brentford,2,0,0,,
2022-02-09,Norwich,Crystal Palace,1,1,0,,
2022-02-09,Tottenham,Southampton,2,3,1,,
2022-02-09,Aston Villa,Leeds,3,3,1,,
2022-02-10,Liverpool,Leicester,2,0,0,,
2022-02-10,Wolves,Arsenal,0,1,0,,
2022-02-12,Man United,Southampton,1,1,0,,
2022-02-12,Brentford,Crystal Palace,0,0,0,,
2022-02-12,Everton,Leeds,3,0,1,,
2022-02-12,Watford,Brighton,0,2,0,,
2022-02-12,Norwich,Man City,0,4,1,,
2022-02-13,Burnley,Liverpool,0,1,0,,
2022-02-13,Newcastle,Aston Villa,1,0,0,,
2022-02-13,Tottenham,Wolves,0,2,0,,
2022-02-13,Leicester,West Ham,2,2,1,,
2022-02-15,Man United,Brighton,2,0,0,,
2022-02-19,Arsenal,Brentford,2,1,1,,
2022-02-19,Brighton,Burnley,0,3,1,,
2022-02-19,West Ham,Newcastle,1,1,0,,
2022-02-19,Aston Villa,Watford,0,1,0,,
2022-02-19,Man City,Tottenham,2,3,1,,
2022-02-19,Crystal Palace,Chelsea,0,1,0,,
2022-02-19,Liverpool,Norwich,3,1,1,,
2022-02-19,Southampton,Everton,2,0,0,,
2022-02-20,Leeds,Man United,2,4,1,,
2022-02-20,Wolves,Leicester,2,1,1,,
2022-02-23,Burnley,Tottenham,1,0,0,,
2022-02-23,Watford,Crystal Palace,1,4,1,,
2022-02-23,Liverpool,Leeds,6,0,1,,
2022-02-24,Arsenal,Wolves,2,1,1,,
2022-02-25,Southampton,Norwich,2,0,0,,
2022-02-26,Crystal Palace,Burnley,1,1,0,,
2022-02-26,Leeds,Tottenham,0,4,1,,
2022-02-26,Brentford,Newcastle,0,2,0,,
2022-02-26,Brighton,Aston Villa,0,2,0,,
2022-02-26,Everton,Man City,0,1,0,,
2022-02-26,Man United,Watford,0,0,0,,
2022-02-27,West Ham,Wolves,1,0,0,,
2022-03-01,Burnley,Leicester,0,2,0,,
2022-03-05,Leicester,Leeds,1,0,0,,
2022-03-05,Aston Villa,Southampton,4,0,1,,
2022-03-05,Burnley,Chelsea,0,4,1,,
2022-03-05,Newcastle,Brighton,2,1,1,,
2022-03-05,Norwich,Brentford,1,3,1,,
2022-03-05,Wolves,Crystal Palace,0,2,0,,
2022-03-05,Liverpool,West Ham,1,0,0,,
2022-03-06,Watford,Arsenal,2,3,1,,
2022-03-06,Man City,Man United,4,1,1,,
2022-03-07,Tottenham,Everton,5,0,1,,
2022-03-10,Norwich,Chelsea,1,3,1,,
2022-03-10,Southampton,Newcastle,1,2,1,,
2022-03-10,Wolves,Watford,4,0,1,,
2022-03-10,Leeds,Aston Villa,0,3,1,,
2022-03-12,Brighton,Liverpool,0,2,0,,
2022-03-12,Brentford,Burnley,2,0,0,,
2022-03-12,Man United,Tottenham,3,2,1,,
2022-03-13,Chelsea,Newcastle,1,0,0,,
2022-03-13,Everton,Wolves,0,1,0,,
2022-03-13,Leeds,Norwich,2,1,1,,
2022-03-13,Southampton,Watford,1,2,1,,
2022-03-13,West Ham,Aston Villa,2,1,1,,
2022-03-13,Arsenal,Leicester,2,0,0,,
2022-03-14,Crystal Palace,Man City,0,0,0,,
2022-03-16,Brighton,Tottenham,0,2,0,,
2022-03-16,Arsenal,Liverpool,0,2,0,,
2022-03-17,Everton,Newcastle,1,0,0,,
2022-03-18,Wolves,Leeds,2,3,1,,
2022-03-19,Aston Villa,Arsenal,0,1,0,,
2022-03-20,Leicester,Brentford,2,1,1,,
2022-03-20,Tottenham,West Ham,3,1,1,,
2022-04-02,Liverpool,Watford,2,0,0,,
2022-04-02,Brighton,Norwich,0,0,0,,
2022-04-02,Burnley,Man City,0,2,0,,
2022-04-02,Chelsea,Brentford,1,4,1,,
2022-04-02,Leeds,Southampton,1,1,0,,
2022-04-02,Wolves,Aston Villa,2,1,1,,
2022-04-02,Man United,Leicester,1,1,0,,
2022-04-03,West Ham,Everton,2,1,1,,
2022-04-03,Tottenham,Newcastle,5,1,1,,
2022-04-04,Crystal Palace,Arsenal,3,0,1,,
2022-04-06,Burnley,Everton,3,2,1,,
2022-04-08,Newcastle,Wolves,1,0,0,,
2022-04-09,Everton,Man United,1,0,0,,
2022-04-09,Arsenal,Brighton,1,2,1,,
2022-04-09,Southampton,Chelsea,0,6,1,,
2022-04-09,Watford,Leeds,0,3,1,,
2022-04-09,Aston Villa,Tottenham,0,4,1,,
2022-04-10,Brentford,West Ham,2,0,0,,
2022-04-10,Leicester,Crystal Palace,2,1,1,,
2022-04-10,Norwich,Burnley,2,0,0,,
2022-04-10,Man City,Liverpool,2,2,1,,
2022-04-16,Man United,Norwich,3,2,1,,
2022-04-16,Tottenham,Brighton,0,1,0,,
2022-04-16,Watford,Brentford,1,2,1,,
2022-04-16,Southampton,Arsenal,1,0,0,,
2022-04-17,Newcastle,Leicester,2,1,1,,
2022-04-17,West Ham,Burnley,1,1,0,,
2022-04-19,Liverpool,Man United,4,0,1,,
2022-04-20,Chelsea,Arsenal,2,4,1,,
2022-04-20,Everton,Leicester,1,1,0,,
2022-04-20,Newcastle,Crystal Palace,1,0,0,,
2022-04-20,Man City,Brighton,3,0,1,,
2022-04-21,Burnley,Southampton,2,0,0,,
2022-04-23,Arsenal,Man United,3,1,1,,
2022-04-23,Leicester,Aston Villa,0,0,0,,
2022-04-23,Man City,Watford,5,1,1,,
2022-04-23,Norwich,Newcastle,0,3,1,,
2022-04-23,Brentford,Tottenham,0,0,0,,
2022-04-24,Brighton,Southampton,2,2,1,,
2022-04-24,Burnley,Wolves,1,0,0,,
2022-04-24,Chelsea,West Ham,1,0,0,,
2022-04-24,Liverpool,Everton,2,0,0,,
2022-04-25,Crystal Palace,Leeds,0,0,0,,
2022-04-28,Man United,Chelsea,1,1,0,,
2022-04-30,Newcastle,Liverpool,0,1,0,,
2022-04-30,Aston Villa,Norwich,2,0,0,,
2022-04-30,Southampton,Crystal Palace,1,2,1,,
2022-04-30,Watford,Burnley,1,2,1,,
2022-04-30,Wolves,Brighton,0,3,1,,
2022-04-30,Leeds,Man City,0,4,1,,
2022-05-01,Everton,Chelsea,1,0,0,,
2022-05-01,Tottenham,Leicester,3,1,1,,
2022-05-01,West Ham,Arsenal,1,2,1,,
2022-05-02,Man United,Brentford,3,0,1,,
2022-05-07,Chelsea,Wolves,2,2,1,,
2022-05-07,Brentford,Southampton,3,0,1,,
2022-05-07,Burnley,Aston Villa,1,3,1,,
2022-05-07,Brighton,Man United,4,0,1,,
2022-05-07,Liverpool,Tottenham,1,1,0,,
2022-05-07,Crystal Palace,Watford,1,0,0,,
2022-05-08,Leicester,Everton,1,2,1,,
2022-05-08,Norwich,West Ham,0,4,1,,
2022-05-08,Arsenal,Leeds,2,1,1,,
2022-05-08,Man City,Newcastle,5,0,1,,
2022-05-10,Aston Villa,Liverpool,1,2,1,,
2022-05-11,Leeds,Chelsea,0,3,1,,
2022-05-11,Leicester,Norwich,3,0,1,,
2022-05-11,Watford,Everton,0,0,0,,
2022-05-11,Wolves,Man City,1,5,1,,
2022-05-12,Tottenham,Arsenal,3,0,1,,
2022-05-15,Tottenham,Burnley,1,0,0,,
2022-05-15,Aston Villa,Crystal Palace,1,1,0,,
2022-05-15,Leeds,Brighton,1,1,0,,
2022-05-15,Watford,Leicester,1,5,1,,
2022-05-15,West Ham,Man City,2,2,1,,
2022-05-15,Wolves,Norwich,1,1,0,,
2022-05-15,Everton,Brentford,2,3,1,,
2022-05-16,Newcastle,Arsenal,2,0,0,,
2022-05-17,Southampton,Liverpool,1,2,1,,
2022-05-19,Everton,Crystal Palace,3,2,1,,
2022-05-19,Aston Villa,Burnley,1,1,0,,
2022-05-19,Chelsea,Leicester,1,1,0,,
2022-05-22,Arsenal,Everton,5,1,1,,
2022-05-22,Brentford,Leeds,1,2,1,,
2022-05-22,Brighton,West Ham,3,1,1,,
2022-05-22,Burnley,Newcastle,1,2,1,,
2022-05-22,Chelsea,Watford,2,1,1,,
2022-05-22,Crystal Palace,Man United,1,0,0,,
2022-05-22,Leicester,Southampton,4,1,1,,
2022-05-22,Liverpool,Wolves,3,1,1,,
2022-05-22,Man City,Aston Villa,3,2,1,,
2022-05-22,Norwich,Tottenham,0,5,1,,
2022-08-05,Crystal Palace,Arsenal,0,2,0,,
2022-08-06,Leeds,Wolves,2,1,1,,
2022-08-06,Fulham,Liverpool,2,2,1,,
2022-08-06,Bournemouth,Aston Villa,2,0,0,,
2022-08-06,Tottenham,Southampton,4,1,1,,
2022-08-06,Everton,Chelsea,0,1,0,,
2022-08-06,Newcastle,Nott'm Forest,2,0,0,,
2022-08-07,Leicester,Brentford,2,2,1,,
2022-08-07,Man United,Brighton,1,2,1,,
2022-08-07,West Ham,Man City,0,2,0,,
2022-08-13,Aston Villa,Everton,2,1,1,,
2022-08-13,Arsenal,Leicester,4,2,1,,
2022-08-13,Brighton,Newcastle,0,0,0,,
2022-08-13,Man City,Bournemouth,4,0,1,,
2022-08-13,Southampton,Leeds,2,2,1,,
2022-08-13,Wolves,Fulham,0,0,0,,
2022-08-13,Brentford,Man United,4,0,1,,
2022-08-14,Nott'm Forest,West Ham,1,0,0,,
2022-08-14,Chelsea,Tottenham,2,2,1,,
2022-08-15,Liverpool,Crystal Palace,1,1,0,,
2022-08-20,Tottenham,Wolves,1,0,0,,
2022-08-20,Crystal Palace,Aston Villa,3,1,1,,
2022-08-20,Everton,Nott'm Forest,1,1,0,,
2022-08-20,Fulham,Brentford,3,2,1,,
2022-08-20,Leicester,Southampton,1,2,1,,
2022-08-20,Bournemouth,Arsenal,0,3,1,,
2022-08-21,Leeds,Chelsea,3,0,1,,
2022-08-21,West Ham,Brighton,0,2,0,,
2022-08-21,Newcastle,Man City,3,3,1,,
2022-08-22,Man United,Liverpool,2,1,1,,
2022-08-27,Brighton,Leeds,1,0,0,,
2022-08-27,Brentford,Everton,1,1,0,,
2022-08-27,Southampton,Man United,0,1,0,,
2022-08-27,Chelsea,Leicester,2,1,1,,
2022-08-27,Liverpool,Bournemouth,9,0,1,,
2022-08-27,Arsenal,Fulham,2,1,1,,
2022-08-27,Man City,Crystal Palace,4,2,1,,
2022-08-28,Aston Villa,West Ham,0,1,0,,
2022-08-28,Wolves,Newcastle,1,1,0,,
2022-08-28,Nott'm Forest,Tottenham,0,2,0,,
2022-08-30,Crystal Palace,Brentford,1,1,0,,
2022-08-30,Fulham,Brighton,2,1,1,,
2022-08-30,Southampton,Chelsea,2,1,1,,
2022-08-30,Leeds,Everton,1,1,0,,
2022-08-31,Bournemouth,Wolves,0,0,0,,
2022-08-31,West Ham,Tottenham,1,1,0,,
2022-08-31,Arsenal,Aston Villa,2,1,1,,
2022-08-31,Liverpool,Newcastle,2,1,1,,
2022-08-31,Man City,Nott'm Forest,6,0,1,,
2022-09-01,Leicester,Man United,0,1,0,,
2022-09-03,Everton,Liverpool,0,0,0,,
2022-09-03,Brentford,Leeds,5,2,1,,
2022-09-03,Chelsea,West Ham,2,1,1,,
2022-09-03,Newcastle,Crystal Palace,0,0,0,,
2022-09-03,Nott'm Forest,Bournemouth,2,3,1,,
2022-09-03,Tottenham,Fulham,2,1,1,,
2022-09-03,Wolves,Southampton,1,0,0,,
2022-09-03,Aston Villa,Man City,1,1,0,,
2022-09-04,Brighton,Leicester,5,2,1,,
2022-09-04,Man United,Arsenal,3,1,1,,
2022-09-16,Aston Villa,Southampton,1,0,0,,
2022-09-16,Nott'm Forest,Fulham,2,3,1,,
2022-09-17,Wolves,Man City,0,3,1,,
2022-09-17,Newcastle,Bournemouth,1,1,0,,
2022-09-17,Tottenham,Leicester,6,2,1,,
2022-09-18,Brentford,Arsenal,0,3,1,,
2022-09-18,Everton,West Ham,1,0,0,,
2022-10-01,Arsenal,Tottenham,3,1,1,,
2022-10-01,Bournemouth,Brentford,0,0,0,,
2022-10-01,Crystal Palace,Chelsea,1,2,1,,
2022-10-01,Fulham,Newcastle,1,4,1,,
2022-10-01,Liverpool,Brighton,3,3,1,,
2022-10-01,Southampton,Everton,1,2,1,,
2022-10-01,West Ham,Wolves,2,0,0,,
2022-10-02,Man City,Man United,6,3,1,,
2022-10-02,Leeds,Aston Villa,0,0,0,,
2022-10-03,Leicester,Nott'm Forest,4,0,1,,
2022-10-08,Bournemouth,Leicester,2,1,1,,
2022-10-08,Chelsea,Wolves,3,0,1,,
2022-10-08,Man City,Southampton,4,0,1,,
2022-10-08,Newcastle,Brentford,5,1,1,,
2022-10-08,Brighton,Tottenham,0,1,0,,
2022-10-09,Crystal Palace,Leeds,2,1,1,,
2022-10-09,West Ham,Fulham,3,1,1,,
2022-10-09,Arsenal,Liverpool,3,2,1,,
2022-10-09,Everton,Man United,1,2,1,,
2022-10-10,Nott'm Forest,Aston Villa,1,1,0,,
2022-10-14,Brentford,Brighton,2,0,0,,
2022-10-15,Wolves,Nott'm Forest,1,0,0,,
2022-10-15,Leicester,Crystal Palace,0,0,0,,
2022-10-15,Fulham,Bournemouth,2,2,1,,
2022-10-15,Tottenham,Everton,2,0,0,,
2022-10-16,Aston Villa,Chelsea,0,2,0,,
2022-10-16,Southampton,West Ham,1,1,0,,
2022-10-16,Leeds,Arsenal,0,1,0,,
2022-10-16,Man United,Newcastle,0,0,0,,
2022-10-16,Liverpool,Man City,1,0,0,,
2022-10-18,Brighton,Nott'm Forest,0,0,0,,
2022-10-18,Crystal Palace,Wolves,2,1,1,,
2022-10-19,Bournemouth,Southampton,0,1,0,,
2022-10-19,Brentford,Chelsea,0,0,0,,
2022-10-19,Liverpool,West Ham,1,0,0,,
2022-10-19,Newcastle,Everton,1,0,0,,
2022-10-19,Man United,Tottenham,2,0,0,,
2022-10-20,Fulham,Aston Villa,3,0,1,,
2022-10-20,Leicester,Leeds,2,0,0,,
2022-10-22,Nott'm Forest,Liverpool,1,0,0,,
2022-10-22,Everton,Crystal Palace,3,0,1,,
2022-10-22,Man City,Brighton,3,1,1,,
2022-10-22,Chelsea,Man United,1,1,0,,
2022-10-23,Aston Villa,Brentford,4,0,1,,
2022-10-23,Leeds,Fulham,2,3,1,,
2022-10-23,Southampton,Arsenal,1,1,0,,
2022-10-23,Wolves,Leicester,0,4,1,,
2022-10-23,Tottenham,Newcastle,1,2,1,,
2022-10-24,West Ham,Bournemouth,2,0,0,,
2022-10-29,Liverpool,Leeds,1,2,1,,
2022-10-29,Bournemouth,Tottenham,2,3,1,,
2022-10-29,Brentford,Wolves,1,1,0,,
2022-10-29,Fulham,Everton,0,0,0,,
2022-10-29,Crystal Palace,Southampton,1,0,0,,
2022-10-29,Newcastle,Aston Villa,4,0,1,,
2022-10-29,Brighton,Chelsea,4,1,1,,
2022-10-29,Leicester,Man City,0,1,0,,
2022-10-30,Arsenal,Nott'm Forest,5,0,1,,
2022-10-30,Man United,West Ham,1,0,0,,
2022-11-05,Leeds,Bournemouth,4,3,1,,
2022-11-05,Man City,Fulham,2,1,1,,
2022-11-05,Nott'm Forest,Brentford,2,2,1,,
2022-11-05,Wolves,Brighton,2,3,1,,
2022-11-05,Everton,Leicester,0,2,0,,
2022-11-06,Chelsea,Arsenal,0,1,0,,
2022-11-06,Aston Villa,Man United,3,1,1,,
2022-11-06,Southampton,Newcastle,1,4,1,,
2022-11-06,West Ham,Crystal Palace,1,2,1,,
2022-11-06,Tottenham,Liverpool,1,2,1,,
2022-11-12,Man City,Brentford,1,2,1,,
2022-11-12,Bournemouth,Everton,3,0,1,,
2022-11-12,Liverpool,Southampton,3,1,1,,
2022-11-12,Nott'm Forest,Crystal Palace,1,0,0,,
2022-11-12,Tottenham,Leeds,4,3,1,,
2022-11-12,West Ham,Leicester,0,2,0,,
2022-11-12,Newcastle,Chelsea,1,0,0,,
2022-11-12,Wolves,Arsenal,0,2,0,,
2022-11-13,Brighton,Aston Villa,1,2,1,,
2022-11-13,Fulham,Man United,1,2,1,,
2022-12-26,Brentford,Tottenham,2,2,1,,
2022-12-26,Crystal Palace,Fulham,0,3,1,,
2022-12-26,Everton,Wolves,1,2,1,,
2022-12-26,Leicester,Newcastle,0,3,1,,
2022-12-26,Southampton,Brighton,1,3,1,,
2022-12-26,Aston Villa,Liverpool,1,3,1,,
2022-12-26,Arsenal,West Ham,3,1,1,,
2022-12-27,Chelsea,Bournemouth,2,0,0,,
2022-12-27,Man United,Nott'm Forest,3,0,1,,
2022-12-28,Leeds,Man City,1,3,1,,
2022-12-30,West Ham,Brentford,0,2,0,,
2022-12-30,Liverpool,Leicester,2,1,1,,
2022-12-31,Wolves,Man United,0,1,0,,
2022-12-31,Bournemouth,Crystal Palace,0,2,0,,
2022-12-31,Fulham,Southampton,2,1,1,,
2022-12-31,Man City,Everton,1,1,0,,
2022-12-31,Newcastle,Leeds,0,0,0,,
2022-12-31,Brighton,Arsenal,2,4,1,,
2023-01-01,Tottenham,Aston Villa,0,2,0,,
2023-01-01,Nott'm Forest,Chelsea,1,1,0,,
2023-01-02,Brentford,Liverpool,3,1,1,,
2023-01-03,Everton,Brighton,1,4,1,,
2023-01-03,Arsenal,Newcastle,0,0,0,,
2023-01-03,Man United,Bournemouth,3,0,1,,
2023-01-03,Leicester,Fulham,0,1,0,,
2023-01-04,Southampton,Nott'm Forest,0,1,0,,
2023-01-04,Leeds,West Ham,2,2,1,,
2023-01-04,Aston Villa,Wolves,1,1,0,,
2023-01-04,Crystal Palace,Tottenham,0,4,1,,
2023-01-05,Chelsea,Man City,0,1,0,,
2023-01-12,Fulham,Chelsea,2,1,1,,
2023-01-13,Aston Villa,Leeds,2,1,1,,
2023-01-14,Man United,Man City,2,1,1,,
2023-01-14,Brighton,Liverpool,3,0,1,,
2023-01-14,Everton,Southampton,1,2,1,,
2023-01-14,Nott'm Forest,Leicester,2,0,0,,
2023-01-14,Wolves,West Ham,1,0,0,,
2023-01-14,Brentford,Bournemouth,2,0,0,,
2023-01-15,Chelsea,Crystal Palace,1,0,0,,
2023-01-15,Newcastle,Fulham,1,0,0,,
2023-01-15,Tottenham,Arsenal,0,2,0,,
2023-01-18,Crystal Palace,Man United,1,1,0,,
2023-01-19,Man City,Tottenham,4,2,1,,
2023-01-21,Liverpool,Chelsea,0,0,0,,
2023-01-21,Bournemouth,Nott'm Forest,1,1,0,,
2023-01-21,Leicester,Brighton,2,2,1,,
2023-01-21,Southampton,Aston Villa,0,1,0,,
2023-01-21,West Ham,Everton,2,0,0,,
2023-01-21,Crystal Palace,Newcastle,0,0,0,,
2023-01-22,Leeds,Brentford,0,0,0,,
2023-01-22,Man City,Wolves,3,0,1,,
2023-01-22,Arsenal,Man United,3,2,1,,
2023-01-23,Fulham,Tottenham,0,1,0,,
2023-02-03,Chelsea,Fulham,0,0,0,,
2023-02-04,Everton,Arsenal,1,0,0,,
2023-02-04,Aston Villa,Leicester,2,4,1,,
2023-02-04,Brentford,Southampton,3,0,1,,
2023-02-04,Brighton,Bournemouth,1,0,0,,
2023-02-04,Man United,Crystal Palace,2,1,1,,
2023-02-04,Wolves,Liverpool,3,0,1,,
2023-02-04,Newcastle,West Ham,1,1,0,,
2023-02-05,Nott'm Forest,Leeds,1,0,0,,
2023-02-05,Tottenham,Man City,1,0,0,,
2023-02-08,Man United,Leeds,2,2,1,,
2023-02-11,Arsenal,Brentford,1,1,0,,
2023-02-11,West Ham,Chelsea,1,1,0,,
2023-02-11,Crystal Palace,Brighton,1,1,0,,
2023-02-11,Fulham,Nott'm Forest,2,0,0,,
2023-02-11,Leicester,Tottenham,4,1,1,,
2023-02-11,Bournemouth,Newcastle,1,1,0,,
2023-02-11,Southampton,Wolves,1,2,1,,
2023-02-12,Leeds,Man United,0,2,0,,
2023-02-12,Man City,Aston Villa,3,1,1,,
2023-02-13,Liverpool,Everton,2,0,0,,
2023-02-15,Arsenal,Man City,1,3,1,0.5576926843766936,0.6024919260254132
2023-02-18,Aston Villa,Arsenal,2,4,1,0.6377236129894046,0.5505404919406772
2023-02-18,Brentford,Crystal Palace,1,1,0,0.4243473151420945,0.4428023155495039
2023-02-18,Brighton,Fulham,0,1,0,0.6397131113063008,0.5021921815431727
2023-02-18,Chelsea,Southampton,0,1,0,0.2281679573109079,0.5241512501797406
2023-02-18,Everton,Leeds,1,0,0,0.5816026777823464,0.4771750711170677
2023-02-18,Nott'm Forest,Man City,1,1,0,0.675376726919001,0.5934179870661652
2023-02-18,Wolves,Bournemouth,0,1,0,0.246313128088683,0.37309763034515536
2023-02-18,Newcastle,Liverpool,0,2,0,0.1892052729930433,0.4571194381019228
2023-02-19,Man United,Leicester,3,0,1,0.7410333430043865,0.6777725872961768
2023-02-19,Tottenham,West Ham,2,0,0,0.3226560460360226,0.5601606317456369
2023-02-24,Fulham,Wolves,1,1,0,0.12231957446166622,0.39093633706049247
2023-02-25,Leeds,Southampton,1,0,0,0.5523220813383884,0.5622503363429842
2023-02-25,Everton,Aston Villa,0,2,0,0.6317345268147225,0.41665100309529624
2023-02-25,Leicester,Arsenal,0,1,0,0.45041073059849873,0.6646422321100987
2023-02-25,West Ham,Nott'm Forest,4,0,1,0.26154555281545705,0.3701743645249206
2023-02-25,Crystal Palace,Liverpool,0,0,0,0.2710299267251344,0.4691896534644697
2023-02-25,Bournemouth,Man City,1,4,1,0.47759814302352666,0.7279191540639754
2023-02-26,Tottenham,Chelsea,2,0,0,0.3187305978352467,0.4854446440340917
2023-03-01,Arsenal,Everton,4,0,1,0.5590342021531128,0.5694848728218497
2023-03-01,Liverpool,Wolves,2,0,0,0.23690649209133227,0.4980688817702749
2023-03-04,Man City,Newcastle,2,0,0,0.5236878518375193,0.5626884079102017
2023-03-04,Brighton,West Ham,4,0,1,0.5856215058615797,0.46580701952174514
2023-03-04,Arsenal,Bournemouth,3,2,1,0.7067635856541103,0.6936254488787549
2023-03-04,Chelsea,Leeds,1,0,0,0.22767357957406037,0.5714841087991018
2023-03-04,Southampton,Leicester,1,0,0,0.6738548131841559,0.6240028099613698
2023-03-04,Wolves,Tottenham,1,0,0,0.17309901338523034,0.4398905850772081
2023-03-04,Aston Villa,Crystal Palace,1,0,0,0.5209284573557944,0.4133570897784668
2023-03-05,Nott'm Forest,Everton,2,2,1,0.225618184414633,0.2929467921363212
2023-03-05,Liverpool,Man United,7,0,1,0.6776351513567953,0.6222865113399136
2023-03-06,Brentford,Fulham,3,2,1,0.5991467322193985,0.521715933275062
2023-03-11,Bournemouth,Liverpool,1,0,0,0.5338800207637509,0.6344056468743642
2023-03-11,Everton,Brentford,1,0,0,0.2324754733967726,0.44329679119312415
2023-03-11,Leeds,Brighton,2,2,1,0.6406007145227879,0.5777006653325124
2023-03-11,Leicester,Chelsea,1,3,1,0.30177391572542156,0.5351154752524778
2023-03-11,Tottenham,Nott'm Forest,3,1,1,0.6059902422697806,0.5708441413672612
2023-03-11,Crystal Palace,Man City,0,1,0,0.0610312187558376,0.5381145747396126
2023-03-12,Newcastle,Wolves,2,1,1,0.18227936964614355,0.3258895264139221
2023-03-12,West Ham,Aston Villa,1,1,0,0.17459388244809212,0.4540830361291644
2023-03-12,Man United,Southampton,0,0,0,0.5907559929545868,0.6114497780200067
2023-03-12,Fulham,Arsenal,0,3,1,0.47844896903833634,0.5323670937185022
2023-03-15,Brighton,Crystal Palace,1,0,0,0.5510139005921855,0.43205736472034934
2023-03-15,Southampton,Brentford,0,2,0,0.5301458487810626,0.5236620524911927
2023-03-17,Nott'm Forest,Newcastle,1,2,1,0.19248088842228628,0.329560715881699
2023-03-18,Wolves,Leeds,2,4,1,0.14991906507280145,0.42151903899445353
2023-03-18,Chelsea,Everton,2,2,1,0.20583020909707372,0.42903257435133607
2023-03-18,Aston Villa,Bournemouth,3,0,1,0.3342162821243356,0.5453439569278293
2023-03-18,Brentford,Leicester,1,1,0,0.7232124118886986,0.6532761514058072
2023-03-18,Southampton,Tottenham,3,3,1,0.80598533011078,0.6111540162909995
2023-03-19,Arsenal,Crystal Palace,4,1,1,0.39528982269423096,0.504041840743697
2023-04-01,Man City,Liverpool,4,1,1,0.6582256209425533,0.5865944206517965
2023-04-01,Brighton,Brentford,3,3,1,0.6631927859526867,0.521058841950828
2023-04-01,Arsenal,Leeds,4,1,1,0.9462349033926937,0.74577690721091
2023-04-01,Crystal Palace,Leicester,2,1,1,0.3787786084933696,0.45883631131744324
2023-04-01,Chelsea,Aston Villa,0,2,0,0.5817262973806953,0.45514338941415816
2023-04-01,Nott'm Forest,Wolves,1,1,0,0.5561424017233283,0.2986405134697807
2023-04-01,Bournemouth,Fulham,2,1,1,0.5612661137807132,0.5058275537749722
2023-04-02,West Ham,Southampton,1,0,0,0.6681297051046583,0.45390890511336607
2023-04-02,Newcastle,Man United,2,0,0,0.616241662365344,0.4782637034953206
2023-04-03,Everton,Tottenham,1,1,0,0.34117089805887646,0.5357249598747821
2023-04-04,Bournemouth,Brighton,0,2,0,0.4666201529519466,0.5143561268211914
2023-04-04,Leeds,Nott'm Forest,2,1,1,0.28285598842288673,0.5102963136143003
2023-04-04,Leicester,Aston Villa,1,2,1,0.1131781343108041,0.611665528195533
2023-04-04,Chelsea,Liverpool,0,0,0,0.2160740054846855,0.42371010008999394
2023-04-05,Man United,Brentford,1,0,0,0.6707313967258713,0.5659394196283895
2023-04-05,West Ham,Newcastle,1,5,1,0.14152856207594586,0.38412514034604345
2023-04-08,Fulham,West Ham,0,1,0,0.5122718518033633,0.4746144656039191
2023-04-08,Aston Villa,Nott'm Forest,2,0,0,0.13904556814088118,0.49805643033475233
2023-04-08,Brentford,Newcastle,1,2,1,0.11839447248529203,0.43221286537840886
2023-04-08,Man United,Everton,2,0,0,0.3373486508397022,0.5253735806154805
2023-04-08,Southampton,Man City,1,4,1,0.7085188488033437,0.6487957751775842
2023-04-08,Tottenham,Brighton,2,1,1,0.6285750165366238,0.5928084657234438
2023-04-08,Wolves,Chelsea,1,0,0,0.23187973470582737,0.30099137889477506
2023-04-08,Leicester,Bournemouth,0,1,0,0.5765881565022974,0.6390619131744795
2023-04-09,Leeds,Crystal Palace,1,5,1,0.3162640891189697,0.42729676877661826
2023-04-09,Liverpool,Arsenal,2,2,1,0.4542700235014327,0.5933228526474743
2023-04-15,Everton,Fulham,1,3,1,0.1961257003534006,0.4307159905545291
2023-04-15,Aston Villa,Newcastle,3,0,1,0.046700132802393796,0.43218587484442766
2023-04-15,Tottenham,Bournemouth,2,3,1,0.8767142755124526,0.6982350517780544
2023-04-15,Chelsea,Brighton,1,2,1,0.13158858851749833,0.4169521394580043
2023-04-15,Wolves,Brentford,2,0,0,0.27676902454097047,0.3741153891376834
2023-04-15,Man City,Leicester,3,1,1,0.9169048498155934,0.7807504217856142
2023-04-15,Southampton,Crystal Palace,0,2,0,0.07739934066097588,0.33010461006322733
2023-04-16,West Ham,Arsenal,2,2,1,0.8110884282163272,0.5406898854158236
2023-04-16,Nott'm Forest,Man United,0,2,0,0.42768674907723814,0.4941788319305164
2023-04-17,Leeds,Liverpool,1,6,1,0.6323177845383688,0.6436566734621179
2023-04-21,Arsenal,Southampton,3,3,1,0.7193034184545135,0.6734635007713032
2023-04-22,Fulham,Leeds,2,1,1,0.6775947752061623,0.6059308212580741
2023-04-22,Brentford,Aston Villa,1,1,0,0.43976099222351245,0.5320289922846173
2023-04-22,Crystal Palace,Everton,0,0,0,0.33496274012345123,0.3242617491849649
2023-04-22,Leicester,Wolves,2,1,1,0.42338829512732556,0.4747115231437699
2023-04-22,Liverpool,Nott'm Forest,3,2,1,0.8156039019628422,0.6594771952403945
2023-04-23,Bournemouth,West Ham,0,4,1,0.5624917978137794,0.4545861717402724
2023-04-23,Newcastle,Tottenham,6,1,1,0.8172062902575246,0.5017809634113051
2023-04-25,Wolves,Crystal Palace,2,0,0,0.19323989469622432,0.2551179468209079
2023-04-25,Aston Villa,Fulham,1,0,0,0.3859260404230152,0.5127328147405035
2023-04-25,Leeds,Leicester,1,1,0,0.7893046179808798,0.6585470297502122
2023-04-26,Nott'm Forest,Brighton,3,1,1,0.40592024258305676,0.45607464457353397
2023-04-26,Chelsea,Brentford,0,2,0,0.28712786357756576,0.4439829695333817
2023-04-26,West Ham,Liverpool,1,2,1,0.22814906571548618,0.503221212352435
2023-04-26,Man City,Arsenal,4,1,1,0.8728716728960944,0.7006905912070486
2023-04-27,Everton,Newcastle,1,4,1,0.5214011083968854,0.40407229402331923
2023-04-27,Southampton,Bournemouth,0,1,0,0.45082903569670896,0.4615778035980567
2023-04-27,Tottenham,Man United,2,2,1,0.6425066554509695,0.6399504475991973
2023-04-29,Brighton,Wolves,6,0,1,0.25778853916275135,0.41197920055984233
2023-04-29,Crystal Palace,West Ham,4,3,1,0.29770625645487714,0.36439409562244124
2023-04-29,Brentford,Nott'm Forest,2,1,1,0.40793370078665103,0.5185980781752262
2023-04-30,Bournemouth,Leeds,4,1,1,0.7760418327642691,0.5828751378551023
2023-04-30,Fulham,Man City,1,2,1,0.5812925674657775,0.5985955320919842
2023-04-30,Man United,Aston Villa,1,0,0,0.5201346610310541,0.5081427241201516
2023-04-30,Newcastle,Southampton,3,1,1,0.3360434303713503,0.5338491123378972
2023-04-30,Liverpool,Tottenham,4,3,1,0.8331142748482084,0.696051992411682
2023-05-01,Leicester,Everton,2,2,1,0.3835662371276391,0.505409612507429
2023-05-02,Arsenal,Chelsea,3,1,1,0.3262521527310111,0.5070798342161414
2023-05-03,Liverpool,Fulham,1,0,0,0.3708719185898111,0.5979311053392586
2023-05-03,Man City,West Ham,3,0,1,0.8503586288710749,0.6815437911697185
2023-05-04,Brighton,Man United,1,0,0,0.7296912007780018,0.5442900554055292
2023-05-06,Bournemouth,Chelsea,1,3,1,0.4461028430574647,0.40666752000322176
2023-05-06,Man City,Leeds,2,1,1,0.8993745272327525,0.8549690926545723
2023-05-06,Tottenham,Crystal Palace,1,0,0,0.28176172616271816,0.5135363535439542
2023-05-06,Wolves,Aston Villa,1,0,0,0.7666761946772558,0.350489894730893
2023-05-06,Liverpool,Brentford,1,0,0,0.8188722986463743,0.6234308125405744
2023-05-07,Newcastle,Arsenal,0,2,0,0.5369326281310436,0.5622029338189839
2023-05-07,West Ham,Man United,1,0,0,0.5798000652405313,0.4949099507381643
2023-05-08,Nott'm Forest,Southampton,4,3,1,0.665392934536158,0.4178688277250226
2023-05-08,Fulham,Leicester,5,3,1,0.8074719974040926,0.5634927952247196
2023-05-08,Brighton,Everton,1,5,1,0.25137888616156373,0.49062751585627784
2023-05-13,Leeds,Newcastle,2,2,1,0.741997122551744,0.585974652863912
2023-05-13,Aston Villa,Tottenham,2,1,1,0.7521513531461054,0.5980036668015469
2023-05-13,Chelsea,Nott'm Forest,2,2,1,0.24905588116979377,0.42400898656678043
2023-05-13,Crystal Palace,Bournemouth,2,0,0,0.5186718336238472,0.4103929086489969
2023-05-13,Man United,Wolves,2,0,0,0.25062794151679385,0.40272792468362906
2023-05-13,Southampton,Fulham,0,2,0,0.4118757638546422,0.45657922068413986
2023-05-14,Brentford,West Ham,2,0,0,0.36669437210150907,0.4946659835565856
2023-05-14,Everton,Man City,0,3,1,0.5658638648204185,0.6090133326928854
2023-05-14,Arsenal,Brighton,0,3,1,0.728295000833742,0.6439309287351686
2023-05-15,Leicester,Liverpool,0,3,1,0.5401340769816158,0.6515476710472791
2023-05-18,Newcastle,Brighton,4,1,1,0.6229063558627189,0.49771796577734495
2023-05-20,Fulham,Crystal Palace,2,2,1,0.4433819918564187,0.37197899471554036
2023-05-20,Bournemouth,Man United,0,1,0,0.37868533320805103,0.5269588174554072
2023-05-20,Tottenham,Brentford,1,3,1,0.26177096857073456,0.6371232423710844
2023-05-20,Liverpool,Aston Villa,1,1,0,0.8161318744963522,0.5916091230567287
2023-05-20,Nott'm Forest,Arsenal,1,0,0,0.5087886411830321,0.6165312559456244
2023-05-20,Wolves,Everton,1,1,0,0.2596226007111556,0.2949087307121355
2023-05-21,West Ham,Leeds,3,1,1,0.41578874333940385,0.6013905485735633
2023-05-21,Brighton,Southampton,3,1,1,0.4417302853467368,0.5628266867935788
2023-05-21,Man City,Chelsea,1,0,0,0.3308824054239061,0.5400958419909453
2023-05-22,Newcastle,Leicester,0,0,0,0.7736485032942007,0.5778689420974128
2023-05-24,Brighton,Man City,1,1,0,0.6362127137595804,0.6164438586594225
2023-05-25,Man United,Chelsea,4,1,1,0.3909546186440365,0.40776627673901
2023-05-28,Crystal Palace,Nott'm Forest,1,1,0,0.44664015040332766,0.4301070771084866
2023-05-28,Arsenal,Wolves,5,0,1,0.36149393368629346,0.541521947959291
2023-05-28,Aston Villa,Brighton,2,1,1,0.659177608829711,0.5084911449986856
2023-05-28,Chelsea,Newcastle,1,1,0,0.21386231273649378,0.3977648590670258
2023-05-28,Brentford,Man City,1,0,0,0.5222699200943056,0.5684799755749919
2023-05-28,Everton,Bournemouth,1,0,0,0.5131207269567382,0.44454756413145996
2023-05-28,Leicester,West Ham,2,1,1,0.36105402280739324,0.5734643304572937
2023-05-28,Man United,Fulham,2,1,1,0.2216883616088501,0.5072606137902377
2023-05-28,Southampton,Liverpool,4,4,1,0.7739727666774434,0.6134253284151995
2023-05-28,Leeds,Tottenham,1,4,1,0.7884302392482119,0.7315391171885824
2023-08-11,Burnley,Man City,0,3,1,0.6468272583844001,0.5225983044623844
2023-08-12,Bournemouth,West Ham,1,1,0,0.6589631716856535,0.48527324238617053
2023-08-12,Arsenal,Nott'm Forest,2,1,1,0.8260826546160491,0.6969407836225009
2023-08-12,Brighton,Luton,4,1,1,,
2023-08-12,Everton,Fulham,0,1,0,0.7192809463923897,0.4629297699782528
2023-08-12,Newcastle,Aston Villa,5,1,1,0.6185390668297642,0.45400681927373343
2023-08-12,Sheffield United,Crystal Palace,0,1,0,,
2023-08-13,Brentford,Tottenham,2,2,1,0.7789749065975026,0.6153074064865822
2023-08-13,Chelsea,Liverpool,1,1,0,0.5554861890585101,0.4579463110174736
2023-08-14,Man United,Wolves,1,0,0,0.47656679636301114,0.40040634715531376
2023-08-18,Nott'm Forest,Sheffield United,2,1,1,,
2023-08-19,Fulham,Brentford,0,3,1,0.780409900013793,0.5022427896631235
2023-08-19,Wolves,Brighton,1,4,1,0.5471562807023187,0.42098437536424416
2023-08-19,Tottenham,Man United,2,0,0,0.832475945808154,0.6186079708456809
2023-08-19,Liverpool,Bournemouth,3,1,1,0.9496315357881139,0.6907296499969509
2023-08-19,Man City,Newcastle,1,0,0,0.746829824647835,0.5814306458249412
2023-08-20,Aston Villa,Everton,4,0,1,0.44998095619630646,0.45369959972312535
2023-08-20,West Ham,Chelsea,3,1,1,0.4640943754924476,0.4114641032074181
2023-08-21,Crystal Palace,Arsenal,0,1,0,0.569912142152252,0.4995455459600624
2023-08-25,Chelsea,Luton,3,0,1,,
2023-08-26,Bournemouth,Tottenham,0,2,0,0.6617238448539968,0.6366396316857691
2023-08-26,Arsenal,Fulham,2,2,1,0.7511467074256369,0.6334882900184383
2023-08-26,Brentford,Crystal Palace,1,1,0,0.41183941555047704,0.40512849064280393
2023-08-26,Everton,Wolves,0,1,0,0.3712201810787254,0.321258405545503
2023-08-26,Man United,Nott'm Forest,3,2,1,0.20590003235829205,0.547319048423797
2023-08-26,Brighton,West Ham,1,3,1,0.6540438407503943,0.562918406389471
2023-08-27,Burnley,Aston Villa,1,3,1,0.37148827345352886,0.33608022581192487
2023-08-27,Sheffield United,Man City,1,2,1,,
2023-08-27,Newcastle,Liverpool,1,2,1,0.8013999304636805,0.5053991072202544
2023-09-01,Luton,West Ham,1,2,1,,
2023-09-02,Sheffield United,Everton,2,2,1,,
2023-09-02,Brentford,Bournemouth,2,2,1,0.3656665493519559,0.5411367990143081
2023-09-02,Burnley,Tottenham,2,5,1,0.26550498976362114,0.49313077132068434
2023-09-02,Chelsea,Nott'm Forest,0,1,0,0.2850676036136455,0.46927591019097353
2023-09-02,Man City,Fulham,5,1,1,0.9069955019451154,0.6601372992807115
2023-09-02,Brighton,Newcastle,3,1,1,0.7304440433603502,0.525099803542039
2023-09-03,Crystal Palace,Wolves,3,2,1,0.31882556033417314,0.30231564435469366
2023-09-03,Liverpool,Aston Villa,3,0,1,0.7827075452190322,0.5461385276713575
2023-09-03,Arsenal,Man United,3,1,1,0.9230415245297633,0.6047273027302639
2023-09-16,Man United,Brighton,1,3,1,0.7438174376869475,0.5410816007144825
2023-09-16,Wolves,Liverpool,1,3,1,0.8173759836329846,0.50425122165927
2023-09-16,Aston Villa,Crystal Palace,3,1,1,0.18394326908986694,0.3999932427727344
2023-09-16,Tottenham,Sheffield United,2,1,1,0.9799792129880254,0.73234414895289
2023-09-16,West Ham,Man City,1,3,1,0.7026181497626878,0.5779672341995681
2023-09-16,Newcastle,Brentford,1,0,0,0.6443739993832959,0.4816768243725456
2023-09-16,Fulham,Luton,1,0,0,0.8744344013910375,0.7316483178768091
2023-09-17,Bournemouth,Chelsea,0,0,0,0.24211143608332555,0.39688070895946836
2023-09-17,Everton,Arsenal,0,1,0,0.6897943906281213,0.5721568878439973
2023-09-18,Nott'm Forest,Burnley,1,1,0,0.515106634893084,0.4594146150924545
2023-09-23,Crystal Palace,Fulham,0,0,0,0.6755512307739125,0.4211984450355784
2023-09-23,Luton,Wolves,1,1,0,0.6336602134733593,0.45041834414069554
2023-09-23,Man City,Nott'm Forest,2,0,0,0.8230270805498561,0.7272244899342954
2023-09-23,Brentford,Everton,1,3,1,0.34309038292693855,0.47856780577760605
2023-09-23,Burnley,Man United,0,1,0,0.49933151892675415,0.4606957250609059
2023-09-24,Liverpool,West Ham,3,1,1,0.9134094995126941,0.6200721779928211
2023-09-24,Arsenal,Tottenham,2,2,1,0.9671910241602946,0.7334054144420036
2023-09-24,Brighton,Bournemouth,3,1,1,0.7989355251930357,0.6340813582359413
2023-09-24,Sheffield United,Newcastle,0,8,1,0.897750759807836,0.5358596464850515
2023-09-24,Chelsea,Aston Villa,0,1,0,0.5174609670051146,0.40884531332990864
2023-09-30,Aston Villa,Brighton,6,1,1,0.7553916176442251,0.5731879635671084
2023-09-30,Bournemouth,Arsenal,0,4,1,0.5393275556138664,0.6192723478109591
2023-09-30,Everton,Luton,1,2,1,0.6812720777668113,0.5368805734220407
2023-09-30,Man United,Crystal Palace,0,1,0,0.6861801205714608,0.4016458520072682
2023-09-30,Newcastle,Burnley,2,0,0,0.34348825745051415,0.5409588208193993
2023-09-30,West Ham,Sheffield United,2,0,0,0.8471521663107915,0.5572643386710273
2023-09-30,Wolves,Man City,2,1,1,0.919753310928073,0.5371183632592345
2023-09-30,Tottenham,Liverpool,2,1,1,0.8276439915324479,0.6820714308208713
2023-10-01,Nott'm Forest,Brentford,1,1,0,0.6377294691360649,0.49168726051961237
2023-10-02,Fulham,Chelsea,0,2,0,0.7310908263835375,0.4353991423557275
2023-10-03,Luton,Burnley,1,2,1,0.8167949320597546,0.4873378116468074
2023-10-07,Burnley,Chelsea,1,4,1,0.14272840842952497,0.3750320451839352
2023-10-07,Everton,Bournemouth,3,0,1,0.5624015755463307,0.4065642095079699
2023-10-07,Luton,Tottenham,0,1,0,0.7998238261343164,0.797510127837802
2023-10-07,Man United,Brentford,2,1,1,0.7518399697222701,0.4833287254137403
2023-10-07,Crystal Palace,Nott'm Forest,0,0,0,0.43490455221104674,0.41613575572359324
2023-10-07,Fulham,Sheffield United,3,1,1,0.8047667536487374,0.5880093691430415
2023-10-08,Brighton,Liverpool,2,2,1,0.7412496604295414,0.6298655186164746
2023-10-08,West Ham,Newcastle,2,2,1,0.840399565527986,0.4828025234236687
2023-10-08,Wolves,Aston Villa,1,1,0,0.35282535176811414,0.3939886198083578
2023-10-08,Arsenal,Man City,1,0,0,0.8146757464475193,0.6112650834207607
2023-10-21,Liverpool,Everton,2,0,0,0.7346163803387885,0.6410516748263686
2023-10-21,Bournemouth,Wolves,1,2,1,0.18535045996877486,0.366029782661242
2023-10-21,Brentford,Burnley,3,0,1,0.2140259385540801,0.5079973056336022
2023-10-21,Man City,Brighton,2,1,1,0.9812060628002858,0.6805124122718067
2023-10-21,Newcastle,Crystal Palace,4,0,1,0.2744148779826969,0.40790112481323754
2023-10-21,Nott'm Forest,Luton,2,2,1,0.8497703475575047,0.6364112593322022
2023-10-21,Chelsea,Arsenal,2,2,1,0.6785959126035579,0.49769770466998614
2023-10-21,Sheffield United,Man United,1,2,1,0.8930125424857795,0.525517167072536
2023-10-22,Aston Villa,West Ham,4,1,1,0.6317383305439894,0.5028173581415464
2023-10-23,Tottenham,Fulham,2,0,0,0.8440752950721363,0.6795925799681846
2023-10-27,Crystal Palace,Tottenham,1,2,1,0.27060800743870833,0.4733812354750151
2023-10-28,Chelsea,Brentford,0,2,0,0.6070473640901574,0.40775157118364946
2023-10-28,Arsenal,Sheffield United,5,0,1,0.9355168835474503,0.8663594766503856
2023-10-28,Bournemouth,Burnley,2,1,1,0.7481867155577734,0.4067063039024807
2023-10-28,Wolves,Newcastle,2,2,1,0.35414396669291553,0.43965722256934836
2023-10-29,West Ham,Everton,0,1,0,0.8208503872853374,0.480837641837279
2023-10-29,Aston Villa,Luton,3,1,1,0.9099493605949068,0.6416477158855141
2023-10-29,Brighton,Fulham,1,1,0,0.5077954161462485,0.6127562429274649
2023-10-29,Liverpool,Nott'm Forest,3,0,1,0.7270582004708571,0.6580869660724307
2023-10-29,Man United,Man City,0,3,1,0.4215218336506619,0.530292525163758
2023-11-04,Everton,Brighton,1,1,0,0.5938748794152022,0.5520550025199915
2023-11-04,Fulham,Man United,0,1,0,0.4377183335373917,0.46583767342553534
2023-11-04,Brentford,West Ham,3,2,1,0.7105534569004339,0.5211699345461567
2023-11-04,Man City,Bournemouth,6,1,1,0.9269552298427658,0.7405076292252961
2023-11-04,Sheffield United,Wolves,2,1,1,0.8802505388662871,0.47809704002981507
2023-11-04,Newcastle,Arsenal,1,0,0,0.4981736928132506,0.5809466591486394
2023-11-04,Burnley,Crystal Palace,0,2,0,0.4786102637383993,0.3319397314019227
2023-11-05,Nott'm Forest,Aston Villa,2,0,0,0.39629569543431215,0.5060388498133419
2023-11-05,Luton,Liverpool,1,1,0,0.9300636372319278,0.6714313806430743
2023-11-06,Tottenham,Chelsea,1,4,1,0.6500301834404887,0.5226433796095713
2023-11-11,Wolves,Tottenham,2,1,1,0.5460816114307198,0.5209303630715614
2023-11-11,Arsenal,Burnley,3,1,1,0.5651901677974449,0.6968308098189637
2023-11-11,Crystal Palace,Everton,2,3,1,0.21899830853574143,0.3341357247631747
2023-11-11,Man United,Luton,1,0,0,0.920190718046625,0.5703361334655341
2023-11-11,Bournemouth,Newcastle,2,0,0,0.8979784080696687,0.5371296340836275
2023-11-12,Brighton,Sheffield United,1,1,0,0.7925005989612467,0.8282628806497202
2023-11-12,Aston Villa,Fulham,3,1,1,0.528097090077694,0.5345809222503276
2023-11-12,Liverpool,Brentford,3,0,1,0.5137576905421342,0.5947033184123335
2023-11-12,Chelsea,Man City,4,4,1,0.5902656345116299,0.4509831362638632
2023-11-12,West Ham,Nott'm Forest,3,2,1,0.6199868432510587,0.5113736843523232
2023-11-25,Man City,Liverpool,1,1,0,0.6575617463126704,0.5802782123694912
2023-11-25,Burnley,West Ham,1,2,1,0.6960133911558775,0.47638304066477344
2023-11-25,Luton,Crystal Palace,2,1,1,0.45359729026333295,0.37475262867886067
2023-11-25,Newcastle,Chelsea,4,1,1,0.548619472840398,0.4383514941370503
2023-11-25,Nott'm Forest,Brighton,2,3,1,0.7452396197975111,0.5843905514940206
2023-11-25,Sheffield United,Bournemouth,1,3,1,0.717523869856098,0.5150547485663336
2023-11-25,Brentford,Arsenal,0,1,0,0.6116353703723267,0.5712081394391376
2023-11-26,Tottenham,Aston Villa,1,2,1,0.8474321467120979,0.6348730911247608
2023-11-26,Everton,Man United,0,3,1,0.6568702193942849,0.42342753275552747
2023-11-27,Fulham,Wolves,3,2,1,0.19821549555168766,0.4081550698736529
2023-12-02,Burnley,Sheffield United,5,0,1,0.6334132099387951,0.5199505884643256
2023-12-02,Brentford,Luton,3,1,1,0.892077069841639,0.5776334443276262
2023-12-02,Newcastle,Man United,1,0,0,0.6908113711309188,0.5160468126950015
2023-12-02,Nott'm Forest,Everton,0,1,0,0.23706682250300326,0.40157579673375793
2023-12-02,Arsenal,Wolves,2,1,1,0.8306080466346726,0.5892191435358827
2023-12-03,Bournemouth,Aston Villa,2,2,1,0.6183654638308961,0.5284858935077229
2023-12-03,Chelsea,Brighton,3,2,1,0.777659346705202,0.5179268532146598
2023-12-03,Liverpool,Fulham,4,3,1,0.7314582463271112,0.6195838814125249
2023-12-03,West Ham,Crystal Palace,1,1,0,0.32388133313499573,0.39990024935963064
2023-12-03,Man City,Tottenham,3,3,1,0.7908822744629005,0.6793497265573288
2023-12-05,Wolves,Burnley,1,0,0,0.30332580100825607,0.43175341005962586
2023-12-05,Luton,Arsenal,3,4,1,0.5596715529789266,0.6141903723785476
2023-12-06,Fulham,Nott'm Forest,5,0,1,0.40282393517015475,0.507964441803345
2023-12-06,Crystal Palace,Bournemouth,0,2,0,0.11509985555569714,0.4236140348657833
2023-12-06,Brighton,Brentford,2,1,1,0.8639639283252283,0.5908430753232703
2023-12-06,Sheffield United,Liverpool,0,2,0,0.9067458492611646,0.8085770663866337
2023-12-06,Man United,Chelsea,2,1,1,0.3746163704718945,0.43214966994966464
2023-12-06,Aston Villa,Man City,1,0,0,0.48083610672511423,0.6080412374175372
2023-12-07,Everton,Newcastle,3,0,1,0.6470218100582594,0.45839149604471485
2023-12-07,Tottenham,West Ham,1,2,1,0.6581327496701446,0.6750166002808469
2023-12-09,Crystal Palace,Liverpool,1,2,1,0.576116197867882,0.4698541923101211
2023-12-09,Brighton,Burnley,1,1,0,0.694210260250624,0.6643529634178725
2023-12-09,Man United,Bournemouth,0,3,1,0.3757325787025047,0.5214238532023662
2023-12-09,Sheffield United,Brentford,1,0,0,0.6777924887608731,0.6390603652090431
2023-12-09,Wolves,Nott'm Forest,1,1,0,0.29547237540728316,0.40994813768457256
2023-12-09,Aston Villa,Arsenal,1,0,0,0.8703329780274838,0.5826136426423298
2023-12-10,Fulham,West Ham,5,0,1,0.524416238446098,0.5455220286640102
2023-12-10,Luton,Man City,1,2,1,0.8638119286009451,0.6863648589140571
2023-12-10,Everton,Chelsea,2,0,0,0.4049179991459704,0.4154791679798334
2023-12-10,Tottenham,Newcastle,4,1,1,0.9337318231949566,0.6127864563234178
2023-12-15,Nott'm Forest,Tottenham,0,2,0,0.5966868693502668,0.6086177841473732
2023-12-16,Chelsea,Sheffield United,2,0,0,0.24787433485757798,0.7209511883064311
2023-12-16,Man City,Crystal Palace,2,2,1,0.7723501251063541,0.5853485621429166
2023-12-16,Newcastle,Fulham,3,0,1,0.6725773157697745,0.5580614178960026
2023-12-16,Burnley,Everton,0,2,0,0.2640434854260917,0.40952816421342664
2023-12-17,Arsenal,Brighton,2,0,0,0.9608634368356777,0.684214063418593
2023-12-17,Brentford,Aston Villa,1,2,1,0.4213647126880195,0.5166066592656975
2023-12-17,West Ham,Wolves,3,0,1,0.3819899424045999,0.47650096312862056
2023-12-17,Liverpool,Man United,0,0,0,0.7552171531452933,0.5553723085866619
2023-12-21,Crystal Palace,Brighton,1,1,0,0.18489064813857573,0.48608213559201235
2023-12-22,Aston Villa,Sheffield United,1,1,0,0.9002701827076363,0.7854521946293601
2023-12-23,Luton,Newcastle,1,0,0,0.7062992672735665,0.5401249656236643
2023-12-23,West Ham,Man United,2,0,0,0.4645720245839855,0.48186573164745666
2023-12-23,Fulham,Burnley,0,2,0,0.5150860536556819,0.5402466822101848
2023-12-23,Tottenham,Everton,2,1,1,0.881922182718957,0.6110895527972876
2023-12-23,Liverpool,Arsenal,1,1,0,0.49543585350704566,0.6084183505477354
2023-12-23,Nott'm Forest,Bournemouth,2,3,1,0.21100779697773597,0.48708728590921835
2023-12-24,Wolves,Chelsea,2,1,1,0.2880978173409283,0.4130293201809801
2023-12-26,Newcastle,Nott'm Forest,1,3,1,0.7983129589055347,0.5647001736864604
2023-12-26,Bournemouth,Fulham,3,0,1,0.4253784964913209,0.5213767703833141
2023-12-26,Sheffield United,Luton,2,3,1,0.6910874404427421,0.5411408949440745
2023-12-26,Burnley,Liverpool,0,2,0,0.7290441437520587,0.6321270265057499
2023-12-26,Man United,Aston Villa,3,2,1,0.6636699836653198,0.48329436903335804
2023-12-27,Brentford,Wolves,1,4,1,0.3150699015228805,0.4538537445356168
2023-12-27,Chelsea,Crystal Palace,2,1,1,0.18557261936439393,0.39098146509232695
2023-12-27,Everton,Man City,1,3,1,0.880901740456349,0.5913179949095363
2023-12-28,Brighton,Tottenham,4,2,1,0.9417730564016412,0.7195659730837981
2023-12-28,Arsenal,West Ham,0,2,0,0.9101330381145168,0.6456983270498382
2023-12-30,Crystal Palace,Brentford,3,1,1,0.22366711633439315,0.378655505627231
2023-12-30,Luton,Chelsea,2,3,1,0.7877913872271964,0.4843922579143589
2023-12-30,Aston Villa,Burnley,3,2,1,0.4291624070115064,0.5435365777069513
2023-12-30,Nott'm Forest,Man United,2,1,1,0.2209944369575288,0.45156256915969134
2023-12-30,Man City,Sheffield United,2,0,0,0.8460538137809495,0.8730492333311956
2023-12-30,Wolves,Everton,3,0,1,0.2825146053307662,0.3882703262658824
2023-12-31,Fulham,Arsenal,2,1,1,0.4363094828918731,0.5931394818008272
2023-12-31,Tottenham,Bournemouth,3,1,1,0.878534947871729,0.7205843800415777
2024-01-01,Liverpool,Newcastle,4,2,1,0.6944518910730609,0.5527296776013098
2024-01-02,West Ham,Brighton,0,0,0,0.8762680161533294,0.623425175893422
2024-01-12,Burnley,Luton,1,1,0,0.7111389477138808,0.520030147078969
2024-01-13,Chelsea,Fulham,1,0,0,0.7252812859383161,0.5355031741223338
2024-01-13,Newcastle,Man City,2,3,1,0.8548060829132069,0.5815182761902511
2024-01-14,Everton,Aston Villa,0,0,0,0.40412344292996205,0.4582073988541992
2024-01-14,Man United,Tottenham,2,2,1,0.7445300760446021,0.5796100959313972
2024-01-20,Arsenal,Crystal Palace,5,0,1,0.8132553799142861,0.5157870315292729
2024-01-20,Brentford,Nott'm Forest,3,2,1,0.693242514924152,0.5300428049229973
2024-01-21,Sheffield United,West Ham,2,2,1,0.31698584697162213,0.5882419614213152
2024-01-21,Bournemouth,Liverpool,0,4,1,0.427795691421563,0.60636176961515
2024-01-22,Brighton,Wolves,0,0,0,0.7426557207026938,0.5729313287878266
2024-01-30,Nott'm Forest,Arsenal,1,2,1,0.3212270906124899,0.5875156337121613
2024-01-30,Fulham,Everton,0,0,0,0.6819103451985096,0.4889231619350152
2024-01-30,Luton,Brighton,4,0,1,0.7500874719710308,0.6875822386174446
2024-01-30,Crystal Palace,Sheffield United,3,2,1,0.24591077161648348,0.5111017512743593
2024-01-30,Aston Villa,Newcastle,1,3,1,0.8433335868935007,0.5240676708692646
2024-01-31,Man City,Burnley,3,1,1,0.6738441806084334,0.7267846305027968
2024-01-31,Tottenham,Brentford,3,2,1,0.8783546439132233,0.6510379194588712
2024-01-31,Liverpool,Chelsea,4,1,1,0.4727692620735256,0.557300596976401
2024-02-01,West Ham,Bournemouth,1,1,0,0.7792337555671386,0.5940593688615935
2024-02-01,Wolves,Man United,3,4,1,0.5341964603986954,0.3962606845405682
2024-02-03,Burnley,Fulham,2,2,1,0.2764505937137807,0.47871187265218396
2024-02-03,Everton,Tottenham,2,2,1,0.8742016657182464,0.575251825611833
2024-02-03,Newcastle,Luton,4,4,1,0.6174936888967208,0.6721601420975677
2024-02-03,Sheffield United,Aston Villa,0,5,1,0.5604905120938302,0.6105488839834525
2024-02-03,Brighton,Crystal Palace,4,1,1,0.8184828818791395,0.5190206926693485
2024-02-04,Bournemouth,Nott'm Forest,1,1,0,0.5376058550793581,0.5438884835232098
2024-02-04,Chelsea,Wolves,2,4,1,0.8539315040005765,0.4599294835716256
2024-02-04,Man United,West Ham,3,0,1,0.296883019073744,0.4869215757996442
2024-02-04,Arsenal,Liverpool,3,1,1,0.288107838881404,0.5537153472040873
2024-02-05,Brentford,Man City,1,3,1,0.6432745131091858,0.602234035601153
2024-02-10,Liverpool,Burnley,3,1,1,0.8672845846455617,0.6375541169674689
2024-02-10,Man City,Everton,2,0,0,0.7022809411641304,0.6585540653879106
2024-02-10,Tottenham,Brighton,2,1,1,0.8993516140470181,0.7285924924235072
2024-02-10,Fulham,Bournemouth,3,1,1,0.7324522421628518,0.5943032409547226
2024-02-10,Wolves,Brentford,0,2,0,0.4947930159444152,0.44239525671262425
2024-02-10,Nott'm Forest,Newcastle,2,3,1,0.6224188612555186,0.5300022922564479
2024-02-10,Luton,Sheffield United,1,3,1,0.742960208741387,0.6531599689027023
2024-02-11,West Ham,Arsenal,0,6,1,0.5600927106864934,0.5833916868148388
2024-02-11,Aston Villa,Man United,1,2,1,0.6394365161916341,0.4759547246311305
2024-02-12,Crystal Palace,Chelsea,1,3,1,0.37528485673212464,0.3932773294682039
2024-02-17,Nott'm Forest,West Ham,2,0,0,0.3501667025832208,0.5277781062317672
2024-02-17,Tottenham,Wolves,1,2,1,0.8978994547693288,0.6200629556758208
2024-02-17,Brentford,Liverpool,1,4,1,0.9377008210768069,0.573825621243562
2024-02-17,Burnley,Arsenal,0,5,1,0.8502330578025054,0.5947047121666735
2024-02-17,Fulham,Aston Villa,1,2,1,0.6999912074940278,0.5346941323324267
2024-02-17,Newcastle,Bournemouth,2,2,1,0.907824706897052,0.6644057856949898
2024-02-17,Man City,Chelsea,1,1,0,0.6186785709452098,0.6457640823729474
2024-02-18,Sheffield United,Brighton,0,5,1,0.7991879517543702,0.6698773631250071
2024-02-18,Luton,Man United,1,2,1,0.8776951071521294,0.6062062052140051
2024-02-19,Everton,Crystal Palace,1,1,0,0.7264780681977373,0.3532663336982105
2024-02-20,Man City,Brentford,1,0,0,0.7934472915736185,0.664375519456665
2024-02-21,Liverpool,Luton,4,1,1,0.9386071491759571,0.7770179850574374
2024-02-24,Aston Villa,Nott'm Forest,4,2,1,0.7499750500224914,0.5831903639828491
2024-02-24,Brighton,Everton,1,1,0,0.7327001648289625,0.5034125670842362
2024-02-24,Crystal Palace,Burnley,3,0,1,0.530066692267722,0.42699902821465074
2024-02-24,Man United,Fulham,1,2,1,0.41196132342890984,0.5054654707349064
2024-02-24,Bournemouth,Man City,0,1,0,0.8164755299133943,0.6733881652890518
2024-02-24,Arsenal,Newcastle,4,1,1,0.8350668049626353,0.6456384696534998
2024-02-25,Wolves,Sheffield United,1,0,0,0.7570804266940758,0.5832978045733471
2024-02-26,West Ham,Brentford,4,2,1,0.7413974089267997,0.5281712399426218
2024-03-02,Fulham,Brighton,3,0,1,0.774054115807932,0.5838469493244932
2024-03-02,Brentford,Chelsea,2,2,1,0.8543799182881537,0.5227483189637632
2024-03-02,Nott'm Forest,Liverpool,0,1,0,0.754996135805847,0.6123189414640324
2024-03-02,Everton,West Ham,1,3,1,0.4652424528303891,0.4182213462832872
2024-03-02,Tottenham,Crystal Palace,3,1,1,0.8938777626926316,0.6171100016650833
2024-03-02,Luton,Aston Villa,2,3,1,0.7117993885308991,0.6523141546083082
2024-03-02,Newcastle,Wolves,3,0,1,0.9102111276365317,0.5732315954650152
2024-03-03,Burnley,Bournemouth,0,2,0,0.40780823392500654,0.4932093872838625
2024-03-03,Man City,Man United,3,1,1,0.717378413418441,0.6075783021459668
2024-03-04,Sheffield United,Arsenal,0,6,1,0.8198827280246265,0.7389028087649917
2024-03-09,Man United,Everton,2,0,0,0.6540153728158583,0.41550735261748034
2024-03-09,Bournemouth,Sheffield United,2,2,1,0.6107739524390159,0.6195861781137545
2024-03-09,Crystal Palace,Luton,1,1,0,0.8230806852493875,0.5710114291976932
2024-03-09,Wolves,Fulham,2,1,1,0.6858571748607183,0.48190803867216736
2024-03-09,Arsenal,Brentford,2,1,1,0.8519494367002892,0.6294112387534045
2024-03-10,Brighton,Nott'm Forest,1,0,0,0.7269183802162764,0.6192120247802084
2024-03-10,West Ham,Burnley,2,2,1,0.8621108907871915,0.5063713926024016
2024-03-10,Aston Villa,Tottenham,0,4,1,0.9275420155138727,0.6580744224929679
2024-03-10,Liverpool,Man City,1,1,0,0.8392024584763692,0.5839141161645084
2024-03-11,Chelsea,Newcastle,3,2,1,0.917782838318138,0.5739044581561699
2024-03-13,Bournemouth,Luton,4,3,1,0.7892253434723563,0.6556599965138775
2024-03-16,Burnley,Brentford,2,1,1,0.6736380275097668,0.48645212113268865
2024-03-16,Luton,Nott'm Forest,1,1,0,0.46849557391596247,0.6438647013349829
2024-03-16,Fulham,Tottenham,3,0,1,0.883259378608405,0.65247538468611
2024-03-17,West Ham,Aston Villa,1,1,0,0.936419767618436,0.5355890360285196
2024-03-30,Newcastle,West Ham,4,3,1,0.9303530709280807,0.6209468089432878
2024-03-30,Bournemouth,Everton,2,1,1,0.47322840077509426,0.4324816340924089
2024-03-30,Chelsea,Burnley,2,2,1,0.8842038945374984,0.5271349187316327
2024-03-30,Nott'm Forest,Crystal Palace,1,1,0,0.7780554326010566,0.45266698362492547
2024-03-30,Sheffield United,Fulham,3,3,1,0.6733508128715329,0.5982355302584718
2024-03-30,Tottenham,Luton,2,1,1,0.9445850422664482,0.7937569639030888
2024-03-30,Aston Villa,Wolves,2,0,0,0.876494611238771,0.5171771434687005
2024-03-30,Brentford,Man United,1,1,0,0.7586995588568819,0.5062899691546943
2024-03-31,Liverpool,Brighton,2,1,1,0.6945986023786069,0.6446721763446596
2024-03-31,Man City,Arsenal,0,0,0,0.6669204664145847,0.5827089380854144
2024-04-02,Newcastle,Everton,1,1,0,0.7929699631790262,0.5572346949365052
2024-04-02,Nott'm Forest,Fulham,3,1,1,0.3736516287860221,0.5195561007781196
2024-04-02,Bournemouth,Crystal Palace,1,0,0,0.3473736475405518,0.48089834866376374
2024-04-02,Burnley,Wolves,1,1,0,0.5733473060905352,0.43404231896676354
2024-04-02,West Ham,Tottenham,1,1,0,0.8177716165440113,0.6833022369143733
2024-04-03,Arsenal,Luton,2,0,0,0.8764754395759925,0.8079795777423338
2024-04-03,Brentford,Brighton,0,0,0,0.7493729994900856,0.587442725127172
2024-04-03,Man City,Aston Villa,4,1,1,0.8069313372323876,0.6127154075845939
2024-04-04,Liverpool,Sheffield United,3,1,1,0.9303637220345153,0.8510084615795854
2024-04-04,Chelsea,Man United,4,3,1,0.6829859235701554,0.498468619568054
2024-04-06,Crystal Palace,Man City,2,4,1,0.2867159013902276,0.5249992455177843
2024-04-06,Aston Villa,Brentford,3,3,1,0.9419290882518003,0.5790470624790033
2024-04-06,Fulham,Newcastle,0,1,0,0.9477428152112622,0.6315435609651003
2024-04-06,Luton,Bournemouth,2,1,1,0.7094395751552534,0.680569128811764
2024-04-06,Everton,Burnley,1,0,0,0.46952681654956285,0.40481752303669655
2024-04-06,Wolves,West Ham,1,2,1,0.8621637254376419,0.49783136671982764
2024-04-06,Brighton,Arsenal,0,3,1,0.7838689048971219,0.6301573506812443
2024-04-07,Man United,Liverpool,2,2,1,0.8729441556483603,0.5204361309731312
2024-04-07,Sheffield United,Chelsea,2,2,1,0.9054591467176326,0.6543111071796146
2024-04-07,Tottenham,Nott'm Forest,3,1,1,0.4165890771197994,0.67088913398647
2024-04-13,Newcastle,Tottenham,4,0,1,0.7827875129163252,0.730775674369585
2024-04-13,Brentford,Sheffield United,2,0,0,0.8349894332592301,0.7023664574940142
2024-04-13,Burnley,Brighton,1,1,0,0.9289715122529502,0.5648377823811015
2024-04-13,Man City,Luton,5,1,1,0.8993175164995221,0.8006299639245251
2024-04-13,Nott'm Forest,Wolves,2,2,1,0.42808009004202463,0.4338241551856499
2024-04-13,Bournemouth,Man United,2,2,1,0.7205506358503256,0.5243457905415689
2024-04-14,West Ham,Fulham,0,2,0,0.6320856519706987,0.5829437332211893
2024-04-14,Arsenal,Aston Villa,0,2,0,0.7395803109036886,0.6333967567726633
2024-04-14,Liverpool,Crystal Palace,0,1,0,0.7893424063643701,0.582188748933256
2024-04-15,Chelsea,Everton,6,0,1,0.2931698042314338,0.4559701016131644
2024-04-20,Luton,Brentford,1,5,1,0.746800085294718,0.6650099243821305
2024-04-20,Sheffield United,Burnley,1,4,1,0.7417746381959957,0.5619764583735231
2024-04-20,Wolves,Arsenal,0,2,0,0.8213648705521646,0.5526680235472216
2024-04-21,Everton,Nott'm Forest,2,0,0,0.22631989310327155,0.3949573527722677
2024-04-21,Aston Villa,Bournemouth,3,1,1,0.7874557399650649,0.6184441673943503
2024-04-21,Crystal Palace,West Ham,5,2,1,0.5425332789326108,0.48868530047164305
2024-04-21,Fulham,Liverpool,1,3,1,0.7395816777756412,0.5829388811649797
2024-04-23,Arsenal,Chelsea,5,0,1,0.8444775379774009,0.6377432441082843
2024-04-24,Crystal Palace,Newcastle,2,0,0,0.7772465245883936,0.5442059969757104
2024-04-24,Wolves,Bournemouth,0,1,0,0.44511009511853356,0.4955565297030918
2024-04-24,Man United,Sheffield United,4,2,1,0.8555460540942922,0.682738407922269
2024-04-24,Everton,Liverpool,2,0,0,0.53448634515144,0.4989609303963088
2024-04-25,Brighton,Man City,0,4,1,0.8537085364518243,0.6013681995006623
2024-04-27,West Ham,Liverpool,2,2,1,0.9105552131691345,0.618629291151291
2024-04-27,Fulham,Crystal Palace,1,1,0,0.47996278947549575,0.48550676777534907
2024-04-27,Man United,Burnley,1,1,0,0.8082864483180362,0.5303102543923458
2024-04-27,Newcastle,Sheffield United,5,1,1,0.9463967062644988,0.8176227912809725
2024-04-27,Wolves,Luton,2,1,1,0.4537688335387055,0.5799956791404056
2024-04-27,Everton,Brentford,1,0,0,0.2496139435132253,0.4317810808360616
2024-04-27,Aston Villa,Chelsea,2,2,1,0.9484330597224334,0.6197330045061687
2024-04-28,Tottenham,Arsenal,2,3,1,0.7239151932138569,0.6579730066285959
2024-04-28,Nott'm Forest,Man City,0,2,0,0.6545755255926803,0.6269802759430383
2024-04-28,Bournemouth,Brighton,3,0,1,0.3207702505026207,0.5744475310916703
2024-05-02,Chelsea,Tottenham,2,0,0,0.838789954175993,0.6886681347874671
2024-05-03,Luton,Everton,1,1,0,0.7548447811353135,0.5381403789607915
2024-05-04,Sheffield United,Nott'm Forest,1,3,1,0.5086939280304711,0.6182019238944282
2024-05-04,Man City,Wolves,5,1,1,0.5431906833890872,0.6240663900703669
2024-05-04,Arsenal,Bournemouth,3,0,1,0.6551812295542894,0.6917674906203162
2024-05-04,Brentford,Fulham,0,0,0,0.3762647493973082,0.5502931597328128
2024-05-04,Burnley,Newcastle,1,4,1,0.5884196295064624,0.5973975627800227
2024-05-05,Liverpool,Tottenham,4,2,1,0.739676987056892,0.6958434100416575
2024-05-05,Brighton,Aston Villa,1,0,0,0.5345527382099023,0.5883459978166483
2024-05-05,Chelsea,West Ham,5,0,1,0.6105885535651209,0.6430847544332222
2024-05-06,Crystal Palace,Man United,4,0,1,0.3377537076678504,0.4610919669089511
2024-05-11,Bournemouth,Brentford,1,2,1,0.6062949551570824,0.5586685192029571
2024-05-11,Fulham,Man City,0,4,1,0.7114904759177159,0.5917223724242565
2024-05-11,Everton,Sheffield United,1,0,0,0.5372182893243644,0.559971377350591
2024-05-11,Newcastle,Brighton,1,1,0,0.5426301398375979,0.645030736637802
2024-05-11,Tottenham,Burnley,2,1,1,0.6851949140497888,0.6772749504574607
2024-05-11,West Ham,Luton,3,1,1,0.8555732162652662,0.7146972621878689
2024-05-11,Nott'm Forest,Chelsea,2,3,1,0.5524821356460046,0.5702744523529971
2024-05-11,Wolves,Crystal Palace,1,3,1,0.08930629614998127,0.3915780072818515
2024-05-12,Man United,Arsenal,0,1,0,0.7481894200571787,0.551545300650024
2024-05-13,Aston Villa,Liverpool,3,3,1,0.6732762925935436,0.5853419985019754
2024-05-14,Tottenham,Man City,0,2,0,0.7122658366833141,0.6720811867958126
2024-05-15,Brighton,Chelsea,1,2,1,0.6821451638670144,0.60731686792887
2024-05-15,Man United,Newcastle,3,2,1,0.7066568848508786,0.5966935469269424
2024-05-19,Arsenal,Everton,2,1,1,0.31127555297326226,0.5686396638229585
2024-05-19,Brentford,Newcastle,2,4,1,0.5944499050084127,0.6151032909642024
2024-05-19,Brighton,Man United,0,2,0,0.8088501130733797,0.5535395611555695
2024-05-19,Burnley,Nott'm Forest,1,2,1,0.20033026757056752,0.4813449206830151
2024-05-19,Chelsea,Bournemouth,2,1,1,0.4498376807882133,0.625611746719521
2024-05-19,Crystal Palace,Aston Villa,5,0,1,0.4756404511360864,0.4993976661348484
2024-05-19,Liverpool,Wolves,2,0,0,0.18820240459715948,0.5784659367677055
2024-05-19,Luton,Fulham,2,4,1,0.8734743813769184,0.6575371714176204
2024-05-19,Man City,West Ham,3,1,1,0.9148095815754215,0.7211688475614072
2024-05-19,Sheffield United,Tottenham,0,3,1,0.8118908849431636,0.7922157982076686
2024-08-16,Man United,Fulham,1,0,0,0.657826743821964,0.5368917577520164
2024-08-17,Ipswich,Liverpool,0,2,0,,
2024-08-17,Arsenal,Wolves,2,0,0,0.6694489155705327,0.5914798896504255
2024-08-17,Everton,Brighton,0,3,1,0.6779333420717788,0.4469178629829647
2024-08-17,Newcastle,Southampton,1,0,0,0.9215929843019549,0.6686773122424355
2024-08-17,Nott'm Forest,Bournemouth,1,1,0,0.516604951758865,0.5339754235252389
2024-08-17,West Ham,Aston Villa,1,2,1,0.45269858948949426,0.6119507379297794
2024-08-18,Brentford,Crystal Palace,2,1,1,0.14771183630566245,0.48788603344453435
2024-08-18,Chelsea,Man City,0,2,0,0.5983029778657893,0.622103516846441
2024-08-19,Leicester,Tottenham,1,1,0,0.905990643187028,0.6840059240697102
2024-08-24,Brighton,Man United,2,1,1,0.8268529622587573,0.5301210227200319
2024-08-24,Crystal Palace,West Ham,0,2,0,0.8542650703614704,0.562310997505677
2024-08-24,Fulham,Leicester,2,1,1,0.5235759985416545,0.5599699114557448
2024-08-24,Man City,Ipswich,4,1,1,0.5437772468926589,0.5385116321522256
2024-08-24,Southampton,Nott'm Forest,0,1,0,0.16710565311214437,0.4682479328590741
2024-08-24,Tottenham,Everton,4,0,1,0.6176131540243063,0.545463532358253
2024-08-24,Aston Villa,Arsenal,0,2,0,0.6517176893138514,0.5906152324388328
2024-08-25,Bournemouth,Newcastle,1,1,0,0.8831066806127678,0.6326849517746318
2024-08-25,Wolves,Chelsea,2,6,1,0.6768155567487695,0.5158432374670899
2024-08-25,Liverpool,Brentford,2,0,0,0.7166584826770105,0.6414971116262242
2024-08-31,Arsenal,Brighton,1,1,0,0.4437297458385655,0.6164686581224977
2024-08-31,Brentford,Southampton,3,1,1,0.8020932884055434,0.5291148314368721
2024-08-31,Everton,Bournemouth,2,3,1,0.12621979192168734,0.41013453767307584
2024-08-31,Ipswich,Fulham,1,1,0,0.44379392215250146,0.16130649236286573
2024-08-31,Leicester,Aston Villa,1,2,1,0.6896665696224967,0.6066919878412734
2024-08-31,Nott'm Forest,Wolves,1,1,0,0.6212301287335876,0.4545085220795267
2024-08-31,West Ham,Man City,1,3,1,0.5209500766079812,0.6625358020383569
2024-09-01,Chelsea,Crystal Palace,1,1,0,0.8566691420124152,0.5592244876686197
2024-09-01,Newcastle,Tottenham,2,1,1,0.7423448207821752,0.7201490695998528
2024-09-01,Man United,Liverpool,0,3,1,0.8014091263917819,0.5661296281953039
2024-09-14,Southampton,Man United,0,3,1,0.3819728832476354,0.47931580227047343
2024-09-14,Brighton,Ipswich,0,0,0,0.26747506170936314,0.2616791923093061
2024-09-14,Crystal Palace,Leicester,2,2,1,0.5109058515148619,0.5315274085362769
2024-09-14,Fulham,West Ham,1,1,0,0.8746151402137458,0.5905312846057253
2024-09-14,Liverpool,Nott'm Forest,0,1,0,0.8526827681424479,0.6790730629171013
2024-09-14,Man City,Brentford,2,1,1,0.7204447940785029,0.6611167254917256
2024-09-14,Aston Villa,Everton,3,2,1,0.6762542744894297,0.49113733841454904
2024-09-14,Bournemouth,Chelsea,0,1,0,0.8034758136396121,0.5954169636063106
2024-09-15,Tottenham,Arsenal,0,1,0,0.7745609895019995,0.6416873986144241
2024-09-15,Wolves,Newcastle,1,2,1,0.7937491650989459,0.5539386709365098
2024-09-21,Aston Villa,Wolves,3,1,1,0.4476269270593235,0.5470173328209373
2024-09-21,West Ham,Chelsea,0,3,1,0.7136916921883721,0.6374170973197874
2024-09-21,Fulham,Newcastle,3,1,1,0.6176141093164248,0.6095930083502277
2024-09-21,Leicester,Everton,1,1,0,0.5490919480055168,0.44031556531640764
2024-09-21,Liverpool,Bournemouth,3,0,1,0.8155430489908758,0.6838868613014659
2024-09-21,Crystal Palace,Man United,0,0,0,0.4011871664910112,0.4844378380577716
2024-09-21,Tottenham,Brentford,3,1,1,0.6659279070753334,0.6542024116539067
2024-09-21,Southampton,Ipswich,1,1,0,0.3432021899928977,0.1220386258414807
2024-09-22,Brighton,Nott'm Forest,2,2,1,0.6028069495402574,0.5632906841156097
2024-09-22,Man City,Arsenal,2,2,1,0.4318839884224902,0.5235774935560839
2024-09-28,Newcastle,Man City,1,1,0,0.6976789205273992,0.6264400616610698
2024-09-28,Arsenal,Leicester,4,2,1,0.7764521445004021,0.6620120203095037
2024-09-28,Brentford,West Ham,1,1,0,0.6928079869805179,0.6035543058511281
2024-09-28,Chelsea,Brighton,4,2,1,0.469603629363487,0.6021747729063354
2024-09-28,Everton,Crystal Palace,2,1,1,0.1589105199422992,0.3727123669851621
2024-09-28,Nott'm Forest,Fulham,0,1,0,0.5895105486831391,0.520264657440092
2024-09-28,Wolves,Liverpool,1,2,1,0.5967687979555931,0.5463814267541289
2024-09-29,Ipswich,Aston Villa,2,2,1,0.6769560355387086,0.2269100954299917
2024-09-29,Man United,Tottenham,0,3,1,0.5663190801885829,0.6207956832994582
2024-09-30,Bournemouth,Southampton,3,1,1,0.7188359111836833,0.5020183612461878
2024-10-05,Crystal Palace,Liverpool,0,1,0,0.7485877691788704,0.5212535922868444
2024-10-05,Arsenal,Southampton,3,1,1,0.9686699268624084,0.6961293515087582
2024-10-05,Brentford,Wolves,5,3,1,0.7724011554514274,0.512617448587191
2024-10-05,Leicester,Bournemouth,1,0,0,0.7934209001021472,0.6014206520867444
2024-10-05,Man City,Fulham,3,2,1,0.8316572985221962,0.6375417498465912
2024-10-05,West Ham,Ipswich,4,1,1,0.7572709112702882,0.4487597586509914
2024-10-05,Everton,Newcastle,0,0,0,0.7358492687668777,0.5232133266994202
2024-10-06,Aston Villa,Man United,0,0,0,0.7826274063280261,0.5815217493494532
2024-10-06,Chelsea,Nott'm Forest,1,1,0,0.6971582671263518,0.6112066271152709
2024-10-06,Brighton,Tottenham,3,2,1,0.7902950083996739,0.6371296910666738
2024-10-19,Ipswich,Everton,0,2,0,0.4754400750834768,0.3119267418553004
2024-10-19,Tottenham,West Ham,4,1,1,0.9777357077179227,0.6939369857077691
2024-10-19,Fulham,Aston Villa,1,3,1,0.7140662861075701,0.5812804519130107
2024-10-19,Man United,Brentford,2,1,1,0.8675970524780833,0.5171755948782973
2024-10-19,Southampton,Leicester,2,3,1,0.7919277421593938,0.5366464910229388
2024-10-19,Bournemouth,Arsenal,2,0,0,0.7938377546762055,0.598229500083873
2024-10-19,Newcastle,Brighton,0,1,0,0.9091596146528631,0.6333743165136081
2024-10-20,Wolves,Man City,1,2,1,0.8558339909032068,0.6102176987320578
2024-10-20,Liverpool,Chelsea,2,1,1,0.6768690063970324,0.6428597073038552
2024-10-21,Nott'm Forest,Crystal Palace,1,0,0,0.6775561273311602,0.44928502924803765
2024-10-25,Leicester,Nott'm Forest,1,3,1,0.7127339278168254,0.5581950134089935
2024-10-26,Aston Villa,Bournemouth,1,1,0,0.888955508908443,0.637226139219895
2024-10-26,Brentford,Ipswich,4,3,1,0.1733223054562259,0.4270229296963563
2024-10-26,Brighton,Wolves,2,2,1,0.5230371809310417,0.5290879042416624
2024-10-26,Man City,Southampton,1,0,0,0.7723984345334582,0.7536543846816502
2024-10-26,Everton,Fulham,1,1,0,0.5588595604738373,0.42318415045976365
2024-10-27,Chelsea,Newcastle,2,1,1,0.9261690528806829,0.6720951518812951
2024-10-27,Crystal Palace,Tottenham,1,0,0,0.8382240902551156,0.57565384137239
2024-10-27,West Ham,Man United,2,1,1,0.7906677359388421,0.5479200935219343
2024-10-27,Arsenal,Liverpool,2,2,1,0.6274831403056971,0.5321198744598038
2024-11-02,Newcastle,Arsenal,1,0,0,0.744300580246211,0.5981651325038123
2024-11-02,Bournemouth,Man City,2,1,1,0.8114882029047229,0.6453100999730492
2024-11-02,Ipswich,Leicester,1,1,0,0.3491094521067074,0.44658456297231286
2024-11-02,Liverpool,Brighton,2,1,1,0.5720836653042706,0.6177861724879479
2024-11-02,Nott'm Forest,West Ham,3,0,1,0.5368077857338215,0.5358285597146702
2024-11-02,Southampton,Everton,1,0,0,0.5172108802346619,0.38066406734107194
2024-11-02,Wolves,Crystal Palace,2,2,1,0.556865642172051,0.4409281711734878
2024-11-03,Tottenham,Aston Villa,4,1,1,0.8145570542005172,0.6936567165620827
2024-11-03,Man United,Chelsea,1,1,0,0.9126783903731118,0.5767122307575762
2024-11-04,Fulham,Brentford,2,1,1,0.8714595543437703,0.5234485289249037
2024-11-09,Crystal Palace,Fulham,0,2,0,0.4927916269223457,0.46937440333371555
2024-11-09,Brentford,Bournemouth,3,2,1,0.6270232550007431,0.558790512005866
2024-11-09,West Ham,Everton,0,0,0,0.42422635484591664,0.4846333614642193
2024-11-09,Wolves,Southampton,2,0,0,0.47761391126866476,0.45143591550696316
2024-11-09,Liverpool,Aston Villa,2,0,0,0.7379273470989661,0.6519392388601087
2024-11-09,Brighton,Man City,2,1,1,0.8730662500535701,0.6045067998820042
2024-11-10,Man United,Leicester,3,0,1,0.7791587798989293,0.5757148855521834
2024-11-10,Nott'm Forest,Newcastle,1,3,1,0.6792351836815279,0.5810248424870235
2024-11-10,Tottenham,Ipswich,1,2,1,0.7428608829929667,0.5475592022124159
2024-11-10,Chelsea,Arsenal,1,1,0,0.7315680934978608,0.5976647953004376
2024-11-23,Leicester,Chelsea,1,2,1,0.7747169041728718,0.6508601814481679
2024-11-23,Arsenal,Nott'm Forest,3,0,1,0.7049122500086928,0.5987521580818813
2024-11-23,Aston Villa,Crystal Palace,2,2,1,0.8010702056887338,0.5264141970765047
2024-11-23,Bournemouth,Brighton,1,2,1,0.7238016085405684,0.5502832783365632
2024-11-23,Everton,Brentford,0,0,0,0.6941255033324324,0.45755286542202855
2024-11-23,Fulham,Wolves,1,4,1,0.8228508675113495,0.5471027166851458
2024-11-23,Man City,Tottenham,0,4,1,0.6596504631650129,0.7056129454891401
2024-11-24,Southampton,Liverpool,2,3,1,0.7713269597645815,0.5723758071631102
2024-11-24,Ipswich,Man United,1,1,0,0.7459361070117889,0.5133277323571873
2024-11-25,Newcastle,West Ham,0,2,0,0.5731761959527489,0.6622597954046237
2024-11-29,Brighton,Southampton,1,1,0,0.8307127181406926,0.549289504644693
2024-11-30,Brentford,Leicester,4,1,1,0.6089026693977437,0.6635950196218601
2024-11-30,Crystal Palace,Newcastle,1,1,0,0.3315058915787466,0.5075080197406338
2024-11-30,Nott'm Forest,Ipswich,1,0,0,0.34164421549671364,0.5313712887946351
2024-11-30,Wolves,Bournemouth,2,4,1,0.3421311210387955,0.5297573203519187
2024-11-30,West Ham,Arsenal,2,5,1,0.8822756794223798,0.6126909632740244
2024-12-01,Chelsea,Aston Villa,3,0,1,0.7456029567748842,0.6457148772000236
2024-12-01,Man United,Everton,4,0,1,0.36231025528152155,0.39567775646032416
2024-12-01,Tottenham,Fulham,1,1,0,0.36584076538420673,0.6427486205309376
2024-12-01,Liverpool,Man City,2,0,0,0.3661304482143263,0.5342539771903915
2024-12-03,Ipswich,Crystal Palace,0,1,0,0.2520939339920322,0.47509729281935037
2024-12-03,Leicester,West Ham,3,1,1,0.7016546735153332,0.6346723933533599
2024-12-04,Newcastle,Liverpool,3,3,1,0.4197378015471216,0.5724927886649408
2024-12-04,Man City,Nott'm Forest,3,0,1,0.5514255282648173,0.6515732496873358
2024-12-04,Everton,Wolves,4,0,1,0.5523162097085428,0.3985485786676279
2024-12-04,Aston Villa,Brentford,3,1,1,0.917392090979503,0.6522779420547539
2024-12-04,Arsenal,Man United,2,0,0,0.6787514258250756,0.5449907874634266
2024-12-04,Southampton,Chelsea,1,5,1,0.763896068154322,0.5557664240358489
2024-12-05,Fulham,Brighton,3,1,1,0.5082412030091926,0.5433985542260179
2024-12-05,Bournemouth,Tottenham,1,0,0,0.540303682757124,0.6400269334515071
2024-12-07,Aston Villa,Southampton,1,0,0,0.9380043009815715,0.591002275759263
2024-12-07,Brentford,Newcastle,4,2,1,0.6016920263837591,0.6357936377868405
2024-12-07,Crystal Palace,Man City,2,2,1,0.6929463371033319,0.5264442631920185
2024-12-07,Man United,Nott'm Forest,2,3,1,0.5456226750006017,0.48046433939580424
2024-12-08,Fulham,Arsenal,1,1,0,0.765753120534257,0.5365019387470692
2024-12-08,Ipswich,Bournemouth,1,2,1,0.48296861892165033,0.5450939014168278
2024-12-08,Leicester,Brighton,2,2,1,0.5628165351689266,0.6062055841450662
2024-12-08,Tottenham,Chelsea,3,4,1,0.7203917472534704,0.6873699522687863
2024-12-09,West Ham,Wolves,2,1,1,0.6583112369349279,0.5806606219186108
2024-12-14,Arsenal,Everton,0,0,0,0.3982762272040766,0.5250100618993784
2024-12-14,Liverpool,Fulham,2,2,1,0.5031364284720051,0.5899049249472834
2024-12-14,Newcastle,Leicester,4,0,1,0.7170676559100261,0.6807828541499661
2024-12-14,Wolves,Ipswich,1,2,1,0.7299961782760208,0.5485833041570842
2024-12-14,Nott'm Forest,Aston Villa,2,1,1,0.46203339414236666,0.552810762739394
2024-12-15,Brighton,Crystal Palace,1,3,1,0.3473276056683316,0.489165786596136
2024-12-15,Man City,Man United,1,2,1,0.7292888572334316,0.5933956802287961
2024-12-15,Chelsea,Brentford,2,1,1,0.8968158215693722,0.6648456777084304
2024-12-15,Southampton,Tottenham,0,5,1,0.9142908739680348,0.6007990005370589
2024-12-16,Bournemouth,West Ham,1,1,0,0.830729947966457,0.5830382948620618
2024-12-21,Brentford,Nott'm Forest,0,2,0,0.799323337883706,0.5719338226068925
2024-12-21,West Ham,Brighton,1,1,0,0.8165272548170287,0.6068008873860995
2024-12-21,Aston Villa,Man City,2,1,1,0.7821400038581322,0.6264924235193959
2024-12-21,Crystal Palace,Arsenal,1,5,1,0.3470504847365036,0.47250744118299254
2024-12-21,Ipswich,Newcastle,0,4,1,0.8632637687724191,0.5616387997570238
2024-12-22,Everton,Chelsea,0,0,0,0.6195059888658355,0.4726777795999605
2024-12-22,Fulham,Southampton,0,0,0,0.458896385935802,0.5545463411965056
2024-12-22,Leicester,Wolves,0,3,1,0.8528751768595678,0.6328086475990466
2024-12-22,Man United,Bournemouth,0,3,1,0.8814860366260852,0.5170539969473692
2024-12-22,Tottenham,Liverpool,3,6,1,0.8342590439862735,0.6548993502318542
2024-12-26,Man City,Everton,1,1,0,0.6019745937810653,0.5490881200516949
2024-12-26,Bournemouth,Crystal Palace,0,0,0,0.3316943193585011,0.46692075025328783
2024-12-26,Chelsea,Fulham,1,2,1,0.3489906271707138,0.6212721465627894
2024-12-26,Newcastle,Aston Villa,3,0,1,0.8025308034909127,0.6456256830080279
2024-12-26,Nott'm Forest,Tottenham,1,0,0,0.6740851999699227,0.6044373443017401
2024-12-26,Southampton,West Ham,0,1,0,0.757712139581572,0.5331370293235063
2024-12-26,Wolves,Man United,2,0,0,0.6890395633456198,0.5300500310864156
2024-12-26,Liverpool,Leicester,3,1,1,0.6947405016123146,0.737809365681043
2024-12-27,Brighton,Brentford,0,0,0,0.5986928343001489,0.6211054443525097
2024-12-27,Arsenal,Ipswich,1,0,0,0.7719671681810839,0.62770073344824
2024-12-29,Leicester,Man City,0,2,0,0.9238296861451206,0.7024600785628039
2024-12-29,Crystal Palace,Southampton,2,1,1,0.5553652517877854,0.4795104484031381
2024-12-29,Everton,Nott'm Forest,0,2,0,0.6806521725572472,0.3579572712399193
2024-12-29,Fulham,Bournemouth,2,2,1,0.7785890266545185,0.5442339932933224
2024-12-29,Tottenham,Wolves,2,2,1,0.680828934112592,0.715954217808773
2024-12-29,West Ham,Liverpool,0,5,1,0.8670210761748443,0.6421826264498527
2024-12-30,Aston Villa,Brighton,2,2,1,0.7094059419082415,0.6067441197220763
2024-12-30,Ipswich,Chelsea,2,0,0,0.8136941158829871,0.579542164867007
2024-12-30,Man United,Newcastle,0,2,0,0.7299053056212176,0.5582048138812333
2025-01-01,Brentford,Arsenal,1,3,1,0.7608401328836504,0.5990218918497139
2025-01-04,Tottenham,Newcastle,1,2,1,0.8626870401597583,0.695320369812417
2025-01-04,Aston Villa,Leicester,2,1,1,0.9526494435414685,0.6806216876358596
2025-01-04,Bournemouth,Everton,1,0,0,0.5105571775365522,0.40158298145386323
2025-01-04,Crystal Palace,Chelsea,1,1,0,0.6541210100538175,0.5351235934623496
2025-01-04,Man City,West Ham,4,1,1,0.9431702630513384,0.7184955054626426
2025-01-04,Southampton,Brentford,0,5,1,0.8566073086846426,0.5572022856537906
2025-01-04,Brighton,Arsenal,1,1,0,0.7447453997869833,0.5577069418550551
2025-01-05,Fulham,Ipswich,2,2,1,0.5473836441795851,0.5211481186240664
2025-01-05,Liverpool,Man United,2,2,1,0.2735097859706637,0.5688072194317428
2025-01-06,Wolves,Nott'm Forest,0,3,1,0.8845337809365383,0.5167212384325334
2025-01-14,Brentford,Man City,2,2,1,0.8639895187213594,0.652623117320438
2025-01-14,Chelsea,Bournemouth,2,2,1,0.7156212010903528,0.6369665022034333
2025-01-14,West Ham,Fulham,3,2,1,0.7244247192648218,0.5840045748199709
2025-01-14,Nott'm Forest,Liverpool,1,1,0,0.6670259161948985,0.5491854438933884
2025-01-15,Everton,Aston Villa,0,1,0,0.5269960902857377,0.4367049048644771
2025-01-15,Leicester,Crystal Palace,0,2,0,0.8476546961611823,0.5410355307532076
2025-01-15,Newcastle,Wolves,3,0,1,0.5818990102259672,0.667322705693165
2025-01-15,Arsenal,Tottenham,2,1,1,0.6950880559434668,0.6463390706189726
2025-01-16,Ipswich,Brighton,0,2,0,0.7430120671417305,0.507554426005297
2025-01-16,Man United,Southampton,3,1,1,0.5119819683784181,0.5346720022049191
2025-01-18,Newcastle,Bournemouth,1,4,1,0.5547080429127917,0.6195811245822026
2025-01-18,Brentford,Liverpool,0,2,0,0.9109568132872822,0.6697922452148811
2025-01-18,Leicester,Fulham,0,2,0,0.5329757432199267,0.598400166468453
2025-01-18,West Ham,Crystal Palace,0,2,0,0.37120590859024843,0.5246725010109972
2025-01-18,Arsenal,Aston Villa,2,2,1,0.7206033879128931,0.6105320832826138
2025-01-19,Everton,Tottenham,3,2,1,0.2932305940327375,0.4856159827465904
2025-01-19,Man United,Brighton,1,3,1,0.33663611360773,0.513216073427855
2025-01-19,Nott'm Forest,Southampton,3,2,1,0.35748285777482586,0.48105301158325314
2025-01-19,Ipswich,Man City,0,6,1,0.2706766066542002,0.5898050345990639
2025-01-20,Chelsea,Wolves,3,1,1,0.8989100803889218,0.6588449486091567
2025-01-25,Bournemouth,Nott'm Forest,5,0,1,0.710311658279465,0.4906004860955219
2025-01-25,Brighton,Everton,0,1,0,0.6733638764169735,0.3884400330598835
2025-01-25,Liverpool,Ipswich,4,1,1,0.8984150668202749,0.6568421847725927
2025-01-25,Southampton,Newcastle,1,3,1,0.6641492909016603,0.603874451065591
2025-01-25,Wolves,Arsenal,0,1,0,0.8478939605782732,0.6122971542645607
2025-01-25,Man City,Chelsea,3,1,1,0.9673196935380857,0.651170845521226
2025-01-26,Crystal Palace,Brentford,1,2,1,0.4128135078872989,0.5327949847577903
2025-01-26,Tottenham,Leicester,1,2,1,0.9856641026966567,0.7476204961471516
2025-01-26,Aston Villa,West Ham,1,1,0,0.9293318471159864,0.6488301189710457
2025-01-26,Fulham,Man United,0,1,0,0.24132127089967675,0.5187690498673367
2025-02-01,Nott'm Forest,Brighton,7,0,1,0.15103845593789555,0.48758135423527815
2025-02-01,Bournemouth,Liverpool,0,2,0,0.323332433686378,0.6135573499495125
2025-02-01,Everton,Leicester,4,0,1,0.8118428593965112,0.40628043179518536
2025-02-01,Ipswich,Southampton,1,2,1,0.0865341912598973,0.3953057497214801
2025-02-01,Newcastle,Fulham,1,2,1,0.9467469221555174,0.6196598645978788
2025-02-01,Wolves,Aston Villa,2,0,0,0.3548419541528744,0.6003230058238026
2025-02-02,Brentford,Tottenham,0,2,0,0.98723732916489,0.7138152817095638
2025-02-02,Man United,Crystal Palace,0,2,0,0.24089629587378128,0.44660894753980646
2025-02-02,Arsenal,Man City,5,1,1,0.5634012027967811,0.5385922759329786
2025-02-03,Chelsea,West Ham,2,1,1,0.9629635545159129,0.6828859495390895
2025-02-12,Everton,Liverpool,2,2,1,0.5776678623849006,0.4709601883552362
2025-02-14,Brighton,Chelsea,3,0,1,0.3686584022104893,0.5947344399921355
2025-02-15,Leicester,Arsenal,0,2,0,0.7451813182223382,0.6550140000932494
2025-02-15,Aston Villa,Ipswich,1,1,0,0.7926319318672063,0.5425303653453812
2025-02-15,Fulham,Nott'm Forest,2,1,1,0.9073808075198947,0.49640072520254486
2025-02-15,Man City,Newcastle,4,0,1,0.9758083481223025,0.6449831915949161
2025-02-15,Southampton,Bournemouth,1,3,1,0.7359751779474125,0.49969329988537264
2025-02-15,West Ham,Brentford,0,1,0,0.7827654718180211,0.6574526668875578
2025-02-15,Crystal Palace,Everton,1,2,1,0.5110857746876531,0.32145363621201245
2025-02-16,Liverpool,Wolves,2,1,1,0.9339547391515108,0.7150403162569945
2025-02-16,Tottenham,Man United,1,0,0,0.8953943049398548,0.6349059101028242
2025-02-19,Aston Villa,Liverpool,2,2,1,0.8781121034808319,0.6382045183760892
2025-02-21,Leicester,Brentford,0,4,1,0.4113405027887575,0.6543765372955588
2025-02-22,Everton,Man United,2,2,1,0.34525536808528934,0.343563592396969
2025-02-22,Arsenal,West Ham,0,1,0,0.9064719529052732,0.6805284274180862
2025-02-22,Bournemouth,Wolves,0,1,0,0.27141636209402054,0.5775418346559855
2025-02-22,Fulham,Crystal Palace,0,2,0,0.28154284220443065,0.48034670128954565
2025-02-22,Ipswich,Tottenham,1,4,1,0.4762569134920812,0.6035152491340438
2025-02-22,Southampton,Brighton,0,4,1,0.2034905795511427,0.5076777481020578
2025-02-22,Aston Villa,Chelsea,2,1,1,0.8452259639362961,0.6293347475484061
2025-02-23,Newcastle,Nott'm Forest,4,3,1,0.786700387119052,0.5633045355261573
2025-02-23,Man City,Liverpool,0,2,0,0.6810373752432409,0.6339118407530602
2025-02-25,Brighton,Bournemouth,2,1,1,0.9370845515565643,0.5611102321372348
2025-02-25,Crystal Palace,Aston Villa,4,1,1,0.8019591016337928,0.49308383793874383
2025-02-25,Wolves,Fulham,1,2,1,0.769607449367527,0.5252583856291869
2025-02-25,Chelsea,Southampton,4,0,1,0.5879432467046559,0.6745447146620116
2025-02-26,Nott'm Forest,Arsenal,0,0,0,0.2671839589616232,0.5551474930343981
2025-02-26,Brentford,Everton,1,1,0,0.8083599031578163,0.4525120437825635
2025-02-26,Tottenham,Man City,0,1,0,0.8151523075884054,0.7108516247061719
2025-02-26,Liverpool,Newcastle,2,0,0,0.8126097882486425,0.6827463406800739
2025-02-26,Man United,Ipswich,3,2,1,0.5308792615013194,0.5154390487999811
2025-02-27,West Ham,Leicester,2,0,0,0.7374070217230837,0.6055475101345925
2025-03-08,Nott'm Forest,Man City,1,0,0,0.6721588404023517,0.639257481844875
2025-03-08,Brighton,Fulham,2,1,1,0.8560631039427465,0.5482482359874548
2025-03-08,Crystal Palace,Ipswich,1,0,0,0.737537068589396,0.4838614712244324
2025-03-08,Liverpool,Southampton,3,1,1,0.7031095439789973,0.7615169853678827
2025-03-08,Brentford,Aston Villa,0,1,0,0.6568212753019304,0.6070084001002555
2025-03-08,Wolves,Everton,1,1,0,0.6371402077737689,0.3999924923306237
2025-03-09,Tottenham,Bournemouth,2,2,1,0.8624005570647825,0.6594445588992731
2025-03-09,Man United,Arsenal,1,1,0,0.46795066953946196,0.5043245473050795
2025-03-09,Chelsea,Leicester,1,0,0,0.9426271556596243,0.6887881092094044
2025-03-10,West Ham,Newcastle,0,1,0,0.6811430119056063,0.6502351093563414
2025-03-15,Everton,West Ham,1,1,0,0.1965335718908305,0.42655843511151253
2025-03-15,Man City,Brighton,2,2,1,0.917593402475955,0.669729391394934
2025-03-15,Southampton,Wolves,1,2,1,0.4423988969767611,0.5066115831074612
2025-03-15,Ipswich,Nott'm Forest,2,4,1,0.42302926316886647,0.5326278292216001
2025-03-15,Bournemouth,Brentford,1,2,1,0.6020160931046182,0.5805487085123373
2025-03-16,Arsenal,Chelsea,1,0,0,0.8037497859391921,0.5989374413421181
2025-03-16,Fulham,Tottenham,2,0,0,0.45446888307985467,0.6372580184364514
2025-03-16,Leicester,Man United,0,3,1,0.41571092942000665,0.5416225113622729
2025-04-01,Arsenal,Fulham,2,1,1,0.4181146895670889,0.5611578042329076
2025-04-01,Wolves,West Ham,1,0,0,0.6131585469609917,0.558274070852844
2025-04-01,Nott'm Forest,Man United,1,0,0,0.6489235110326124,0.5140965527852348
2025-04-02,Bournemouth,Ipswich,1,2,1,0.4121435735889169,0.5588368405373092
2025-04-02,Brighton,Aston Villa,0,3,1,0.5809236058527848,0.5862873213559796
2025-04-02,Man City,Leicester,2,0,0,0.8915800646485701,0.7736272647856233
2025-04-02,Newcastle,Brentford,2,1,1,0.8896778035745135,0.6653116951375702
2025-04-02,Southampton,Crystal Palace,1,1,0,0.28618039900031206,0.4700320593598287
2025-04-02,Liverpool,Everton,1,0,0,0.6160147840054991,0.5321865330683999
2025-04-03,Chelsea,Tottenham,1,0,0,0.8987386913455746,0.7036595410732636
2025-04-05,Everton,Arsenal,1,1,0,0.49427952922605295,0.4290976385859652
2025-04-05,Crystal Palace,Brighton,2,1,1,0.7772131951720851,0.4858893132429175
2025-04-05,Ipswich,Wolves,1,2,1,0.2854841997261028,0.4978292249130928
2025-04-05,West Ham,Bournemouth,2,2,1,0.7635818490850417,0.5640632856311472
2025-04-05,Aston Villa,Nott'm Forest,2,1,1,0.9203577729199439,0.5824242920521314
2025-04-06,Brentford,Chelsea,0,0,0,0.7347140031135966,0.6346489073677692
2025-04-06,Fulham,Liverpool,3,2,1,0.5173537975076553,0.5978447482903227
2025-04-06,Tottenham,Southampton,3,1,1,0.8977444573320716,0.7267263014092545
2025-04-06,Man United,Man City,0,0,0,0.783564704604711,0.5884396889376088
2025-04-07,Leicester,Newcastle,0,3,1,0.8738747993114768,0.6822538660807556
2025-04-12,Man City,Crystal Palace,5,2,1,0.8135377972706057,0.5812414888421327
2025-04-12,Arsenal,Brentford,1,1,0,0.3280816328382093,0.5713488980004489
2025-04-12,Brighton,Leicester,2,2,1,0.7679353402471361,0.6098033309329747
2025-04-12,Southampton,Aston Villa,0,3,1,0.969638280854923,0.5938480403146443
2025-04-12,Nott'm Forest,Everton,0,1,0,0.14667317565908228,0.40218305391737114
2025-04-13,Chelsea,Ipswich,2,2,1,0.5994952066075072,0.6524381319316823
2025-04-13,Liverpool,West Ham,2,1,1,0.43455082746871987,0.6833731381307759
2025-04-13,Wolves,Tottenham,4,2,1,0.27520088636673434,0.640676188025888
2025-04-13,Newcastle,Man United,4,1,1,0.3992683481498137,0.5687141588030534
2025-04-14,Bournemouth,Fulham,1,0,0,0.641851710010875,0.551384122486233
2025-04-16,Newcastle,Crystal Palace,5,0,1,0.7264978398996843,0.5690186489199885
2025-04-19,Brentford,Brighton,4,2,1,0.34130477346135013,0.5889972065158147
2025-04-19,Crystal Palace,Bournemouth,0,0,0,0.712491015201102,0.5093073421809072
2025-04-19,Everton,Man City,0,2,0,0.14463520770802368,0.47709380637782733
2025-04-19,West Ham,Southampton,1,1,0,0.7418055822106813,0.5615150405752098
2025-04-19,Aston Villa,Newcastle,4,1,1,0.6269784863370924,0.6343378637289668
2025-04-20,Ipswich,Arsenal,0,4,1,0.29596954679869475,0.6298254181893581
2025-04-20,Fulham,Chelsea,1,2,1,0.4216068727369673,0.5558248742581934
2025-04-20,Leicester,Liverpool,0,1,0,0.7184275201991749,0.6883178978988844
2025-04-20,Man United,Wolves,0,1,0,0.18879920760835261,0.5039714194527408
2025-04-21,Tottenham,Nott'm Forest,1,2,1,0.6428301199035015,0.642395173333449
2025-04-22,Man City,Aston Villa,2,1,1,0.7144303379784427,0.6584390912149749
2025-04-23,Arsenal,Crystal Palace,2,2,1,0.0812539451301795,0.5072087814012979
2025-04-26,Chelsea,Everton,1,0,0,0.1772849244051791,0.43758216553560375
2025-04-26,Brighton,West Ham,3,2,1,0.5351466676854637,0.5904496961160692
2025-04-26,Newcastle,Ipswich,3,0,1,0.8675952838526577,0.7015453467580285
2025-04-26,Southampton,Fulham,1,2,1,0.8396450305420259,0.5539484239906453
2025-04-26,Wolves,Leicester,3,0,1,0.5763853003376425,0.5423258307935837
2025-04-27,Bournemouth,Man United,1,1,0,0.2879809567834737,0.5068872137325273
2025-04-27,Liverpool,Tottenham,5,1,1,0.888152081543531,0.7058613720460752
2025-05-01,Nott'm Forest,Brentford,0,2,0,0.40495372632162524,0.5595047573357037
2025-05-02,Man City,Wolves,1,0,0,0.8713065947132305,0.67900968029134
2025-05-03,Everton,Ipswich,2,2,1,0.5415130849842134,0.4239975412030542
2025-05-03,Aston Villa,Fulham,1,0,0,0.852098107162,0.5721126800877361
2025-05-03,Arsenal,Bournemouth,1,2,1,0.4699042581199923,0.5758825156671191
2025-05-03,Leicester,Southampton,2,0,0,0.8741372122481065,0.4942674225950911
2025-05-04,Brentford,Man United,4,3,1,0.2158657094641708,0.5136617072587383
2025-05-04,Brighton,Newcastle,1,1,0,0.5796637171364778,0.6310179015714887
2025-05-04,West Ham,Tottenham,1,1,0,0.18986360089627977,0.6519768721923574
2025-05-04,Chelsea,Liverpool,3,1,1,0.25512074539367585,0.6028750992356807
2025-05-05,Crystal Palace,Nott'm Forest,1,1,0,0.6482844994241815,0.49321183254985684
2025-05-10,Fulham,Everton,1,3,1,0.23249415380174357,0.4029747698861713
2025-05-10,Ipswich,Brentford,0,1,0,0.7409318585836902,0.5884080690585031
2025-05-10,Southampton,Man City,0,0,0,0.8776891717193029,0.7115564233400099
2025-05-10,Wolves,Brighton,0,2,0,0.2963962219337584,0.5654272763018521
2025-05-10,Bournemouth,Aston Villa,0,1,0,0.5475359436562739,0.5863253905429404
2025-05-11,Nott'm Forest,Leicester,2,2,1,0.8481361223107446,0.5803709326872851
2025-05-11,Man United,West Ham,0,2,0,0.12911158605857348,0.5146248477006471
2025-05-11,Liverpool,Arsenal,2,2,1,0.35369425076180083,0.5185548800926766
2025-05-11,Tottenham,Crystal Palace,0,2,0,0.3103723713816636,0.5961024333655298
2025-05-11,Newcastle,Chelsea,2,0,0,0.713105084941078,0.6224547626463207
2025-05-16,Aston Villa,Tottenham,2,0,0,0.28361052468743564,0.6721064951855845
2025-05-16,Chelsea,Man United,1,0,0,0.2918706501806585,0.5409532457125914
2025-05-18,Leicester,Ipswich,2,0,0,0.5398941731512608,0.5287961758267207
2025-05-18,Arsenal,Newcastle,1,0,0,0.5745297950635072,0.5942776693833117
2025-05-18,Everton,Southampton,2,0,0,0.45349738973305276,0.3912572972338462
2025-05-18,West Ham,Nott'm Forest,1,2,1,0.7183773382744474,0.5356263164040892
2025-05-18,Brentford,Fulham,2,3,1,0.6317925995174065,0.5687349187196655
2025-05-19,Brighton,Liverpool,3,2,1,0.5945852234361916,0.6554465250586471
2025-05-20,Crystal Palace,Wolves,4,2,1,0.2522092886913576,0.4908909640846829
2025-05-20,Man City,Bournemouth,3,1,1,0.7192841273219825,0.594282775125306
2025-05-25,Man United,Aston Villa,2,0,0,0.10811677221932675,0.5294983807474234
2025-05-25,Bournemouth,Leicester,2,0,0,0.8244267752007781,0.5541366807125739
2025-05-25,Liverpool,Crystal Palace,1,1,0,0.510718025420208,0.593247018062306
2025-05-25,Ipswich,West Ham,1,3,1,0.15935132600297558,0.5572688912225784
2025-05-25,Fulham,Man City,0,2,0,0.1268505175824582,0.5710384146745989
2025-05-25,Tottenham,Brighton,1,4,1,0.30161893670314993,0.6940862509210004
2025-05-25,Southampton,Arsenal,1,2,1,0.189284168231601,0.6208128729237425
2025-05-25,Nott'm Forest,Chelsea,0,1,0,0.2632129513645021,0.5473974142041126
2025-05-25,Wolves,Brentford,1,1,0,0.2416466845157695,0.5666748293301734
2025-05-25,Newcastle,Everton,0,1,0,0.2603595706545969,0.4972185488050791
2025-08-15,Liverpool,Bournemouth,4,2,1,0.7119875628188984,0.6266955695689708
2025-08-16,Aston Villa,Newcastle,0,0,0,0.3184956587898642,0.6305323187575951
2025-08-16,Wolves,Man City,0,4,1,0.2763545905557938,0.5971275170119311
2025-08-16,Brighton,Fulham,1,1,0,0.4889616342181145,0.5763493714631995
2025-08-16,Tottenham,Burnley,3,0,1,0.6429746855430613,0.6690156713880364
2025-08-16,Sunderland,West Ham,3,0,1,,
2025-08-17,Chelsea,Crystal Palace,0,0,0,0.15825717672948994,0.5177136765387208
2025-08-17,Nott'm Forest,Brentford,3,1,1,0.34641850481956493,0.563770672626908
2025-08-17,Man United,Arsenal,0,1,0,0.20753354839300772,0.5097181665786343
2025-08-18,Leeds,Everton,1,0,0,0.13584007611732632,0.4564066521399782
2025-08-22,West Ham,Chelsea,1,5,1,0.20380259334546005,0.5706668458110161
2025-08-23,Brentford,Aston Villa,1,0,0,0.182464427014027,0.5950016709880503
2025-08-23,Burnley,Sunderland,2,0,0,,
2025-08-23,Man City,Tottenham,0,2,0,0.6497452591130063,0.7048787785312786
2025-08-23,Bournemouth,Wolves,1,0,0,0.360034969267279,0.5223498585209512
2025-08-23,Arsenal,Leeds,5,0,1,0.8326774452762541,0.7191266241512999
2025-08-24,Crystal Palace,Nott'm Forest,1,1,0,0.3555054063591381,0.48231226779615166
2025-08-24,Everton,Brighton,2,0,0,0.1040964192821233,0.43735843795314355
2025-08-24,Fulham,Man United,1,1,0,0.20959474170758755,0.5011046656724502
2025-08-25,Newcastle,Liverpool,2,3,1,0.2471130776611724,0.6582956905131065
2025-08-30,Chelsea,Fulham,2,0,0,0.6885356265291663,0.5593964082774362
2025-08-30,Man United,Burnley,3,2,1,0.5669133779014212,0.5102088955980063
2025-08-30,Sunderland,Brentford,2,1,1,,
2025-08-30,Tottenham,Bournemouth,0,1,0,0.8150507879089958,0.634280623217418
2025-08-30,Wolves,Everton,2,3,1,0.08829899793131313,0.38782697872715416
2025-08-30,Leeds,Newcastle,0,0,0,0.6062146793001495,0.7149386216078342
2025-08-31,Brighton,Man City,2,1,1,0.23872788606173728,0.6219873288243353
2025-08-31,Nott'm Forest,West Ham,0,3,1,0.2896040411644933,0.544447213081779
2025-08-31,Liverpool,Arsenal,1,0,0,0.7607807248453596,0.5475363589951476
2025-08-31,Aston Villa,Crystal Palace,0,3,1,0.18598353451160718,0.5181587630948581
2025-09-13,Everton,Aston Villa,0,0,0,0.1322318289157529,0.392088223714377
2025-09-13,Arsenal,Nott'm Forest,3,0,1,0.7147170538848343,0.5475064170836852
2025-09-13,Crystal Palace,Sunderland,0,0,0,0.4495297068901709,0.4059214589590652
2025-09-13,Bournemouth,Brighton,2,1,1,0.7054084929073517,0.56884738036124
2025-09-13,West Ham,Tottenham,0,3,1,0.5528745575225704,0.664312572793355
2025-09-13,Newcastle,Wolves,1,0,0,0.6722278806094376,0.6358718588114429
2025-09-13,Brentford,Chelsea,2,2,1,0.24754087680898676,0.576278459171263
2025-09-13,Fulham,Leeds,1,0,0,0.3920928663272269,0.5575677626294692
2025-09-14,Burnley,Liverpool,0,1,0,0.7616396603997262,0.6890169059021375
2025-09-14,Man City,Man United,3,0,1,0.33388658398388027,0.5768284912935101
2025-09-20,Brighton,Tottenham,2,2,1,0.8317862420972876,0.6835321579633897
2025-09-20,Liverpool,Everton,2,1,1,0.3981786309500648,0.5274340041115352
2025-09-20,Fulham,Brentford,3,1,1,0.5071205049751116,0.5630911587405361
2025-09-20,Burnley,Nott'm Forest,1,1,0,0.6097420989287342,0.5329385874171794
2025-09-20,Man United,Chelsea,2,1,1,0.3273573712681746,0.5010391185076579
2025-09-20,Wolves,Leeds,1,3,1,0.3082639772868643,0.5554639831552408
2025-09-20,West Ham,Crystal Palace,1,2,1,0.4193053241975082,0.5192829505740638
2025-09-21,Bournemouth,Newcastle,0,0,0,0.5068226543599247,0.5584649984209107
2025-09-21,Sunderland,Aston Villa,1,1,0,0.25637297696032385,0.4545469889521907
2025-09-21,Arsenal,Man City,1,1,0,0.575256404581208,0.4925071500763795
2025-09-27,Brentford,Man United,3,1,1,0.29824646440283126,0.5429931247286387
2025-09-27,Chelsea,Brighton,1,3,1,0.5548788905963064,0.6018082807566787
2025-09-27,Crystal Palace,Liverpool,2,1,1,0.615627766884769,0.5695259050921753
2025-09-27,Leeds,Bournemouth,2,2,1,0.6069097830802931,0.5263351751649356
2025-09-27,Man City,Burnley,5,1,1,0.8108900189560994,0.6915092394866031
2025-09-27,Nott'm Forest,Sunderland,0,1,0,0.2756630902278195,0.4459705316465786
2025-09-27,Tottenham,Wolves,1,1,0,0.2117593492925205,0.6636392031250168
2025-09-28,Aston Villa,Fulham,3,1,1,0.6972472110338048,0.5243178694088285
2025-09-28,Newcastle,Arsenal,1,2,1,0.604127180129556,0.5275829844985225
2025-09-29,Everton,West Ham,1,1,0,0.422571253563763,0.4303507160962746
2025-10-03,Bournemouth,Fulham,3,1,1,0.48101262467829853,0.5043059720953988
2025-10-04,Leeds,Tottenham,1,2,1,0.6250537561253188,0.648289375047386
2025-10-04,Arsenal,West Ham,2,0,0,0.47436217393594615,0.6206439215167804
2025-10-04,Man United,Sunderland,2,0,0,0.4374410003488261,0.41891902433462513
2025-10-04,Chelsea,Liverpool,2,1,1,0.5793131365502036,0.6041265515755375
2025-10-05,Aston Villa,Burnley,2,1,1,0.8037580369366052,0.5766745360563676
2025-10-05,Everton,Crystal Palace,2,1,1,0.5672468676741298,0.35127685713578716
2025-10-05,Newcastle,Nott'm Forest,2,0,0,0.4823719597094282,0.5892306450920514
2025-10-05,Wolves,Brighton,1,1,0,0.3908219619524368,0.6039654398574145
2025-10-05,Brentford,Man City,0,1,0,0.6989534273399354,0.6108469892277518
2025-10-18,Brighton,Newcastle,2,1,1,0.4535637263934781,0.6310471457445593
2025-10-18,Nott'm Forest,Chelsea,0,3,1,0.37018793524273835,0.5295589786384639
2025-10-18,Fulham,Arsenal,0,1,0,0.17412258402566705,0.5039462235728099
2025-10-18,Burnley,Leeds,2,0,0,0.6169775561528145,0.5306592876785888
2025-10-18,Sunderland,Wolves,2,0,0,0.5971172147312427,0.4997955701002409
2025-10-18,Man City,Everton,2,0,0,0.2950672841637914,0.47843493601301357
2025-10-18,Crystal Palace,Bournemouth,3,3,1,0.20671044115517476,0.46901604424205645
2025-10-19,Tottenham,Aston Villa,1,2,1,0.5087070544736219,0.6269290456675679
2025-10-19,Liverpool,Man United,1,2,1,0.43415410850753666,0.626916120088211
2025-10-20,West Ham,Brentford,0,2,0,0.1417154458359537,0.6101018711815606
2025-10-24,Leeds,West Ham,2,1,1,0.34523432135641335,0.5474956614961943
2025-10-25,Chelsea,Sunderland,1,2,1,0.27034650588829034,0.28719459457867386
2025-10-25,Newcastle,Fulham,2,1,1,0.5860034934875971,0.5616721659797689
2025-10-25,Man United,Brighton,4,2,1,0.7305425578124659,0.5628841356811515
2025-10-25,Brentford,Liverpool,3,2,1,0.8703660729385155,0.65838969502702
2025-10-26,Aston Villa,Man City,1,0,0,0.8378674708614804,0.5469607955540999
2025-10-26,Arsenal,Crystal Palace,1,0,0,0.30199938048466624,0.49265460909905007
2025-10-26,Bournemouth,Nott'm Forest,2,0,0,0.29831933421783,0.520438669512369
2025-10-26,Everton,Tottenham,0,3,1,0.21454467901369562,0.46894881352689577
2025-10-26,Wolves,Burnley,2,3,1,0.8362555072944422,0.5267315205223924
2025-11-01,Brighton,Leeds,3,0,1,0.8968595240915864,0.6368352194338072
2025-11-01,Burnley,Arsenal,0,2,0,0.6749241046723418,0.5606420374051836
2025-11-01,Crystal Palace,Brentford,2,0,0,0.8443480058031669,0.5505030549424615
2025-11-01,Fulham,Wolves,3,0,1,0.48293259402049016,0.5313121235925251
2025-11-01,Nott'm Forest,Man United,2,2,1,0.5738232818504165,0.4848037673134308
2025-11-01,Tottenham,Chelsea,0,1,0,0.7929505402606948,0.6347804018551602
2025-11-01,Liverpool,Aston Villa,2,0,0,0.8397453936626014,0.6245327538122485
2025-11-02,West Ham,Newcastle,3,1,1,0.7711676274721943,0.5901706163055863
2025-11-02,Man City,Bournemouth,3,1,1,0.8709600130315998,0.6003528492521518
2025-11-03,Sunderland,Everton,1,1,0,0.11529727159082771,0.1915118018579753
2025-11-08,Everton,Fulham,2,0,0,0.518528625960884,0.3758666952833831
2025-11-08,Sunderland,Arsenal,2,2,1,0.35882540731177914,0.23216418572812697
2025-11-08,Tottenham,Man United,2,2,1,0.87378978332597,0.600555652130785
2025-11-08,Chelsea,Wolves,3,0,1,0.5224319787869713,0.5946591367082593
2025-11-08,West Ham,Burnley,3,2,1,0.6566879940585861,0.5543544616771164
2025-11-09,Aston Villa,Bournemouth,4,0,1,0.8428399769283899,0.5307775492351171
2025-11-09,Brentford,Newcastle,3,1,1,0.6200165679879002,0.5974474966803205
2025-11-09,Crystal Palace,Brighton,0,0,0,0.8718932848737073,0.5608675425324495
2025-11-09,Nott'm Forest,Leeds,3,1,1,0.5971547198321038,0.5318306172140302
2025-11-09,Man City,Liverpool,3,0,1,0.45438216054854524,0.6087581553111996
2025-11-22,Burnley,Chelsea,0,2,0,0.5904776758423184,0.5743141267933826
2025-11-22,Bournemouth,West Ham,2,2,1,0.6481050176415646,0.5733480886984617
2025-11-22,Brighton,Brentford,2,1,1,0.8852567576515862,0.6389746383759408
2025-11-22,Fulham,Sunderland,1,0,0,0.11664306949692967,0.26886194740073865
2025-11-22,Liverpool,Nott'm Forest,0,3,1,0.720181838470101,0.6468401778737778
2025-11-22,Wolves,Crystal Palace,0,2,0,0.6830344694545666,0.5023467910121865
2025-11-22,Newcastle,Man City,2,1,1,0.7894239060285476,0.5589100087687217
2025-11-23,Leeds,Aston Villa,1,2,1,0.3156113570426034,0.5454837778623909
2025-11-23,Arsenal,Tottenham,4,1,1,0.5170038002259694,0.6119485617281897
2025-11-24,Man United,Everton,0,1,0,0.27477503597941677,0.3661180656142754
2025-11-29,Brentford,Burnley,3,1,1,0.8569922288657441,0.6136374915123055
2025-11-29,Man City,Leeds,3,2,1,0.7519476161343824,0.7017465098719754
2025-11-29,Sunderland,Bournemouth,3,2,1,0.4488848694209317,0.284309518710374
2025-11-29,Everton,Newcastle,1,4,1,0.3292215289124576,0.4074195820460519
2025-11-29,Tottenham,Fulham,1,2,1,0.7791654673853755,0.6177447317521417
2025-11-30,Crystal Palace,Man United,1,2,1,0.3434428318277321,0.48057502011863895
2025-11-30,Aston Villa,Wolves,1,0,0,0.04489169723134304,0.5540666226271451
2025-11-30,Nott'm Forest,Brighton,0,2,0,0.646821582487944,0.5695211971022623
2025-11-30,West Ham,Liverpool,0,2,0,0.6326862904328502,0.6688481216960382
2025-11-30,Chelsea,Arsenal,1,1,0,0.4475221122197083,0.47941705260126216
2025-12-02,Bournemouth,Everton,0,1,0,0.3685376602668136,0.4220345879597435
2025-12-02,Fulham,Man City,4,5,1,0.5633939898343349,0.5470832268023275
2025-12-02,Newcastle,Tottenham,2,2,1,0.6684949589664566,0.6749984150425712
2025-12-03,Arsenal,Brentford,2,0,0,0.8069784323799433,0.5790854634899941
2025-12-03,Brighton,Aston Villa,3,4,1,0.46321480382411967,0.551945713288106
2025-12-03,Burnley,Crystal Palace,0,1,0,0.6307277328161361,0.5013749577682405
2025-12-03,Wolves,Nott'm Forest,0,1,0,0.8693249336840378,0.49601190472961665
2025-12-03,Leeds,Chelsea,3,1,1,0.5345332645212948,0.5944196340975229
2025-12-03,Liverpool,Sunderland,1,1,0,0.6983145072738596,0.49554365278645773
2025-12-04,Man United,West Ham,1,1,0,0.627165828315279,0.5728225770143058
2025-12-06,Aston Villa,Arsenal,2,1,1,0.23752173931760567,0.44733048809963766
2025-12-06,Bournemouth,Chelsea,0,0,0,0.35039576079351753,0.5534249704211995
2025-12-06,Everton,Nott'm Forest,3,0,1,0.5872258513037166,0.3767635870911085
2025-12-06,Man City,Sunderland,3,0,1,0.4403363405993955,0.454484539882402
2025-12-06,Newcastle,Burnley,2,1,1,0.8641320197739973,0.6626474728331653
2025-12-06,Tottenham,Brentford,2,0,0,0.8703506151456163,0.6783315778797017
2025-12-06,Leeds,Liverpool,3,3,1,0.6390765396827265,0.6892979081533558
2025-12-07,Brighton,West Ham,1,1,0,0.8986356131591141,0.6386942508313223
2025-12-07,Fulham,Crystal Palace,1,2,1,0.3651895370420753,0.4515887459399842
2025-12-08,Wolves,Man United,1,4,1,0.801307300050886,0.5137689005966207
2025-12-13,Chelsea,Everton,2,0,0,0.5657298156432442,0.42293278440775006
2025-12-13,Liverpool,Brighton,2,0,0,0.7913526111879318,0.6758922814666223
2025-12-13,Burnley,Fulham,2,3,1,0.6480150809340658,0.5355312884876103
2025-12-13,Arsenal,Wolves,2,1,1,0.4395167569354722,0.6055500660085118
2025-12-14,Crystal Palace,Man City,0,3,1,0.5460536201335854,0.49288436679831427
2025-12-14,Nott'm Forest,Tottenham,3,0,1,0.47136537620871066,0.6035871678262504
2025-12-14,Sunderland,Newcastle,1,0,0,0.3374573845116208,0.45189843042635763
2025-12-14,West Ham,Aston Villa,2,3,1,0.4661640825417725,0.5416604183790927
2025-12-14,Brentford,Leeds,1,1,0,0.9266406181029232,0.6608477945313489
2025-12-15,Man United,Bournemouth,4,4,1,0.7938450946508632,0.5511788022515539
2025-12-20,Newcastle,Chelsea,2,2,1,0.5320237357343353,0.5643134200267933
2025-12-20,Bournemouth,Burnley,1,1,0,0.8955260003634166,0.6060293489052275
2025-12-20,Brighton,Sunderland,0,0,0,0.5640058817606276,0.4616811562627161
2025-12-20,Man City,West Ham,3,0,1,0.5542995720265225,0.6836962744180811
2025-12-20,Wolves,Brentford,0,2,0,0.7759050151693775,0.5792273555452634
2025-12-20,Tottenham,Liverpool,1,2,1,0.8238966797625076,0.6970484323333845
2025-12-20,Everton,Arsenal,0,1,0,0.420992262462781,0.3765017577296727
2025-12-20,Leeds,Crystal Palace,4,1,1,0.40337792803606654,0.5116201020649489
2025-12-21,Aston Villa,Man United,2,1,1,0.5845984351004893,0.5054804616333286
2025-12-22,Fulham,Nott'm Forest,1,0,0,0.6492093437261794,0.49801132717913466
2025-12-26,Man United,Newcastle,1,0,0,0.2999232458354165,0.5634323247513031
2025-12-27,Nott'm Forest,Man City,1,2,1,0.6201522517031552,0.5575586773739092
2025-12-27,Arsenal,Brighton,2,1,1,0.5531286535733142,0.5715395671554432
2025-12-27,Chelsea,Aston Villa,1,2,1,0.7383875383433209,0.5053884459860538
2025-12-27,Brentford,Bournemouth,4,1,1,0.7572188940931771,0.6155902011828703
2025-12-27,Liverpool,Wolves,2,1,1,0.45911255605676643,0.6859031775786089
2025-12-27,West Ham,Fulham,0,1,0,0.5114518823220389,0.543597333015366
2025-12-27,Burnley,Everton,0,0,0,0.3396512403624579,0.40966267793131117
2025-12-28,Sunderland,Leeds,1,1,0,0.7568230653115402,0.5102028793027297
2025-12-28,Crystal Palace,Tottenham,0,1,0,0.39342907929209964,0.5653025957432753
2025-12-30,Burnley,Newcastle,1,3,1,0.8444290141415511,0.5815645318149298
2025-12-30,Chelsea,Bournemouth,2,2,1,0.7780089658905952,0.582735936826436
2025-12-30,Nott'm Forest,Everton,0,2,0,0.5133333132610257,0.3469620037830537
2025-12-30,West Ham,Brighton,2,2,1,0.4226117995655496,0.5990231070965683
2025-12-30,Arsenal,Aston Villa,4,1,1,0.7304116183446465,0.49942839921972565
2025-12-30,Man United,Wolves,1,1,0,0.4485424897016136,0.5605905919692388
2026-01-01,Brentford,Tottenham,0,0,0,0.8959711532323621,0.651930387746309
2026-01-01,Sunderland,Man City,0,0,0,0.6217068184420373,0.3728035942178419
2026-01-01,Crystal Palace,Fulham,1,1,0,0.36375190570360794,0.47747222667012046
2026-01-01,Liverpool,Leeds,0,0,0,0.8883537249574404,0.745869185112641
2026-01-03,Aston Villa,Nott'm Forest,3,1,1,0.477948894847095,0.5266645185243828
2026-01-03,Brighton,Burnley,2,0,0,0.8202044567548644,0.613240380390467
2026-01-03,Wolves,West Ham,3,0,1,0.3509784237930094,0.5247226082063011
2026-01-03,Bournemouth,Arsenal,2,3,1,0.32809559476524264,0.5265263082780364
2026-01-04,Leeds,Man United,1,1,0,0.5185792054453967,0.6290757406945038
2026-01-04,Everton,Brentford,2,4,1,0.5620552968964664,0.4091880172840175
2026-01-04,Newcastle,Crystal Palace,2,0,0,0.6832477030303398,0.5120034071082927
2026-01-04,Tottenham,Sunderland,1,1,0,0.48125704617226145,0.40402524381558513
2026-01-04,Fulham,Liverpool,2,2,1,0.7932532941805482,0.6138610328662438
2026-01-04,Man City,Chelsea,1,1,0,0.6181052437247031,0.5844931223895667
2026-01-06,West Ham,Nott'm Forest,1,2,1,0.3336519646268541,0.518264579653188
2026-01-07,Man City,Brighton,1,1,0,0.8109259844588462,0.6658050273011435
2026-01-07,Brentford,Sunderland,3,0,1,0.5574994760800933,0.3723124907547252
2026-01-07,Burnley,Man United,2,2,1,0.5446126824886045,0.5462247580789292
2026-01-07,Bournemouth,Tottenham,3,2,1,0.5690689941102565,0.6391430094793755
2026-01-07,Fulham,Chelsea,2,1,1,0.7120010690245185,0.5324888459359431
2026-01-07,Everton,Wolves,1,1,0,0.5992269340568571,0.37190179578729554
2026-01-07,Newcastle,Leeds,4,3,1,0.9544383547545294,0.6823933815473235
2026-01-07,Crystal Palace,Aston Villa,0,0,0,0.5864338328301577,0.4703149655451259
2026-01-08,Arsenal,Liverpool,0,0,0,0.692062990153088,0.5357732352448513
2026-01-17,Man United,Man City,2,0,0,0.6454979491162823,0.6009315640055863
2026-01-17,Chelsea,Brentford,2,0,0,0.698645940181609,0.5789180125465259
2026-01-17,Leeds,Fulham,1,0,0,0.6116973338113899,0.6196344466957089
2026-01-17,Tottenham,West Ham,1,2,1,0.2791732870078731,0.6520682560584835
2026-01-17,Nott'm Forest,Arsenal,0,0,0,0.23881542731333705,0.4705578771335505
2026-01-17,Liverpool,Burnley,1,1,0,0.9195278528244732,0.6999378419399033
2026-01-17,Sunderland,Crystal Palace,2,1,1,0.2511398332459957,0.2925171685684685
2026-01-18,Wolves,Newcastle,0,0,0,0.6610349315958038,0.5653702557704892
2026-01-18,Aston Villa,Everton,0,1,0,0.22684115800563043,0.3959967945359349
2026-01-19,Brighton,Bournemouth,1,1,0,0.3425858625763454,0.6163959175807127
2026-01-24,West Ham,Sunderland,3,1,1,0.16512316734903434,0.3595882552331253
2026-01-24,Fulham,Brighton,2,1,1,0.8456460576189319,0.5826694399456263
2026-01-24,Bournemouth,Liverpool,3,2,1,0.4522581343031445,0.6432643744896279
2026-01-24,Man City,Wolves,2,0,0,0.8446960614444364,0.6964707541855107
2026-01-24,Burnley,Tottenham,2,2,1,0.675655154752507,0.6109702653503049
2026-01-25,Brentford,Nott'm Forest,0,2,0,0.4084808618898622,0.553088485990396
2026-01-25,Crystal Palace,Chelsea,1,3,1,0.6045206662233743,0.4627070174927961
2026-01-25,Newcastle,Aston Villa,0,2,0,0.7820003309534173,0.5670281973559282
2026-01-25,Arsenal,Man United,2,3,1,0.7356277427647802,0.542412502899296
2026-01-26,Everton,Leeds,1,1,0,0.5219968440998245,0.4547808548690616
2026-01-31,Brighton,Everton,1,1,0,0.271813383078365,0.4254970249437629
2026-01-31,Leeds,Arsenal,0,4,1,0.5895015469429984,0.5743390578591278
2026-01-31,Wolves,Bournemouth,0,2,0,0.4831996850679959,0.5490061720307531
2026-01-31,Chelsea,West Ham,3,2,1,0.24865451189232807,0.615997470600675
2026-01-31,Liverpool,Newcastle,4,1,1,0.24327028065927844,0.6297561085446091
2026-02-01,Aston Villa,Brentford,0,1,0,0.3149328572482704,0.5797694864543228
2026-02-01,Man United,Fulham,3,2,1,0.35233386152697604,0.5491230421329629
2026-02-01,Nott'm Forest,Crystal Palace,1,1,0,0.5587422985894764,0.4274944490514604
2026-02-01,Tottenham,Man City,2,2,1,0.2440503034723397,0.6316879570304677
2026-02-02,Sunderland,Burnley,3,0,1,0.5647107725879463,0.38712512366766716
2026-02-06,Leeds,Nott'm Forest,3,1,1,0.48039731703095634,0.5463627929197113
2026-02-07,Man United,Tottenham,2,0,0,0.31262664103614635,0.6220818380593205
2026-02-07,Arsenal,Sunderland,3,0,1,0.5997935599406573,0.3675092560382793
2026-02-07,Bournemouth,Aston Villa,1,1,0,0.555275017498718,0.5870263464870084
2026-02-07,Burnley,West Ham,0,2,0,0.8695927104273814,0.5578854926158046
2026-02-07,Fulham,Everton,1,2,1,0.16642984582729578,0.3855178200997269
2026-02-07,Wolves,Chelsea,1,3,1,0.464816711812969,0.5158250862771432
2026-02-07,Newcastle,Brentford,2,3,1,0.2504907778771804,0.617111101386644
2026-02-08,Brighton,Crystal Palace,0,1,0,0.2589966655809892,0.5107115311923786
2026-02-08,Liverpool,Man City,1,2,1,0.11671468951594793,0.5861364392171405
2026-02-10,Chelsea,Leeds,2,2,1,0.38890833512735395,0.6269413967230604
2026-02-10,Everton,Bournemouth,1,2,1,0.6153790919181088,0.43469397787395914
2026-02-10,Tottenham,Newcastle,1,2,1,0.4251164688884732,0.6374450412065799
2026-02-10,West Ham,Man United,1,1,0,0.33634185844134834,0.5825761853334321
2026-02-11,Aston Villa,Brighton,1,0,0,0.4980640115689528,0.5760601382154971
2026-02-11,Crystal Palace,Burnley,2,3,1,0.45213655430361605,0.49477487588267133
2026-02-11,Man City,Fulham,3,0,1,0.892800661938774,0.6020860458343239
2026-02-11,Nott'm Forest,Wolves,0,0,0,0.41823612197455107,0.466837472197537
2026-02-11,Sunderland,Liverpool,0,1,0,0.5511491573103156,0.41225037700382083
2026-02-12,Brentford,Arsenal,1,1,0,0.2804281626805325,0.527793302446386
2026-02-18,Wolves,Arsenal,2,2,1,0.24300800431183625,0.5108068603199667
2026-02-21,Aston Villa,Leeds,1,1,0,0.39107979616815025,0.6174186547087073
2026-02-21,Brentford,Brighton,0,2,0,0.2962345702241022,0.6131755994732391
2026-02-21,Chelsea,Burnley,1,1,0,0.4483089540610529,0.6063475654627328
2026-02-21,West Ham,Bournemouth,0,0,0,0.3191076863417275,0.621407767473677
2026-02-21,Man City,Newcastle,2,1,1,0.5855640991123194,0.6075288544950819
2026-02-22,Nott'm Forest,Liverpool,0,1,0,0.6852598334594386,0.5540033733360058
2026-02-22,Crystal Palace,Wolves,1,0,0,0.1556736433354513,0.4522912291709524
2026-02-22,Tottenham,Arsenal,1,4,1,0.21203704637429263,0.5631177151051976
2026-02-22,Sunderland,Fulham,1,3,1,0.25544019385811584,0.35973622324653304
2026-02-23,Everton,Man United,0,1,0,0.1997768257165433,0.39581328672723676
2026-02-27,Wolves,Aston Villa,2,0,0,0.37225482531868986,0.5077208044132305
2026-02-28,Bournemouth,Sunderland,1,1,0,0.33321051704008164,0.4123734656919996
2026-02-28,Burnley,Brentford,3,4,1,0.8589690067031721,0.5818893640958582
2026-02-28,Liverpool,West Ham,5,2,1,0.29580327588222116,0.6868679142804561
2026-02-28,Newcastle,Everton,2,3,1,0.10249552152236144,0.4346946784005962
2026-02-28,Leeds,Man City,0,1,0,0.7292417606080793,0.6415553484218207
2026-03-01,Brighton,Nott'm Forest,2,1,1,0.13253252615845754,0.5376242834691085
2026-03-01,Fulham,Tottenham,2,1,1,0.5413181270765758,0.6021478546876304
2026-03-01,Man United,Crystal Palace,2,1,1,0.3229803827318392,0.48864059528319764
2026-03-01,Arsenal,Chelsea,2,1,1,0.47458107193326654,0.5229240825248164
2026-03-03,Bournemouth,Brentford,0,0,0,0.7395406537093798,0.6182099804538417
2026-03-03,Everton,Burnley,2,0,0,0.4079515603822215,0.4424140159846877
2026-03-03,Leeds,Sunderland,0,1,0,0.31873592228329267,0.42149300392681616
2026-03-03,Wolves,Liverpool,2,1,1,0.7538494796557575,0.5809029155330371
2026-03-04,Aston Villa,Chelsea,1,4,1,0.6719433762816686,0.5098176206723898
2026-03-04,Brighton,Arsenal,0,1,0,0.8198664049634848,0.5213794432116279
2026-03-04,Fulham,West Ham,0,1,0,0.7391152678660767,0.6005259705642453
2026-03-04,Man City,Nott'm Forest,2,2,1,0.8044168207304744,0.5616204665132064
2026-03-04,Newcastle,Man United,2,1,1,0.3644768420150761,0.6051561951400866
2026-03-05,Tottenham,Crystal Palace,1,3,1,0.5837478611079575,0.5385877194628097
2026-03-14,Burnley,Bournemouth,0,0,0,0.48159696139322555,0.6051662598015662
2026-03-14,Sunderland,Brighton,0,1,0,0.41308939724537586,0.3891649799386816
2026-03-14,Arsenal,Everton,2,0,0,0.774815753826019,0.42892968306412976
2026-03-14,Chelsea,Newcastle,0,1,0,0.644684400260563,0.6064011685812446
2026-03-14,West Ham,Man City,1,1,0,0.3892273738815171,0.6264251047378686
2026-03-15,Crystal Palace,Leeds,0,0,0,0.43647558112919504,0.5196608522533854
2026-03-15,Man United,Aston Villa,3,1,1,0.21760216107238392,0.5103604930093005
2026-03-15,Nott'm Forest,Fulham,0,0,0,0.5064990373286071,0.48904602784258683
2026-03-15,Liverpool,Tottenham,1,1,0,0.777910014141551,0.6973200987675435
2026-03-16,Brentford,Wolves,2,2,1,0.30841269663864174,0.5645569209824493
2026-03-20,Bournemouth,Man United,2,2,1,0.8294353814078952,0.5796731162641505
2026-03-21,Brighton,Liverpool,2,1,1,0.6881443496361055,0.6073655722816474
2026-03-21,Fulham,Burnley,3,1,1,0.48462726375665066,0.6105380624917033
2026-03-21,Everton,Chelsea,3,0,1,0.326625893196634,0.40610710002444333
2026-03-21,Leeds,Brentford,0,0,0,0.823977585177743,0.6318236661811399
2026-03-22,Newcastle,Sunderland,1,2,1,0.42720231443104156,0.4438684588293075
2026-03-22,Aston Villa,West Ham,2,0,0,0.6969484083005747,0.5706305135431607
2026-03-22,Tottenham,Nott'm Forest,0,3,1,0.45343530161404183,0.5535690854698266
2026-04-10,West Ham,Wolves,4,0,1,0.554950003020198,0.5183777340429663
2026-04-11,Arsenal,Bournemouth,1,2,1,0.8130866505891222,0.5966775157968679
2026-04-11,Brentford,Everton,2,2,1,0.3020740542488609,0.4471798925609737
2026-04-11,Burnley,Brighton,0,2,0,0.48966339991400326,0.5887752917768122
2026-04-11,Liverpool,Fulham,2,0,0,0.7272583084341941,0.6399209086367599
2026-04-12,Crystal Palace,Newcastle,2,1,1,0.5745317456508766,0.5208663973956292
2026-04-12,Nott'm Forest,Aston Villa,1,1,0,0.42143215309769577,0.4459170570399469
2026-04-12,Sunderland,Tottenham,1,0,0,0.258764922515622,0.44338246741324816
2026-04-12,Chelsea,Man City,0,3,1,0.2090001300487202,0.5396729458742202
2026-04-13,Man United,Leeds,1,2,1,0.3368870438112579,0.6084312135624745
2026-04-18,Brentford,Fulham,0,0,0,0.6424148684242976,0.6027202525329038
2026-04-18,Leeds,Wolves,3,0,1,0.3392823426828253,0.5422432002442865
2026-04-18,Newcastle,Bournemouth,1,2,1,0.7416955666689783,0.6402310069215463
2026-04-18,Tottenham,Brighton,2,2,1,0.9084649206689993,0.6225608118477526
2026-04-18,Chelsea,Man United,0,1,0,0.4068228910632305,0.5615331003654185
2026-04-19,Aston Villa,Sunderland,4,3,1,0.6678757083595651,0.36257809106016264
2026-04-19,Everton,Liverpool,1,2,1,0.45218743940398104,0.45808749871126925
2026-04-19,Nott'm Forest,Burnley,4,1,1,0.6079072479782381,0.51760323383913
2026-04-19,Man City,Arsenal,2,1,1,0.6712524591060168,0.46911864547651233
2026-04-20,Crystal Palace,West Ham,0,0,0,0.2810816242876788,0.510129166906924
2026-04-21,Brighton,Chelsea,3,0,1,0.9135567327434124,0.5572681963922159
2026-04-22,Bournemouth,Leeds,2,2,1,0.9417351196413151,0.568608283054415
2026-04-22,Burnley,Man City,0,1,0,0.5268603389330038,0.6627184729297476
2026-04-24,Sunderland,Nott'm Forest,0,5,1,0.35111140437999044,0.35354270966181495
2026-04-25,Fulham,Aston Villa,1,0,0,0.37827495003189254,0.5222713456565737
2026-04-25,Liverpool,Crystal Palace,3,1,1,0.4210886857303841,0.5340734067569568
2026-04-25,West Ham,Everton,2,1,1,0.7183716859476359,0.42302153507170426
2026-04-25,Wolves,Tottenham,0,1,0,0.7914268513767904,0.5653841030510947
2026-04-25,Arsenal,Newcastle,1,0,0,0.6063907283286953,0.5837429279003292
2026-04-27,Man United,Brentford,2,1,1,0.4497565465313017,0.5742876251672568
2026-05-01,Leeds,Burnley,3,1,1,0.42958194206332023,0.5881448319492472
2026-05-02,Wolves,Sunderland,1,1,0,0.8603481422793894,0.3624113271122177
2026-05-02,Newcastle,Brighton,3,1,1,0.6994030189331978,0.5939007422005289
2026-05-02,Arsenal,Fulham,3,0,1,0.5736772209779588,0.5416130056760123
2026-05-02,Brentford,West Ham,3,0,1,0.6297423271480924,0.5964376186738809
2026-05-03,Bournemouth,Crystal Palace,3,0,1,0.47349728246622563,0.4728253991422846
2026-05-03,Man United,Liverpool,3,2,1,0.766985220997824,0.597153424179734
2026-05-03,Aston Villa,Tottenham,1,2,1,0.5469961625874467,0.6218752118291304
2026-05-04,Chelsea,Nott'm Forest,1,3,1,0.766948882103098,0.5102528958099993
2026-05-04,Everton,Man City,3,3,1,0.3606587216773626,0.43758106928391993
2026-05-09,Fulham,Bournemouth,0,1,0,0.892420950299674,0.5397901214144781
2026-05-09,Sunderland,Man United,0,0,0,0.22954715207005147,0.4057872737860099
2026-05-09,Liverpool,Chelsea,1,1,0,0.13246705060358313,0.6105187822054935
2026-05-09,Brighton,Wolves,3,0,1,0.5185505503518244,0.5430686245548468
2026-05-09,Man City,Brentford,3,0,1,0.6006092535504707,0.6171241044958927
2026-05-10,Burnley,Aston Villa,2,2,1,0.4251542868465861,0.579571855157327
2026-05-10,Crystal Palace,Everton,2,2,1,0.5500170857415977,0.33589928867521246
2026-05-10,Nott'm Forest,Newcastle,1,1,0,0.7073592577685186,0.536517413912672
2026-05-10,West Ham,Arsenal,0,1,0,0.5642923714787327,0.5580886045312844
2026-05-11,Tottenham,Leeds,1,1,0,0.8289035014051146,0.6167980032988766
2026-05-13,Man City,Crystal Palace,3,0,1,0.512805235631408,0.5199729468809918
2026-05-15,Aston Villa,Liverpool,4,2,1,0.6600117400977095,0.5883913149018007
2026-05-17,Man United,Nott'm Forest,3,2,1,0.733120734820058,0.502806990961441
2026-05-17,Brentford,Crystal Palace,2,2,1,0.47541312683051296,0.4818051357515058
2026-05-17,Everton,Sunderland,1,3,1,0.6529298852152517,0.2885796599836959
2026-05-17,Leeds,Brighton,1,0,0,0.909604951111507,0.5457298937008394
2026-05-17,Wolves,Fulham,1,1,0,0.8677474617641323,0.48172753996676976
2026-05-17,Newcastle,West Ham,3,1,1,0.6827505204764617,0.6314455373490089
2026-05-18,Arsenal,Burnley,1,0,0,0.6482831731198443,0.6793468170003288
2026-05-19,Bournemouth,Man City,1,1,0,0.6141259249450229,0.5793776277840283
2026-05-19,Chelsea,Tottenham,2,1,1,0.7782872361705058,0.6345956657979285
2026-05-24,Burnley,Wolves,1,1,0,0.5837575119736441,0.5013628322423137
2026-05-24,Crystal Palace,Arsenal,1,2,1,0.6545588767568215,0.43169881141941363
2026-05-24,Brighton,Man United,0,3,1,0.7458362054017162,0.5511751515578366
2026-05-24,Tottenham,Everton,1,0,0,0.6731305504581278,0.4767040098759435
2026-05-24,Fulham,Newcastle,2,0,0,0.8379135107623656,0.5734026713057631
2026-05-24,Sunderland,Chelsea,2,1,1,0.1433020962692638,0.40742485624013003
2026-05-24,Man City,Aston Villa,1,2,1,0.709615162045085,0.5840773323497039
2026-05-24,Nott'm Forest,Bournemouth,1,1,0,0.6247265619534897,0.5019831386307702
2026-05-24,Liverpool,Brentford,1,1,0,0.3984753486375884,0.6356211469505727
2026-05-24,West Ham,Leeds,3,0,1,0.8433692859647055,0.5580650988710708
