league,match_date,home,away,score,selection,p_raw,p_calibrated,market_odds,closing_odds,edge_pct,stake,won,pnl,bankroll_after,clv_pct
E0,2023-08-12,Arsenal,Nott'm Forest,2-1,Over 2.5,0.7045429904643854,0.7761379762068948,1.44,1.49,11.763868573792857,300.0,True,132.0,10132.0,-3.3557046979865834
E0,2023-08-13,Brentford,Tottenham,2-2,Over 2.5,0.6056157596615669,0.6180262232681487,1.73,1.77,6.918536625389726,192.05099476287322,True,140.19722617689743,10272.197226176897,-2.259887005649719
E0,2023-08-19,Fulham,Brentford,0-3,Under 2.5,0.5173893440511809,0.5925717567231505,1.94,1.75,14.958920804291198,308.1659167853069,False,-308.1659167853069,9964.03130939159,10.857142857142854
E0,2023-08-21,Crystal Palace,Arsenal,0-1,Under 2.5,0.5005829152449941,0.5620750816222928,1.96,1.79,10.166715997969389,211.044742744707,True,202.60295303491873,10166.634262426509,9.49720670391061
E0,2023-09-02,Burnley,Tottenham,2-5,Under 2.5,0.4715267465198095,0.477459757762116,2.3,2.28,9.815744285286687,153.52781871078884,False,-153.52781871078884,10013.10644371572,0.8771929824561431
E0,2023-09-16,Man United,Brighton,1-3,Under 2.5,0.4353979590453688,0.3918545710971336,2.75,2.75,7.760007051711737,88.80203041459924,False,-88.80203041459924,9924.30441330112,0.0
E0,2023-09-23,Brentford,Everton,1-3,Under 2.5,0.5411065086507424,0.5656507156591338,1.95,1.78,10.301889553531085,215.24018518199873,False,-215.24018518199873,9709.064228119121,9.550561797752799
E0,2023-09-24,Liverpool,West Ham,3-1,Over 2.5,0.6400098730551343,0.7571786986300537,1.4,1.41,6.005017808207502,291.2719268435736,True,116.50877073742942,9825.57299885655,-0.7092198581560294
E0,2023-09-30,Bournemouth,Arsenal,0-4,Over 2.5,0.6036319485641866,0.7186991256704486,1.53,1.62,9.960966227578627,294.7671899656965,True,156.22661068181918,9981.79960953837,-5.555555555555558
E0,2023-10-07,Crystal Palace,Nott'm Forest,0-0,Under 2.5,0.6198814530606932,0.7066485841113488,1.62,1.59,14.477070626038513,299.45398828615106,True,185.6614727374137,10167.461082275784,1.8867924528301883
E0,2023-10-08,Brighton,Liverpool,2-2,Over 2.5,0.6733201736250063,0.8310796335403974,1.36,1.35,13.02683016149404,305.0238324682735,True,109.8085796885785,10277.269661964363,0.7407407407407307
E0,2023-10-21,Liverpool,Everton,2-0,Over 2.5,0.6474075737821288,0.7894101533683663,1.4,1.41,10.517421471571264,308.3180898589309,False,-308.3180898589309,9968.951572105432,-0.7092198581560294
E0,2023-10-21,Brentford,Burnley,3-0,Over 2.5,0.5116015473897693,0.5602570628632989,1.95,1.93,9.250127258343287,194.13488562997188,True,184.42814134847325,10153.379713453905,1.0362694300518172
E0,2023-10-29,Brighton,Fulham,1-1,Over 2.5,0.6124665367573092,0.7367824041205584,1.5,1.68,10.51736061808377,304.60139140361713,False,-304.60139140361713,9848.778322050288,-10.71428571428571
E0,2023-10-29,Liverpool,Nott'm Forest,3-0,Over 2.5,0.6578127391821783,0.8004867285304551,1.4,1.44,12.068141994263716,295.46334966150863,True,118.1853398646034,9966.963661914891,-2.777777777777779
E0,2023-11-04,Fulham,Man United,0-1,Under 2.5,0.5404472447366055,0.5232571750189619,2.05,2.1,7.267720878887163,137.9754474377307,True,144.87421980961724,10111.837881724508,-2.3809523809523947
E0,2023-11-11,Bournemouth,Newcastle,2-0,Over 2.5,0.5605704635119947,0.6555217961695968,1.7,1.83,11.43870534883147,303.35513645173523,False,-303.35513645173523,9808.482745272773,-7.10382513661203
E0,2023-11-25,Man City,Liverpool,1-1,Over 2.5,0.6047595305216094,0.712596483405526,1.48,1.5,5.464279544017847,223.31788176185825,False,-223.31788176185825,9585.164863510914,-1.3333333333333308
E0,2023-11-25,Nott'm Forest,Brighton,2-3,Over 2.5,0.5660735838464671,0.6585163049091479,1.73,1.94,13.923320749282597,287.55494590532743,True,209.915110510889,9795.079974021803,-10.824742268041232
E0,2023-12-02,Arsenal,Wolves,2-1,Over 2.5,0.5919200792903084,0.6836485390402945,1.65,1.67,12.802008941648602,293.8523992206541,True,191.00405949342513,9986.084033515228,-1.19760479041916
E0,2023-12-03,Man City,Tottenham,3-3,Over 2.5,0.7345726435898474,0.8413270326864387,1.36,1.32,14.420476445355668,299.58252100545684,True,107.84970756196446,10093.933741077193,3.0303030303030276
E0,2023-12-06,Brighton,Brentford,2-1,Over 2.5,0.5794761438213917,0.6680412573760917,1.62,1.66,8.222683694926847,267.7394335175081,True,165.99844878085503,10259.932189858047,-2.409638554216853
E0,2023-12-06,Fulham,Nott'm Forest,5-0,Over 2.5,0.4945514993667519,0.5556722498344954,2.06,2.16,14.468483465906058,280.08614952882715,True,296.89131850055685,10556.823508358604,-4.629629629629628
E0,2023-12-09,Crystal Palace,Liverpool,1-2,Under 2.5,0.543388737442837,0.5024338649920026,2.2,2.28,10.53545029824059,185.36814896601632,False,-185.36814896601632,10371.455359392588,-3.50877192982455
E0,2023-12-09,Brighton,Burnley,1-1,Over 2.5,0.6542199888895314,0.7304105539680404,1.57,1.72,14.674456972982352,311.14366078177767,False,-311.14366078177767,10060.31169861081,-8.720930232558132
E0,2023-12-09,Aston Villa,Arsenal,1-0,Over 2.5,0.589571241577161,0.6581691109968182,1.7,1.76,11.888748869459098,301.80935095832433,False,-301.80935095832433,9758.502347652486,-3.409090909090917
E0,2023-12-10,Luton,Man City,1-2,Over 2.5,0.727492308196292,0.8059084548141776,1.36,1.56,9.603549854728154,292.7550704295746,True,105.39182535464687,9863.894173007133,-12.82051282051282
E0,2023-12-10,Everton,Chelsea,2-0,Under 2.5,0.5810990594643408,0.5497903032167406,2.05,1.99,12.70701215943182,238.74404418238157,True,250.68124639150062,10114.575419398634,3.015075376884413
E0,2023-12-10,Tottenham,Newcastle,4-1,Over 2.5,0.6202027466901174,0.6929901212150482,1.53,1.52,6.027488545902382,230.05844334751316,True,121.93097497418199,10236.506394372816,0.6578947368421018
E0,2023-12-15,Nott'm Forest,Tottenham,0-2,Over 2.5,0.6196655893325229,0.6923883351405803,1.62,1.75,12.166910292774013,307.0951918311845,False,-307.0951918311845,9929.411202541633,-7.428571428571418
E0,2023-12-16,Chelsea,Sheffield United,2-0,Over 2.5,0.65463566069794,0.7249137829617818,1.5,1.43,8.737067444267277,297.882336076249,False,-297.882336076249,9631.528866465384,4.895104895104896
E0,2023-12-16,Newcastle,Fulham,3-0,Over 2.5,0.5813081369016723,0.6436152910457907,1.7,1.81,9.414599477784424,259.07710467568745,True,181.3539732729812,9812.882839738364,-6.077348066298349
E0,2023-12-22,Aston Villa,Sheffield United,1-1,Over 2.5,0.722162731059187,0.7944874058205182,1.44,1.4,14.406186438154634,294.38648519215093,False,-294.38648519215093,9518.496354546212,2.857142857142869
E0,2023-12-23,Liverpool,Arsenal,1-1,Over 2.5,0.5930029972660323,0.6455687784774222,1.7,1.64,9.746692341161767,265.06815862351954,False,-265.06815862351954,9253.428195922694,3.658536585365857
E0,2023-12-23,Nott'm Forest,Bournemouth,2-3,Over 2.5,0.4934605455482063,0.5418956761307072,1.95,1.94,5.669656845487903,110.45002634788186,True,104.92752503048776,9358.355720953181,0.5154639175257714
E0,2023-12-23,Luton,Newcastle,1-0,Over 2.5,0.6022126082339408,0.6549080963071846,1.75,1.89,14.608916853757314,280.7506716285954,False,-280.7506716285954,9077.605049324586,-7.4074074074074066
E0,2023-12-24,Wolves,Chelsea,2-1,Under 2.5,0.6004022043168773,0.5598453920105464,2.04,2.09,14.208459970151477,248.03613070802538,False,-248.03613070802538,8829.56891861656,-2.392344497607646
E0,2023-12-26,Bournemouth,Fulham,3-0,Over 2.5,0.5702540881053534,0.6223077678221784,1.73,1.67,7.659243833236862,185.2817021645311,True,135.2556425801077,8964.824561196669,3.592814371257491
E0,2023-12-27,Chelsea,Crystal Palace,2-1,Under 2.5,0.6114611743356231,0.5720447390268855,1.99,1.93,13.836903066350214,250.59678476790666,False,-250.59678476790666,8714.227776428763,3.1088082901554515
E0,2023-12-27,Everton,Man City,1-3,Over 2.5,0.5695654619207094,0.6215994625352699,1.73,1.95,7.536707018601696,179.93584012138194,True,131.3531632886088,8845.580939717373,-11.282051282051286
E0,2023-12-28,Brighton,Tottenham,4-2,Over 2.5,0.7082688003638193,0.7589826030363226,1.44,1.44,9.293494837230455,265.3674281915212,True,116.7616684042693,8962.342608121642,0.0
E0,2023-12-28,Arsenal,West Ham,0-2,Over 2.5,0.6642651975999008,0.7166068928720427,1.57,1.61,12.507282180910707,268.87027824364924,False,-268.87027824364924,8693.472329877994,-2.4844720496894457
E0,2023-12-30,Man City,Sheffield United,2-0,Over 2.5,0.8743653278690444,0.8736182687950579,1.3,1.3,13.570374943357532,260.8041698963398,False,-260.8041698963398,8432.668159981655,0.0
E0,2023-12-31,Fulham,Arsenal,2-1,Over 2.5,0.5955550471673046,0.6490838860283856,1.73,1.83,12.291512282910722,252.98004479944964,True,184.67543270359826,8617.343592685253,-5.464480874316946
E0,2024-01-02,West Ham,Brighton,0-0,Over 2.5,0.6254560499808037,0.6730009978840736,1.6,1.74,7.680159661451791,220.60858216470425,False,-220.60858216470425,8396.735010520548,-8.045977011494243
E0,2024-01-20,Brentford,Nott'm Forest,3-2,Over 2.5,0.5340536593322821,0.6083570469781949,1.86,1.92,13.154410737944255,251.90205031561644,True,216.63576327143014,8613.370773791978,-3.124999999999989
E0,2024-01-30,Nott'm Forest,Arsenal,1-2,Over 2.5,0.6111250282907422,0.6494503064240095,1.62,1.79,5.210949640689533,144.78658496392617,True,89.76768267763424,8703.138456469613,-9.49720670391061
E0,2024-01-30,Luton,Brighton,4-0,Over 2.5,0.6462319083787422,0.6656348183740249,1.65,1.7,9.829745031714099,261.0941536940884,True,169.71119990115744,8872.84965637077,-2.941176470588236
E0,2024-02-03,Newcastle,Luton,4-4,Over 2.5,0.6838573015093953,0.6833608258669842,1.57,1.61,7.287649661116524,226.88498172416953,True,129.32443958277665,9002.174095953547,-2.4844720496894457
E0,2024-02-04,Arsenal,Liverpool,3-1,Over 2.5,0.5746119485963199,0.6328170416427847,1.67,1.71,5.680445954345048,152.64586096617649,True,102.27272684733825,9104.446822800886,-2.3391812865497075
E0,2024-02-10,Nott'm Forest,Newcastle,2-3,Over 2.5,0.5782774518732522,0.6514218993971252,1.7,1.68,10.741722897511297,273.1334046840266,True,191.1933832788186,9295.640206079705,1.1904761904761862
E0,2024-02-10,Wolves,Brentford,0-2,Over 2.5,0.48912935189226925,0.6104730132970189,1.75,1.83,6.83277732697829,169.37343903959817,False,-169.37343903959817,9126.266767040106,-4.371584699453557
E0,2024-02-10,Fulham,Bournemouth,3-1,Over 2.5,0.5601741067101669,0.6431625710752796,1.73,1.82,11.267124796023364,273.78800301120316,True,199.8652421981783,9326.132009238285,-4.94505494505495
E0,2024-02-11,West Ham,Arsenal,0-6,Over 2.5,0.5688680725177357,0.6471294990168824,1.67,1.89,8.070626335819364,224.67978091070592,True,150.53545321017293,9476.667462448459,-11.64021164021164
E0,2024-02-12,Crystal Palace,Chelsea,1-3,Over 2.5,0.4356735815744887,0.5851218686485499,1.86,1.86,8.832667568630281,194.66105431223795,True,167.40850670852464,9644.075969156984,0.0
E0,2024-02-18,Sheffield United,Brighton,0-5,Over 2.5,0.6690736091210523,0.6939958780460838,1.57,1.59,8.957352853235157,289.3222790747095,True,164.91369907258445,9808.989668229568,-1.2578616352201255
E0,2024-02-19,Everton,Crystal Palace,1-1,Over 2.5,0.3528902997562648,0.5146867779927685,2.1,2.38,8.084223378481404,144.1782974457889,False,-144.1782974457889,9664.811370783778,-11.764705882352933
E0,2024-02-20,Man City,Brentford,1-0,Under 2.5,0.3360693433847781,0.30886182715265464,3.4,3.17,5.01302123190257,40.37492050339381,True,96.89980920814514,9761.711179991924,7.2555205047318605
E0,2024-02-25,Wolves,Sheffield United,1-0,Over 2.5,0.5941475560327021,0.6602780937540215,1.65,1.77,8.945885469413529,268.6989236975428,False,-268.6989236975428,9493.012256294382,-6.779661016949157
E0,2024-02-26,West Ham,Brentford,4-2,Over 2.5,0.5253552011568614,0.6245416890906215,1.7,1.8,6.172087145405647,167.40485405215094,True,117.18339783650566,9610.195654130886,-5.555555555555558
E0,2024-03-02,Everton,West Ham,1-3,Over 2.5,0.42787704671460686,0.583578788910809,1.92,1.95,12.04712747087533,251.6853305768846,True,231.55050413073383,9841.74615826162,-1.538461538461544
E0,2024-03-02,Fulham,Brighton,3-0,Over 2.5,0.5876063565155903,0.6617415647824307,1.62,1.83,7.202133494753782,228.65022468800134,True,141.76313930656084,9983.50929756818,-11.475409836065575
E0,2024-03-03,Man City,Man United,3-1,Under 2.5,0.42196522123757985,0.3428336514087652,3.1,3.28,6.278431936717221,59.69598439463369,False,-59.69598439463369,9923.813313173547,-5.487804878048774
E0,2024-03-10,West Ham,Burnley,2-2,Over 2.5,0.5436834887855059,0.6507903677716087,1.7,1.87,10.634362521173468,297.7143993952064,True,208.40007957664443,10132.21339275019,-9.090909090909093
E0,2024-03-10,Brighton,Nott'm Forest,1-0,Over 2.5,0.6179328026991486,0.6840701507171958,1.62,1.6,10.819364416185717,303.9664017825057,False,-303.9664017825057,9828.246990967686,1.2499999999999956
E0,2024-03-16,Burnley,Brentford,2-1,Over 2.5,0.511726916256225,0.6227769205335307,1.75,1.77,8.985961093367889,235.50998687158813,True,176.6324901536911,10004.879481121377,-1.1299435028248594
E0,2024-03-16,Fulham,Tottenham,3-0,Over 2.5,0.6549868615848733,0.7096008992255586,1.48,1.49,5.020933085382673,209.30762667511877,True,100.46766080405703,10105.347141925435,-0.6711409395973145
E0,2024-03-30,Newcastle,West Ham,4-3,Over 2.5,0.6508320018983758,0.706914691064825,1.5,1.5,6.037203659723733,244.03215499204447,True,122.0160774960222,10227.363219421457,0.0
E0,2024-03-30,Sheffield United,Fulham,3-3,Over 2.5,0.6210502003140584,0.6892685142324672,1.65,1.75,13.729304848357081,306.8208965826437,True,199.43358277871835,10426.796802200175,-5.714285714285716
E0,2024-03-31,Man City,Arsenal,0-0,Over 2.5,0.5876074298868224,0.6694384548903651,1.7,1.82,13.804537331362067,312.80390406600526,False,-312.80390406600526,10113.992898134169,-6.593406593406604
E0,2024-04-02,Newcastle,Everton,1-1,Over 2.5,0.5393658248573237,0.6405862077916644,1.67,1.72,6.977896701207964,210.66984382068986,False,-210.66984382068986,9903.32305431348,-2.9069767441860517
E0,2024-04-02,Nott'm Forest,Fulham,3-1,Over 2.5,0.5090927447038999,0.6222006096790094,1.8,1.86,11.996109742221694,297.00337543054644,True,237.6027003444372,10140.925754657917,-3.2258064516129115
E0,2024-04-02,Burnley,Wolves,1-1,Over 2.5,0.43233253298636554,0.5739544992314674,1.84,1.91,5.607627858589992,135.39651850883936,False,-135.39651850883936,10005.529236149077,-3.6649214659685736
E0,2024-04-03,Brentford,Brighton,0-0,Over 2.5,0.5895608995306053,0.6705991134536493,1.57,1.61,5.284060812222946,185.50815769223271,False,-185.50815769223271,9820.021078456844,-2.4844720496894457
E0,2024-04-06,Brighton,Arsenal,0-3,Over 2.5,0.5935400700287821,0.6509459082089831,1.62,1.66,5.453237129855282,172.74485019678147,True,107.10180712200454,9927.122885578849,-2.409638554216853
E0,2024-04-13,Brentford,Sheffield United,2-0,Over 2.5,0.7000138785761811,0.7446919050860161,1.53,1.51,13.937861478160475,297.81368656736544,False,-297.81368656736544,9629.309199011483,1.324503311258285
E0,2024-04-14,West Ham,Fulham,0-2,Over 2.5,0.574514415571494,0.6494436333824468,1.67,1.69,8.457086774868605,243.0922491883007,False,-243.0922491883007,9386.216949823181,-1.183431952662728
E0,2024-04-15,Chelsea,Everton,6-0,Under 2.5,0.5338371036177487,0.43660081980811294,2.5,2.32,9.15020495202823,114.51441175344465,False,-114.51441175344465,9271.702538069736,7.758620689655182
E0,2024-04-20,Luton,Brentford,1-5,Over 2.5,0.6457139525452983,0.7035802321339804,1.57,1.74,10.46209644503493,278.15107614209205,True,158.5461134009925,9430.248651470729,-9.770114942528728
E0,2024-04-23,Arsenal,Chelsea,5-0,Over 2.5,0.6421946471388379,0.7006244806954698,1.53,1.6,7.19554554640689,256.0595610777346,True,135.71156737119935,9565.960218841929,-4.375000000000007
E0,2024-04-24,Everton,Liverpool,2-0,Under 2.5,0.4994989537398824,0.422232317688622,2.5,2.67,5.558079422155515,70.89115552733799,True,106.336733291007,9672.296952132936,-6.367041198501866
E0,2024-04-27,West Ham,Liverpool,2-2,Under 2.5,0.3769475649274884,0.32871277058312565,3.2,3.13,5.188086586600216,45.61883098088639,False,-45.61883098088639,9626.67812115205,2.2364217252396346
E0,2024-04-27,Newcastle,Sheffield United,5-1,Over 2.5,0.8174805961310722,0.8426597656491887,1.33,1.32,12.07374883134209,288.8003436345615,True,95.30411339940531,9721.982234551455,0.7575757575757569
E0,2024-04-28,Tottenham,Arsenal,2-3,Over 2.5,0.6588836307178428,0.7036416302411631,1.5,1.53,5.546244536174472,215.68196339666494,True,107.84098169833246,9829.823216249788,-1.9607843137254943
E0,2024-05-11,Wolves,Crystal Palace,1-3,Under 2.5,0.5905745760585571,0.5350010912441037,2.0,2.07,7.000218248820733,137.62181572214698,False,-137.62181572214698,9692.201400527641,-3.3816425120772875
E0,2024-05-11,West Ham,Luton,3-1,Over 2.5,0.7100451742087333,0.7567374092262985,1.44,1.41,8.970186928586976,290.7660420158292,True,127.93705848696482,9820.138459014606,2.127659574468077
E0,2024-05-11,Bournemouth,Brentford,1-2,Under 2.5,0.4649158090181643,0.4080667768850561,2.75,2.72,12.21836364339044,137.12688310935334,False,-137.12688310935334,9683.011575905253,1.1029411764705843
E0,2024-05-14,Tottenham,Man City,0-2,Under 2.5,0.31253140440954585,0.263770332328806,4.0,0.0,5.5081329315223915,35.5568766250375,True,106.67062987511251,9789.682205780366,0.0
E0,2024-05-15,Man United,Newcastle,3-2,Under 2.5,0.39114778108096127,0.3369234118444291,3.4,3.13,14.553960027105894,118.73220291749769,False,-118.73220291749769,9670.950002862868,8.626198083067083
E0,2024-05-19,Chelsea,Bournemouth,2-1,Under 2.5,0.3592765724080925,0.2916393707107634,3.75,3.48,9.364764016536276,65.86630152184115,False,-65.86630152184115,9605.083701341027,7.758620689655182
E0,2024-05-19,Burnley,Nott'm Forest,1-2,Under 2.5,0.5048184222469854,0.437068775278853,2.5,2.59,9.26719381971326,118.68289641986138,False,-118.68289641986138,9486.400804921166,-3.474903474903468
E0,2024-08-17,Everton,Brighton,0-3,Under 2.5,0.5960294015833821,0.5667331868979549,2.0,1.97,13.346637379590987,253.2231031614857,False,-253.2231031614857,9233.17770175968,1.522842639593902
E0,2024-08-17,Newcastle,Southampton,1-0,Over 2.5,0.6863241279209722,0.7801327090026499,1.4,1.46,9.218579260370973,276.9953310527904,False,-276.9953310527904,8956.182370706889,-4.109589041095896
E0,2024-08-17,Nott'm Forest,Bournemouth,1-1,Over 2.5,0.5396090944339857,0.6103660433993672,1.73,1.89,5.59332550809053,137.2461460525629,False,-137.2461460525629,8818.936224654326,-8.465608465608465
E0,2024-08-17,West Ham,Aston Villa,1-2,Over 2.5,0.6337937152295812,0.7229908480161452,1.57,1.72,13.509563138534798,264.5680867396298,True,150.803809441589,8969.740034095916,-8.720930232558132
E0,2024-08-18,Chelsea,Man City,0-2,Over 2.5,0.6158870508149655,0.7025100927271236,1.5,1.58,5.376513909068548,192.90372821618251,False,-192.90372821618251,8776.836305879733,-5.063291139240511
E0,2024-08-24,Crystal Palace,West Ham,0-2,Over 2.5,0.5622716336147009,0.611194484856652,1.73,1.67,5.736645880200797,137.94411461731963,False,-137.94411461731963,8638.892191262414,3.592814371257491
E0,2024-08-24,Fulham,Leicester,2-1,Over 2.5,0.5599690274714126,0.6079388024646326,1.89,1.87,14.900433665815548,259.1667657378724,True,230.65842150670642,8869.55061276912,1.0695187165775222
E0,2024-08-24,Tottenham,Everton,4-0,Under 2.5,0.4545472599922249,0.4127173130686811,2.63,2.95,8.544653337063114,92.9904726891386,False,-92.9904726891386,8776.560140079982,-10.84745762711865
E0,2024-08-24,Aston Villa,Arsenal,0-2,Over 2.5,0.590567550601065,0.6506596342406694,1.73,1.76,12.564116723635799,263.29680420239947,False,-263.29680420239947,8513.263335877582,-1.7045454545454586
E0,2024-08-25,Bournemouth,Newcastle,1-1,Over 2.5,0.6326375011697174,0.7070800021709438,1.57,1.58,11.011560340838189,255.39790007632746,False,-255.39790007632746,8257.865435801254,-0.6329113924050667
E0,2024-08-31,West Ham,Man City,1-3,Over 2.5,0.6597295811737299,0.758191493512867,1.44,1.56,9.17957506585283,247.7359630740376,True,109.00382375257652,8366.86925955383,-7.692307692307699
E0,2024-08-31,Nott'm Forest,Wolves,1-1,Under 2.5,0.5266548095833663,0.5579296840732006,2.05,2.01,14.375585235006128,229.10217560165472,True,240.55728438173742,8607.426543935568,1.990049751243772
E0,2024-08-31,Leicester,Aston Villa,1-2,Over 2.5,0.6025108047254011,0.6687142958950171,1.67,1.8,11.675287414467839,258.222796318067,True,173.00927353310487,8780.435817468673,-7.22222222222223
E0,2024-08-31,Brentford,Southampton,3-1,Under 2.5,0.4952943447125808,0.5020353630086594,2.1,2.07,5.427426231818466,86.64575942277799,False,-86.64575942277799,8693.790058045895,1.449275362318847
E0,2024-09-01,Newcastle,Tottenham,2-1,Over 2.5,0.7167502455079316,0.8346943996939787,1.36,1.42,13.518438358381113,260.81370174137686,True,93.89293262689569,8787.68299067279,-4.22535211267604
E0,2024-09-01,Man United,Liverpool,0-3,Under 2.5,0.44413736828604355,0.41104340786585913,2.75,2.86,13.03693716311125,130.93082395284895,False,-130.93082395284895,8656.752166719942,-3.8461538461538436
E0,2024-09-14,Fulham,West Ham,1-1,Over 2.5,0.5855185237586099,0.6349565633914847,1.73,1.86,9.847485466726846,233.55408534474182,False,-233.55408534474182,8423.1980813752,-6.989247311827961
E0,2024-09-14,Liverpool,Nott'm Forest,0-1,Over 2.5,0.6567463200299672,0.7429643507877203,1.44,1.4,6.986866513431722,252.695942441256,False,-252.695942441256,8170.502138933944,2.857142857142869
E0,2024-09-14,Aston Villa,Everton,3-2,Under 2.5,0.49188318113463203,0.49262400620743985,2.2,2.08,8.37728136563678,114.0776588606446,False,-114.0776588606446,8056.424480073299,5.769230769230771
E0,2024-09-15,Tottenham,Arsenal,0-1,Over 2.5,0.6283497109409235,0.7014802202587793,1.57,1.68,10.132394580628358,241.69273440219894,False,-241.69273440219894,7814.7317456711,-6.547619047619035
E0,2024-09-21,Fulham,Newcastle,3-1,Over 2.5,0.5982387922858243,0.6475724467489845,1.67,1.7,8.144598607080411,189.99359191194006,True,127.29570658099985,7942.0274522520995,-1.764705882352946
E0,2024-09-21,West Ham,Chelsea,0-3,Over 2.5,0.6426332528206117,0.7115105316010896,1.5,1.52,6.726579740163441,213.6907238245632,True,106.84536191228162,8048.872814164381,-1.3157894736842146
E0,2024-09-21,Leicester,Everton,1-1,Under 2.5,0.5157373923408985,0.5277087802617432,2.03,2.13,7.124882393133847,111.35392659847298,True,114.69454439642715,8163.567358560808,-4.694835680751175
E0,2024-09-28,Newcastle,Man City,1-1,Over 2.5,0.6476281191662162,0.7180779396764124,1.5,1.62,7.711690951461869,244.90702075682424,False,-244.90702075682424,7918.6603378039845,-7.407407407407418
E0,2024-09-28,Arsenal,Leicester,4-2,Over 2.5,0.6563564017690157,0.730646624875191,1.5,1.6,9.596993731278669,237.55981013411952,True,118.77990506705976,8037.440242871045,-6.25
E0,2024-09-28,Brentford,West Ham,1-1,Over 2.5,0.5964171011579916,0.6406198743211043,1.67,1.67,6.983519011624417,167.5510947489109,False,-167.5510947489109,7869.8891481221335,0.0
E0,2024-09-28,Wolves,Liverpool,1-2,Under 2.5,0.43371746145955825,0.4072487378473003,2.75,3.06,11.993402908007589,107.87057302261185,False,-107.87057302261185,7762.0185750995215,-10.130718954248364
E0,2024-10-05,Leicester,Bournemouth,1-0,Over 2.5,0.6014178905903228,0.6362050958613772,1.67,1.65,6.24625100884999,144.72691449381406,False,-144.72691449381406,7617.291660605708,1.21212121212122
E0,2024-10-05,Everton,Newcastle,0-0,Under 2.5,0.47678416542212165,0.4807867869476803,2.2,2.22,5.773093128489681,73.29222357257413,True,87.95066828708897,7705.242328892797,-0.9009009009009028
E0,2024-10-19,Bournemouth,Arsenal,2-0,Over 2.5,0.5899571620945673,0.6134267281641165,1.73,1.96,6.122823972392144,129.2543628614672,False,-129.2543628614672,7575.987966031329,-11.734693877551017
E0,2024-10-19,Tottenham,West Ham,4-1,Over 2.5,0.7088877815166607,0.7740793601797059,1.36,1.35,5.274792984440002,222.00982318568896,True,79.92353634684804,7655.911502378177,0.7407407407407307
E0,2024-10-21,Nott'm Forest,Crystal Palace,1-0,Under 2.5,0.5655898365815456,0.6121703460765092,1.73,1.65,5.905469871236102,123.86782113464164,True,90.42350942828841,7746.335011806465,4.8484848484848575
E0,2024-10-25,Leicester,Nott'm Forest,1-3,Over 2.5,0.5331293103217719,0.5308879310866543,2.0,2.03,6.177586217330866,95.70730480752631,True,95.70730480752631,7842.042316613992,-1.477832512315258
E0,2024-10-26,Brighton,Wolves,2-2,Under 2.5,0.4444335425571061,0.44210984352476745,2.38,2.4,5.2221427588946545,59.35110796905975,False,-59.35110796905975,7782.691208644932,-0.8333333333333304
E0,2024-10-26,Man City,Southampton,1-0,Over 2.5,0.7724634159292881,0.8650495174003711,1.29,1.32,11.591387744647875,233.48073625934796,False,-233.48073625934796,7549.210472385584,-2.2727272727272707
E0,2024-10-27,West Ham,Man United,2-1,Under 2.5,0.4495240614212589,0.4503881716463912,2.5,2.31,12.5970429115978,126.79697102576637,False,-126.79697102576637,7422.413501359817,8.225108225108224
E0,2024-11-02,Newcastle,Arsenal,1-0,Over 2.5,0.587103622875393,0.5959623311200187,1.84,1.95,9.657068926083445,170.66371138220046,False,-170.66371138220046,7251.749789977616,-5.641025641025632
E0,2024-11-02,Liverpool,Brighton,2-1,Under 2.5,0.3906664932957822,0.3748739175189736,3.0,3.13,12.462175255692065,90.37257679312927,False,-90.37257679312927,7161.377213184487,-4.153354632587858
E0,2024-11-09,West Ham,Everton,0-0,Under 2.5,0.5232636876082475,0.5524919060106779,2.06,1.95,13.813332638199638,186.64619923271798,True,197.84497118668108,7359.222184371169,5.641025641025643
E0,2024-11-09,Crystal Palace,Fulham,0-2,Under 2.5,0.5369864780954137,0.5707483184242709,1.95,1.74,11.295922092732823,175.0088430689847,True,166.25840091553547,7525.480585286704,12.06896551724137
E0,2024-11-23,Arsenal,Nott'm Forest,3-0,Over 2.5,0.5987863118304053,0.614576487221615,1.8,1.88,10.623767699890685,199.87239392030853,True,159.8979151362468,7685.37850042295,-4.255319148936165
E0,2024-11-23,Bournemouth,Brighton,1-2,Under 2.5,0.4496958933000099,0.4545284552299098,2.38,2.49,8.177772344718527,91.08590689775819,False,-91.08590689775819,7594.292593525192,-4.417670682730934
E0,2024-11-25,Newcastle,West Ham,0-2,Over 2.5,0.6622207367337135,0.702063066665713,1.53,1.51,7.415649199854091,212.5155086589924,False,-212.5155086589924,7381.7770848662,1.324503311258285
E0,2024-11-30,Brentford,Leicester,4-1,Over 2.5,0.6487236011976383,0.7199130110941101,1.57,1.61,13.026342741775299,221.453312545986,True,126.22838815121204,7508.005473017412,-2.4844720496894457
E0,2024-11-30,West Ham,Arsenal,2-5,Over 2.5,0.6047730797380368,0.6522863226228963,1.73,1.66,12.845533813761056,225.24016419052236,True,164.4253198590813,7672.430792876494,4.216867469879526
E0,2024-12-01,Chelsea,Aston Villa,3-0,Over 2.5,0.6491822205075072,0.7205923434988846,1.53,1.58,10.250628555329344,230.1729237862948,True,121.99164960673625,7794.42244248323,-3.164556962025322
E0,2024-12-01,Tottenham,Fulham,1-1,Over 2.5,0.6631741441359542,0.7410206331568845,1.44,1.43,6.7069711745913585,233.8326732744969,False,-233.8326732744969,7560.589769208733,0.6993006993007089
E0,2024-12-04,Aston Villa,Brentford,3-1,Over 2.5,0.6460989263766348,0.7160136923884215,1.57,1.57,12.41414970498218,226.81769307626197,True,129.28608505346935,7689.875854262202,0.0
E0,2024-12-04,Southampton,Chelsea,1-5,Under 2.5,0.4322302916359879,0.4077021648361018,2.75,3.18,12.11809532992798,106.49902705972666,False,-106.49902705972666,7583.376827202475,-13.52201257861636
E0,2024-12-04,Man City,Nott'm Forest,3-0,Over 2.5,0.6486461702438463,0.7197982567473488,1.57,1.48,13.00832630933375,227.50130481607425,True,129.67574374516232,7713.052570947638,6.081081081081097
E0,2024-12-07,Brentford,Newcastle,4-2,Over 2.5,0.6338061751090955,0.6948288733401403,1.57,1.6,9.08813311440204,231.39157712842913,True,131.89319896320464,7844.9457699108425,-1.8750000000000044
E0,2024-12-08,Leicester,Brighton,2-2,Over 2.5,0.618394045458358,0.669621693267711,1.57,1.58,5.1306058430306445,141.22570036969495,True,80.49864921072614,7925.444419121569,-0.6329113924050667
E0,2024-12-09,West Ham,Wolves,2-1,Over 2.5,0.6237490612170629,0.6784532496466049,1.62,1.7,9.909426442750014,237.76333257364706,True,147.4132661956612,8072.85768531723,-4.70588235294117
E0,2024-12-14,Newcastle,Leicester,4-0,Over 2.5,0.7036245684002607,0.7926641174600711,1.44,1.38,14.143632914250247,242.18573055951688,True,106.56172144618742,8179.419406763417,4.347826086956519
E0,2024-12-14,Wolves,Ipswich,1-2,Under 2.5,0.5015392457016378,0.5293674871853608,2.1,2.04,11.167172308925766,166.0745198223608,False,-166.0745198223608,8013.344886941057,2.941176470588247
E0,2024-12-21,Crystal Palace,Arsenal,1-5,Under 2.5,0.5283116700233721,0.5408090230445647,2.03,2.06,9.784231678046629,152.24159784450794,False,-152.24159784450794,7861.103289096549,-1.456310679611661
E0,2024-12-21,Aston Villa,Man City,2-1,Over 2.5,0.6256414548891057,0.6839614452029693,1.57,1.66,7.381946896866176,203.6149018627749,True,116.0604940617817,7977.16378315833,-5.421686746987941
E0,2024-12-21,Brentford,Nott'm Forest,0-2,Over 2.5,0.5750275346511183,0.6122751232119562,1.73,1.61,5.9235963156684335,129.46163834356238,False,-129.46163834356238,7847.702144814768,7.453416149068315
E0,2024-12-22,Man United,Bournemouth,0-3,Under 2.5,0.4832713983172289,0.47365141100985564,2.38,2.18,12.729035820345636,144.77345175181227,False,-144.77345175181227,7702.928693062956,9.174311926605494
E0,2024-12-26,Man City,Everton,1-1,Under 2.5,0.45097642838180474,0.42575621726631374,2.5,2.63,6.43905431657843,66.1327683351506,True,99.19915250272591,7802.127845565682,-4.942965779467679
E0,2024-12-29,Leicester,Man City,0-2,Over 2.5,0.7095561485456505,0.7768989285021823,1.36,1.37,5.6582542762968036,234.06383536697047,False,-234.06383536697047,7568.064010198712,-0.7299270072992692
E0,2025-01-04,Southampton,Brentford,0-5,Under 2.5,0.4852702162287781,0.4831818429029855,2.2,2.2,6.300005438656808,79.46474070725803,False,-79.46474070725803,7488.599269491454,0.0
E0,2025-01-04,Crystal Palace,Chelsea,1-1,Under 2.5,0.4644253387644258,0.4537369740947349,2.38,2.66,7.989399834546895,86.70929531110596,True,119.65882752932623,7608.25809702078,-10.526315789473696
E0,2025-01-04,Aston Villa,Leicester,2-1,Over 2.5,0.683073422463282,0.7446749858884814,1.5,1.43,11.701247883272202,228.2477429106234,True,114.1238714553117,7722.381968476092,4.895104895104896
E0,2025-01-05,Fulham,Ipswich,2-2,Under 2.5,0.5176008351459225,0.537555625756521,2.1,2.08,12.886681408869416,180.9379566279079,False,-180.9379566279079,7541.444011848184,0.9615384615384581
E0,2025-01-06,Wolves,Nott'm Forest,0-3,Over 2.5,0.5119689515502666,0.5057719229034975,2.1,1.87,6.2121038097344705,85.17860559436618,True,93.6964661538028,7635.1404780019875,12.299465240641716
E0,2025-01-14,Chelsea,Bournemouth,2-2,Under 2.5,0.40062287154297604,0.3659250212898424,3.0,2.89,9.777506386952716,74.65263478894566,False,-74.65263478894566,7560.487843213042,3.806228373702414
E0,2025-01-14,West Ham,Fulham,3-2,Over 2.5,0.5845302778058595,0.6130801803338722,1.86,1.96,14.032913542100234,226.81463529639123,True,195.06058635489646,7755.548429567938,-5.102040816326525
E0,2025-01-15,Everton,Aston Villa,0-1,Under 2.5,0.5831567763406673,0.6283581500268753,1.82,1.65,14.361183304891313,232.66645288703813,True,190.7864913673713,7946.334920935309,10.303030303030303
E0,2025-01-15,Arsenal,Tottenham,2-1,Over 2.5,0.6738838678808218,0.7349158453979808,1.44,1.54,5.827881737309237,210.501364383007,True,92.6206003285231,8038.955521263832,-6.493506493506496
E0,2025-01-16,Ipswich,Brighton,0-2,Under 2.5,0.5126550850632478,0.5275342036059207,2.1,2.12,10.782182757243364,157.59543201384952,True,173.3549752152345,8212.310496479067,-0.9433962264150941
E0,2025-01-18,Leicester,Fulham,0-2,Over 2.5,0.5958634736991223,0.6291271722598816,1.73,1.85,8.839000800959518,198.87292892084025,False,-198.87292892084025,8013.437567558227,-6.486486486486487
E0,2025-01-19,Everton,Tottenham,3-2,Under 2.5,0.5037231807920212,0.514555417423683,2.2,2.02,13.202191833210275,176.32490001726273,False,-176.32490001726273,7837.112667540964,8.910891089108919
E0,2025-01-19,Man United,Brighton,1-3,Under 2.5,0.4890416103373546,0.4931910082772286,2.2,2.08,8.502021820990313,111.05217152165464,False,-111.05217152165464,7726.0604960193095,5.769230769230771
E0,2025-01-19,Nott'm Forest,Southampton,3-2,Under 2.5,0.5241878266285591,0.5442533087037011,2.1,2.25,14.293194827777246,200.78197803781325,False,-200.78197803781325,7525.278517981496,-6.666666666666665
E0,2025-01-25,Man City,Chelsea,3-1,Over 2.5,0.6584770190512237,0.7506303492537811,1.4,1.46,5.088248895529346,191.45245053835058,True,76.58098021534019,7601.859498196836,-4.109589041095896
E0,2025-01-25,Bournemouth,Nott'm Forest,5-0,Under 2.5,0.5000890075507478,0.5228868731590695,2.05,2.14,7.191808997609228,104.13546959560608,False,-104.13546959560608,7497.72402860123,-4.205607476635532
E0,2025-02-01,Newcastle,Fulham,1-2,Over 2.5,0.6052935935757965,0.6707675602923004,1.62,1.71,8.664344767352672,209.5576321105339,True,129.92573190853105,7627.649760509761,-5.263157894736836
E0,2025-02-01,Wolves,Aston Villa,2-0,Over 2.5,0.591351696217117,0.6464560484872536,1.73,1.88,11.83689638829486,228.82949281529284,False,-228.82949281529284,7398.820267694468,-7.978723404255317
E0,2025-02-02,Brentford,Tottenham,0-2,Over 2.5,0.7133987585179379,0.8340642797236528,1.33,1.38,10.930549203245832,221.96460803083406,False,-221.96460803083406,7176.8556596636345,-3.6231884057970842
E0,2025-02-03,Chelsea,West Ham,2-1,Over 2.5,0.676983898565906,0.7848293051547816,1.4,1.34,9.876102721669412,215.30566978990902,True,86.12226791596356,7262.977927579598,4.477611940298498
E0,2025-02-14,Brighton,Chelsea,3-0,Over 2.5,0.6126630932295856,0.6861677964034827,1.57,1.6,7.72834403534679,196.95014787882505,True,112.2615842909303,7375.239511870528,-1.8750000000000044
E0,2025-02-15,Fulham,Nott'm Forest,2-1,Over 2.5,0.5228491685247832,0.5218068402562436,2.1,1.98,9.579436453811162,128.45570588291073,True,141.30127647120182,7516.54078834173,6.060606060606055
E0,2025-02-15,Man City,Newcastle,4-0,Over 2.5,0.6725043133687784,0.7818464318167638,1.44,1.38,12.585886181613981,225.4962236502519,True,99.2183384061108,7615.759126747841,4.347826086956519
E0,2025-02-16,Liverpool,Wolves,2-1,Over 2.5,0.6942215198477344,0.8125319937739858,1.36,1.43,10.504351153262071,228.47277380243523,True,82.2501985688767,7698.009325316718,-4.895104895104884
E0,2025-02-16,Tottenham,Man United,1-0,Over 2.5,0.6275685252655201,0.7113758064488801,1.5,1.52,6.70637096733202,206.5028249822206,False,-206.5028249822206,7491.506500334497,-1.3157894736842146
E0,2025-02-19,Aston Villa,Liverpool,2-2,Over 2.5,0.6271578810856341,0.6875374633584267,1.57,1.6,7.943381747273004,208.79963506783864,True,119.01579198866804,7610.522292323165,-1.8750000000000044
E0,2025-02-21,Leicester,Brentford,0-4,Over 2.5,0.6159264168506694,0.6720497573449455,1.57,1.63,5.5118119031564605,147.1851486318048,True,83.89553472012875,7694.417827043294,-3.6809815950920144
E0,2025-02-22,Ipswich,Tottenham,1-4,Over 2.5,0.6359593613568104,0.6995179292852526,1.53,1.51,7.026243180643643,204.0107576840976,True,108.12570157257176,7802.543528615865,1.324503311258285
E0,2025-02-22,Aston Villa,Chelsea,2-1,Over 2.5,0.620941038868438,0.6789914308718873,1.57,1.63,6.601654646886312,180.7357815551565,True,103.01939548643924,7905.562924102304,-3.6809815950920144
E0,2025-02-23,Newcastle,Nott'm Forest,4-3,Over 2.5,0.6108658473472717,0.6650024468256521,1.67,1.61,11.055408619883899,237.16688772306912,True,158.90181477445628,8064.464738876761,3.7267080745341463
E0,2025-02-25,Wolves,Fulham,1-2,Over 2.5,0.5387576372654901,0.5609752611264832,2.05,2.19,14.99992853092904,230.41218042542638,True,241.93278944669768,8306.397528323458,-6.392694063926951
E0,2025-02-26,Liverpool,Newcastle,2-0,Over 2.5,0.6765158066481892,0.7524959299051838,1.44,1.43,8.359413906346468,249.19192584970372,False,-249.19192584970372,8057.205602473754,0.6993006993007089
E0,2025-02-26,Tottenham,Man City,0-1,Over 2.5,0.706825105878456,0.789642792880476,1.36,1.35,7.391419831744739,241.71616807421262,False,-241.71616807421262,7815.489434399541,0.7407407407407307
E0,2025-02-27,West Ham,Leicester,2-0,Over 2.5,0.6044855124610689,0.6563511249943963,1.73,1.96,13.548744624030551,234.46468303198623,False,-234.46468303198623,7581.024751367555,-11.734693877551017
E0,2025-03-08,Liverpool,Southampton,3-1,Over 2.5,0.7648441664845794,0.839275416683574,1.29,0.0,8.266528752181035,227.43074254102663,True,65.95491533689773,7646.979666704453,0.0
E0,2025-03-09,Man United,Arsenal,1-1,Over 2.5,0.503458515712724,0.5132397140682805,2.15,2.09,10.346538524680305,137.5995995113123,False,-137.5995995113123,7509.38006719314,2.8708133971291794
E0,2025-03-15,Bournemouth,Brentford,1-2,Under 2.5,0.4197234133464306,0.3974605228153335,2.75,2.69,9.301643774216718,79.8280895431248,False,-79.8280895431248,7429.551977650016,2.230483271375472
E0,2025-03-16,Arsenal,Chelsea,1-0,Over 2.5,0.5804457500883213,0.6027629245537272,1.86,2.12,12.113903966993256,209.30437017450492,False,-209.30437017450492,7220.247607475511,-12.264150943396224
E0,2025-03-16,Fulham,Tottenham,2-0,Over 2.5,0.6386742414334675,0.6783366534498891,1.57,1.67,6.498854591632597,164.64329584760173,False,-164.64329584760173,7055.60431162791,-5.9880239520958
E0,2025-04-01,Arsenal,Fulham,2-1,Over 2.5,0.5347392988050308,0.5400609742102382,2.1,2.08,13.41280458415004,172.06443973627566,True,189.27088370990325,7244.875195337813,0.9615384615384581
E0,2025-04-02,Southampton,Crystal Palace,1-1,Under 2.5,0.5135807403297745,0.5313170864055343,2.0,2.14,6.2634172811068645,90.75535299588266,True,90.75535299588266,7335.6305483336955,-6.542056074766355
E0,2025-04-05,Aston Villa,Nott'm Forest,2-1,Over 2.5,0.579408812863873,0.6054800994936509,1.8,1.99,8.98641790885717,164.80260433076404,True,131.84208346461122,7467.472631798307,-9.547738693467334
E0,2025-04-06,Fulham,Liverpool,3-2,Over 2.5,0.5832490401043401,0.6110368793737114,1.8,1.83,9.986638287268068,186.43737023460832,True,149.14989618768666,7616.622527985994,-1.6393442622950838
E0,2025-04-06,Tottenham,Southampton,3-1,Over 2.5,0.7219695366281003,0.7966146663148146,1.4,1.4,11.526053284074035,228.4986758395798,True,91.3994703358319,7708.021998321826,0.0
E0,2025-04-12,Man City,Crystal Palace,5-2,Under 2.5,0.44970428698354403,0.4307819434332606,2.5,2.3,7.695485858315143,79.0892990448903,False,-79.0892990448903,7628.932699276936,8.69565217391306
E0,2025-04-13,Liverpool,West Ham,2-1,Over 2.5,0.6848742473827438,0.7309551415504769,1.53,1.56,11.836136657222962,228.86798097830805,True,121.30002991850327,7750.232729195439,-1.9230769230769273
E0,2025-04-13,Wolves,Tottenham,4-2,Over 2.5,0.6423412531108907,0.6813831357347373,1.67,1.82,13.790983667701129,232.50698187586315,True,155.77967785682827,7906.012407052267,-8.241758241758246
E0,2025-04-19,Everton,Man City,0-2,Under 2.5,0.5337851214793887,0.54530254858617,2.04,2.06,11.241719911578674,170.9176482645146,True,177.7543541950952,8083.766761247362,-0.9708737864077666
E0,2025-04-19,Aston Villa,Newcastle,4-1,Over 2.5,0.6449119042118939,0.6916523128278418,1.62,1.65,12.047674678110386,242.51300283742086,True,150.35806175920095,8234.124823006563,-1.8181818181818077
E0,2025-04-20,Leicester,Liverpool,0-1,Over 2.5,0.6873411580978479,0.7438331599064446,1.44,1.37,7.111975026528028,247.02374469019688,False,-247.02374469019688,7987.1010783163665,5.109489051094873
E0,2025-04-21,Tottenham,Nott'm Forest,1-2,Over 2.5,0.6459459830460992,0.6929533747235792,1.57,1.69,8.793679831601931,239.613032349491,True,136.5794284392099,8123.680506755576,-7.100591715976323
E0,2025-04-22,Man City,Aston Villa,2-1,Over 2.5,0.653715738651352,0.7026853402395977,1.53,1.63,7.51085705665846,230.2483134347315,True,122.0316061204077,8245.712112875985,-6.134969325153361
E0,2025-04-26,Brighton,West Ham,3-2,Over 2.5,0.5982380492162354,0.6443346829127734,1.67,1.76,7.603892046433147,187.16270075306034,True,125.3990095045504,8371.111122380535,-5.113636363636365
E0,2025-04-26,Newcastle,Ipswich,3-0,Over 2.5,0.7369200759154991,0.8345370668920421,1.36,1.34,13.49704109731773,251.13333367141604,True,90.40800012170979,8461.519122502244,1.4925373134328401
E0,2025-04-27,Liverpool,Tottenham,5-1,Over 2.5,0.7094935745576629,0.8015457663869485,1.33,1.32,6.605586929464158,253.84557367506733,True,83.76903931277224,8545.288161815017,0.7575757575757569
E0,2025-05-03,Arsenal,Bournemouth,1-2,Over 2.5,0.5541662490554654,0.5704285352844118,1.87,1.68,6.670136098185031,131.03042537359875,True,113.99647007503091,8659.284631890048,11.309523809523814
E0,2025-05-04,Brentford,Man United,4-3,Under 2.5,0.48048756453907615,0.4886718833754977,2.2,2.56,7.507814342609498,108.35383559340367,False,-108.35383559340367,8550.930796296645,-14.0625
E0,2025-05-11,Newcastle,Chelsea,2-0,Over 2.5,0.6343169557456337,0.6741845136883368,1.57,1.56,5.846968649068884,175.4281553905404,False,-175.4281553905404,8375.502640906105,0.6410256410256387
E0,2025-05-25,Wolves,Brentford,1-1,Under 2.5,0.4113920173010197,0.4235881982677093,2.5,2.63,5.897049566927337,65.85433896180535,True,98.78150844270803,8474.284149348812,-4.942965779467679
E0,2025-05-25,Nott'm Forest,Chelsea,0-1,Under 2.5,0.4608717252924167,0.4824908036076385,2.2,2.24,6.147976793680487,86.83283715541813,True,104.19940458650177,8578.483553935313,-1.7857142857142905
E0,2025-05-25,Fulham,Man City,0-2,Under 2.5,0.41922555958350227,0.43292317912069,2.5,2.47,8.230794780172502,94.14365021003523,True,141.21547531505286,8719.699029250367,1.2145748987854255
T1,2023-08-12,Konyaspor,Istanbulspor,1-1,Over 2.5,0.544624017548125,0.6527710010290427,1.67,1.71,9.012757171850128,269.03752751791444,False,-269.03752751791444,9730.962472482086,-2.3391812865497075
T1,2023-08-14,Karagumruk,Besiktas,0-1,Over 2.5,0.6442084569575157,0.7759598168590416,1.44,1.63,11.738213627701978,291.9288741744626,False,-291.9288741744626,9439.033598307624,-11.65644171779141
T1,2023-08-14,Alanyaspor,Buyuksehyr,2-0,Over 2.5,0.5340348008432413,0.6384035039760041,1.73,1.95,10.443806187848704,270.0806506885398,False,-270.0806506885398,9168.952947619084,-11.282051282051286
T1,2023-08-18,Antalyaspor,Konyaspor,1-1,Under 2.5,0.5682454573799336,0.5338051260213011,2.0,1.93,6.761025204260229,123.9830439510575,True,123.9830439510575,9292.93599157014,3.62694300518136
T1,2023-08-26,Trabzonspor,Rizespor,2-3,Over 2.5,0.6289415168181433,0.7142450200762644,1.57,1.86,12.136468151973512,278.78807974710423,True,158.90920545584942,9451.84519702599,-15.591397849462362
T1,2023-08-27,Karagumruk,Ankaragucu,1-1,Over 2.5,0.5946853800432873,0.6739360052929446,1.65,1.86,11.199440873335863,283.5553559107797,False,-283.5553559107797,9168.289841115211,-11.290322580645174
T1,2023-09-02,Buyuksehyr,Konyaspor,0-1,Under 2.5,0.6283400806257603,0.611732202157991,1.83,1.83,11.946992994912353,263.93613134248073,True,219.06698901425904,9387.35683012947,0.0
T1,2023-09-02,Antalyaspor,Kayserispor,1-1,Over 2.5,0.541044286404421,0.5968035672680901,1.8,1.85,7.424642108256219,174.24441201551497,False,-174.24441201551497,9213.112418113957,-2.7027027027027084
T1,2023-09-03,Hatayspor,Ad. Demirspor,3-3,Over 2.5,0.6217300215202893,0.690023569755015,1.53,1.62,5.573606172517298,193.77456694979514,True,102.70052048339141,9315.812938597348,-5.555555555555558
T1,2023-09-16,Kayserispor,Gaziantep,2-0,Over 2.5,0.5757745948841698,0.6276724962308425,1.75,1.9,9.842686840397441,244.5136784488969,False,-244.5136784488969,9071.299260148451,-7.894736842105255
T1,2023-09-17,Istanbulspor,Buyuksehyr,0-2,Under 2.5,0.570066408140018,0.583890568403983,1.93,1.88,12.690879701968715,247.57584441097168,True,230.24553530220368,9301.544795450654,2.659574468085113
T1,2023-09-17,Trabzonspor,Besiktas,3-0,Over 2.5,0.5862193131849811,0.6422443145055448,1.73,1.74,11.108266409459233,279.0463438635196,True,203.7038310203693,9505.248626471024,-0.5747126436781658
T1,2023-09-18,Sivasspor,Ankaragucu,1-3,Under 2.5,0.5650011367339471,0.5765248016833757,1.88,1.84,8.386662716474635,181.17571424192317,False,-181.17571424192317,9324.072912229101,2.1739130434782483
T1,2023-09-24,Kasimpasa,Ad. Demirspor,2-1,Over 2.5,0.6964027498462388,0.7459814566096037,1.5,1.5,11.897218491440542,279.722187366873,True,139.86109368343654,9463.934005912537,0.0
T1,2023-09-24,Ankaragucu,Konyaspor,1-1,Under 2.5,0.5884083248090191,0.5744816336512172,1.98,1.96,13.74736346294101,265.518654221565,True,260.2082811371337,9724.14228704967,1.0204081632652962
T1,2023-09-25,Hatayspor,Trabzonspor,3-2,Over 2.5,0.6186883430720934,0.6627796283115703,1.73,1.9,14.660875697901666,291.72426861149006,True,212.95871608638777,9937.101003136058,-8.947368421052627
T1,2023-09-30,Sivasspor,Hatayspor,0-0,Over 2.5,0.5232765024640529,0.5644558403765169,1.95,1.97,10.06888887342079,210.64329626217943,False,-210.64329626217943,9726.457706873878,-1.0152284263959421
T1,2023-09-30,Istanbulspor,Antalyaspor,1-2,Under 2.5,0.5355312507939183,0.5109368670988441,2.08,2.08,6.274868356559571,113.02266978940365,False,-113.02266978940365,9613.435037084475,0.0
T1,2023-10-01,Fenerbahce,Rizespor,5-0,Over 2.5,0.6566181630456691,0.7257937378730204,1.53,1.46,11.046441894572112,288.40305111253423,True,152.85361708964314,9766.288654174117,4.794520547945202
T1,2023-10-07,Antalyaspor,Galatasaray,0-2,Under 2.5,0.5200712371617198,0.48831704086275474,2.25,2.35,9.871334194119807,154.2500786265494,True,192.81259828318673,9959.101252457303,-4.255319148936176
T1,2023-10-08,Kasimpasa,Fenerbahce,0-2,Over 2.5,0.6933094857573333,0.7605773777883224,1.5,1.51,14.086606668248347,298.7730375737191,False,-298.7730375737191,9660.328214883584,-0.6622516556291425
T1,2023-10-21,Galatasaray,Besiktas,2-1,Under 2.5,0.49452733447931063,0.4648461535179783,2.35,2.51,9.238846076724915,132.22264507844756,False,-132.22264507844756,9528.105569805137,-6.374501992031856
T1,2023-10-22,Istanbulspor,Ankaragucu,2-1,Under 2.5,0.5475519489861699,0.5291848115243257,2.05,2.05,8.482886362486774,153.95397485416035,False,-153.95397485416035,9374.151594950976,0.0
T1,2023-10-22,Fenerbahce,Hatayspor,4-2,Over 2.5,0.7342577869858591,0.7934599390633527,1.44,1.4,14.258231225122774,281.22454784852926,True,123.73880105335286,9497.890396004328,2.857142857142869
T1,2023-10-23,Karagumruk,Ad. Demirspor,2-0,Over 2.5,0.6726653335547239,0.7285214313684891,1.53,1.65,11.46377899937885,284.93671188012985,False,-284.93671188012985,9212.953684124199,-7.2727272727272645
T1,2023-10-27,Hatayspor,Kayserispor,1-2,Over 2.5,0.5391185415409089,0.5754989170973566,1.88,1.9,8.193796414303023,171.5660610502652,True,150.97813372423337,9363.931817848432,-1.0526315789473717
T1,2023-10-28,Alanyaspor,Sivasspor,1-2,Over 2.5,0.5593101250912644,0.5974357976629,1.83,2.0,9.330750972310708,210.53618292539852,True,174.7450318280808,9538.676849676513,-8.499999999999996
T1,2023-10-29,Antalyaspor,Buyuksehyr,1-0,Under 2.5,0.6520432189895271,0.6501749109034656,1.73,1.77,12.480259586299546,286.16030549029534,True,208.8970230079156,9747.573872684428,-2.259887005649719
T1,2023-11-04,Fenerbahce,Trabzonspor,2-3,Over 2.5,0.6635228481489037,0.7074550134131494,1.53,1.56,8.240617052211864,292.42721618053287,True,154.9864245756824,9902.56029726011,-1.9230769230769273
T1,2023-11-05,Konyaspor,Karagumruk,1-1,Over 2.5,0.5260705992782638,0.5450220574760912,1.98,2.11,7.914367380266052,159.94387795459843,False,-159.94387795459843,9742.616419305512,-6.16113744075829
T1,2023-11-06,Gaziantep,Rizespor,2-0,Under 2.5,0.5674622258668882,0.5692796137517928,1.93,1.82,9.870965454096003,206.81511851069533,True,192.33806021494664,9934.954479520458,6.043956043956045
T1,2023-11-10,Ankaragucu,Antalyaspor,0-4,Under 2.5,0.5753850232392674,0.5789491012592802,1.83,1.84,5.947685530448288,142.38550603254512,False,-142.38550603254512,9792.568973487912,-0.5434782608695676
T1,2023-11-10,Trabzonspor,Konyaspor,2-1,Over 2.5,0.5376401498289444,0.5590684984263068,1.88,1.94,5.104877704145672,113.61333413424346,True,99.97973403813423,9892.548707526046,-3.0927835051546393
T1,2023-11-11,Kasimpasa,Kayserispor,3-4,Over 2.5,0.627788096829488,0.6412418122672473,1.73,1.64,10.934833522233788,296.3654061024282,True,216.34674645477264,10108.895453980818,5.487804878048785
T1,2023-11-11,Karagumruk,Sivasspor,3-0,Over 2.5,0.5369426923028431,0.5531482564021855,2.05,2.08,13.395392562448016,257.9288056739412,True,270.8252459576382,10379.720699938456,-1.4423076923077094
T1,2023-11-12,Besiktas,Buyuksehyr,1-0,Under 2.5,0.5578842224290197,0.5398565253320546,1.98,1.93,6.891592015746828,145.98530673750577,True,143.06560060275564,10522.786300541211,2.590673575129543
T1,2023-11-25,Konyaspor,Kasimpasa,2-0,Over 2.5,0.5716853181799763,0.5854024405109933,1.85,1.81,8.299451494533772,205.49024585573233,False,-205.49024585573233,10317.29605468548,2.20994475138121
T1,2023-11-27,Sivasspor,Trabzonspor,3-3,Over 2.5,0.5397477845421831,0.5560320459495234,1.95,2.03,8.426248960157046,183.02337926826533,True,173.87221030485205,10491.16826499033,-3.9408866995073843
T1,2023-12-01,Hatayspor,Antalyaspor,3-3,Over 2.5,0.5023407700766017,0.5215122219552463,2.05,2.07,6.910005500825478,138.08386746889312,True,144.98806084233775,10636.156325832668,-0.9661835748792313
T1,2023-12-03,Trabzonspor,Kayserispor,0-1,Over 2.5,0.6636587687896586,0.6761225189306466,1.7,1.63,14.940828218209923,319.08468977498,False,-319.08468977498,10317.071636057688,4.294478527607359
T1,2023-12-10,Istanbulspor,Alanyaspor,0-1,Over 2.5,0.5750995829466293,0.5772348024250433,1.95,1.86,12.560786472883457,272.8221765178166,False,-272.8221765178166,10044.249459539871,4.8387096774193505
T1,2023-12-10,Gaziantep,Trabzonspor,1-3,Over 2.5,0.552267163160198,0.5489459024509807,1.98,1.93,8.691288685294186,178.15810546932883,True,174.59494335994228,10218.844402899813,2.590673575129543
T1,2023-12-21,Samsunspor,Konyaspor,1-1,Under 2.5,0.5502067597420337,0.6125603205935,1.85,1.68,13.32365930979751,306.5653320869944,True,260.58053227394527,10479.424935173758,10.119047619047628
T1,2023-12-21,Besiktas,Alanyaspor,1-3,Over 2.5,0.648104332177958,0.6609361807808868,1.65,1.69,9.054469828846322,291.95580584366314,True,189.771273798381,10669.196208972138,-2.3668639053254448
T1,2023-12-23,Sivasspor,Istanbulspor,1-0,Under 2.5,0.49234443195186495,0.534048933338855,2.05,2.16,9.480031334465245,192.6558369040263,True,202.28862874922757,10871.484837721366,-5.092592592592604
T1,2023-12-23,Karagumruk,Gaziantep,0-3,Over 2.5,0.581658025208826,0.5690268819843292,1.98,1.92,12.667322632897182,281.0461345674822,True,275.4252118761326,11146.910049597498,3.125
T1,2023-12-23,Trabzonspor,Buyuksehyr,1-1,Under 2.5,0.5155827256084413,0.5659264357776916,1.93,2.1,9.223802105094482,221.11159651779835,True,205.63378476155245,11352.54383435905,-8.0952380952381
T1,2023-12-24,Fenerbahce,Galatasaray,0-0,Under 2.5,0.46390548289870015,0.49460568520014825,2.3,2.42,13.759307596034098,240.31252709908685,True,312.40628522881286,11664.950119587864,-4.958677685950419
T1,2023-12-24,Konyaspor,Kayserispor,2-0,Under 2.5,0.5083890624689429,0.5561006222631404,1.93,1.77,7.327420096786086,183.81503211672126,True,170.94797986855073,11835.898099456415,9.039548022598876
T1,2024-01-05,Antalyaspor,Alanyaspor,0-0,Over 2.5,0.5533799056095426,0.5296253089595973,2.0,2.21,5.92506179191945,140.2568552042825,False,-140.2568552042825,11695.641244252132,-9.502262443438914
T1,2024-01-06,Buyuksehyr,Ad. Demirspor,0-0,Under 2.5,0.5053695630065989,0.542249164544669,2.1,2.25,13.8723245543805,294.9922385670255,True,324.491462423728,12020.13270667586,-6.666666666666665
T1,2024-01-09,Pendikspor,Antalyaspor,0-1,Over 2.5,0.5625825491031534,0.5409623224502877,1.95,2.07,5.487652877806104,138.8680333461075,False,-138.8680333461075,11881.264673329753,-5.797101449275354
T1,2024-01-09,Kasimpasa,Buyuksehyr,0-3,Under 2.5,0.4713376112556086,0.5007425737967311,2.1,2.22,5.155940497313538,111.38017034276673,False,-111.38017034276673,11769.884502986986,-5.405405405405405
T1,2024-01-10,Hatayspor,Gaziantep,0-0,Under 2.5,0.5145615721413934,0.5533784790632521,1.9,1.78,5.1419110220178865,134.48821967508096,True,121.03939770757285,11890.923900694559,6.741573033707859
T1,2024-01-10,Karagumruk,Kayserispor,4-1,Over 2.5,0.5972820892523797,0.5837727467823787,1.88,2.01,9.74927639508718,263.4725084109533,True,231.8558074016389,12122.779708096197,-6.467661691542281
T1,2024-01-13,Besiktas,Karagumruk,3-0,Over 2.5,0.59534744693063,0.5825591945650794,1.83,1.79,6.608332605409539,193.03942268243188,True,160.22272082641845,12283.002428922615,2.2346368715083775
T1,2024-01-14,Istanbulspor,Konyaspor,0-0,Under 2.5,0.5208166125440366,0.5810712745836042,1.9,1.85,10.403542170884794,283.97051945417064,True,255.5734675087536,12538.575896431368,2.7027027027026973
T1,2024-01-14,Samsunspor,Sivasspor,2-0,Under 2.5,0.5352910307375581,0.6008226881425003,1.8,1.79,8.148083865650047,255.41341989985267,True,204.33073591988216,12742.90663235125,0.5586592178770999
T1,2024-01-14,Gaziantep,Fenerbahce,0-1,Over 2.5,0.6776681066740802,0.6975183657307125,1.57,1.56,9.510383419721858,382.28719897053753,False,-382.28719897053753,12360.619433380713,0.6410256410256387
T1,2024-01-15,Galatasaray,Kayserispor,2-1,Under 2.5,0.39152739635484046,0.39882575680835564,2.88,3.55,14.861817960806412,195.42688925713873,False,-195.42688925713873,12165.192544123574,-18.873239436619716
T1,2024-01-20,Pendikspor,Besiktas,4-0,Over 2.5,0.6560900816926662,0.6560228994525695,1.7,1.67,11.523892906936828,364.9557763237072,True,255.46904342659508,12420.66158755017,1.7964071856287456
T1,2024-01-21,Konyaspor,Antalyaspor,1-1,Under 2.5,0.5933691227291704,0.690378013292978,1.65,1.66,13.91237219334136,372.6198476265051,True,242.20290095722822,12662.864488507399,-0.6024096385542133
T1,2024-01-21,Sivasspor,Gaziantep,2-2,Under 2.5,0.5227803405030307,0.5978484714004196,1.83,1.83,9.406270266276806,287.01283307021555,False,-287.01283307021555,12375.851655437184,0.0
T1,2024-01-23,Pendikspor,Kasimpasa,3-2,Over 2.5,0.6874639964025753,0.6999180950983003,1.62,1.54,13.386731405924657,371.2755496631155,True,230.19084079113168,12606.042496228316,5.1948051948051965
T1,2024-01-24,Antalyaspor,Sivasspor,2-1,Under 2.5,0.5559441323523995,0.6422859291541649,1.75,2.05,12.400037601978875,378.18127488684945,False,-378.18127488684945,12227.861221341467,-14.634146341463406
T1,2024-01-24,Buyuksehyr,Fenerbahce,0-1,Under 2.5,0.4833790298652736,0.5432812598009535,2.08,2.18,13.00250203859834,294.4310934410926,True,317.9855809163801,12545.846802257847,-4.587155963302758
T1,2024-01-25,Samsunspor,Kayserispor,2-0,Under 2.5,0.4652641022176496,0.5177006717749342,2.03,2.14,5.093236370311627,124.07565675653885,True,127.79792645923499,12673.644728717081,-5.140186915887868
T1,2024-01-29,Kayserispor,Antalyaspor,1-1,Under 2.5,0.5090518229043874,0.5585352890759367,1.95,1.9,8.914381369807668,237.8477946468141,True,225.9554049144734,12899.600133631555,2.6315789473684292
T1,2024-01-29,Galatasaray,Gaziantep,2-1,Under 2.5,0.3851139233612296,0.3775331115908853,2.88,3.3,8.729536138174975,119.79523993036518,False,-119.79523993036518,12779.80489370119,-12.72727272727272
T1,2024-02-02,Hatayspor,Karagumruk,3-1,Over 2.5,0.5228321515435937,0.48772548997972237,2.25,2.36,9.738235245437533,199.1243943130496,True,248.905492891312,13028.710386592502,-4.6610169491525415
T1,2024-02-03,Rizespor,Konyaspor,0-0,Under 2.5,0.5368545487480059,0.5879553508376913,1.85,1.95,8.771739904972907,268.9046089609609,True,228.5689176168168,13257.279304209318,-5.128205128205121
T1,2024-02-11,Sivasspor,Rizespor,1-0,Under 2.5,0.5363330284903649,0.5988449466841925,1.88,1.89,12.582849976628196,379.1235376889172,True,333.6287131662471,13590.908017375565,-0.5291005291005346
T1,2024-02-11,Istanbulspor,Gaziantep,1-3,Under 2.5,0.5581047970182106,0.6323751604598844,1.75,1.74,10.665653080479775,386.54909323210376,False,-386.54909323210376,13204.35892414346,0.5747126436781658
T1,2024-02-17,Hatayspor,Sivasspor,1-1,Under 2.5,0.5467398078602662,0.6199485099635762,1.7,1.75,5.3912466938079495,203.39416112469124,True,142.37591278728385,13346.734836930744,-2.857142857142858
T1,2024-02-18,Alanyaspor,Ad. Demirspor,3-3,Over 2.5,0.6117864347921531,0.6331158174669874,1.8,1.77,13.960847144057741,400.4020451079223,True,320.3216360863379,13667.05647301708,1.6949152542372836
T1,2024-02-19,Besiktas,Konyaspor,2-0,Under 2.5,0.49530154308155894,0.5391534041552792,2.08,2.12,12.143908064298081,307.3545876257212,True,331.9429546357789,13998.99942765286,-1.8867924528301883
T1,2024-02-19,Buyuksehyr,Kayserispor,2-3,Under 2.5,0.5134670036706988,0.5680821039446644,2.0,1.98,13.616420788932881,381.2325336619038,False,-381.2325336619038,13617.766893990956,1.0101010101010166
T1,2024-02-24,Kayserispor,Ankaragucu,3-2,Under 2.5,0.53605038319804,0.6022432254959285,1.85,1.74,11.414996716746773,365.75709266901094,False,-365.75709266901094,13252.009801321945,6.321839080459779
T1,2024-02-24,Fenerbahce,Kasimpasa,2-1,Over 2.5,0.8055288574955651,0.886169111421495,1.25,1.39,10.771138927686884,397.56029403965834,True,99.3900735099146,13351.399874831859,-10.071942446043158
T1,2024-02-25,Trabzonspor,Ad. Demirspor,1-0,Over 2.5,0.6235166310058932,0.6474234028730754,1.7,1.68,10.06197848842283,383.8328523739694,False,-383.8328523739694,12967.56702245789,1.1904761904761862
T1,2024-02-25,Istanbulspor,Besiktas,0-2,Under 2.5,0.4706287139347852,0.5004684819384908,2.2,2.35,10.103066026467978,218.35364305090155,True,262.0243716610819,13229.591394118972,-6.382978723404253
T1,2024-03-01,Kasimpasa,Sivasspor,0-0,Over 2.5,0.614724041622857,0.6338984773385176,1.67,1.81,5.861045715532431,231.46041778730049,False,-231.46041778730049,12998.130976331671,-7.734806629834257
T1,2024-03-02,Rizespor,Kayserispor,3-0,Under 2.5,0.47754658674999606,0.5237062302000349,2.08,2.21,8.93089588160727,214.9721377872452,False,-214.9721377872452,12783.158838544427,-5.88235294117646
T1,2024-03-02,Hatayspor,Fenerbahce,0-2,Over 2.5,0.65823498900046,0.6774678497966338,1.57,1.62,6.362452418071496,285.3762802206636,False,-285.3762802206636,12497.782558323763,-3.0864197530864224
T1,2024-03-04,Alanyaspor,Trabzonspor,3-1,Over 2.5,0.6138978922899887,0.6126390534699039,1.83,2.0,12.112946784992417,364.7830724322461,True,302.76995011876426,12800.552508442526,-8.499999999999996
T1,2024-03-09,Trabzonspor,Karagumruk,5-1,Over 2.5,0.5850668126660854,0.5718643770750663,1.93,1.79,10.369824775487801,285.4612613806018,True,265.4789730839596,13066.031481526486,7.8212290502793325
T1,2024-03-09,Konyaspor,Ad. Demirspor,2-2,Under 2.5,0.5081772943248561,0.5873189773363365,1.88,1.62,10.415967739231258,309.30764179854526,False,-309.30764179854526,12756.723839727942,16.049382716049365
T1,2024-03-15,Pendikspor,Istanbulspor,1-0,Under 2.5,0.4453360613215328,0.48059142988245895,2.3,2.08,10.536028872965542,206.77724723049477,True,268.81042139964313,13025.534261127585,10.576923076923062
T1,2024-03-17,Trabzonspor,Fenerbahce,2-3,Over 2.5,0.646402914001472,0.6856485098423586,1.67,1.75,14.503301143673886,390.76602783382754,True,261.81323864866437,13287.34749977625,-4.571428571428571
T1,2024-04-03,Fenerbahce,Ad. Demirspor,4-2,Over 2.5,0.6932774430940009,0.7361509468644863,1.44,1.43,6.005736348486024,362.72866297441453,True,159.60061170874235,13446.948111484991,0.6993006993007089
T1,2024-04-03,Kayserispor,Kasimpasa,0-2,Over 2.5,0.6739923072963137,0.7093885561395716,1.57,1.55,11.374003313912763,403.4084433445497,False,-403.4084433445497,13043.539668140442,1.2903225806451646
T1,2024-04-13,Kasimpasa,Konyaspor,0-2,Over 2.5,0.5933007757558475,0.5896855820492317,1.83,1.81,7.912461515009417,248.69037504496342,False,-248.69037504496342,12794.849293095478,1.104972375690605
T1,2024-04-13,Ankaragucu,Gaziantep,3-1,Under 2.5,0.5622118400608715,0.655511851394617,1.73,1.83,13.40355029126874,383.84547879286436,False,-383.84547879286436,12411.003814302614,-5.464480874316946
T1,2024-04-13,Ad. Demirspor,Kayserispor,0-0,Over 2.5,0.6407548347001676,0.664808550549442,1.67,1.68,11.023027941756801,372.33011442907844,False,-372.33011442907844,12038.673699873536,-0.5952380952380931
T1,2024-04-14,Karagumruk,Fenerbahce,1-2,Over 2.5,0.6457929733205938,0.6726029913305681,1.57,1.74,5.59866963889919,236.49318223191653,True,134.80111387219245,12173.474813745728,-9.770114942528728
T1,2024-04-20,Istanbulspor,Karagumruk,1-2,Under 2.5,0.4916970571010667,0.547833181266582,2.0,2.45,9.566636253316396,232.9184109640279,False,-232.9184109640279,11940.5564027817,-18.36734693877552
T1,2024-04-21,Galatasaray,Pendikspor,4-1,Over 2.5,0.7394150102776438,0.803456604072787,1.36,1.3,9.270098153899031,358.216692083451,True,128.95800915004241,12069.514411931743,4.615384615384621
T1,2024-04-27,Kasimpasa,Samsunspor,1-0,Under 2.5,0.4753760957191653,0.5272576363235086,2.15,2.05,13.36039180955435,280.4407678164714,True,322.50688298894204,12392.021294920685,4.878048780487809
T1,2024-04-27,Sivasspor,Konyaspor,1-0,Under 2.5,0.5773116748826004,0.6831257185868091,1.65,1.71,12.715743566823502,371.76063884762056,True,241.64441525095327,12633.66571017164,-3.508771929824561
T1,2024-05-03,Ankaragucu,Alanyaspor,1-1,Under 2.5,0.46852534931541,0.5157493836172375,2.05,2.05,5.728623641533681,137.8543163171863,True,144.74703213304556,12778.412742304685,0.0
T1,2024-05-12,Karagumruk,Galatasaray,2-3,Under 2.5,0.4357475199116684,0.455251820424458,2.5,2.82,13.812955106114488,235.34352204914143,False,-235.34352204914143,12543.069220255544,-11.347517730496449
T1,2024-05-12,Fenerbahce,Kayserispor,3-0,Over 2.5,0.7275796998676344,0.8228324317802721,1.3,1.3,6.9682161314353674,376.2920766076663,True,112.88762298229989,12655.956843237844,0.0
T1,2024-05-12,Kasimpasa,Antalyaspor,3-1,Under 2.5,0.4319330111881017,0.44804670915327405,2.4,2.63,7.531210196785776,136.1638160398192,False,-136.1638160398192,12519.793027198024,-8.745247148288971
T1,2024-05-18,Rizespor,Kasimpasa,0-0,Over 2.5,0.6691423301751651,0.7339464996659373,1.44,1.39,5.688295951894973,323.7103999780605,False,-323.7103999780605,12196.082627219963,3.597122302158273
T1,2024-05-18,Gaziantep,Karagumruk,3-1,Under 2.5,0.47939913256239886,0.5374829994482762,2.03,2.12,9.10904888800006,215.7178891134655,False,-215.7178891134655,11980.364738106497,-4.245283018867941
T1,2024-05-18,Besiktas,Hatayspor,2-2,Under 2.5,0.4512304747156556,0.4845193719758567,2.25,2.42,9.016858694567764,172.84040952462178,False,-172.84040952462178,11807.524328581874,-7.024793388429751
T1,2024-05-18,Buyuksehyr,Trabzonspor,0-1,Under 2.5,0.4783459224195885,0.5355169838958084,2.08,1.93,11.387532650328147,248.99734965050004,True,268.91713762254005,12076.441466204415,7.772020725388606
T1,2024-08-18,Gaziantep,Samsunspor,0-1,Under 2.5,0.5888019847107049,0.682460657882983,1.67,1.7,13.97092986645816,362.29324398613244,True,242.7364734707087,12319.177939675123,-1.764705882352946
T1,2024-08-25,Kasimpasa,Ad. Demirspor,2-2,Over 2.5,0.6829562812885555,0.7173080234132272,1.53,1.58,9.748127582223765,369.57533819025366,True,195.8749292408345,12515.052868915956,-3.164556962025322
T1,2024-08-25,Rizespor,Fenerbahce,0-5,Over 2.5,0.6348052044650824,0.6503828857749212,1.75,1.72,13.817005010611204,375.4515860674787,True,281.588689550609,12796.641558466565,1.744186046511631
T1,2024-08-31,Rizespor,Kasimpasa,0-1,Over 2.5,0.6396744395244364,0.6640205248964035,1.7,1.72,12.883489232388602,383.8992467539969,False,-383.8992467539969,12412.742311712567,-1.1627906976744207
T1,2024-08-31,Ad. Demirspor,Galatasaray,1-5,Under 2.5,0.39463226288400877,0.3858673348474305,2.88,3.13,11.129792436059983,146.9694100975109,False,-146.9694100975109,12265.772901615057,-7.987220447284349
T1,2024-09-01,Buyuksehyr,Antalyaspor,5-2,Under 2.5,0.535907585260485,0.5945738667352749,1.93,2.02,14.752756279908063,367.9731870484517,False,-367.9731870484517,11897.799714566605,-4.455445544554459
T1,2024-09-14,Sivasspor,Gaziantep,3-2,Under 2.5,0.5448859854473451,0.6073858600288391,1.77,1.84,7.507297225104526,232.00082800523438,False,-232.00082800523438,11665.79888656137,-3.8043478260869623
T1,2024-09-15,Alanyaspor,Hatayspor,0-0,Over 2.5,0.5752873189576754,0.5753566837188079,1.93,2.15,11.04383995772993,277.0649803919304,False,-277.0649803919304,11388.73390616944,-10.232558139534886
T1,2024-09-19,Trabzonspor,Kayserispor,2-2,Over 2.5,0.6180020872682542,0.6400603178439095,1.67,1.7,6.890073079932879,234.23644448184152,True,156.9384178028338,11545.672323972274,-1.764705882352946
T1,2024-09-21,Konyaspor,Sivasspor,0-0,Under 2.5,0.577801777488299,0.65118453745505,1.73,1.75,12.654924979723647,346.3701697191682,True,252.85022389499272,11798.522547867267,-1.1428571428571455
T1,2024-09-22,Ad. Demirspor,Alanyaspor,0-2,Over 2.5,0.6434899972080846,0.6923597929161728,1.65,1.72,14.239365831168493,353.955676436018,False,-353.955676436018,11444.566871431249,-4.069767441860472
T1,2024-09-23,Gaziantep,Trabzonspor,0-0,Over 2.5,0.5707042520260253,0.5807220580009418,1.9,1.78,10.337191020178938,262.8992753182144,False,-262.8992753182144,11181.667596113035,6.741573033707859
T1,2024-09-23,Goztep,Kayserispor,3-0,Under 2.5,0.4892378347535703,0.5144639635721074,2.05,2.12,5.465112532282013,116.39823183110296,False,-116.39823183110296,11065.269364281932,-3.301886792452846
T1,2024-09-27,Sivasspor,Buyuksehyr,1-2,Under 2.5,0.557369515403821,0.6205973129496808,1.7,1.74,5.5015432014457355,173.93159269494566,False,-173.93159269494566,10891.337771586986,-2.298850574712641
T1,2024-09-28,Alanyaspor,Rizespor,1-0,Over 2.5,0.5767411568746359,0.5942974487394864,1.88,2.01,11.727920363023436,290.30168643627576,False,-290.30168643627576,10601.03608515071,-6.467661691542281
T1,2024-09-28,Samsunspor,Goztep,4-3,Under 2.5,0.616815248866265,0.6652388157143656,1.67,1.67,11.094882224299042,318.0310825545213,False,-318.0310825545213,10283.005002596188,0.0
T1,2024-09-30,Kayserispor,Besiktas,0-3,Under 2.5,0.45613893073808287,0.45013198477669747,2.35,2.66,5.78101642252391,88.0684752487468,False,-88.0684752487468,10194.936527347441,-11.654135338345862
T1,2024-10-04,Rizespor,Antalyaspor,2-1,Under 2.5,0.5120984570277965,0.5262220199543095,2.08,2.09,9.454180150496372,178.490308430405,False,-178.490308430405,10016.446218917037,-0.4784688995215225
T1,2024-10-05,Goztep,Sivasspor,3-2,Over 2.5,0.5505065411657066,0.5644191211201536,1.95,2.03,10.061728618429955,212.1742391070357,True,201.5655271516839,10218.011746068722,-3.9408866995073843
T1,2024-10-05,Hatayspor,Trabzonspor,1-1,Over 2.5,0.5272435878268136,0.5344865261615859,2.08,2.0,11.173197441609872,211.42196796206397,False,-211.42196796206397,10006.589778106658,4.0000000000000036
T1,2024-10-19,Antalyaspor,Galatasaray,0-3,Under 2.5,0.43814330435250404,0.41583336169697027,2.7,2.52,12.275007658181991,144.50701901005263,False,-144.50701901005263,9862.082759096606,7.14285714285714
T1,2024-10-20,Besiktas,Konyaspor,2-0,Under 2.5,0.5215581451325004,0.5158561270216603,2.1,2.04,8.329786674548668,149.36190100003463,True,164.29809110003814,10026.380850196643,2.941176470588247
T1,2024-10-20,Alanyaspor,Kasimpasa,1-2,Over 2.5,0.6038169425452433,0.6336336461307446,1.75,2.06,10.88588807288029,291.0561592301629,True,218.2921194226222,10244.672969619265,-15.048543689320393
T1,2024-10-20,Samsunspor,Fenerbahce,2-2,Over 2.5,0.5126096840230459,0.5252767512276116,2.0,2.01,5.055350245522328,103.58082002452143,True,103.58082002452143,10348.253789643786,-0.4975124378109319
T1,2024-10-26,Kasimpasa,Samsunspor,1-4,Over 2.5,0.5185238818988006,0.5330366084828033,2.03,1.93,8.206431522009062,164.8975458195777,True,169.84447219416498,10518.098261837951,5.181347150259064
T1,2024-11-03,Trabzonspor,Fenerbahce,2-3,Over 2.5,0.600576790363174,0.6503034424100819,1.7,1.79,10.55158520971391,315.54294785513855,True,220.880063498597,10738.978325336548,-5.027932960893855
T1,2024-11-08,Kasimpasa,Kayserispor,1-2,Over 2.5,0.6188770017839745,0.6716538679350704,1.65,1.81,10.822888209286607,322.1693497600964,True,209.41007734406259,10948.38840268061,-8.839779005524873
T1,2024-11-09,Rizespor,Trabzonspor,3-1,Over 2.5,0.5471588898071874,0.6057065529111243,1.75,1.79,5.998646759446746,175.13470563441186,True,131.3510292258089,11079.739431906419,-2.2346368715083775
T1,2024-11-10,Fenerbahce,Sivasspor,4-0,Over 2.5,0.6708367338558441,0.7451679337346973,1.48,1.39,10.284854192735192,332.3921829571926,True,159.54824781945246,11239.28767972587,6.474820143884896
T1,2024-11-24,Besiktas,Goztep,2-4,Over 2.5,0.5885552036778656,0.6501022909463758,1.67,1.88,8.56708258804475,287.4265844268822,True,192.57581156601105,11431.863491291882,-11.170212765957444
T1,2024-12-02,Fenerbahce,Gaziantep,3-1,Over 2.5,0.7453656535755576,0.8200072074945133,1.4,1.29,14.801009049231851,342.95590473875643,True,137.18236189550254,11569.045853187385,8.52713178294573
T1,2024-12-07,Besiktas,Fenerbahce,1-0,Over 2.5,0.5799010951964234,0.6445186417370596,1.65,1.61,6.34557588661484,225.8838719911607,False,-225.8838719911607,11343.161981196225,2.4844720496894235
T1,2024-12-13,Kasimpasa,Eyupspor,2-0,Over 2.5,0.5193798996547079,0.5677233648916957,1.85,1.76,5.028822504963704,134.21823117291382,False,-134.21823117291382,11208.94375002331,5.113636363636376
T1,2024-12-14,Alanyaspor,Gaziantep,3-0,Over 2.5,0.5253073852073147,0.578321505318145,1.88,1.6,8.724442999811256,222.25407007992928,True,195.58358167033774,11404.52733169365,17.499999999999982
T1,2024-12-15,Fenerbahce,Buyuksehyr,3-1,Over 2.5,0.6018060416140912,0.6858649555378603,1.57,1.68,7.6807980194440795,307.3539331297136,True,175.19174188393674,11579.719073577586,-6.547619047619035
T1,2024-12-22,Trabzonspor,Bodrumspor,1-0,Under 2.5,0.5348596787957651,0.5194555271896011,2.15,2.09,11.682938345764239,235.27851130065562,True,270.570287995754,11850.28936157334,2.8708133971291794
T1,2025-01-04,Ad. Demirspor,Buyuksehyr,0-1,Over 2.5,0.5742137677450814,0.6507405538748519,1.7,1.66,10.625894158724813,355.50868084720014,False,-355.50868084720014,11494.780680726139,2.4096385542168752
T1,2025-01-05,Kasimpasa,Gaziantep,2-2,Over 2.5,0.6117042341642851,0.7026869538249467,1.62,1.6,13.835286519641388,344.8434204217841,True,213.80292066150616,11708.583601387645,1.2499999999999956
T1,2025-01-11,Hatayspor,Rizespor,1-2,Under 2.5,0.5759228933530449,0.6000567028955903,1.89,1.98,13.410716847266556,351.25750804162936,False,-351.25750804162936,11357.326093346015,-4.545454545454552
T1,2025-01-12,Trabzonspor,Antalyaspor,5-0,Over 2.5,0.602334110694201,0.6819773538144344,1.6,1.49,9.116376610309507,340.7197828003804,True,204.43186968022832,11561.757963026243,7.38255033557047
T1,2025-01-13,Konyaspor,Fenerbahce,2-3,Over 2.5,0.5558985781795471,0.6115796194805614,1.73,1.6,5.803274170137129,183.82479821426668,True,134.19210269641465,11695.950065722658,8.124999999999982
T1,2025-01-18,Buyuksehyr,Rizespor,2-0,Over 2.5,0.5058552122226915,0.5331857481176905,1.98,2.1,5.570778127302711,132.97049551867855,False,-132.97049551867855,11562.97957020398,-5.714285714285716
T1,2025-01-18,Besiktas,Samsunspor,0-0,Under 2.5,0.5581252277597656,0.5568327162468664,2.0,2.29,11.366543249373272,262.8622147526862,True,262.8622147526862,11825.841784956665,-12.66375545851528
T1,2025-01-19,Konyaspor,Kasimpasa,3-3,Over 2.5,0.5521143440818196,0.5972755528565608,1.88,1.86,12.287803937033415,330.25823919073815,True,290.6272504878495,12116.469035444514,1.0752688172043001
T1,2025-01-25,Sivasspor,Kayserispor,5-2,Over 2.5,0.5159126578732347,0.5415967080443194,2.0,1.93,8.319341608863873,201.60208999816854,True,201.60208999816854,12318.071125442682,3.62694300518136
T1,2025-01-26,Antalyaspor,Besiktas,1-1,Under 2.5,0.5341027425267468,0.5284533883941853,2.15,2.31,13.617478504749837,291.72359786207886,True,335.4821375413906,12653.553262984073,-6.926406926406936
T1,2025-01-27,Kasimpasa,Hatayspor,5-4,Over 2.5,0.587213897697318,0.6391094491718285,1.67,1.64,6.731278011695352,254.2524920863905,True,170.3491696978816,12823.902432681954,1.8292682926829285
T1,2025-02-01,Hatayspor,Antalyaspor,2-3,Under 2.5,0.5479256550093494,0.5378404671718295,2.03,2.08,9.18161483588138,228.62938413554977,False,-228.62938413554977,12595.273048546405,-2.4038461538461675
T1,2025-02-01,Kayserispor,Trabzonspor,0-0,Over 2.5,0.6205929750794836,0.6772473459645584,1.62,1.68,9.71407004625846,377.85819145639215,False,-377.85819145639215,12217.414857090012,-3.5714285714285587
T1,2025-02-07,Samsunspor,Hatayspor,2-0,Under 2.5,0.5262909291070905,0.5095266603565219,2.1,2.26,7.000598674869618,155.50766956159404,True,171.05843651775345,12388.473293607765,-7.079646017699104
T1,2025-02-08,Sivasspor,Besiktas,0-2,Under 2.5,0.5383317832288794,0.5304712687203106,2.1,2.01,11.398966431265233,256.7559840153829,True,282.43158241692123,12670.904876024686,4.47761194029852
T1,2025-02-09,Alanyaspor,Fenerbahce,0-2,Over 2.5,0.6277464953384524,0.6676846748408932,1.65,1.52,10.167971348747384,380.1271462807406,False,-380.1271462807406,12290.777729743946,8.552631578947366
T1,2025-02-10,Bodrumspor,Goztep,0-0,Under 2.5,0.6232866141404574,0.633259036885353,1.8,1.54,13.986626639363543,368.72333189231836,True,294.9786655138547,12585.7563952578,16.883116883116877
T1,2025-02-15,Besiktas,Trabzonspor,2-1,Under 2.5,0.48193722876674494,0.45323888596321094,2.35,2.51,6.511138201354583,121.40385075274914,False,-121.40385075274914,12464.35254450505,-6.374501992031856
T1,2025-02-15,Buyuksehyr,Bodrumspor,0-1,Under 2.5,0.6533299146185222,0.6621131265663569,1.67,1.64,10.57289213658159,373.9305763351515,True,250.5334861445515,12714.886030649603,1.8292682926829285
T1,2025-02-22,Antalyaspor,Kasimpasa,2-1,Over 2.5,0.6332631553817251,0.6855966142308448,1.62,1.85,11.066651505396873,381.44658091948804,True,236.4968801700826,12951.382910819686,-12.432432432432428
T1,2025-03-02,Kasimpasa,Galatasaray,3-3,Over 2.5,0.70885625530639,0.7841019295552254,1.4,1.47,9.774270137731556,388.54148732459055,True,155.41659492983615,13106.799505749523,-4.761904761904767
T1,2025-03-03,Konyaspor,Trabzonspor,1-0,Over 2.5,0.5380453562631989,0.5616906125548604,1.88,1.78,5.597835160313758,166.74932525560817,False,-166.74932525560817,12940.050180493914,5.617977528089879
T1,2025-03-03,Buyuksehyr,Sivasspor,1-0,Over 2.5,0.5275664572985365,0.5469987301755261,1.98,1.93,8.305748574754169,219.34041498752015,False,-219.34041498752015,12720.709765506394,2.590673575129543
T1,2025-03-03,Goztep,Samsunspor,2-2,Over 2.5,0.500692902116863,0.5091316602637128,2.15,2.25,9.463306956698258,209.35648907488,True,240.75996243611198,12961.469727942505,-4.444444444444451
T1,2025-03-08,Kayserispor,Buyuksehyr,3-1,Over 2.5,0.5061735440987067,0.5234904777002403,2.03,2.04,6.26856697314877,157.7666816699958,True,162.49968212009563,13123.9694100626,-0.4901960784313819
T1,2025-03-10,Besiktas,Gaziantep,1-2,Under 2.5,0.4743970782382163,0.4494072800564183,2.35,2.39,5.610710813258302,109.0885882694954,False,-109.0885882694954,13014.880821793105,-1.673640167364021
T1,2025-03-15,Gaziantep,Kayserispor,1-0,Over 2.5,0.5427695071700489,0.595856803939453,1.8,1.8,7.254224709101531,236.03217510865795,False,-236.03217510865795,12778.848646684448,0.0
T1,2025-03-15,Buyuksehyr,Trabzonspor,0-3,Over 2.5,0.5500799909356513,0.6061673884160259,1.85,1.97,12.140966856964797,365.05312444603607,True,310.29515577913065,13089.143802463579,-6.091370558375631
T1,2025-03-15,Konyaspor,Besiktas,1-0,Under 2.5,0.569214441262951,0.5665941340599715,1.98,1.9,12.185638543874354,325.5093371951313,True,318.9991504512287,13408.142952914808,4.210526315789487
T1,2025-03-16,Goztep,Eyupspor,1-1,Over 2.5,0.5206013726764677,0.5642491707654476,1.98,1.92,11.721335811558609,320.73744114387284,False,-320.73744114387284,13087.405511770936,3.125
T1,2025-03-28,Antalyaspor,Alanyaspor,2-1,Over 2.5,0.4915350900960055,0.5253375620646412,2.05,2.11,7.694200223251446,191.80403506752384,True,201.3942368209,13288.799748591835,-2.8436018957346043
T1,2025-03-29,Besiktas,Galatasaray,2-1,Under 2.5,0.504432602560218,0.4685201129012383,2.3,2.34,7.759625967284789,158.64017785110914,False,-158.64017785110914,13130.159570740725,-1.7094017094017144
T1,2025-04-05,Rizespor,Sivasspor,1-1,Over 2.5,0.5485586525997276,0.6059853211255997,1.75,1.74,6.047431196979947,211.74329762512588,False,-211.74329762512588,12918.4162731156,0.5747126436781658
T1,2025-04-12,Besiktas,Buyuksehyr,0-2,Under 2.5,0.54500205537714,0.5444440679107746,2.03,2.1,10.522145785887238,263.94069776407855,True,271.85891869700083,13190.2751918126,-3.3333333333333437
T1,2025-04-13,Sivasspor,Fenerbahce,1-3,Over 2.5,0.6332693929631378,0.728338327677505,1.57,1.6,14.349117445368286,395.708255754378,True,225.55370577999554,13415.828897592595,-1.8750000000000044
T1,2025-04-13,Gaziantep,Hatayspor,2-1,Under 2.5,0.5007910940793681,0.4735539822029883,2.4,2.96,13.652955728717187,261.66531143268065,False,-261.66531143268065,13154.163586159915,-18.918918918918926
T1,2025-04-27,Trabzonspor,Alanyaspor,4-3,Over 2.5,0.5821452505649212,0.6256481677091171,1.8,1.7,12.616670187641077,394.6249075847974,True,315.6999260678379,13469.863512227754,5.882352941176472
T1,2025-04-27,Kayserispor,Rizespor,1-0,Over 2.5,0.5430961805650006,0.569378188405781,1.88,1.81,7.043099420286825,215.61269975980449,False,-215.61269975980449,13254.25081246795,3.8674033149171283
T1,2025-04-28,Goztep,Buyuksehyr,4-1,Over 2.5,0.5127196016679372,0.5248318087359343,2.08,2.08,9.165016217074328,224.9544882248877,True,242.95084728287873,13497.201659750828,0.0
T1,2025-05-02,Antalyaspor,Konyaspor,1-0,Under 2.5,0.5792871741924943,0.6106138317436486,1.75,1.78,6.857420555138494,246.81596826246633,True,185.11197619684972,13682.313635947678,-1.6853932584269704
T1,2025-05-03,Rizespor,Gaziantep,2-0,Under 2.5,0.5090859160291931,0.513365037515296,2.1,2.45,7.806657878212175,194.20571188771052,True,213.6262830764816,13895.939919024158,-14.28571428571429
T1,2025-05-03,Hatayspor,Buyuksehyr,2-4,Under 2.5,0.47712832733965416,0.4686989586653739,2.4,3.02,12.487750079689741,247.898606901654,False,-247.898606901654,13648.041312122505,-20.529801324503318
T1,2025-05-09,Gaziantep,Alanyaspor,0-1,Under 2.5,0.49573298130799015,0.506576332339367,2.1,2.17,6.38102979126709,158.34283310017761,True,174.1771164101954,13822.2184285327,-3.2258064516129004
T1,2025-05-10,Eyupspor,Kasimpasa,0-3,Over 2.5,0.646748226723776,0.7061076993166949,1.57,1.61,10.858908792721111,414.66655285598097,True,236.35993512790913,14058.57836366061,-2.4844720496894457
T1,2025-05-10,Konyaspor,Rizespor,2-1,Under 2.5,0.5454742002675733,0.5824259285300721,1.9,2.0,10.6609264207137,333.06104336627425,False,-333.06104336627425,13725.517320294335,-5.000000000000004
T1,2025-05-10,Trabzonspor,Galatasaray,0-2,Under 2.5,0.40081021352843216,0.36234974272966536,3.1,2.59,12.32842024619627,161.15613868669914,True,338.4278912420682,14063.945211536404,19.691119691119695
T1,2025-05-11,Goztep,Hatayspor,1-1,Under 2.5,0.36507998856996815,0.3105388059699238,3.4,3.42,5.5831940297740745,65.43477911676658,True,157.04346988023977,14220.988681416644,-0.5847953216374324
T1,2025-05-18,Rizespor,Goztep,6-3,Under 2.5,0.47423266330383296,0.4705913571021356,2.25,2.03,5.883055347980504,133.86058162524571,False,-133.86058162524571,14087.128099791398,10.83743842364533
T1,2025-05-18,Samsunspor,Sivasspor,1-0,Under 2.5,0.5179886083407739,0.5338362203388755,2.05,2.07,9.436425169469453,253.20405745983234,True,265.86426033282385,14352.992360124223,-0.9661835748792313
T1,2025-05-25,Besiktas,Rizespor,1-2,Under 2.5,0.45994883254199914,0.46659517316433896,2.35,2.98,9.649865693619653,205.1917756692561,False,-205.1917756692561,14147.800584454966,-21.140939597315434
T1,2025-05-30,Kasimpasa,Goztep,1-2,Over 2.5,0.7097256450119469,0.7851945164025426,1.4,1.5,9.927232296355948,424.43401753364896,True,169.77360701345953,14317.574191468426,-6.666666666666677
T1,2025-05-31,Alanyaspor,Sivasspor,2-0,Under 2.5,0.4805751362293663,0.4901847110074147,2.2,2.72,7.840636421631242,187.098156125058,True,224.51778735006965,14542.091978818495,-19.11764705882353
D1,2023-08-19,Dortmund,FC Koln,1-0,Over 2.5,0.7463131220906549,0.7576617213150676,1.44,1.47,9.103287869369737,300.0,False,-300.0,9700.0,-2.0408163265306145
D1,2023-08-19,Stuttgart,Bochum,5-0,Under 2.5,0.461141206771868,0.46655118773045257,2.3,2.33,7.306773178004078,109.03953819483012,False,-109.03953819483012,9590.96046180517,-1.2875536480686844
D1,2023-09-02,M'gladbach,Bayern Munich,1-2,Under 2.5,0.25837757962523455,0.2781414684306557,4.0,0.0,11.256587372262272,71.97432294814854,False,-71.97432294814854,9518.986138857023,0.0
D1,2023-09-16,Bochum,Ein Frankfurt,1-1,Under 2.5,0.49628452684248914,0.5128222964861662,2.1,1.85,7.6926822620948965,133.1391560427502,True,146.45307164702524,9665.439210504048,13.513513513513509
D1,2023-09-23,Dortmund,Wolfsburg,1-0,Over 2.5,0.7197515864157804,0.7465076778150824,1.44,1.47,7.497105605371868,289.9631763151214,False,-289.9631763151214,9375.476034188927,-2.0408163265306145
D1,2023-09-23,M'gladbach,RB Leipzig,0-1,Under 2.5,0.36279317006268874,0.3562114280956551,3.0,2.72,6.863428428696539,64.34790874561526,True,128.6958174912305,9504.171851680157,10.294117647058808
D1,2023-09-24,Ein Frankfurt,Freiburg,0-0,Under 2.5,0.5060867375884626,0.5407051064660697,2.03,1.9,9.763136612612143,180.17578286931325,True,185.5810563553926,9689.75290803555,6.842105263157894
D1,2023-09-30,Wolfsburg,Ein Frankfurt,2-0,Under 2.5,0.5158358858917054,0.5663354247738759,1.93,1.93,9.30273698135804,193.85209186624502,True,180.28244543560788,9870.03535347116,0.0
D1,2023-09-30,RB Leipzig,Bayern Munich,2-2,Under 2.5,0.36698788911538804,0.3608982031340986,3.0,3.12,8.269460940229578,81.6198718342148,False,-81.6198718342148,9788.415481636945,-3.8461538461538547
D1,2023-10-06,M'gladbach,Mainz,2-2,Over 2.5,0.6561727464489171,0.6705391034245156,1.57,1.65,5.274639237648948,181.15915920650073,True,103.26072074770545,9891.67620238465,-4.848484848484835
D1,2023-10-28,Stuttgart,Hoffenheim,2-3,Over 2.5,0.6683148854840161,0.7058804505840566,1.5,1.54,5.882067587608475,232.7340319086598,True,116.36701595432993,10008.04321833898,-2.5974025974025983
D1,2023-11-04,Dortmund,Bayern Munich,0-4,Over 2.5,0.7550314764798961,0.8219016056166137,1.33,1.34,9.312913547009627,300.2412965501694,True,99.07962786155593,10107.122846200537,-0.7462686567164201
D1,2023-11-04,Union Berlin,Ein Frankfurt,0-3,Under 2.5,0.56744427480129,0.6308620205319426,1.8,1.79,13.555163695749673,303.2136853860161,False,-303.2136853860161,9803.90916081452,0.5586592178770999
D1,2023-11-11,Stuttgart,Dortmund,2-1,Over 2.5,0.7068828965892011,0.7657017698413207,1.44,1.55,10.261054857150164,294.11727482443564,True,129.4116009227517,9933.320761737272,-7.096774193548394
D1,2023-11-26,Hoffenheim,Mainz,1-1,Over 2.5,0.6510540389978837,0.6929734192121939,1.57,1.57,8.79682681631444,297.99962285211814,False,-297.99962285211814,9635.321138885154,0.0
D1,2023-12-02,Stuttgart,Werder Bremen,2-0,Over 2.5,0.6719950383783863,0.7133172867014614,1.5,1.39,6.997593005219205,269.69622321801444,False,-269.69622321801444,9365.62491566714,7.913669064748219
D1,2023-12-03,Mainz,Freiburg,0-1,Over 2.5,0.529349036529136,0.5369874193012805,1.96,1.95,5.249534183050963,102.42743362589282,False,-102.42743362589282,9263.197482041247,0.512820512820511
D1,2023-12-03,Leverkusen,Dortmund,1-1,Over 2.5,0.7373121263964887,0.7878942726913202,1.36,1.46,7.153621086019557,277.89592446123737,False,-277.89592446123737,8985.30155758001,-6.849315068493144
D1,2023-12-09,Werder Bremen,Augsburg,2-0,Over 2.5,0.6254811124252988,0.6622045579549692,1.62,1.65,7.277138388705029,210.92671902824682,False,-210.92671902824682,8774.374838551763,-1.8181818181818077
D1,2023-12-09,Union Berlin,M'gladbach,3-1,Over 2.5,0.5865605966504406,0.6211830249862133,1.73,1.9,7.464663322614884,179.44590146907478,True,130.99550807242457,8905.370346624188,-8.947368421052627
D1,2023-12-15,M'gladbach,Werder Bremen,2-2,Over 2.5,0.7160757554170251,0.7441546083286044,1.53,1.6,13.855655074276463,267.1611103987256,True,141.5953885113246,9046.965735135513,-4.375000000000007
D1,2023-12-16,Augsburg,Dortmund,1-1,Over 2.5,0.7028458941352718,0.731951694480761,1.44,1.51,5.401044005229583,222.1048184057778,False,-222.1048184057778,8824.860916729735,-4.635761589403975
D1,2023-12-17,Bayern Munich,Stuttgart,3-0,Over 2.5,0.7775810913425821,0.8004025235029338,1.36,1.35,8.854743196399006,264.74582750189205,True,95.30849790068117,8920.169414630416,0.7407407407407307
D1,2023-12-19,Dortmund,Mainz,1-1,Over 2.5,0.7353853200031139,0.7618971882262741,1.44,1.49,9.71319510458346,267.60508243891246,False,-267.60508243891246,8652.564332191503,-3.3557046979865834
D1,2023-12-20,Ein Frankfurt,M'gladbach,2-1,Over 2.5,0.6573266521281981,0.6896609598267808,1.62,1.65,11.725075491938487,259.5769299657451,True,160.93769657876197,8813.502028770265,-1.8181818181818077
D1,2024-01-12,Bayern Munich,Hoffenheim,3-0,Over 2.5,0.848902886732389,0.9012698968327016,1.22,0.0,9.954927413589608,264.4050608631079,True,58.169113389883705,8871.671142160149,0.0
D1,2024-01-14,M'gladbach,Stuttgart,3-1,Over 2.5,0.6682480757350042,0.7213449722410816,1.53,1.65,10.3657807528855,266.1501342648044,True,141.05957116034637,9012.730713320494,-7.2727272727272645
D1,2024-01-20,Heidenheim,Wolfsburg,1-1,Over 2.5,0.6002980366179511,0.6354487648612122,1.8,2.0,14.380777675018198,270.38192139961484,False,-270.38192139961484,8742.348791920878,-9.999999999999998
D1,2024-01-21,Bayern Munich,Werder Bremen,0-1,Over 2.5,0.8364448379242291,0.903038380713985,1.22,0.0,10.170682447106172,262.2704637576263,False,-262.2704637576263,8480.078328163252,0.0
D1,2024-01-21,M'gladbach,Augsburg,1-2,Over 2.5,0.6743598983568792,0.7300824753155957,1.57,1.56,14.622948624548515,254.40234984489754,True,145.00933941159164,8625.087667574844,0.6410256410256387
D1,2024-01-24,Bayern Munich,Union Berlin,1-0,Over 2.5,0.7178346189652608,0.7818480806368573,1.4,1.31,9.458731289160017,258.7526300272453,False,-258.7526300272453,8366.335037547598,6.870229007633566
D1,2024-01-26,Ein Frankfurt,Mainz,1-0,Over 2.5,0.5158410763966985,0.5215168885798466,2.05,2.24,6.910962158868528,110.13223781506183,False,-110.13223781506183,8256.202799732537,-8.482142857142872
D1,2024-02-02,Heidenheim,Dortmund,0-0,Over 2.5,0.7285677293120977,0.794826366454308,1.44,1.43,14.454996769420347,247.6860839919761,False,-247.6860839919761,8008.51671574056,0.6993006993007089
D1,2024-02-03,Mainz,Werder Bremen,0-1,Over 2.5,0.5359219095158868,0.5537668677676296,2.0,2.05,10.753373553525925,172.23714370802966,False,-172.23714370802966,7836.27957203253,-2.4390243902438935
D1,2024-02-03,Bayern Munich,M'gladbach,3-1,Over 2.5,0.8323335123217089,0.9171899087285096,1.22,0.0,11.897168864878171,235.0883871609759,True,51.719445175414705,7887.999017207945,0.0
D1,2024-02-03,FC Koln,Ein Frankfurt,2-0,Under 2.5,0.5571411820774297,0.5853333127781613,1.89,1.74,10.62799611507248,188.39016384400338,True,167.66724582116296,8055.666263029108,8.620689655172399
D1,2024-02-04,Wolfsburg,Hoffenheim,2-2,Over 2.5,0.6267805826499725,0.6852485967650115,1.62,1.61,11.010272675931866,241.66998789087324,True,149.83539249234144,8205.50165552145,0.6211180124223503
D1,2024-02-07,Mainz,Union Berlin,1-1,Under 2.5,0.5896243236497466,0.6327655757392798,1.67,1.68,5.671851148459717,138.92651936882848,True,93.08076797711507,8298.582423498565,-0.5952380952380931
D1,2024-02-09,Dortmund,Freiburg,3-0,Over 2.5,0.6818489936853168,0.7584146766967547,1.44,1.44,9.21171344433267,248.95747270495693,True,109.54128799018102,8408.123711488746,0.0
D1,2024-02-10,Union Berlin,Wolfsburg,1-0,Under 2.5,0.5592751483385927,0.6413402361043699,1.73,1.74,10.951860846055993,252.2437113446624,True,184.13790928160356,8592.26162077035,-0.5747126436781658
D1,2024-02-10,Leverkusen,Bayern Munich,3-0,Over 2.5,0.6451687683629587,0.7059768082062994,1.5,1.82,5.896521230944907,202.65781227482188,True,101.32890613741091,8693.590526907761,-17.582417582417587
D1,2024-02-17,Darmstadt,Stuttgart,1-2,Over 2.5,0.6327523046085446,0.6851230367383885,1.67,1.69,14.41554713531088,260.80771580723285,True,174.74116959084597,8868.331696498608,-1.183431952662728
D1,2024-02-17,Heidenheim,Leverkusen,1-2,Under 2.5,0.42437736782152125,0.40900246920501093,2.63,2.48,7.567649400917875,82.34653380386344,False,-82.34653380386344,8785.985162694744,6.048387096774199
D1,2024-02-17,Wolfsburg,Dortmund,1-1,Over 2.5,0.6409101175499654,0.6979963940412367,1.57,1.57,9.585433864474169,263.5795548808423,False,-263.5795548808423,8522.405607813902,0.0
D1,2024-02-17,RB Leipzig,M'gladbach,2-0,Over 2.5,0.7269546097365893,0.8208436019196769,1.36,1.43,11.634729861076053,255.67216823441706,False,-255.67216823441706,8266.733439579484,-4.895104895104884
D1,2024-02-18,Bochum,Bayern Munich,3-2,Over 2.5,0.6848937495112056,0.764035362458653,1.4,1.42,6.964950744211418,248.0020031873845,True,99.20080127495379,8365.934240854438,-1.4084507042253502
D1,2024-02-23,Leverkusen,Mainz,2-1,Over 2.5,0.6233763122170723,0.6701213362058878,1.57,1.58,5.209049784324393,152.90725597542024,True,87.15713590598955,8453.091376760427,-0.6329113924050667
D1,2024-02-24,Union Berlin,Heidenheim,2-2,Under 2.5,0.5553488542588912,0.637362149977537,1.8,1.84,14.725186995956662,253.5927413028128,False,-253.5927413028128,8199.498635457614,-2.1739130434782594
D1,2024-02-24,M'gladbach,Bochum,5-2,Over 2.5,0.6355034895761642,0.6847419457480465,1.62,1.67,10.928195211183533,245.9849590637284,True,152.51067461951163,8352.009310077126,-2.9940119760478945
D1,2024-03-01,Freiburg,Bayern Munich,2-2,Over 2.5,0.6730283093788111,0.7429620055848999,1.53,1.56,13.673186854489682,250.56027930231377,True,132.79694803022633,8484.806258107354,-1.9230769230769273
D1,2024-03-02,Heidenheim,Ein Frankfurt,1-2,Over 2.5,0.5678512968252775,0.5786718501452002,1.97,1.98,13.998354478604425,244.89345501704747,True,237.54665136653603,8722.35290947389,-0.5050505050505083
D1,2024-03-02,Mainz,M'gladbach,1-1,Over 2.5,0.5717190951647012,0.5851420895007072,1.8,1.93,5.325576110127295,116.12888569698386,False,-116.12888569698386,8606.224023776906,-6.735751295336778
D1,2024-03-03,Hoffenheim,Werder Bremen,2-1,Over 2.5,0.6411073477948586,0.6973933910801012,1.57,1.47,9.490762399575893,258.1867207133072,True,147.16643080658508,8753.39045458349,6.802721088435382
D1,2024-03-08,Stuttgart,Union Berlin,2-0,Under 2.5,0.5027628970575053,0.5403121951073776,2.1,2.11,13.465560972549294,214.30784160495466,True,235.73862576545014,8989.129080348941,-0.4739336492890933
D1,2024-03-09,Bayern Munich,Mainz,8-1,Over 2.5,0.7119051264391881,0.8103498756194115,1.4,1.39,13.448982586717605,269.6738724104682,True,107.86954896418729,9096.998629313128,0.7194244604316502
D1,2024-03-10,Ein Frankfurt,Hoffenheim,3-1,Over 2.5,0.6405930996741903,0.6961180121978275,1.57,1.76,9.290527915058933,272.9099588793938,True,155.55867656125446,9252.557305874383,-10.795454545454541
D1,2024-03-16,Darmstadt,Bayern Munich,2-5,Over 2.5,0.7931164375052693,0.881341347967078,1.29,1.33,13.69303388775307,277.5767191762315,True,80.49724856110714,9333.05455443549,-3.007518796992481
D1,2024-03-16,Heidenheim,M'gladbach,1-1,Over 2.5,0.6439603190241914,0.6799137044941242,1.67,1.71,13.545588650518736,279.9916366330647,False,-279.9916366330647,9053.062917802425,-2.3391812865497075
D1,2024-03-17,Dortmund,Ein Frankfurt,3-1,Over 2.5,0.6816339767592376,0.737785012850908,1.5,1.44,10.667751927636203,271.5918875340727,True,135.79594376703636,9188.85886156946,4.166666666666674
D1,2024-03-30,M'gladbach,Freiburg,0-3,Over 2.5,0.6495828685671957,0.6797573701660928,1.67,1.75,13.519480817737506,275.66576584708383,True,184.69606311754615,9373.554924687007,-4.571428571428571
D1,2024-03-30,Bayern Munich,Dortmund,0-2,Over 2.5,0.789500411972178,0.8761992614304794,1.25,0.0,9.524907678809935,281.2066477406102,False,-281.2066477406102,9092.348276946397,0.0
D1,2024-04-06,Dortmund,Stuttgart,0-1,Over 2.5,0.7255618876696199,0.8025523366247588,1.4,1.39,12.357327127466222,272.7704483083919,False,-272.7704483083919,8819.577828638005,0.7194244604316502
D1,2024-04-06,Freiburg,RB Leipzig,1-4,Under 2.5,0.41609721415427736,0.43794302749416214,2.5,2.79,9.485756873540542,111.54716134630482,False,-111.54716134630482,8708.0306672917,-10.39426523297491
D1,2024-04-06,Heidenheim,Bayern Munich,3-2,Over 2.5,0.7236555351051865,0.7997826431136819,1.33,1.38,6.371091534119699,261.24092001875096,True,86.20950360618781,8794.240170897887,-3.6231884057970842
D1,2024-04-13,Bayern Munich,FC Koln,2-0,Over 2.5,0.750032388895936,0.8166558821507857,1.33,1.32,8.6152323260545,263.8272051269366,False,-263.8272051269366,8530.41296577095,0.7575757575757569
D1,2024-04-13,Mainz,Hoffenheim,4-1,Under 2.5,0.4239620871497324,0.4524169884954231,2.38,2.51,7.675243261910691,94.88839802441898,False,-94.88839802441898,8435.524567746532,-5.179282868525892
D1,2024-04-13,M'gladbach,Dortmund,1-2,Over 2.5,0.7195306411117924,0.7749063773677539,1.4,1.55,8.486892831485537,253.06573703239596,True,101.22629481295834,8536.750862559491,-9.677419354838722
D1,2024-04-19,Ein Frankfurt,Augsburg,3-1,Under 2.5,0.44396311802031874,0.48575893997741415,2.2,2.51,6.866966795031115,97.70264118441558,False,-97.70264118441558,8439.048221375075,-12.350597609561742
D1,2024-04-20,Union Berlin,Bayern Munich,1-5,Under 2.5,0.4377075018932709,0.47800947065369104,2.3,2.16,9.942178250348931,129.08080258492478,False,-129.08080258492478,8309.96741879015,6.481481481481466
D1,2024-04-20,Hoffenheim,M'gladbach,4-3,Over 2.5,0.7265005497259595,0.7833761677897646,1.44,1.53,12.806168161726106,249.29902256370445,True,109.69156992802993,8419.65898871818,-5.882352941176472
D1,2024-04-20,Heidenheim,RB Leipzig,1-2,Under 2.5,0.3963948376814058,0.40895392663886676,2.75,2.99,12.462329825688357,119.91836267111731,False,-119.91836267111731,8299.740626047063,-8.026755852842815
D1,2024-04-21,Dortmund,Leverkusen,1-1,Under 2.5,0.39191470110751225,0.4015007637046898,2.63,2.15,5.594700854333401,56.97492757213649,True,92.86913194258247,8392.609757989645,22.325581395348838
D1,2024-04-21,Freiburg,Mainz,1-1,Under 2.5,0.4729205477241675,0.5364643056134315,2.1,2.03,12.657504178820611,193.14453287811756,True,212.45898616592933,8605.068744155575,3.4482758620689724
D1,2024-04-27,Bayern Munich,Ein Frankfurt,2-1,Over 2.5,0.7503287151051566,0.8279599706651338,1.36,1.4,12.60255601045821,258.1520623246672,True,92.93474243688024,8698.003486592455,-2.857142857142847
D1,2024-04-27,Freiburg,Wolfsburg,1-2,Under 2.5,0.4628925542802331,0.5404588601793126,2.06,1.85,11.334525196938383,186.01460317328318,False,-186.01460317328318,8511.988883419172,11.351351351351347
D1,2024-04-27,RB Leipzig,Dortmund,4-1,Under 2.5,0.3607345412555639,0.35225163168630746,3.0,3.1,5.675489505892228,48.30970358211692,False,-48.30970358211692,8463.679179837054,-3.2258064516129115
D1,2024-04-28,M'gladbach,Union Berlin,0-0,Under 2.5,0.46874123992222627,0.5510721420064131,1.93,1.95,6.3569234072377245,115.7052909454984,True,107.6059205793135,8571.285100416368,-1.025641025641022
D1,2024-05-04,Stuttgart,Bayern Munich,3-1,Over 2.5,0.7313131822284081,0.7963251035842728,1.44,1.48,14.670814916135267,257.138553012491,True,113.14096332549605,8684.426063741863,-2.7027027027027084
D1,2024-05-04,Wolfsburg,Darmstadt,3-0,Under 2.5,0.4093078987554474,0.44918632539337655,2.38,2.83,6.906345443623607,86.92412518233306,False,-86.92412518233306,8597.50193855953,-15.901060070671381
D1,2024-05-05,Ein Frankfurt,Leverkusen,1-5,Under 2.5,0.46175404073338944,0.5464417310102254,2.1,2.23,14.752763512147338,230.61256889963096,False,-230.61256889963096,8366.889369659899,-5.829596412556048
D1,2024-05-12,Darmstadt,Hoffenheim,0-6,Under 2.5,0.35025851659036966,0.34341766746337266,3.2,3.49,9.89365358827925,75.25373184988295,False,-75.25373184988295,8291.635637810015,-8.309455587392556
D1,2024-05-12,Bayern Munich,Wolfsburg,2-0,Over 2.5,0.7546513412961203,0.836179690182199,1.36,1.48,13.720437864779056,248.74906913430044,False,-248.74906913430044,8042.886568675715,-8.108108108108103
D1,2024-05-18,Werder Bremen,Bochum,4-1,Under 2.5,0.4023170182380078,0.44942869826346954,2.38,2.72,6.96403018670575,81.17522442392452,False,-81.17522442392452,7961.711344251791,-12.50000000000001
D1,2024-05-18,Hoffenheim,Bayern Munich,4-2,Over 2.5,0.8063549864822467,0.8626731841691059,1.25,0.0,7.834148021138243,238.85134032755371,True,59.71283508188844,8021.42417933368,0.0
D1,2024-05-18,Dortmund,Darmstadt,4-0,Over 2.5,0.829839843004526,0.8897567355009671,1.2,1.3,6.770808260116046,240.64272538001038,True,48.12854507600204,8069.552724409682,-7.692307692307699
D1,2024-08-24,Freiburg,Stuttgart,3-1,Under 2.5,0.43682266976126083,0.49780507978510014,2.2,2.58,9.517117552722043,127.99813646015893,False,-127.99813646015893,7941.554587949523,-14.728682170542628
D1,2024-08-24,Augsburg,Werder Bremen,2-2,Under 2.5,0.44751288377192355,0.514443675765275,2.1,2.26,8.03317191070776,115.99249680594276,False,-115.99249680594276,7825.56209114358,-7.079646017699104
D1,2024-08-31,Stuttgart,Mainz,3-3,Under 2.5,0.43777156148951935,0.488774582809399,2.3,2.51,12.418154046161757,149.50620853173046,False,-149.50620853173046,7676.0558826118495,-8.366533864541836
D1,2024-09-14,RB Leipzig,Union Berlin,0-0,Under 2.5,0.45644859747046074,0.5210101076782846,2.2,2.42,14.622223689222613,187.06834361087274,True,224.48201233304732,7900.537894944897,-9.090909090909083
D1,2024-09-20,Augsburg,Mainz,2-3,Under 2.5,0.4661112269014044,0.5099814888919854,2.2,2.15,12.195927556236796,160.59064637008572,False,-160.59064637008572,7739.947248574811,2.3255813953488413
D1,2024-09-28,Wolfsburg,Stuttgart,2-2,Under 2.5,0.4037547114950518,0.42503775367821095,2.63,2.35,11.784929217369466,111.91991468788686,False,-111.91991468788686,7628.027333886924,11.91489361702127
D1,2024-09-28,M'gladbach,Union Berlin,1-0,Under 2.5,0.49204795799612777,0.5260205179296494,2.0,2.09,5.204103585929887,79.39408880370426,True,79.39408880370426,7707.421422690628,-4.306220095693769
D1,2024-10-06,Heidenheim,RB Leipzig,0-1,Under 2.5,0.4349873327207594,0.44540264206241453,2.38,2.32,6.005828810854652,67.08616469245469,True,92.57890727558747,7800.000329966216,2.586206896551735
D1,2024-10-19,Leverkusen,Ein Frankfurt,2-1,Under 2.5,0.3524823614579178,0.35572049621627133,3.0,2.87,6.716148864881388,52.385963362177144,False,-52.385963362177144,7747.614366604039,4.529616724738683
D1,2024-10-19,Mainz,RB Leipzig,0-2,Under 2.5,0.4811876846804275,0.4888950763544774,2.2,2.56,7.556916797985025,97.58012858550042,True,117.09615430260051,7864.710520906639,-14.0625
D1,2024-10-26,Augsburg,Dortmund,2-1,Over 2.5,0.6994291170367409,0.7221252874660719,1.5,1.5,8.318793119910772,235.94131562719917,True,117.97065781359959,7982.681178720239,0.0
D1,2024-10-27,Heidenheim,Hoffenheim,0-0,Over 2.5,0.7061553822658613,0.729412089364088,1.53,1.8,11.60004967270547,239.48043536160716,False,-239.48043536160716,7743.200743358631,-15.000000000000002
D1,2024-11-10,Heidenheim,Wolfsburg,1-3,Over 2.5,0.527379463414781,0.5505492918332562,1.95,2.02,7.357111907484959,119.9317776652844,True,113.93518878202018,7857.135932140652,-3.4653465346534684
D1,2024-11-10,Augsburg,Hoffenheim,0-0,Over 2.5,0.6949051195164081,0.7295062335291338,1.57,1.94,14.532478664074011,235.71407796421954,False,-235.71407796421954,7621.421854176432,-19.072164948453608
D1,2024-11-22,Bayern Munich,Augsburg,3-0,Over 2.5,0.8153655536755705,0.841804406146528,1.29,0.0,8.592768392902105,228.64265562529295,True,66.30637013133497,7687.728224307767,0.0
D1,2024-11-23,Dortmund,Freiburg,4-0,Over 2.5,0.6494294310075585,0.6882007961157273,1.57,1.75,8.047524990169187,217.07784211489732,True,123.73437000549151,7811.462594313259,-10.285714285714286
D1,2024-11-23,Hoffenheim,RB Leipzig,4-3,Over 2.5,0.6423640891034965,0.681446694460877,1.57,1.57,6.987131030357707,191.50776380773542,True,109.1594253704092,7920.6220196836675,0.0
D1,2024-11-30,Dortmund,Bayern Munich,1-1,Over 2.5,0.7672498121977778,0.793923490051474,1.4,1.6,11.149288607206342,237.61866059051002,False,-237.61866059051002,7683.003359093157,-12.50000000000001
D1,2024-11-30,Augsburg,Bochum,1-0,Over 2.5,0.6119937850003879,0.6418427116346198,1.73,1.85,11.038789112789216,230.4901007727947,False,-230.4901007727947,7452.513258320362,-6.486486486486487
D1,2024-12-01,Mainz,Hoffenheim,2-0,Over 2.5,0.647455896302809,0.67729567033837,1.67,1.79,13.108376946507793,223.57539774961086,False,-223.57539774961086,7228.937860570752,-6.703910614525144
D1,2024-12-01,Heidenheim,Ein Frankfurt,0-4,Over 2.5,0.5925418040634415,0.6222345998053112,1.73,1.76,7.646585766318825,151.44299548011938,True,110.55338670048715,7339.4912472712385,-1.7045454545454586
D1,2024-12-07,M'gladbach,Dortmund,1-1,Over 2.5,0.717560147496414,0.731825522650711,1.44,1.53,5.38287526170238,179.5798448564432,False,-179.5798448564432,7159.911402414796,-5.882352941176472
D1,2024-12-08,Hoffenheim,Freiburg,1-1,Over 2.5,0.641747491121976,0.6602249403078142,1.73,1.98,14.218914673251849,214.79734207244385,False,-214.79734207244385,6945.114060342352,-12.62626262626263
D1,2024-12-13,Freiburg,Wolfsburg,3-2,Over 2.5,0.5532682879447092,0.5776507315240538,1.93,1.88,11.48659118414237,171.56061492127245,True,159.55137187678335,7104.665432219135,2.659574468085113
D1,2024-12-14,Augsburg,Leverkusen,0-2,Over 2.5,0.6343447727074423,0.6487975096292463,1.67,1.94,8.34918410808414,177.06913349235424,False,-177.06913349235424,6927.596298726781,-13.917525773195882
D1,2024-12-15,Heidenheim,Stuttgart,1-3,Over 2.5,0.634179591520509,0.6486527667516818,1.73,1.58,12.216928648040959,207.82788896180344,True,151.7143589421165,7079.310657668898,9.493670886075932
D1,2024-12-15,Dortmund,Hoffenheim,1-1,Over 2.5,0.7855104109915568,0.7824903075265099,1.4,1.49,9.548643053711391,212.37931973006692,False,-212.37931973006692,6866.931337938831,-6.040268456375841
D1,2024-12-20,Bayern Munich,RB Leipzig,5-1,Under 2.5,0.31251371351678414,0.30161917044478637,3.75,3.43,13.107188916794899,65.45903005456242,False,-65.45903005456242,6801.472307884269,9.329446064139946
D1,2024-12-21,Hoffenheim,M'gladbach,1-2,Over 2.5,0.7190138229809458,0.7286078844869955,1.57,1.62,14.391437864458311,204.04416923652806,True,116.30517646482102,6917.77748434909,-3.0864197530864224
D1,2024-12-22,Wolfsburg,Dortmund,1-3,Over 2.5,0.6747507438199959,0.6861545986983577,1.62,1.64,11.157044989133947,207.5333245304727,True,128.6706612088931,7046.448145557983,-1.2195121951219412
D1,2025-01-10,Dortmund,Leverkusen,2-3,Over 2.5,0.6693486422169795,0.6895184825229815,1.57,1.56,8.254401756108098,204.0849612176088,True,116.32842789403702,7162.77657345202,0.6410256410256387
D1,2025-01-11,Freiburg,Holstein Kiel,3-2,Over 2.5,0.7075612208713764,0.7265295606607648,1.57,1.52,14.065141023740079,214.8832972035606,True,122.48347940602955,7285.26005285805,3.289473684210531
D1,2025-01-11,Hoffenheim,Wolfsburg,0-1,Over 2.5,0.6919519796765445,0.7114440097787963,1.57,1.74,11.696709535271022,218.5578015857415,False,-218.5578015857415,7066.702251272308,-9.770114942528728
D1,2025-01-11,Mainz,Bochum,2-0,Over 2.5,0.5898695244778331,0.6116734754012336,1.73,1.93,5.819511244413422,112.67055674575562,False,-112.67055674575562,6954.031694526552,-10.362694300518138
D1,2025-01-11,M'gladbach,Bayern Munich,0-1,Over 2.5,0.7626085802250617,0.7793638944315375,1.36,1.39,5.993489642689109,208.62095083579655,False,-208.62095083579655,6745.410743690755,-2.1582733812949506
D1,2025-01-12,Augsburg,Stuttgart,0-1,Over 2.5,0.6069205630732465,0.6284716331974488,1.73,1.81,8.725592543158633,161.25398817997333,False,-161.25398817997333,6584.156755510782,-4.41988950276243
D1,2025-01-14,Wolfsburg,M'gladbach,5-1,Over 2.5,0.661796128463238,0.6821712985773302,1.62,1.68,10.511750369527494,197.52470266532345,True,122.46531565250058,6706.622071163283,-3.5714285714285587
D1,2025-01-14,Leverkusen,Mainz,1-0,Over 2.5,0.6338334354084466,0.6548770400122419,1.62,1.69,6.090080481983184,131.75441346977166,False,-131.75441346977166,6574.867657693511,-4.142011834319515
D1,2025-01-15,Bayern Munich,Hoffenheim,5-0,Over 2.5,0.8530210131404824,0.8648732001453358,1.25,0.0,8.109150018166966,197.24602973080533,True,49.31150743270132,6624.179165126213,0.0
D1,2025-01-17,Ein Frankfurt,Dortmund,2-0,Over 2.5,0.6872146622067746,0.6962911193074914,1.57,1.73,9.317705731276149,198.72537495378637,False,-198.72537495378637,6425.453790172426,-9.248554913294793
D1,2025-01-18,Leverkusen,M'gladbach,3-1,Over 2.5,0.730033501197892,0.7379081438418434,1.44,1.43,6.258772713225458,182.7975220546466,True,80.4309097040445,6505.88469987647,0.6993006993007089
D1,2025-01-18,Bochum,RB Leipzig,3-3,Over 2.5,0.6171700186758894,0.627955752425793,1.73,1.78,8.636345169662185,153.9371668552256,True,112.37413180431469,6618.258831680785,-2.8089887640449507
D1,2025-01-19,Union Berlin,Mainz,2-1,Under 2.5,0.6336305933161692,0.620312654666171,1.73,1.81,7.314089257247591,132.62064608898737,False,-132.62064608898737,6485.638185591798,-4.41988950276243
D1,2025-01-25,M'gladbach,Bochum,3-0,Over 2.5,0.6551613975795768,0.6628287977870412,1.62,1.62,7.37826524150067,154.36373804419827,True,95.70551758740294,6581.343703179201,0.0
D1,2025-01-25,Dortmund,Werder Bremen,2-2,Over 2.5,0.7241212419973027,0.7282977468881359,1.5,1.47,9.244662033220386,197.44031109537602,True,98.720155547688,6680.063858726889,2.0408163265306145
D1,2025-01-25,Augsburg,Heidenheim,2-1,Over 2.5,0.5718447170752942,0.5836568723835829,1.92,1.9,12.062119497647906,175.1646272084407,True,161.15145703176543,6841.2153157586545,1.0526315789473717
D1,2025-01-26,Hoffenheim,Ein Frankfurt,2-2,Over 2.5,0.6656173060894888,0.6727518053317958,1.67,1.49,12.349551490409883,205.23645947275963,True,137.50842784674893,6978.723743605404,12.080536912751683
D1,2025-01-31,Werder Bremen,Mainz,1-0,Over 2.5,0.5539011538806573,0.5784671335609722,1.89,1.79,9.330288243023755,146.32248111521832,False,-146.32248111521832,6832.401262490185,5.586592178770933
D1,2025-02-01,Bayern Munich,Holstein Kiel,4-3,Over 2.5,0.927366329214062,0.9221926652075936,1.14,0.0,5.129963833665663,204.97203787470553,True,28.696085302458755,6861.097347792644,0.0
D1,2025-02-01,Bochum,Freiburg,0-1,Over 2.5,0.5596314740125418,0.5836965303925282,1.8,1.97,5.065375470655087,86.88508551821373,False,-86.88508551821373,6774.21226227443,-8.629441624365475
D1,2025-02-01,Heidenheim,Dortmund,1-2,Over 2.5,0.6840665218144593,0.6965533187311488,1.57,1.62,9.358871040790362,203.2263678682329,True,115.83902968489275,6890.051291959323,-3.0864197530864224
D1,2025-02-01,St Pauli,Augsburg,1-1,Under 2.5,0.7230439755087622,0.6838546219832962,1.67,1.72,14.203721871210462,206.7015387587797,True,138.49003096838237,7028.541322927706,-2.9069767441860517
D1,2025-02-02,Leverkusen,Hoffenheim,3-1,Over 2.5,0.7673527971487677,0.7721222130400979,1.36,1.31,5.008620973453315,195.57388601555024,True,70.40659896559808,7098.947921893304,3.8167938931297662
D1,2025-02-08,Freiburg,Heidenheim,1-0,Over 2.5,0.5894430549423998,0.6139111979943784,1.73,1.82,6.206637253027458,120.71395788856142,False,-120.71395788856142,6978.233964004742,-4.94505494505495
D1,2025-02-08,Mainz,Augsburg,0-0,Over 2.5,0.5119438860563696,0.5432654040903834,2.05,2.1,11.369407838528577,151.12073891322262,False,-151.12073891322262,6827.11322509152,-2.3809523809523947
D1,2025-02-08,Wolfsburg,Leverkusen,0-0,Over 2.5,0.6518854186474173,0.6702880682897655,1.67,1.82,11.93810740439083,204.81339675274558,False,-204.81339675274558,6622.299828338774,-8.241758241758246
D1,2025-02-14,Augsburg,RB Leipzig,0-0,Over 2.5,0.5800102470914421,0.6015794169770212,1.9,1.94,14.300089225634016,198.66899485016322,False,-198.66899485016322,6423.630833488611,-2.0618556701030966
D1,2025-02-15,Union Berlin,M'gladbach,1-2,Under 2.5,0.5322513101798036,0.5139816222446945,2.1,2.13,7.9361406713858385,92.68879621021287,False,-92.68879621021287,6330.942037278398,-1.4084507042253391
D1,2025-02-15,Bochum,Dortmund,2-0,Over 2.5,0.6758509556358024,0.6981657761435751,1.62,1.61,13.102855735259178,189.92826111835194,False,-189.92826111835194,6141.013776160046,0.6211180124223503
D1,2025-02-16,Werder Bremen,Hoffenheim,1-3,Over 2.5,0.6860361977858868,0.708295666628738,1.53,1.61,8.369236994196916,184.2304132848014,True,97.64211904094475,6238.655895200991,-4.968944099378891
D1,2025-02-22,Wolfsburg,Bochum,1-1,Over 2.5,0.6380338960358949,0.6493148515223975,1.62,1.57,5.189005946628411,104.4271694811817,False,-104.4271694811817,6134.2287257198095,3.1847133757961776
D1,2025-02-28,Stuttgart,Bayern Munich,1-3,Over 2.5,0.6858754779564293,0.6982348191765868,1.53,1.56,6.8299273340177935,158.09938281853132,True,83.79267289382162,6218.021398613631,-1.9230769230769273
D1,2025-03-02,Augsburg,Freiburg,0-0,Over 2.5,0.5132215676632503,0.50605447417185,2.2,2.37,11.33198431780702,117.43753496146344,False,-117.43753496146344,6100.583863652168,-7.1729957805907185
D1,2025-03-08,Bayern Munich,Bochum,2-3,Over 2.5,0.8246826588686061,0.8592558450882576,1.29,1.33,10.844004016385234,183.01751590956502,True,53.07507961377385,6153.658943265941,-3.007518796992481
D1,2025-03-08,Leverkusen,Werder Bremen,0-2,Over 2.5,0.721395536780155,0.7510261654709333,1.53,1.55,14.90700331705279,184.60976829797823,False,-184.60976829797823,5969.049174967963,-1.2903225806451646
D1,2025-03-09,Hoffenheim,Heidenheim,1-1,Over 2.5,0.6615697207301773,0.6839821275096328,1.62,1.74,10.805104656560527,179.07147524903888,False,-179.07147524903888,5789.977699718925,-6.896551724137923
D1,2025-03-09,Ein Frankfurt,Union Berlin,1-2,Under 2.5,0.49176083798867165,0.49513167989941587,2.2,2.06,8.928969577871504,86.16422456224117,False,-86.16422456224117,5703.813475156683,6.796116504854366
D1,2025-03-15,RB Leipzig,Dortmund,2-0,Over 2.5,0.6685978511871842,0.6802297194335832,1.62,1.68,10.197214548240495,171.11440425470047,False,-171.11440425470047,5532.699070901983,-3.5714285714285587
D1,2025-03-28,Leverkusen,Bochum,3-1,Over 2.5,0.7317261596950615,0.7509806478484224,1.41,1.46,5.888271346627549,158.91723614002478,True,65.15606681741014,5597.855137719393,-3.424657534246578
D1,2025-03-29,Hoffenheim,Augsburg,1-1,Over 2.5,0.5582464624596748,0.5347928620533666,2.1,1.93,12.306501031207006,125.25456368162016,False,-125.25456368162016,5472.600574037772,8.808290155440424
D1,2025-03-30,Freiburg,Union Berlin,1-2,Under 2.5,0.5767957771757586,0.6323147120285089,1.73,1.85,9.390445180932039,140.79494708942158,False,-140.79494708942158,5331.80562694835,-6.486486486486487
D1,2025-04-04,Augsburg,Bayern Munich,1-3,Over 2.5,0.6573944212996501,0.6632150682402509,1.62,1.6,7.440841054920644,127.97780066404586,True,79.34623641170843,5411.151863360059,1.2499999999999956
D1,2025-04-05,Freiburg,Dortmund,1-4,Over 2.5,0.6265913489917256,0.6208396669326561,1.8,1.72,11.751140047878117,158.96800841670157,True,127.17440673336128,5538.32627009342,4.651162790697683
D1,2025-04-12,Bochum,Augsburg,1-2,Under 2.5,0.5129184165326013,0.6001533319183601,1.88,1.79,12.828826400651682,161.47778697544825,False,-161.47778697544825,5376.848483117972,5.027932960893855
D1,2025-04-19,Heidenheim,Bayern Munich,0-4,Over 2.5,0.7324084507949881,0.7681178069810785,1.4,1.32,7.536492977350973,161.30545449353914,True,64.52218179741564,5441.370664915387,6.060606060606055
D1,2025-04-19,Mainz,Wolfsburg,2-2,Under 2.5,0.4837825216823186,0.5516648619709325,2.0,2.2,10.332972394186491,112.45106573421378,False,-112.45106573421378,5328.919599181174,-9.090909090909093
D1,2025-04-20,Augsburg,Ein Frankfurt,0-0,Under 2.5,0.47532052988481344,0.5391259605659177,1.98,2.06,6.746940192051687,73.37530984474998,True,71.90780364785499,5400.827402829029,-3.8834951456310662
D1,2025-04-25,Stuttgart,Heidenheim,0-1,Under 2.5,0.3726487629117864,0.3839630274006033,2.75,2.71,5.589832535165895,34.50253798074205,True,60.37944146629859,5461.206844295328,1.4760147601476037
D1,2025-04-26,Hoffenheim,Dortmund,2-3,Over 2.5,0.7319517047480059,0.7557176943520577,1.44,1.56,8.823347986696305,163.83620532885982,True,72.08793034469832,5533.294774640026,-7.692307692307699
D1,2025-05-03,M'gladbach,Hoffenheim,4-4,Over 2.5,0.7208909169810455,0.74748325589249,1.41,1.38,5.395139080841083,145.62387748523983,True,59.70578976894831,5593.000564408974,2.1739130434782705
D1,2025-05-10,Holstein Kiel,Freiburg,1-2,Over 2.5,0.7053575937081346,0.7334486034989669,1.53,1.62,12.217636335341941,167.79001693226922,True,88.92870897410268,5681.929273383077,-5.555555555555558
D1,2025-05-11,Leverkusen,Dortmund,2-4,Over 2.5,0.6853569995915046,0.707151624371048,1.5,1.48,6.072743655657198,138.01959978731986,True,69.00979989365993,5750.939073276737,1.3513513513513598
D1,2025-05-17,Freiburg,Ein Frankfurt,1-3,Under 2.5,0.4288692583842988,0.4415993605102406,2.5,2.37,10.399840127560145,79.74512926055604,False,-79.74512926055604,5671.1939440161805,5.485232067510548
D1,2025-05-17,Hoffenheim,Bayern Munich,0-4,Over 2.5,0.8077353422565121,0.8320019510768925,1.29,1.34,7.32825168891913,170.1358183204854,True,49.33938731294077,5720.533331329121,-3.731343283582089
