strategy,matchday,leg_no,league,season,match,dir,odd,won,result,combo_odd,all_won,pnl
T1 only (>=1 confirm),2021-09-11,1,T1,2122,Karagumruk vs Ad. Demirspor,H,2.66,True,H,9.02538,True,8.02538
T1 only (>=1 confirm),2021-09-11,2,T1,2122,Konyaspor vs Altay,H,2.61,True,H,9.02538,True,8.02538
T1 only (>=1 confirm),2021-09-11,3,T1,2122,Besiktas vs Yeni Malatyaspor,H,1.3,True,H,9.02538,True,8.02538
T1 only (>=1 confirm),2021-09-12,1,T1,2122,Fenerbahce vs Sivasspor,H,1.56,False,D,8.975615999999999,False,-1.0
T1 only (>=1 confirm),2021-09-12,2,T1,2122,Trabzonspor vs Galatasaray,H,2.32,False,D,8.975615999999999,False,-1.0
T1 only (>=1 confirm),2021-09-12,3,T1,2122,Rizespor vs Hatayspor,H,2.48,False,A,8.975615999999999,False,-1.0
T1 only (>=1 confirm),2021-09-21,1,T1,2122,Besiktas vs Ad. Demirspor,H,1.4,False,D,5.780880000000001,False,-1.0
T1 only (>=1 confirm),2021-09-21,2,T1,2122,Karagumruk vs Antalyaspor,H,1.86,False,D,5.780880000000001,False,-1.0
T1 only (>=1 confirm),2021-09-21,3,T1,2122,Rizespor vs Altay,A,2.22,True,A,5.780880000000001,False,-1.0
T1 only (>=1 confirm),2021-09-22,1,T1,2122,Kayserispor vs Galatasaray,A,1.87,False,H,12.190529999999999,False,-1.0
T1 only (>=1 confirm),2021-09-22,2,T1,2122,Goztep vs Hatayspor,H,2.46,False,A,12.190529999999999,False,-1.0
T1 only (>=1 confirm),2021-09-22,3,T1,2122,Gaziantep vs Buyuksehyr,A,2.65,False,H,12.190529999999999,False,-1.0
T1 only (>=1 confirm),2021-09-23,1,T1,2122,Fenerbahce vs Giresunspor,H,1.42,True,H,5.995807999999999,False,-1.0
T1 only (>=1 confirm),2021-09-23,2,T1,2122,Alanyaspor vs Kasimpasa,H,1.82,True,H,5.995807999999999,False,-1.0
T1 only (>=1 confirm),2021-09-23,3,T1,2122,Konyaspor vs Trabzonspor,A,2.32,False,D,5.995807999999999,False,-1.0
T1 only (>=1 confirm),2021-09-26,1,T1,2122,Buyuksehyr vs Rizespor,H,1.62,True,H,6.368544,True,5.368544
T1 only (>=1 confirm),2021-09-26,2,T1,2122,Galatasaray vs Goztep,H,1.56,True,H,6.368544,True,5.368544
T1 only (>=1 confirm),2021-09-26,3,T1,2122,Hatayspor vs Fenerbahce,A,2.52,True,A,6.368544,True,5.368544
T1 only (>=1 confirm),2021-10-02,1,T1,2122,Goztep vs Giresunspor,H,2.43,False,A,10.663812,False,-1.0
T1 only (>=1 confirm),2021-10-02,2,T1,2122,Kayserispor vs Trabzonspor,A,2.07,True,A,10.663812,False,-1.0
T1 only (>=1 confirm),2021-10-02,3,T1,2122,Besiktas vs Sivasspor,H,2.12,True,H,10.663812,False,-1.0
T1 only (>=1 confirm),2021-10-03,1,T1,2122,Fenerbahce vs Kasimpasa,H,1.68,True,H,7.739759999999999,True,6.739759999999999
T1 only (>=1 confirm),2021-10-03,2,T1,2122,Gaziantep vs Altay,H,2.71,True,H,7.739759999999999,True,6.739759999999999
T1 only (>=1 confirm),2021-10-03,3,T1,2122,Rizespor vs Galatasaray,A,1.7,True,A,7.739759999999999,True,6.739759999999999
T1 only (>=1 confirm),2021-10-16,1,T1,2122,Giresunspor vs Rizespor,H,1.78,True,H,5.575672,False,-1.0
T1 only (>=1 confirm),2021-10-16,2,T1,2122,Ad. Demirspor vs Yeni Malatyaspor,H,1.64,False,A,5.575672,False,-1.0
T1 only (>=1 confirm),2021-10-16,3,T1,2122,Sivasspor vs Antalyaspor,H,1.91,False,D,5.575672,False,-1.0
T1 only (>=1 confirm),2021-10-30,1,T1,2122,Kasimpasa vs Yeni Malatyaspor,H,1.95,True,H,11.79984,False,-1.0
T1 only (>=1 confirm),2021-10-30,2,T1,2122,Konyaspor vs Fenerbahce,A,2.44,False,H,11.79984,False,-1.0
T1 only (>=1 confirm),2021-10-30,3,T1,2122,Hatayspor vs Besiktas,A,2.48,False,H,11.79984,False,-1.0
T1 only (>=1 confirm),2021-10-31,1,T1,2122,Alanyaspor vs Goztep,H,1.85,False,D,7.095490000000001,False,-1.0
T1 only (>=1 confirm),2021-10-31,2,T1,2122,Kayserispor vs Karagumruk,A,2.54,False,H,7.095490000000001,False,-1.0
T1 only (>=1 confirm),2021-10-31,3,T1,2122,Galatasaray vs Gaziantep,H,1.51,True,H,7.095490000000001,False,-1.0
T1 only (>=1 confirm),2021-11-07,1,T1,2122,Fenerbahce vs Kayserispor,H,1.43,False,D,7.416409000000001,False,-1.0
T1 only (>=1 confirm),2021-11-07,2,T1,2122,Karagumruk vs Galatasaray,A,2.17,False,D,7.416409000000001,False,-1.0
T1 only (>=1 confirm),2021-11-07,3,T1,2122,Goztep vs Konyaspor,H,2.39,False,A,7.416409000000001,False,-1.0
T1 only (>=1 confirm),2021-11-21,1,T1,2122,Kasimpasa vs Karagumruk,H,2.61,False,A,9.301779,False,-1.0
T1 only (>=1 confirm),2021-11-21,2,T1,2122,Galatasaray vs Fenerbahce,H,2.27,False,A,9.301779,False,-1.0
T1 only (>=1 confirm),2021-11-21,3,T1,2122,Konyaspor vs Rizespor,H,1.57,True,H,9.301779,False,-1.0
T1 only (>=1 confirm),2021-12-04,1,T1,2122,Galatasaray vs Altay,H,1.41,False,D,7.351176,False,-1.0
T1 only (>=1 confirm),2021-12-04,2,T1,2122,Trabzonspor vs Ad. Demirspor,H,1.96,True,H,7.351176,False,-1.0
T1 only (>=1 confirm),2021-12-04,3,T1,2122,Alanyaspor vs Sivasspor,H,2.66,False,A,7.351176,False,-1.0
T1 only (>=1 confirm),2021-12-05,1,T1,2122,Hatayspor vs Buyuksehyr,A,2.53,True,A,14.229732,True,13.229732
T1 only (>=1 confirm),2021-12-05,2,T1,2122,Giresunspor vs Karagumruk,H,2.18,True,H,14.229732,True,13.229732
T1 only (>=1 confirm),2021-12-05,3,T1,2122,Kayserispor vs Antalyaspor,H,2.58,True,H,14.229732,True,13.229732
T1 only (>=1 confirm),2021-12-18,1,T1,2122,Galatasaray vs Buyuksehyr,H,2.44,False,D,9.382776,False,-1.0
T1 only (>=1 confirm),2021-12-18,2,T1,2122,Trabzonspor vs Hatayspor,H,1.74,True,H,9.382776,False,-1.0
T1 only (>=1 confirm),2021-12-18,3,T1,2122,Konyaspor vs Antalyaspor,H,2.21,True,H,9.382776,False,-1.0
T1 only (>=1 confirm),2021-12-19,1,T1,2122,Fenerbahce vs Besiktas,H,2.42,False,D,11.65835,False,-1.0
T1 only (>=1 confirm),2021-12-19,2,T1,2122,Rizespor vs Yeni Malatyaspor,H,2.35,True,H,11.65835,False,-1.0
T1 only (>=1 confirm),2021-12-19,3,T1,2122,Goztep vs Karagumruk,H,2.05,False,A,11.65835,False,-1.0
T1 only (>=1 confirm),2021-12-21,1,T1,2122,Buyuksehyr vs Giresunspor,H,2.06,True,H,9.305226,False,-1.0
T1 only (>=1 confirm),2021-12-21,2,T1,2122,Altay vs Trabzonspor,A,2.39,True,A,9.305226,False,-1.0
T1 only (>=1 confirm),2021-12-21,3,T1,2122,Antalyaspor vs Kasimpasa,H,1.89,False,D,9.305226,False,-1.0
T1 only (>=1 confirm),2021-12-22,1,T1,2122,Karagumruk vs Fenerbahce,A,2.07,False,D,8.078382000000001,False,-1.0
T1 only (>=1 confirm),2021-12-22,2,T1,2122,Sivasspor vs Rizespor,H,1.58,False,D,8.078382000000001,False,-1.0
T1 only (>=1 confirm),2021-12-22,3,T1,2122,Gaziantep vs Alanyaspor,H,2.47,True,H,8.078382000000001,False,-1.0
T1 only (>=1 confirm),2021-12-25,1,T1,2122,Kasimpasa vs Altay,H,2.23,True,H,8.084196,False,-1.0
T1 only (>=1 confirm),2021-12-25,2,T1,2122,Galatasaray vs Antalyaspor,H,1.71,True,H,8.084196,False,-1.0
T1 only (>=1 confirm),2021-12-25,3,T1,2122,Giresunspor vs Hatayspor,H,2.12,False,A,8.084196,False,-1.0
T1 only (>=1 confirm),2022-01-08,1,T1,2122,Kasimpasa vs Hatayspor,H,1.91,True,H,8.10986,False,-1.0
T1 only (>=1 confirm),2022-01-08,2,T1,2122,Galatasaray vs Giresunspor,H,1.93,False,A,8.10986,False,-1.0
T1 only (>=1 confirm),2022-01-08,3,T1,2122,Gaziantep vs Karagumruk,H,2.2,True,H,8.10986,False,-1.0
T1 only (>=1 confirm),2022-01-09,1,T1,2122,Kayserispor vs Altay,H,2.14,True,H,10.823264000000002,False,-1.0
T1 only (>=1 confirm),2022-01-09,2,T1,2122,Goztep vs Antalyaspor,H,2.32,True,H,10.823264000000002,False,-1.0
T1 only (>=1 confirm),2022-01-09,3,T1,2122,Konyaspor vs Sivasspor,H,2.18,False,A,10.823264000000002,False,-1.0
T1 only (>=1 confirm),2022-01-19,1,T1,2122,Fenerbahce vs Altay,H,1.46,True,H,5.6332640000000005,False,-1.0
T1 only (>=1 confirm),2022-01-19,2,T1,2122,Trabzonspor vs Giresunspor,H,1.82,False,D,5.6332640000000005,False,-1.0
T1 only (>=1 confirm),2022-01-19,3,T1,2122,Goztep vs Sivasspor,H,2.12,True,H,5.6332640000000005,False,-1.0
T1 only (>=1 confirm),2022-01-23,1,T1,2122,Altay vs Konyaspor,A,2.28,True,A,10.80378,False,-1.0
T1 only (>=1 confirm),2022-01-23,2,T1,2122,Galatasaray vs Trabzonspor,H,2.43,False,A,10.80378,False,-1.0
T1 only (>=1 confirm),2022-01-23,3,T1,2122,Kasimpasa vs Kayserispor,H,1.95,True,H,10.80378,False,-1.0
T1 only (>=1 confirm),2022-02-05,1,T1,2122,Fenerbahce vs Buyuksehyr,H,2.35,False,A,11.449200000000001,False,-1.0
T1 only (>=1 confirm),2022-02-05,2,T1,2122,Karagumruk vs Yeni Malatyaspor,H,1.74,True,H,11.449200000000001,False,-1.0
T1 only (>=1 confirm),2022-02-05,3,T1,2122,Gaziantep vs Sivasspor,H,2.8,True,H,11.449200000000001,False,-1.0
T1 only (>=1 confirm),2022-02-06,1,T1,2122,Alanyaspor vs Galatasaray,H,2.68,False,D,8.428600000000001,False,-1.0
T1 only (>=1 confirm),2022-02-06,2,T1,2122,Goztep vs Altay,H,1.7,False,A,8.428600000000001,False,-1.0
T1 only (>=1 confirm),2022-02-06,3,T1,2122,Besiktas vs Antalyaspor,H,1.85,False,D,8.428600000000001,False,-1.0
T1 only (>=1 confirm),2022-02-20,1,T1,2122,Fenerbahce vs Hatayspor,H,1.85,True,H,13.426190000000002,False,-1.0
T1 only (>=1 confirm),2022-02-20,2,T1,2122,Gaziantep vs Ad. Demirspor,H,2.62,False,A,13.426190000000002,False,-1.0
T1 only (>=1 confirm),2022-02-20,3,T1,2122,Karagumruk vs Sivasspor,H,2.77,True,H,13.426190000000002,False,-1.0
T1 only (>=1 confirm),2022-03-06,1,T1,2122,Karagumruk vs Altay,H,2.22,False,D,11.179476000000003,False,-1.0
T1 only (>=1 confirm),2022-03-06,2,T1,2122,Antalyaspor vs Sivasspor,H,2.18,True,H,11.179476000000003,False,-1.0
T1 only (>=1 confirm),2022-03-06,3,T1,2122,Fenerbahce vs Trabzonspor,H,2.31,False,D,11.179476000000003,False,-1.0
T1 only (>=1 confirm),2022-03-14,1,T1,2122,Galatasaray vs Besiktas,H,2.35,True,H,11.983825,False,-1.0
T1 only (>=1 confirm),2022-03-14,2,T1,2122,Buyuksehyr vs Antalyaspor,H,2.17,False,A,11.983825,False,-1.0
T1 only (>=1 confirm),2022-03-14,3,T1,2122,Giresunspor vs Gaziantep,H,2.35,True,H,11.983825,False,-1.0
T1 only (>=1 confirm),2022-04-02,1,T1,2122,Galatasaray vs Karagumruk,H,1.65,True,H,8.722394999999999,True,7.722394999999999
T1 only (>=1 confirm),2022-04-02,2,T1,2122,Kayserispor vs Fenerbahce,A,2.01,True,A,8.722394999999999,True,7.722394999999999
T1 only (>=1 confirm),2022-04-02,3,T1,2122,Altay vs Antalyaspor,A,2.63,True,A,8.722394999999999,True,7.722394999999999
T1 only (>=1 confirm),2022-04-03,1,T1,2122,Konyaspor vs Goztep,H,1.79,True,H,5.417972000000001,True,4.417972000000001
T1 only (>=1 confirm),2022-04-03,2,T1,2122,Alanyaspor vs Rizespor,H,1.61,True,H,5.417972000000001,True,4.417972000000001
T1 only (>=1 confirm),2022-04-03,3,T1,2122,Kasimpasa vs Gaziantep,H,1.88,True,H,5.417972000000001,True,4.417972000000001
T1 only (>=1 confirm),2022-04-09,1,T1,2122,Goztep vs Kayserispor,H,2.0,False,A,10.411200000000001,False,-1.0
T1 only (>=1 confirm),2022-04-09,2,T1,2122,Rizespor vs Konyaspor,A,2.16,False,H,10.411200000000001,False,-1.0
T1 only (>=1 confirm),2022-04-09,3,T1,2122,Karagumruk vs Kasimpasa,A,2.41,False,H,10.411200000000001,False,-1.0
T1 only (>=1 confirm),2022-04-10,1,T1,2122,Yeni Malatyaspor vs Giresunspor,A,1.82,True,A,10.456264000000001,False,-1.0
T1 only (>=1 confirm),2022-04-10,2,T1,2122,Fenerbahce vs Galatasaray,H,2.12,True,H,10.456264000000001,False,-1.0
T1 only (>=1 confirm),2022-04-10,3,T1,2122,Sivasspor vs Buyuksehyr,H,2.71,False,A,10.456264000000001,False,-1.0
T1 only (>=1 confirm),2022-04-16,1,T1,2122,Alanyaspor vs Antalyaspor,H,2.16,False,A,5.1408,False,-1.0
T1 only (>=1 confirm),2022-04-16,2,T1,2122,Fenerbahce vs Goztep,H,1.4,True,H,5.1408,False,-1.0
T1 only (>=1 confirm),2022-04-16,3,T1,2122,Altay vs Buyuksehyr,A,1.7,False,D,5.1408,False,-1.0
T1 only (>=1 confirm),2022-04-24,1,T1,2122,Altay vs Galatasaray,A,1.98,True,A,4.941090000000001,False,-1.0
T1 only (>=1 confirm),2022-04-24,2,T1,2122,Antalyaspor vs Kayserispor,H,1.61,False,D,4.941090000000001,False,-1.0
T1 only (>=1 confirm),2022-04-24,3,T1,2122,Yeni Malatyaspor vs Konyaspor,A,1.55,True,A,4.941090000000001,False,-1.0
T1 only (>=1 confirm),2022-05-01,1,T1,2122,Kayserispor vs Besiktas,A,2.13,True,A,8.695512,False,-1.0
T1 only (>=1 confirm),2022-05-01,2,T1,2122,Goztep vs Rizespor,H,2.16,False,A,8.695512,False,-1.0
T1 only (>=1 confirm),2022-05-01,3,T1,2122,Galatasaray vs Sivasspor,H,1.89,False,A,8.695512,False,-1.0
T1 only (>=1 confirm),2022-05-15,1,T1,2122,Fenerbahce vs Karagumruk,H,1.68,False,D,3.7237199999999997,False,-1.0
T1 only (>=1 confirm),2022-05-15,2,T1,2122,Alanyaspor vs Gaziantep,H,1.43,True,H,3.7237199999999997,False,-1.0
T1 only (>=1 confirm),2022-05-15,3,T1,2122,Goztep vs Besiktas,A,1.55,True,A,3.7237199999999997,False,-1.0
T1 only (>=1 confirm),2022-09-03,1,T1,2223,Fenerbahce vs Kayserispor,H,1.47,True,H,7.1406719999999995,True,6.1406719999999995
T1 only (>=1 confirm),2022-09-03,2,T1,2223,Buyuksehyr vs Alanyaspor,H,1.76,True,H,7.1406719999999995,True,6.1406719999999995
T1 only (>=1 confirm),2022-09-03,3,T1,2223,Giresunspor vs Konyaspor,A,2.76,True,A,7.1406719999999995,True,6.1406719999999995
T1 only (>=1 confirm),2022-09-11,1,T1,2223,Kasimpasa vs Galatasaray,A,1.72,True,A,6.104279999999999,False,-1.0
T1 only (>=1 confirm),2022-09-11,2,T1,2223,Gaziantep vs Umraniyespor,H,1.82,False,D,6.104279999999999,False,-1.0
T1 only (>=1 confirm),2022-09-11,3,T1,2223,Sivasspor vs Istanbulspor,H,1.95,False,D,6.104279999999999,False,-1.0
T1 only (>=1 confirm),2022-09-18,1,T1,2223,Fenerbahce vs Alanyaspor,H,1.59,True,H,4.434192,False,-1.0
T1 only (>=1 confirm),2022-09-18,2,T1,2223,Trabzonspor vs Gaziantep,H,1.68,True,H,4.434192,False,-1.0
T1 only (>=1 confirm),2022-09-18,3,T1,2223,Buyuksehyr vs Karagumruk,H,1.66,False,D,4.434192,False,-1.0
T1 only (>=1 confirm),2022-10-01,1,T1,2223,Ad. Demirspor vs Galatasaray,A,2.39,False,D,10.722257,False,-1.0
T1 only (>=1 confirm),2022-10-01,2,T1,2223,Kayserispor vs Trabzonspor,A,2.03,True,A,10.722257,False,-1.0
T1 only (>=1 confirm),2022-10-01,3,T1,2223,Kasimpasa vs Gaziantep,H,2.21,True,H,10.722257,False,-1.0
T1 only (>=1 confirm),2022-10-09,1,T1,2223,Fenerbahce vs Karagumruk,H,1.41,True,H,8.56575,False,-1.0
T1 only (>=1 confirm),2022-10-09,2,T1,2223,Umraniyespor vs Kayserispor,H,2.5,False,D,8.56575,False,-1.0
T1 only (>=1 confirm),2022-10-09,3,T1,2223,Hatayspor vs Alanyaspor,A,2.43,False,H,8.56575,False,-1.0
T1 only (>=1 confirm),2022-10-15,1,T1,2223,Kayserispor vs Galatasaray,A,1.93,False,H,6.951473999999999,False,-1.0
T1 only (>=1 confirm),2022-10-15,2,T1,2223,Karagumruk vs Hatayspor,H,2.07,True,H,6.951473999999999,False,-1.0
T1 only (>=1 confirm),2022-10-15,3,T1,2223,Konyaspor vs Gaziantep,H,1.74,False,A,6.951473999999999,False,-1.0
T1 only (>=1 confirm),2022-10-23,1,T1,2223,Ad. Demirspor vs Konyaspor,H,2.25,False,D,6.8210999999999995,False,-1.0
T1 only (>=1 confirm),2022-10-23,2,T1,2223,Galatasaray vs Alanyaspor,H,1.43,False,D,6.8210999999999995,False,-1.0
T1 only (>=1 confirm),2022-10-23,3,T1,2223,Kasimpasa vs Kayserispor,H,2.12,False,A,6.8210999999999995,False,-1.0
T1 only (>=1 confirm),2022-10-30,1,T1,2223,Istanbulspor vs Fenerbahce,A,1.49,True,A,4.033132,True,3.033132
T1 only (>=1 confirm),2022-10-30,2,T1,2223,Ankaragucu vs Hatayspor,H,2.02,True,H,4.033132,True,3.033132
T1 only (>=1 confirm),2022-10-30,3,T1,2223,Besiktas vs Umraniyespor,H,1.34,True,H,4.033132,True,3.033132
T1 only (>=1 confirm),2022-11-06,1,T1,2223,Trabzonspor vs Konyaspor,H,1.92,False,D,8.893439999999998,False,-1.0
T1 only (>=1 confirm),2022-11-06,2,T1,2223,Gaziantep vs Kayserispor,H,2.4,False,A,8.893439999999998,False,-1.0
T1 only (>=1 confirm),2022-11-06,3,T1,2223,Antalyaspor vs Karagumruk,H,1.93,True,H,8.893439999999998,False,-1.0
T1 only (>=1 confirm),2022-12-29,1,T1,2223,Sivasspor vs Galatasaray,A,1.7,True,A,6.86902,True,5.86902
T1 only (>=1 confirm),2022-12-29,2,T1,2223,Besiktas vs Ad. Demirspor,H,1.78,True,H,6.86902,True,5.86902
T1 only (>=1 confirm),2022-12-29,3,T1,2223,Giresunspor vs Gaziantep,H,2.27,True,H,6.86902,True,5.86902
T1 only (>=1 confirm),2023-01-09,1,T1,2223,Buyuksehyr vs Ad. Demirspor,H,2.18,True,H,12.680188000000001,False,-1.0
T1 only (>=1 confirm),2023-01-09,2,T1,2223,Istanbulspor vs Gaziantep,A,2.54,False,D,12.680188000000001,False,-1.0
T1 only (>=1 confirm),2023-01-09,3,T1,2223,Alanyaspor vs Trabzonspor,A,2.29,False,H,12.680188000000001,False,-1.0
T1 only (>=1 confirm),2023-01-28,1,T1,2223,Hatayspor vs Trabzonspor,A,1.79,False,H,4.568079999999999,False,-1.0
T1 only (>=1 confirm),2023-01-28,2,T1,2223,Ankaragucu vs Gaziantep,H,1.76,False,A,4.568079999999999,False,-1.0
T1 only (>=1 confirm),2023-01-28,3,T1,2223,Giresunspor vs Galatasaray,A,1.45,True,A,4.568079999999999,False,-1.0
T1 only (>=1 confirm),2023-02-01,1,T1,2223,Trabzonspor vs Antalyaspor,H,1.72,True,H,4.8762,True,3.8762
T1 only (>=1 confirm),2023-02-01,2,T1,2223,Galatasaray vs Umraniyespor,H,1.26,True,H,4.8762,True,3.8762
T1 only (>=1 confirm),2023-02-01,3,T1,2223,Gaziantep vs Hatayspor,H,2.25,True,H,4.8762,True,3.8762
T1 only (>=1 confirm),2023-03-19,1,T1,2223,Alanyaspor vs Fenerbahce,A,1.6,True,A,11.4056,False,-1.0
T1 only (>=1 confirm),2023-03-19,2,T1,2223,Karagumruk vs Buyuksehyr,A,2.69,False,D,11.4056,False,-1.0
T1 only (>=1 confirm),2023-03-19,3,T1,2223,Sivasspor vs Ankaragucu,H,2.65,True,H,11.4056,False,-1.0
T1 only (>=1 confirm),2023-04-01,1,T1,2223,Galatasaray vs Ad. Demirspor,H,1.4,True,H,3.90082,False,-1.0
T1 only (>=1 confirm),2023-04-01,2,T1,2223,Buyuksehyr vs Ankaragucu,H,1.87,True,H,3.90082,False,-1.0
T1 only (>=1 confirm),2023-04-01,3,T1,2223,Trabzonspor vs Kayserispor,H,1.49,False,A,3.90082,False,-1.0
T1 only (>=1 confirm),2023-04-29,1,T1,2223,Sivasspor vs Fenerbahce,A,2.02,True,A,9.512584,False,-1.0
T1 only (>=1 confirm),2023-04-29,2,T1,2223,Ankaragucu vs Kasimpasa,H,1.93,False,D,9.512584,False,-1.0
T1 only (>=1 confirm),2023-04-29,3,T1,2223,Konyaspor vs Trabzonspor,H,2.44,True,H,9.512584,False,-1.0
T1 only (>=1 confirm),2023-05-07,1,T1,2223,Giresunspor vs Fenerbahce,A,1.58,False,D,7.201639999999999,False,-1.0
T1 only (>=1 confirm),2023-05-07,2,T1,2223,Konyaspor vs Kayserispor,H,1.72,False,D,7.201639999999999,False,-1.0
T1 only (>=1 confirm),2023-05-07,3,T1,2223,Umraniyespor vs Sivasspor,H,2.65,True,H,7.201639999999999,False,-1.0
T1 only (>=1 confirm),2023-05-17,1,T1,2223,Buyuksehyr vs Umraniyespor,H,2.13,False,D,10.386306,False,-1.0
T1 only (>=1 confirm),2023-05-17,2,T1,2223,Karagumruk vs Ad. Demirspor,A,1.89,True,A,10.386306,False,-1.0
T1 only (>=1 confirm),2023-05-17,3,T1,2223,Ankaragucu vs Antalyaspor,H,2.58,False,D,10.386306,False,-1.0
T1 only (>=1 confirm),2023-05-30,1,T1,2223,Fenerbahce vs Antalyaspor,H,1.38,True,H,5.476944,True,4.476944
T1 only (>=1 confirm),2023-05-30,2,T1,2223,Ankaragucu vs Galatasaray,A,1.64,True,A,5.476944,True,4.476944
T1 only (>=1 confirm),2023-05-30,3,T1,2223,Istanbulspor vs Ad. Demirspor,A,2.42,True,A,5.476944,True,4.476944
T1 only (>=1 confirm),2023-09-02,1,T1,2324,Gaziantep vs Galatasaray,A,1.51,True,A,8.91202,False,-1.0
T1 only (>=1 confirm),2023-09-02,2,T1,2324,Pendikspor vs Alanyaspor,A,2.6,False,D,8.91202,False,-1.0
T1 only (>=1 confirm),2023-09-02,3,T1,2324,Buyuksehyr vs Konyaspor,H,2.27,False,A,8.91202,False,-1.0
T1 only (>=1 confirm),2023-09-17,1,T1,2324,Fenerbahce vs Antalyaspor,H,1.4,True,H,6.773760000000001,False,-1.0
T1 only (>=1 confirm),2023-09-17,2,T1,2324,Trabzonspor vs Besiktas,A,2.24,False,H,6.773760000000001,False,-1.0
T1 only (>=1 confirm),2023-09-17,3,T1,2324,Istanbulspor vs Buyuksehyr,A,2.16,True,A,6.773760000000001,False,-1.0
T1 only (>=1 confirm),2023-09-30,1,T1,2324,Istanbulspor vs Antalyaspor,A,1.88,True,A,3.72992,True,2.72992
T1 only (>=1 confirm),2023-09-30,2,T1,2324,Galatasaray vs Ankaragucu,H,1.24,True,H,3.72992,True,2.72992
T1 only (>=1 confirm),2023-09-30,3,T1,2324,Trabzonspor vs Pendikspor,H,1.6,True,H,3.72992,True,2.72992
T1 only (>=1 confirm),2023-10-01,1,T1,2324,Ad. Demirspor vs Alanyaspor,H,1.72,True,H,5.287967999999999,True,4.287967999999999
T1 only (>=1 confirm),2023-10-01,2,T1,2324,Fenerbahce vs Rizespor,H,1.26,True,H,5.287967999999999,True,4.287967999999999
T1 only (>=1 confirm),2023-10-01,3,T1,2324,Konyaspor vs Besiktas,A,2.44,True,A,5.287967999999999,True,4.287967999999999
T1 only (>=1 confirm),2023-10-08,1,T1,2324,Besiktas vs Istanbulspor,H,1.24,True,H,4.92156,True,3.9215600000000004
T1 only (>=1 confirm),2023-10-08,2,T1,2324,Kasimpasa vs Fenerbahce,A,1.47,True,A,4.92156,True,3.9215600000000004
T1 only (>=1 confirm),2023-10-08,3,T1,2324,Rizespor vs Samsunspor,H,2.7,True,H,4.92156,True,3.9215600000000004
T1 only (>=1 confirm),2023-10-21,1,T1,2324,Gaziantep vs Antalyaspor,H,2.66,True,H,8.855938,False,-1.0
T1 only (>=1 confirm),2023-10-21,2,T1,2324,Konyaspor vs Pendikspor,H,1.97,False,A,8.855938,False,-1.0
T1 only (>=1 confirm),2023-10-21,3,T1,2324,Galatasaray vs Besiktas,H,1.69,True,H,8.855938,False,-1.0
T1 only (>=1 confirm),2023-10-28,1,T1,2324,Ad. Demirspor vs Konyaspor,H,1.83,True,H,5.748761999999999,False,-1.0
T1 only (>=1 confirm),2023-10-28,2,T1,2324,Rizespor vs Galatasaray,A,1.39,True,A,5.748761999999999,False,-1.0
T1 only (>=1 confirm),2023-10-28,3,T1,2324,Alanyaspor vs Sivasspor,H,2.26,False,A,5.748761999999999,False,-1.0
T1 only (>=1 confirm),2023-10-29,1,T1,2324,Pendikspor vs Fenerbahce,A,1.28,True,A,8.50176,False,-1.0
T1 only (>=1 confirm),2023-10-29,2,T1,2324,Karagumruk vs Trabzonspor,A,2.46,False,D,8.50176,False,-1.0
T1 only (>=1 confirm),2023-10-29,3,T1,2324,Ankaragucu vs Samsunspor,H,2.7,True,H,8.50176,False,-1.0
T1 only (>=1 confirm),2023-11-11,1,T1,2324,Hatayspor vs Galatasaray,A,1.46,False,H,7.960212,False,-1.0
T1 only (>=1 confirm),2023-11-11,2,T1,2324,Alanyaspor vs Gaziantep,H,2.34,False,A,7.960212,False,-1.0
T1 only (>=1 confirm),2023-11-11,3,T1,2324,Kasimpasa vs Kayserispor,H,2.33,False,A,7.960212,False,-1.0
T1 only (>=1 confirm),2023-11-12,1,T1,2324,Rizespor vs Istanbulspor,H,1.69,True,H,8.079552,False,-1.0
T1 only (>=1 confirm),2023-11-12,2,T1,2324,Ad. Demirspor vs Fenerbahce,A,1.92,False,D,8.079552,False,-1.0
T1 only (>=1 confirm),2023-11-12,3,T1,2324,Pendikspor vs Samsunspor,A,2.49,False,H,8.079552,False,-1.0
T1 only (>=1 confirm),2023-11-25,1,T1,2324,Galatasaray vs Alanyaspor,H,1.21,True,H,6.170515999999999,False,-1.0
T1 only (>=1 confirm),2023-11-25,2,T1,2324,Gaziantep vs Ankaragucu,H,2.09,False,A,6.170515999999999,False,-1.0
T1 only (>=1 confirm),2023-11-25,3,T1,2324,Istanbulspor vs Hatayspor,A,2.44,False,H,6.170515999999999,False,-1.0
T1 only (>=1 confirm),2023-12-03,1,T1,2324,Trabzonspor vs Kayserispor,H,1.61,False,A,8.283128,False,-1.0
T1 only (>=1 confirm),2023-12-03,2,T1,2324,Kasimpasa vs Gaziantep,H,2.36,True,H,8.283128,False,-1.0
T1 only (>=1 confirm),2023-12-03,3,T1,2324,Ankaragucu vs Besiktas,A,2.18,False,D,8.283128,False,-1.0
T1 only (>=1 confirm),2023-12-10,1,T1,2324,Buyuksehyr vs Hatayspor,H,1.91,True,H,7.069100999999999,True,6.069100999999999
T1 only (>=1 confirm),2023-12-10,2,T1,2324,Kayserispor vs Pendikspor,H,1.69,True,H,7.069100999999999,True,6.069100999999999
T1 only (>=1 confirm),2023-12-10,3,T1,2324,Istanbulspor vs Alanyaspor,A,2.19,True,A,7.069100999999999,True,6.069100999999999
T1 only (>=1 confirm),2023-12-21,1,T1,2324,Rizespor vs Pendikspor,H,1.94,True,H,9.820473999999999,False,-1.0
T1 only (>=1 confirm),2023-12-21,2,T1,2324,Ankaragucu vs Hatayspor,H,2.27,False,D,9.820473999999999,False,-1.0
T1 only (>=1 confirm),2023-12-21,3,T1,2324,Samsunspor vs Konyaspor,H,2.23,False,D,9.820473999999999,False,-1.0
T1 only (>=1 confirm),2023-12-25,1,T1,2324,Kasimpasa vs Rizespor,H,2.45,False,D,17.722320000000003,False,-1.0
T1 only (>=1 confirm),2023-12-25,2,T1,2324,Hatayspor vs Besiktas,A,2.64,True,A,17.722320000000003,False,-1.0
T1 only (>=1 confirm),2023-12-25,3,T1,2324,Alanyaspor vs Samsunspor,H,2.74,True,H,17.722320000000003,False,-1.0
T1 only (>=1 confirm),2024-01-06,1,T1,2324,Rizespor vs Hatayspor,H,1.88,True,H,9.194328,False,-1.0
T1 only (>=1 confirm),2024-01-06,2,T1,2324,Buyuksehyr vs Ad. Demirspor,H,1.98,False,D,9.194328,False,-1.0
T1 only (>=1 confirm),2024-01-06,3,T1,2324,Samsunspor vs Karagumruk,H,2.47,True,H,9.194328,False,-1.0
T1 only (>=1 confirm),2024-01-29,1,T1,2324,Kayserispor vs Antalyaspor,A,2.49,False,D,5.09703,False,-1.0
T1 only (>=1 confirm),2024-01-29,2,T1,2324,Trabzonspor vs Kasimpasa,H,1.78,False,A,5.09703,False,-1.0
T1 only (>=1 confirm),2024-01-29,3,T1,2324,Galatasaray vs Gaziantep,H,1.15,True,H,5.09703,False,-1.0
T1 only (>=1 confirm),2024-02-03,1,T1,2324,Antalyaspor vs Fenerbahce,A,1.65,True,A,4.6464,False,-1.0
T1 only (>=1 confirm),2024-02-03,2,T1,2324,Buyuksehyr vs Istanbulspor,H,1.6,True,H,4.6464,False,-1.0
T1 only (>=1 confirm),2024-02-03,3,T1,2324,Rizespor vs Konyaspor,H,1.76,False,D,4.6464,False,-1.0
T1 only (>=1 confirm),2024-02-11,1,T1,2324,Fenerbahce vs Alanyaspor,H,1.18,False,D,7.802514,False,-1.0
T1 only (>=1 confirm),2024-02-11,2,T1,2324,Istanbulspor vs Gaziantep,A,2.37,True,A,7.802514,False,-1.0
T1 only (>=1 confirm),2024-02-11,3,T1,2324,Konyaspor vs Ankaragucu,A,2.79,False,H,7.802514,False,-1.0
T1 only (>=1 confirm),2024-02-18,1,T1,2324,Ankaragucu vs Galatasaray,A,1.77,True,A,9.000096000000001,False,-1.0
T1 only (>=1 confirm),2024-02-18,2,T1,2324,Alanyaspor vs Ad. Demirspor,H,2.27,False,D,9.000096000000001,False,-1.0
T1 only (>=1 confirm),2024-02-18,3,T1,2324,Pendikspor vs Trabzonspor,A,2.24,True,A,9.000096000000001,False,-1.0
T1 only (>=1 confirm),2024-02-24,1,T1,2324,Konyaspor vs Hatayspor,H,2.29,True,H,13.522908000000001,True,12.522908000000001
T1 only (>=1 confirm),2024-02-24,2,T1,2324,Gaziantep vs Buyuksehyr,A,2.66,True,A,13.522908000000001,True,12.522908000000001
T1 only (>=1 confirm),2024-02-24,3,T1,2324,Kayserispor vs Ankaragucu,H,2.22,True,H,13.522908000000001,True,12.522908000000001
T1 only (>=1 confirm),2024-02-25,1,T1,2324,Trabzonspor vs Ad. Demirspor,H,1.88,True,H,8.871343999999999,False,-1.0
T1 only (>=1 confirm),2024-02-25,2,T1,2324,Karagumruk vs Alanyaspor,H,1.88,False,D,8.871343999999999,False,-1.0
T1 only (>=1 confirm),2024-02-25,3,T1,2324,Sivasspor vs Pendikspor,H,2.51,True,H,8.871343999999999,False,-1.0
T1 only (>=1 confirm),2024-03-09,1,T1,2324,Trabzonspor vs Karagumruk,H,1.81,True,H,11.505808,False,-1.0
T1 only (>=1 confirm),2024-03-09,2,T1,2324,Konyaspor vs Ad. Demirspor,H,2.74,False,D,11.505808,False,-1.0
T1 only (>=1 confirm),2024-03-09,3,T1,2324,Buyuksehyr vs Antalyaspor,H,2.32,True,H,11.505808,False,-1.0
T1 only (>=1 confirm),2024-03-10,1,T1,2324,Fenerbahce vs Pendikspor,H,1.19,True,H,4.47678,False,-1.0
T1 only (>=1 confirm),2024-03-10,2,T1,2324,Kayserispor vs Hatayspor,H,1.98,False,D,4.47678,False,-1.0
T1 only (>=1 confirm),2024-03-10,3,T1,2324,Istanbulspor vs Kasimpasa,A,1.9,True,A,4.47678,False,-1.0
T1 only (>=1 confirm),2024-03-17,1,T1,2324,Trabzonspor vs Fenerbahce,A,2.03,True,A,7.125299999999999,False,-1.0
T1 only (>=1 confirm),2024-03-17,2,T1,2324,Kasimpasa vs Galatasaray,A,1.5,True,A,7.125299999999999,False,-1.0
T1 only (>=1 confirm),2024-03-17,3,T1,2324,Hatayspor vs Samsunspor,A,2.34,False,H,7.125299999999999,False,-1.0
T1 only (>=1 confirm),2024-04-13,1,T1,2324,Ad. Demirspor vs Kayserispor,H,1.82,False,D,6.67212,False,-1.0
T1 only (>=1 confirm),2024-04-13,2,T1,2324,Ankaragucu vs Gaziantep,H,1.88,True,H,6.67212,False,-1.0
T1 only (>=1 confirm),2024-04-13,3,T1,2324,Kasimpasa vs Konyaspor,H,1.95,False,A,6.67212,False,-1.0
T1 only (>=1 confirm),2024-04-14,1,T1,2324,Karagumruk vs Fenerbahce,A,1.43,True,A,3.8507040000000003,False,-1.0
T1 only (>=1 confirm),2024-04-14,2,T1,2324,Hatayspor vs Istanbulspor,H,1.36,False,A,3.8507040000000003,False,-1.0
T1 only (>=1 confirm),2024-04-14,3,T1,2324,Rizespor vs Antalyaspor,H,1.98,True,H,3.8507040000000003,False,-1.0
T1 only (>=1 confirm),2024-04-21,1,T1,2324,Galatasaray vs Pendikspor,H,1.22,True,H,6.853960000000001,True,5.853960000000001
T1 only (>=1 confirm),2024-04-21,2,T1,2324,Buyuksehyr vs Rizespor,H,2.12,True,H,6.853960000000001,True,5.853960000000001
T1 only (>=1 confirm),2024-04-21,3,T1,2324,Gaziantep vs Kasimpasa,H,2.65,True,H,6.853960000000001,True,5.853960000000001
T1 only (>=1 confirm),2024-04-28,1,T1,2324,Alanyaspor vs Istanbulspor,H,1.27,True,H,4.120896,False,-1.0
T1 only (>=1 confirm),2024-04-28,2,T1,2324,Trabzonspor vs Gaziantep,H,1.56,True,H,4.120896,False,-1.0
T1 only (>=1 confirm),2024-04-28,3,T1,2324,Rizespor vs Ankaragucu,H,2.08,False,D,4.120896,False,-1.0
T1 only (>=1 confirm),2024-05-05,1,T1,2324,Buyuksehyr vs Kasimpasa,H,2.02,True,H,5.318458,False,-1.0
T1 only (>=1 confirm),2024-05-05,2,T1,2324,Gaziantep vs Hatayspor,H,2.33,False,D,5.318458,False,-1.0
T1 only (>=1 confirm),2024-05-05,3,T1,2324,Galatasaray vs Sivasspor,H,1.13,True,H,5.318458,False,-1.0
T1 only (>=1 confirm),2024-05-12,1,T1,2324,Karagumruk vs Galatasaray,A,1.44,True,A,3.824496,True,2.824496
T1 only (>=1 confirm),2024-05-12,2,T1,2324,Trabzonspor vs Istanbulspor,H,1.17,True,H,3.824496,True,2.824496
T1 only (>=1 confirm),2024-05-12,3,T1,2324,Sivasspor vs Buyuksehyr,A,2.27,True,A,3.824496,True,2.824496
T1 only (>=1 confirm),2024-05-26,1,T1,2324,Ad. Demirspor vs Buyuksehyr,A,2.03,True,A,5.354327999999999,True,4.354327999999999
T1 only (>=1 confirm),2024-05-26,2,T1,2324,Hatayspor vs Rizespor,H,1.57,True,H,5.354327999999999,True,4.354327999999999
T1 only (>=1 confirm),2024-05-26,3,T1,2324,Konyaspor vs Galatasaray,A,1.68,True,A,5.354327999999999,True,4.354327999999999
T1 only (>=1 confirm),2024-08-31,1,T1,2425,Ad. Demirspor vs Galatasaray,A,1.38,True,A,6.88896,False,-1.0
T1 only (>=1 confirm),2024-08-31,2,T1,2425,Konyaspor vs Kayserispor,H,2.08,False,D,6.88896,False,-1.0
T1 only (>=1 confirm),2024-08-31,3,T1,2425,Goztep vs Bodrumspor,H,2.4,True,H,6.88896,False,-1.0
T1 only (>=1 confirm),2024-10-05,1,T1,2425,Buyuksehyr vs Kayserispor,H,1.72,False,D,6.973224,False,-1.0
T1 only (>=1 confirm),2024-10-05,2,T1,2425,Hatayspor vs Trabzonspor,A,2.33,False,D,6.973224,False,-1.0
T1 only (>=1 confirm),2024-10-05,3,T1,2425,Goztep vs Sivasspor,H,1.74,True,H,6.973224,False,-1.0
T1 only (>=1 confirm),2024-10-06,1,T1,2425,Ad. Demirspor vs Samsunspor,A,1.69,True,A,7.597226000000001,False,-1.0
T1 only (>=1 confirm),2024-10-06,2,T1,2425,Gaziantep vs Besiktas,A,1.82,False,D,7.597226000000001,False,-1.0
T1 only (>=1 confirm),2024-10-06,3,T1,2425,Konyaspor vs Eyupspor,H,2.47,True,H,7.597226000000001,False,-1.0
T1 only (>=1 confirm),2024-11-23,1,T1,2425,Bodrumspor vs Galatasaray,A,1.39,True,A,5.225288,True,4.225288
T1 only (>=1 confirm),2024-11-23,2,T1,2425,Kayserispor vs Fenerbahce,A,1.48,True,A,5.225288,True,4.225288
T1 only (>=1 confirm),2024-11-23,3,T1,2425,Gaziantep vs Buyuksehyr,H,2.54,True,H,5.225288,True,4.225288
T1 only (>=1 confirm),2024-11-30,1,T1,2425,Samsunspor vs Bodrumspor,H,1.56,True,H,7.853663999999999,True,6.853663999999999
T1 only (>=1 confirm),2024-11-30,2,T1,2425,Buyuksehyr vs Goztep,H,2.32,True,H,7.853663999999999,True,6.853663999999999
T1 only (>=1 confirm),2024-11-30,3,T1,2425,Ad. Demirspor vs Konyaspor,A,2.17,True,A,7.853663999999999,True,6.853663999999999
T1 only (>=1 confirm),2024-12-07,1,T1,2425,Besiktas vs Fenerbahce,A,1.93,False,H,4.936553999999999,False,-1.0
T1 only (>=1 confirm),2024-12-07,2,T1,2425,Goztep vs Ad. Demirspor,H,1.26,True,H,4.936553999999999,False,-1.0
T1 only (>=1 confirm),2024-12-07,3,T1,2425,Konyaspor vs Antalyaspor,H,2.03,False,D,4.936553999999999,False,-1.0
T1 only (>=1 confirm),2025-01-25,1,T1,2425,Galatasaray vs Konyaspor,H,1.22,True,H,6.978400000000001,False,-1.0
T1 only (>=1 confirm),2025-01-25,2,T1,2425,Sivasspor vs Kayserispor,H,2.2,True,H,6.978400000000001,False,-1.0
T1 only (>=1 confirm),2025-01-25,3,T1,2425,Alanyaspor vs Buyuksehyr,A,2.6,False,H,6.978400000000001,False,-1.0
T1 only (>=1 confirm),2025-02-09,1,T1,2425,Alanyaspor vs Fenerbahce,A,1.57,True,A,3.7461770000000003,True,2.7461770000000003
T1 only (>=1 confirm),2025-02-09,2,T1,2425,Galatasaray vs Ad. Demirspor,H,1.07,True,H,3.7461770000000003,True,2.7461770000000003
T1 only (>=1 confirm),2025-02-09,3,T1,2425,Kasimpasa vs Rizespor,H,2.23,True,H,3.7461770000000003,True,2.7461770000000003
T1 only (>=1 confirm),2025-02-16,1,T1,2425,Fenerbahce vs Kasimpasa,H,1.39,True,H,5.4431009999999995,False,-1.0
T1 only (>=1 confirm),2025-02-16,2,T1,2425,Eyupspor vs Kayserispor,H,1.71,False,D,5.4431009999999995,False,-1.0
T1 only (>=1 confirm),2025-02-16,3,T1,2425,Hatayspor vs Alanyaspor,A,2.29,False,H,5.4431009999999995,False,-1.0
T1 only (>=1 confirm),2025-03-29,1,T1,2425,Samsunspor vs Kasimpasa,H,2.07,False,A,5.8423680000000004,False,-1.0
T1 only (>=1 confirm),2025-03-29,2,T1,2425,Besiktas vs Galatasaray,A,2.24,False,H,5.8423680000000004,False,-1.0
T1 only (>=1 confirm),2025-03-29,3,T1,2425,Sivasspor vs Ad. Demirspor,H,1.26,True,H,5.8423680000000004,False,-1.0
T1 only (>=1 confirm),2025-04-13,1,T1,2425,Trabzonspor vs Rizespor,H,1.93,True,H,4.750309,True,3.7503089999999997
T1 only (>=1 confirm),2025-04-13,2,T1,2425,Sivasspor vs Fenerbahce,A,1.51,True,A,4.750309,True,3.7503089999999997
T1 only (>=1 confirm),2025-04-13,3,T1,2425,Gaziantep vs Hatayspor,H,1.63,True,H,4.750309,True,3.7503089999999997
T1 only (>=1 confirm),2025-04-27,1,T1,2425,Konyaspor vs Ad. Demirspor,H,1.18,True,H,3.760187999999999,True,2.760187999999999
T1 only (>=1 confirm),2025-04-27,2,T1,2425,Kayserispor vs Rizespor,H,2.26,True,H,3.760187999999999,True,2.760187999999999
T1 only (>=1 confirm),2025-04-27,3,T1,2425,Eyupspor vs Galatasaray,A,1.41,True,A,3.760187999999999,True,2.760187999999999
T1 only (>=1 confirm),2025-05-03,1,T1,2425,Hatayspor vs Buyuksehyr,A,1.52,True,A,4.002768,False,-1.0
T1 only (>=1 confirm),2025-05-03,2,T1,2425,Alanyaspor vs Kayserispor,H,2.31,False,D,4.002768,False,-1.0
T1 only (>=1 confirm),2025-05-03,3,T1,2425,Galatasaray vs Sivasspor,H,1.14,True,H,4.002768,False,-1.0
T1 only (>=1 confirm),2025-05-10,1,T1,2425,Konyaspor vs Rizespor,H,2.64,True,H,9.343488000000002,True,8.343488000000002
T1 only (>=1 confirm),2025-05-10,2,T1,2425,Trabzonspor vs Galatasaray,A,1.58,True,A,9.343488000000002,True,8.343488000000002
T1 only (>=1 confirm),2025-05-10,3,T1,2425,Eyupspor vs Kasimpasa,A,2.24,True,A,9.343488000000002,True,8.343488000000002
T1 only (>=1 confirm),2025-05-18,1,T1,2425,Fenerbahce vs Eyupspor,H,1.25,True,H,7.906249999999999,False,-1.0
T1 only (>=1 confirm),2025-05-18,2,T1,2425,Antalyaspor vs Gaziantep,H,2.5,False,D,7.906249999999999,False,-1.0
T1 only (>=1 confirm),2025-05-18,3,T1,2425,Kasimpasa vs Buyuksehyr,H,2.53,False,A,7.906249999999999,False,-1.0
ALL (>=1 confirm),2021-08-14,1,E0,2122,Norwich vs Liverpool,A,1.48,True,A,6.87238,True,5.87238
ALL (>=1 confirm),2021-08-14,2,D1,2122,Stuttgart vs Greuther Furth,H,1.85,True,H,6.87238,True,5.87238
ALL (>=1 confirm),2021-08-14,3,E0,2122,Burnley vs Brighton,A,2.51,True,A,6.87238,True,5.87238
ALL (>=1 confirm),2021-08-21,1,D1,2122,Leverkusen vs M'gladbach,H,2.23,True,H,8.573904,False,-1.0
ALL (>=1 confirm),2021-08-21,2,E0,2122,Brighton vs Watford,H,1.78,True,H,8.573904,False,-1.0
ALL (>=1 confirm),2021-08-21,3,T1,2122,Alanyaspor vs Altay,H,2.16,False,A,8.573904,False,-1.0
ALL (>=1 confirm),2021-08-22,1,T1,2122,Goztep vs Yeni Malatyaspor,H,1.79,False,A,4.928049000000001,False,-1.0
ALL (>=1 confirm),2021-08-22,2,E0,2122,Southampton vs Man United,A,1.61,False,D,4.928049000000001,False,-1.0
ALL (>=1 confirm),2021-08-22,3,T1,2122,Fenerbahce vs Antalyaspor,H,1.71,True,H,4.928049000000001,False,-1.0
ALL (>=1 confirm),2021-08-28,1,D1,2122,Mainz vs Greuther Furth,H,1.57,True,H,8.433098,False,-1.0
ALL (>=1 confirm),2021-08-28,2,D1,2122,Stuttgart vs Freiburg,H,2.14,False,A,8.433098,False,-1.0
ALL (>=1 confirm),2021-08-28,3,E0,2122,Newcastle vs Southampton,H,2.51,False,D,8.433098,False,-1.0
ALL (>=1 confirm),2021-08-29,1,T1,2122,Kasimpasa vs Galatasaray,A,1.83,False,D,10.575936,False,-1.0
ALL (>=1 confirm),2021-08-29,2,T1,2122,Altay vs Fenerbahce,A,2.58,True,A,10.575936,False,-1.0
ALL (>=1 confirm),2021-08-29,3,E0,2122,Burnley vs Leeds,A,2.24,False,D,10.575936,False,-1.0
ALL (>=1 confirm),2021-09-11,1,D1,2122,Union Berlin vs Augsburg,H,1.68,False,D,3.5481599999999998,False,-1.0
ALL (>=1 confirm),2021-09-11,2,D1,2122,Greuther Furth vs Wolfsburg,A,1.76,True,A,3.5481599999999998,False,-1.0
ALL (>=1 confirm),2021-09-11,3,E0,2122,Man United vs Newcastle,H,1.2,True,H,3.5481599999999998,False,-1.0
ALL (>=1 confirm),2021-09-12,1,T1,2122,Fenerbahce vs Sivasspor,H,1.56,False,D,6.007871999999999,False,-1.0
ALL (>=1 confirm),2021-09-12,2,E0,2122,Leeds vs Liverpool,A,1.66,True,A,6.007871999999999,False,-1.0
ALL (>=1 confirm),2021-09-12,3,T1,2122,Trabzonspor vs Galatasaray,H,2.32,False,D,6.007871999999999,False,-1.0
ALL (>=1 confirm),2021-09-13,1,E0,2122,Everton vs Burnley,H,1.78,True,H,8.122139999999998,True,7.122139999999998
ALL (>=1 confirm),2021-09-13,2,T1,2122,Gaziantep vs Antalyaspor,H,2.34,True,H,8.122139999999998,True,7.122139999999998
ALL (>=1 confirm),2021-09-13,3,T1,2122,Alanyaspor vs Giresunspor,H,1.95,True,H,8.122139999999998,True,7.122139999999998
ALL (>=1 confirm),2021-09-18,1,E0,2122,Man City vs Southampton,H,1.18,False,D,6.16491,False,-1.0
ALL (>=1 confirm),2021-09-18,2,T1,2122,Antalyaspor vs Besiktas,A,2.43,True,A,6.16491,False,-1.0
ALL (>=1 confirm),2021-09-18,3,D1,2122,Augsburg vs M'gladbach,A,2.15,False,H,6.16491,False,-1.0
ALL (>=1 confirm),2021-09-19,1,D1,2122,Wolfsburg vs Ein Frankfurt,H,1.85,False,D,6.76027,False,-1.0
ALL (>=1 confirm),2021-09-19,2,T1,2122,Buyuksehyr vs Fenerbahce,A,2.42,False,H,6.76027,False,-1.0
ALL (>=1 confirm),2021-09-19,3,T1,2122,Galatasaray vs Alanyaspor,H,1.51,False,A,6.76027,False,-1.0
ALL (>=1 confirm),2021-09-21,1,T1,2122,Besiktas vs Ad. Demirspor,H,1.4,False,D,5.780880000000001,False,-1.0
ALL (>=1 confirm),2021-09-21,2,T1,2122,Karagumruk vs Antalyaspor,H,1.86,False,D,5.780880000000001,False,-1.0
ALL (>=1 confirm),2021-09-21,3,T1,2122,Rizespor vs Altay,A,2.22,True,A,5.780880000000001,False,-1.0
ALL (>=1 confirm),2021-09-22,1,T1,2122,Kayserispor vs Galatasaray,A,1.87,False,H,12.190529999999999,False,-1.0
ALL (>=1 confirm),2021-09-22,2,T1,2122,Goztep vs Hatayspor,H,2.46,False,A,12.190529999999999,False,-1.0
ALL (>=1 confirm),2021-09-22,3,T1,2122,Gaziantep vs Buyuksehyr,A,2.65,False,H,12.190529999999999,False,-1.0
ALL (>=1 confirm),2021-09-23,1,T1,2122,Fenerbahce vs Giresunspor,H,1.42,True,H,5.995807999999999,False,-1.0
ALL (>=1 confirm),2021-09-23,2,T1,2122,Alanyaspor vs Kasimpasa,H,1.82,True,H,5.995807999999999,False,-1.0
ALL (>=1 confirm),2021-09-23,3,T1,2122,Konyaspor vs Trabzonspor,A,2.32,False,D,5.995807999999999,False,-1.0
ALL (>=1 confirm),2021-09-25,1,E0,2122,Everton vs Norwich,H,1.7,True,H,5.21424,False,-1.0
ALL (>=1 confirm),2021-09-25,2,D1,2122,M'gladbach vs Dortmund,A,2.16,False,H,5.21424,False,-1.0
ALL (>=1 confirm),2021-09-25,3,E0,2122,Man United vs Aston Villa,H,1.42,False,A,5.21424,False,-1.0
ALL (>=1 confirm),2021-09-26,1,D1,2122,Bochum vs Stuttgart,A,2.28,False,D,5.762016,False,-1.0
ALL (>=1 confirm),2021-09-26,2,T1,2122,Buyuksehyr vs Rizespor,H,1.62,True,H,5.762016,False,-1.0
ALL (>=1 confirm),2021-09-26,3,T1,2122,Galatasaray vs Goztep,H,1.56,True,H,5.762016,False,-1.0
ALL (>=1 confirm),2021-09-27,1,T1,2122,Trabzonspor vs Alanyaspor,H,1.78,False,D,13.412300000000002,False,-1.0
ALL (>=1 confirm),2021-09-27,2,T1,2122,Kasimpasa vs Konyaspor,H,2.75,False,D,13.412300000000002,False,-1.0
ALL (>=1 confirm),2021-09-27,3,E0,2122,Crystal Palace vs Brighton,A,2.74,False,D,13.412300000000002,False,-1.0
ALL (>=1 confirm),2021-10-02,1,E0,2122,Chelsea vs Southampton,H,1.46,True,H,6.4924740000000005,False,-1.0
ALL (>=1 confirm),2021-10-02,2,E0,2122,Wolves vs Newcastle,H,1.83,True,H,6.4924740000000005,False,-1.0
ALL (>=1 confirm),2021-10-02,3,T1,2122,Goztep vs Giresunspor,H,2.43,False,A,6.4924740000000005,False,-1.0
ALL (>=1 confirm),2021-10-03,1,T1,2122,Fenerbahce vs Kasimpasa,H,1.68,True,H,7.7397599999999995,True,6.7397599999999995
ALL (>=1 confirm),2021-10-03,2,D1,2122,Bielefeld vs Leverkusen,A,1.7,True,A,7.7397599999999995,True,6.7397599999999995
ALL (>=1 confirm),2021-10-03,3,T1,2122,Gaziantep vs Altay,H,2.71,True,H,7.7397599999999995,True,6.7397599999999995
ALL (>=1 confirm),2021-10-16,1,D1,2122,Ein Frankfurt vs Hertha,H,1.77,False,A,4.820418,False,-1.0
ALL (>=1 confirm),2021-10-16,2,D1,2122,M'gladbach vs Stuttgart,H,1.53,False,D,4.820418,False,-1.0
ALL (>=1 confirm),2021-10-16,3,T1,2122,Giresunspor vs Rizespor,H,1.78,True,H,4.820418,False,-1.0
ALL (>=1 confirm),2021-10-23,1,E0,2122,Everton vs Watford,H,1.84,False,A,4.07836,False,-1.0
ALL (>=1 confirm),2021-10-23,2,D1,2122,Bielefeld vs Dortmund,A,1.55,True,A,4.07836,False,-1.0
ALL (>=1 confirm),2021-10-23,3,E0,2122,Brighton vs Man City,A,1.43,True,A,4.07836,False,-1.0
ALL (>=1 confirm),2021-10-24,1,T1,2122,Fenerbahce vs Alanyaspor,H,1.88,False,A,10.647380000000002,False,-1.0
ALL (>=1 confirm),2021-10-24,2,E0,2122,Man United vs Liverpool,A,2.35,True,A,10.647380000000002,False,-1.0
ALL (>=1 confirm),2021-10-24,3,D1,2122,Stuttgart vs Union Berlin,H,2.41,False,D,10.647380000000002,False,-1.0
ALL (>=1 confirm),2021-10-30,1,T1,2122,Kasimpasa vs Yeni Malatyaspor,H,1.95,True,H,5.4947099999999995,False,-1.0
ALL (>=1 confirm),2021-10-30,2,E0,2122,Newcastle vs Chelsea,A,1.46,True,A,5.4947099999999995,False,-1.0
ALL (>=1 confirm),2021-10-30,3,D1,2122,Leverkusen vs Wolfsburg,H,1.93,False,A,5.4947099999999995,False,-1.0
ALL (>=1 confirm),2021-10-31,1,T1,2122,Alanyaspor vs Goztep,H,1.85,False,D,11.84148,False,-1.0
ALL (>=1 confirm),2021-10-31,2,E0,2122,Aston Villa vs West Ham,A,2.52,True,A,11.84148,False,-1.0
ALL (>=1 confirm),2021-10-31,3,T1,2122,Kayserispor vs Karagumruk,A,2.54,False,H,11.84148,False,-1.0
ALL (>=1 confirm),2021-11-01,1,E0,2122,Wolves vs Everton,H,2.3,True,H,9.47784,False,-1.0
ALL (>=1 confirm),2021-11-01,2,T1,2122,Buyuksehyr vs Ad. Demirspor,H,2.02,True,H,9.47784,False,-1.0
ALL (>=1 confirm),2021-11-01,3,T1,2122,Giresunspor vs Antalyaspor,H,2.04,False,A,9.47784,False,-1.0
ALL (>=1 confirm),2021-11-06,1,E0,2122,Brentford vs Norwich,H,1.68,False,A,4.8762,False,-1.0
ALL (>=1 confirm),2021-11-06,2,E0,2122,Chelsea vs Burnley,H,1.29,False,D,4.8762,False,-1.0
ALL (>=1 confirm),2021-11-06,3,T1,2122,Yeni Malatyaspor vs Buyuksehyr,A,2.25,True,A,4.8762,False,-1.0
ALL (>=1 confirm),2021-11-07,1,T1,2122,Fenerbahce vs Kayserispor,H,1.43,False,D,4.530525999999999,False,-1.0
ALL (>=1 confirm),2021-11-07,2,E0,2122,Arsenal vs Watford,H,1.46,True,H,4.530525999999999,False,-1.0
ALL (>=1 confirm),2021-11-07,3,T1,2122,Karagumruk vs Galatasaray,A,2.17,False,D,4.530525999999999,False,-1.0
ALL (>=1 confirm),2021-11-20,1,D1,2122,Leverkusen vs Bochum,H,1.47,True,H,3.9984,True,2.9984
ALL (>=1 confirm),2021-11-20,2,T1,2122,Buyuksehyr vs Sivasspor,H,2.0,True,H,3.9984,True,2.9984
ALL (>=1 confirm),2021-11-20,3,D1,2122,Dortmund vs Stuttgart,H,1.36,True,H,3.9984,True,2.9984
ALL (>=1 confirm),2021-11-21,1,E0,2122,Man City vs Everton,H,1.2,True,H,7.10964,False,-1.0
ALL (>=1 confirm),2021-11-21,2,T1,2122,Kasimpasa vs Karagumruk,H,2.61,False,A,7.10964,False,-1.0
ALL (>=1 confirm),2021-11-21,3,T1,2122,Galatasaray vs Fenerbahce,H,2.27,False,A,7.10964,False,-1.0
ALL (>=1 confirm),2021-11-26,1,T1,2122,Buyuksehyr vs Altay,H,1.66,False,D,7.800671999999999,False,-1.0
ALL (>=1 confirm),2021-11-26,2,T1,2122,Ad. Demirspor vs Kasimpasa,H,1.76,False,D,7.800671999999999,False,-1.0
ALL (>=1 confirm),2021-11-26,3,D1,2122,Stuttgart vs Mainz,H,2.67,True,H,7.800671999999999,False,-1.0
ALL (>=1 confirm),2021-11-27,1,D1,2122,Greuther Furth vs Hoffenheim,A,1.63,True,A,6.494408999999999,False,-1.0
ALL (>=1 confirm),2021-11-27,2,T1,2122,Besiktas vs Giresunspor,H,1.71,False,A,6.494408999999999,False,-1.0
ALL (>=1 confirm),2021-11-27,3,T1,2122,Rizespor vs Kayserispor,H,2.33,True,H,6.494408999999999,False,-1.0
ALL (>=1 confirm),2021-11-28,1,E0,2122,Chelsea vs Man United,H,1.58,False,D,7.384919999999999,False,-1.0
ALL (>=1 confirm),2021-11-28,2,T1,2122,Yeni Malatyaspor vs Galatasaray,A,1.9,False,D,7.384919999999999,False,-1.0
ALL (>=1 confirm),2021-11-28,3,D1,2122,Ein Frankfurt vs Union Berlin,H,2.46,True,H,7.384919999999999,False,-1.0
ALL (>=1 confirm),2021-12-01,1,E0,2122,Everton vs Liverpool,A,1.38,True,A,2.6959679999999997,True,1.6959679999999997
ALL (>=1 confirm),2021-12-01,2,E0,2122,Aston Villa vs Man City,A,1.48,True,A,2.6959679999999997,True,1.6959679999999997
ALL (>=1 confirm),2021-12-01,3,E0,2122,Watford vs Chelsea,A,1.32,True,A,2.6959679999999997,True,1.6959679999999997
ALL (>=1 confirm),2021-12-04,1,T1,2122,Galatasaray vs Altay,H,1.41,False,D,2.06424,False,-1.0
ALL (>=1 confirm),2021-12-04,2,D1,2122,Leverkusen vs Greuther Furth,H,1.2,True,H,2.06424,False,-1.0
ALL (>=1 confirm),2021-12-04,3,E0,2122,Watford vs Man City,A,1.22,True,A,2.06424,False,-1.0
ALL (>=1 confirm),2021-12-05,1,E0,2122,Tottenham vs Norwich,H,1.48,True,H,6.42912,False,-1.0
ALL (>=1 confirm),2021-12-05,2,E0,2122,Aston Villa vs Leicester,H,2.4,True,H,6.42912,False,-1.0
ALL (>=1 confirm),2021-12-05,3,D1,2122,M'gladbach vs Freiburg,H,1.81,False,A,6.42912,False,-1.0
ALL (>=1 confirm),2021-12-06,1,T1,2122,Konyaspor vs Yeni Malatyaspor,H,1.73,False,D,8.472156,False,-1.0
ALL (>=1 confirm),2021-12-06,2,E0,2122,Everton vs Arsenal,A,2.31,False,H,8.472156,False,-1.0
ALL (>=1 confirm),2021-12-06,3,T1,2122,Goztep vs Gaziantep,H,2.12,True,H,8.472156,False,-1.0
ALL (>=1 confirm),2021-12-11,1,E0,2122,Arsenal vs Southampton,H,1.75,True,H,5.757499999999999,True,4.757499999999999
ALL (>=1 confirm),2021-12-11,2,T1,2122,Buyuksehyr vs Kasimpasa,H,1.75,True,H,5.757499999999999,True,4.757499999999999
ALL (>=1 confirm),2021-12-11,3,D1,2122,RB Leipzig vs M'gladbach,H,1.88,True,H,5.757499999999999,True,4.757499999999999
ALL (>=1 confirm),2021-12-12,1,D1,2122,Greuther Furth vs Union Berlin,A,2.01,False,H,9.7686,False,-1.0
ALL (>=1 confirm),2021-12-12,2,D1,2122,Ein Frankfurt vs Leverkusen,A,2.25,False,H,9.7686,False,-1.0
ALL (>=1 confirm),2021-12-12,3,E0,2122,Burnley vs West Ham,A,2.16,False,D,9.7686,False,-1.0
ALL (>=1 confirm),2021-12-14,1,E0,2122,Man City vs Leeds,H,1.14,True,H,3.220272,True,2.220272
ALL (>=1 confirm),2021-12-14,2,D1,2122,Stuttgart vs Bayern Munich,A,1.32,True,A,3.220272,True,2.220272
ALL (>=1 confirm),2021-12-14,3,E0,2122,Norwich vs Aston Villa,A,2.14,True,A,3.220272,True,2.220272
ALL (>=1 confirm),2021-12-15,1,D1,2122,Leverkusen vs Hoffenheim,H,2.05,False,D,9.571449999999997,False,-1.0
ALL (>=1 confirm),2021-12-15,2,E0,2122,Crystal Palace vs Southampton,H,2.03,False,D,9.571449999999997,False,-1.0
ALL (>=1 confirm),2021-12-15,3,E0,2122,Arsenal vs West Ham,H,2.3,True,H,9.571449999999997,False,-1.0
ALL (>=1 confirm),2021-12-18,1,T1,2122,Galatasaray vs Buyuksehyr,H,2.44,False,D,6.877872000000001,False,-1.0
ALL (>=1 confirm),2021-12-18,2,E0,2122,Leeds vs Arsenal,A,1.62,True,A,6.877872000000001,False,-1.0
ALL (>=1 confirm),2021-12-18,3,T1,2122,Trabzonspor vs Hatayspor,H,1.74,True,H,6.877872000000001,False,-1.0
ALL (>=1 confirm),2021-12-19,1,E0,2122,Newcastle vs Man City,A,1.13,True,A,6.426309999999999,False,-1.0
ALL (>=1 confirm),2021-12-19,2,T1,2122,Fenerbahce vs Besiktas,H,2.42,False,D,6.426309999999999,False,-1.0
ALL (>=1 confirm),2021-12-19,3,T1,2122,Rizespor vs Yeni Malatyaspor,H,2.35,True,H,6.426309999999999,False,-1.0
ALL (>=1 confirm),2021-12-21,1,T1,2122,Buyuksehyr vs Giresunspor,H,2.06,True,H,9.305226,False,-1.0
ALL (>=1 confirm),2021-12-21,2,T1,2122,Altay vs Trabzonspor,A,2.39,True,A,9.305226,False,-1.0
ALL (>=1 confirm),2021-12-21,3,T1,2122,Antalyaspor vs Kasimpasa,H,1.89,False,D,9.305226,False,-1.0
ALL (>=1 confirm),2021-12-22,1,T1,2122,Karagumruk vs Fenerbahce,A,2.07,False,D,8.078382000000001,False,-1.0
ALL (>=1 confirm),2021-12-22,2,T1,2122,Sivasspor vs Rizespor,H,1.58,False,D,8.078382000000001,False,-1.0
ALL (>=1 confirm),2021-12-22,3,T1,2122,Gaziantep vs Alanyaspor,H,2.47,True,H,8.078382000000001,False,-1.0
ALL (>=1 confirm),2021-12-25,1,T1,2122,Kasimpasa vs Altay,H,2.23,True,H,8.084196,False,-1.0
ALL (>=1 confirm),2021-12-25,2,T1,2122,Galatasaray vs Antalyaspor,H,1.71,True,H,8.084196,False,-1.0
ALL (>=1 confirm),2021-12-25,3,T1,2122,Giresunspor vs Hatayspor,H,2.12,False,A,8.084196,False,-1.0
ALL (>=1 confirm),2021-12-26,1,E0,2122,Norwich vs Arsenal,A,1.53,True,A,5.30145,False,-1.0
ALL (>=1 confirm),2021-12-26,2,E0,2122,Tottenham vs Crystal Palace,H,1.75,True,H,5.30145,False,-1.0
ALL (>=1 confirm),2021-12-26,3,E0,2122,West Ham vs Southampton,H,1.98,False,A,5.30145,False,-1.0
ALL (>=1 confirm),2021-12-28,1,E0,2122,Watford vs West Ham,A,2.07,True,A,5.974226999999999,False,-1.0
ALL (>=1 confirm),2021-12-28,2,E0,2122,Southampton vs Tottenham,A,2.17,False,D,5.974226999999999,False,-1.0
ALL (>=1 confirm),2021-12-28,3,E0,2122,Leicester vs Liverpool,A,1.33,False,H,5.974226999999999,False,-1.0
ALL (>=1 confirm),2022-01-08,1,T1,2122,Kasimpasa vs Hatayspor,H,1.91,True,H,6.598477,False,-1.0
ALL (>=1 confirm),2022-01-08,2,T1,2122,Galatasaray vs Giresunspor,H,1.93,False,A,6.598477,False,-1.0
ALL (>=1 confirm),2022-01-08,3,D1,2122,Leverkusen vs Union Berlin,H,1.79,False,D,6.598477,False,-1.0
ALL (>=1 confirm),2022-01-09,1,T1,2122,Kayserispor vs Altay,H,2.14,True,H,10.823264000000002,False,-1.0
ALL (>=1 confirm),2022-01-09,2,T1,2122,Goztep vs Antalyaspor,H,2.32,True,H,10.823264000000002,False,-1.0
ALL (>=1 confirm),2022-01-09,3,T1,2122,Konyaspor vs Sivasspor,H,2.18,False,A,10.823264000000002,False,-1.0
ALL (>=1 confirm),2022-01-14,1,T1,2122,Besiktas vs Gaziantep,H,1.61,True,H,7.822185,False,-1.0
ALL (>=1 confirm),2022-01-14,2,T1,2122,Yeni Malatyaspor vs Goztep,A,2.37,True,A,7.822185,False,-1.0
ALL (>=1 confirm),2022-01-14,3,E0,2122,Brighton vs Crystal Palace,H,2.05,False,D,7.822185,False,-1.0
ALL (>=1 confirm),2022-01-15,1,D1,2122,FC Koln vs Bayern Munich,A,1.43,True,A,3.868722,True,2.868722
ALL (>=1 confirm),2022-01-15,2,D1,2122,Stuttgart vs RB Leipzig,A,1.62,True,A,3.868722,True,2.868722
ALL (>=1 confirm),2022-01-15,3,E0,2122,Man City vs Chelsea,H,1.67,True,H,3.868722,True,2.868722
ALL (>=1 confirm),2022-01-16,1,E0,2122,West Ham vs Leeds,H,1.69,False,A,7.221032,False,-1.0
ALL (>=1 confirm),2022-01-16,2,T1,2122,Hatayspor vs Galatasaray,A,2.18,False,H,7.221032,False,-1.0
ALL (>=1 confirm),2022-01-16,3,D1,2122,Bielefeld vs Greuther Furth,H,1.96,False,D,7.221032,False,-1.0
ALL (>=1 confirm),2022-01-19,1,T1,2122,Fenerbahce vs Altay,H,1.46,True,H,4.676672,False,-1.0
ALL (>=1 confirm),2022-01-19,2,E0,2122,Brentford vs Man United,A,1.76,True,A,4.676672,False,-1.0
ALL (>=1 confirm),2022-01-19,3,T1,2122,Trabzonspor vs Giresunspor,H,1.82,False,D,4.676672,False,-1.0
ALL (>=1 confirm),2022-01-22,1,E0,2122,Man United vs West Ham,H,2.17,True,H,4.71107,False,-1.0
ALL (>=1 confirm),2022-01-22,2,T1,2122,Yeni Malatyaspor vs Besiktas,A,1.67,False,D,4.71107,False,-1.0
ALL (>=1 confirm),2022-01-22,3,E0,2122,Southampton vs Man City,A,1.3,False,D,4.71107,False,-1.0
ALL (>=1 confirm),2022-01-23,1,D1,2122,RB Leipzig vs Wolfsburg,H,1.53,True,H,3.1909680000000002,False,-1.0
ALL (>=1 confirm),2022-01-23,2,E0,2122,Arsenal vs Burnley,H,1.32,False,D,3.1909680000000002,False,-1.0
ALL (>=1 confirm),2022-01-23,3,E0,2122,Crystal Palace vs Liverpool,A,1.58,True,A,3.1909680000000002,False,-1.0
ALL (>=1 confirm),2022-02-05,1,E0,2122,Burnley vs Watford,H,2.22,False,D,14.13807,False,-1.0
ALL (>=1 confirm),2022-02-05,2,D1,2122,Augsburg vs Union Berlin,A,2.71,False,H,14.13807,False,-1.0
ALL (>=1 confirm),2022-02-05,3,T1,2122,Fenerbahce vs Buyuksehyr,H,2.35,False,A,14.13807,False,-1.0
ALL (>=1 confirm),2022-02-06,1,T1,2122,Alanyaspor vs Galatasaray,H,2.68,False,D,8.428600000000001,False,-1.0
ALL (>=1 confirm),2022-02-06,2,T1,2122,Goztep vs Altay,H,1.7,False,A,8.428600000000001,False,-1.0
ALL (>=1 confirm),2022-02-06,3,T1,2122,Besiktas vs Antalyaspor,H,1.85,False,D,8.428600000000001,False,-1.0
ALL (>=1 confirm),2022-02-08,1,E0,2122,Burnley vs Man United,A,1.56,False,D,6.26262,False,-1.0
ALL (>=1 confirm),2022-02-08,2,E0,2122,West Ham vs Watford,H,1.55,True,H,6.26262,False,-1.0
ALL (>=1 confirm),2022-02-08,3,E0,2122,Newcastle vs Everton,H,2.59,True,H,6.26262,False,-1.0
ALL (>=1 confirm),2022-02-09,1,E0,2122,Man City vs Brentford,H,1.1,True,H,3.989370000000001,False,-1.0
ALL (>=1 confirm),2022-02-09,2,E0,2122,Tottenham vs Southampton,H,1.57,False,A,3.989370000000001,False,-1.0
ALL (>=1 confirm),2022-02-09,3,E0,2122,Norwich vs Crystal Palace,A,2.31,False,D,3.989370000000001,False,-1.0
ALL (>=1 confirm),2022-02-12,1,E0,2122,Man United vs Southampton,H,1.54,False,D,3.2361560000000003,False,-1.0
ALL (>=1 confirm),2022-02-12,2,D1,2122,Leverkusen vs Stuttgart,H,1.33,True,H,3.2361560000000003,False,-1.0
ALL (>=1 confirm),2022-02-12,3,T1,2122,Galatasaray vs Kayserispor,H,1.58,False,D,3.2361560000000003,False,-1.0
ALL (>=1 confirm),2022-02-13,1,D1,2122,Union Berlin vs Dortmund,A,2.17,True,A,4.447632,True,3.4476319999999996
ALL (>=1 confirm),2022-02-13,2,E0,2122,Burnley vs Liverpool,A,1.22,True,A,4.447632,True,3.4476319999999996
ALL (>=1 confirm),2022-02-13,3,T1,2122,Sivasspor vs Yeni Malatyaspor,H,1.68,True,H,4.447632,True,3.4476319999999996
ALL (>=1 confirm),2022-02-19,1,E0,2122,Man City vs Tottenham,H,1.28,False,A,2.1985279999999996,False,-1.0
ALL (>=1 confirm),2022-02-19,2,E0,2122,Arsenal vs Brentford,H,1.52,True,H,2.1985279999999996,False,-1.0
ALL (>=1 confirm),2022-02-19,3,E0,2122,Liverpool vs Norwich,H,1.13,True,H,2.1985279999999996,False,-1.0
ALL (>=1 confirm),2022-02-20,1,T1,2122,Fenerbahce vs Hatayspor,H,1.85,True,H,5.9052,True,4.9052
ALL (>=1 confirm),2022-02-20,2,E0,2122,Leeds vs Man United,A,1.68,True,A,5.9052,True,4.9052
ALL (>=1 confirm),2022-02-20,3,D1,2122,Dortmund vs M'gladbach,H,1.9,True,H,5.9052,True,4.9052
ALL (>=1 confirm),2022-02-23,1,E0,2122,Liverpool vs Leeds,H,1.18,True,H,5.3987359999999995,False,-1.0
ALL (>=1 confirm),2022-02-23,2,T1,2122,Gaziantep vs Yeni Malatyaspor,H,1.72,False,D,5.3987359999999995,False,-1.0
ALL (>=1 confirm),2022-02-23,3,E0,2122,Watford vs Crystal Palace,A,2.66,True,A,5.3987359999999995,False,-1.0
ALL (>=1 confirm),2022-02-25,1,D1,2122,Hoffenheim vs Stuttgart,H,1.58,True,H,3.602558,True,2.602558
ALL (>=1 confirm),2022-02-25,2,E0,2122,Southampton vs Norwich,H,1.51,True,H,3.602558,True,2.602558
ALL (>=1 confirm),2022-02-25,3,T1,2122,Trabzonspor vs Kayserispor,H,1.51,True,H,3.602558,True,2.602558
ALL (>=1 confirm),2022-02-26,1,D1,2122,Greuther Furth vs FC Koln,A,2.03,False,D,4.2607669999999995,False,-1.0
ALL (>=1 confirm),2022-02-26,2,E0,2122,Man United vs Watford,H,1.39,False,D,4.2607669999999995,False,-1.0
ALL (>=1 confirm),2022-02-26,3,D1,2122,Ein Frankfurt vs Bayern Munich,A,1.51,True,A,4.2607669999999995,False,-1.0
ALL (>=1 confirm),2022-02-27,1,D1,2122,Augsburg vs Dortmund,A,1.9,False,D,5.307650000000001,False,-1.0
ALL (>=1 confirm),2022-02-27,2,D1,2122,Bochum vs RB Leipzig,A,1.85,True,A,5.307650000000001,False,-1.0
ALL (>=1 confirm),2022-02-27,3,T1,2122,Galatasaray vs Rizespor,H,1.51,True,H,5.307650000000001,False,-1.0
ALL (>=1 confirm),2022-03-05,1,E0,2122,Leicester vs Leeds,H,2.14,True,H,13.12248,True,12.12248
ALL (>=1 confirm),2022-03-05,2,D1,2122,Hertha vs Ein Frankfurt,A,2.19,True,A,13.12248,True,12.12248
ALL (>=1 confirm),2022-03-05,3,E0,2122,Newcastle vs Brighton,H,2.8,True,H,13.12248,True,12.12248
ALL (>=1 confirm),2022-03-06,1,E0,2122,Watford vs Arsenal,A,1.55,True,A,7.501380000000001,False,-1.0
ALL (>=1 confirm),2022-03-06,2,T1,2122,Karagumruk vs Altay,H,2.22,False,D,7.501380000000001,False,-1.0
ALL (>=1 confirm),2022-03-06,3,T1,2122,Antalyaspor vs Sivasspor,H,2.18,True,H,7.501380000000001,False,-1.0
ALL (>=1 confirm),2022-03-07,1,E0,2122,Tottenham vs Everton,H,1.77,True,H,9.661899000000002,False,-1.0
ALL (>=1 confirm),2022-03-07,2,T1,2122,Gaziantep vs Hatayspor,H,2.21,False,D,9.661899000000002,False,-1.0
ALL (>=1 confirm),2022-03-07,3,T1,2122,Besiktas vs Buyuksehyr,H,2.47,False,D,9.661899000000002,False,-1.0
ALL (>=1 confirm),2022-03-10,1,E0,2122,Norwich vs Chelsea,A,1.36,True,A,6.724791999999999,True,5.724791999999999
ALL (>=1 confirm),2022-03-10,2,E0,2122,Leeds vs Aston Villa,A,2.51,True,A,6.724791999999999,True,5.724791999999999
ALL (>=1 confirm),2022-03-10,3,E0,2122,Wolves vs Watford,H,1.97,True,H,6.724791999999999,True,5.724791999999999
ALL (>=1 confirm),2022-03-12,1,E0,2122,Brighton vs Liverpool,A,1.51,True,A,3.92751,True,2.92751
ALL (>=1 confirm),2022-03-12,2,T1,2122,Trabzonspor vs Goztep,H,1.7,True,H,3.92751,True,2.92751
ALL (>=1 confirm),2022-03-12,3,T1,2122,Kasimpasa vs Rizespor,H,1.53,True,H,3.92751,True,2.92751
ALL (>=1 confirm),2022-03-13,1,E0,2122,Leeds vs Norwich,H,1.62,True,H,4.1553,False,-1.0
ALL (>=1 confirm),2022-03-13,2,D1,2122,Dortmund vs Bielefeld,H,1.35,True,H,4.1553,False,-1.0
ALL (>=1 confirm),2022-03-13,3,T1,2122,Ad. Demirspor vs Sivasspor,H,1.9,False,A,4.1553,False,-1.0
ALL (>=1 confirm),2022-03-14,1,T1,2122,Galatasaray vs Besiktas,H,2.35,True,H,11.983825,False,-1.0
ALL (>=1 confirm),2022-03-14,2,T1,2122,Buyuksehyr vs Antalyaspor,H,2.17,False,A,11.983825,False,-1.0
ALL (>=1 confirm),2022-03-14,3,T1,2122,Giresunspor vs Gaziantep,H,2.35,True,H,11.983825,False,-1.0
ALL (>=1 confirm),2022-03-18,1,T1,2122,Rizespor vs Trabzonspor,A,1.79,False,H,8.834008,False,-1.0
ALL (>=1 confirm),2022-03-18,2,D1,2122,Bochum vs M'gladbach,A,2.48,True,A,8.834008,False,-1.0
ALL (>=1 confirm),2022-03-18,3,T1,2122,Karagumruk vs Kayserispor,H,1.99,True,H,8.834008,False,-1.0
ALL (>=1 confirm),2022-03-19,1,D1,2122,Hertha vs Hoffenheim,A,2.11,False,H,6.902231999999999,False,-1.0
ALL (>=1 confirm),2022-03-19,2,D1,2122,Greuther Furth vs Freiburg,A,1.74,False,D,6.902231999999999,False,-1.0
ALL (>=1 confirm),2022-03-19,3,T1,2122,Yeni Malatyaspor vs Kasimpasa,A,1.88,True,A,6.902231999999999,False,-1.0
ALL (>=1 confirm),2022-03-20,1,D1,2122,Wolfsburg vs Leverkusen,A,2.32,True,A,5.374511999999999,False,-1.0
ALL (>=1 confirm),2022-03-20,2,T1,2122,Fenerbahce vs Konyaspor,H,1.62,True,H,5.374511999999999,False,-1.0
ALL (>=1 confirm),2022-03-20,3,D1,2122,RB Leipzig vs Ein Frankfurt,H,1.43,False,D,5.374511999999999,False,-1.0
ALL (>=1 confirm),2022-04-02,1,T1,2122,Galatasaray vs Karagumruk,H,1.65,True,H,5.041079999999999,False,-1.0
ALL (>=1 confirm),2022-04-02,2,T1,2122,Kayserispor vs Fenerbahce,A,2.01,True,A,5.041079999999999,False,-1.0
ALL (>=1 confirm),2022-04-02,3,E0,2122,Brighton vs Norwich,H,1.52,False,D,5.041079999999999,False,-1.0
ALL (>=1 confirm),2022-04-03,1,T1,2122,Konyaspor vs Goztep,H,1.79,True,H,4.495764,True,3.4957640000000003
ALL (>=1 confirm),2022-04-03,2,E0,2122,Tottenham vs Newcastle,H,1.56,True,H,4.495764,True,3.4957640000000003
ALL (>=1 confirm),2022-04-03,3,T1,2122,Alanyaspor vs Rizespor,H,1.61,True,H,4.495764,True,3.4957640000000003
ALL (>=1 confirm),2022-04-09,1,T1,2122,Goztep vs Kayserispor,H,2.0,False,A,9.02,False,-1.0
ALL (>=1 confirm),2022-04-09,2,E0,2122,Southampton vs Chelsea,A,2.05,True,A,9.02,False,-1.0
ALL (>=1 confirm),2022-04-09,3,E0,2122,Aston Villa vs Tottenham,A,2.2,True,A,9.02,False,-1.0
ALL (>=1 confirm),2022-04-10,1,D1,2122,RB Leipzig vs Hoffenheim,H,1.46,True,H,5.154968,False,-1.0
ALL (>=1 confirm),2022-04-10,2,T1,2122,Yeni Malatyaspor vs Giresunspor,A,1.82,True,A,5.154968,False,-1.0
ALL (>=1 confirm),2022-04-10,3,D1,2122,Bochum vs Leverkusen,A,1.94,False,D,5.154968,False,-1.0
ALL (>=1 confirm),2022-04-16,1,E0,2122,Tottenham vs Brighton,H,1.51,False,A,4.207464,False,-1.0
ALL (>=1 confirm),2022-04-16,2,T1,2122,Alanyaspor vs Antalyaspor,H,2.16,False,A,4.207464,False,-1.0
ALL (>=1 confirm),2022-04-16,3,E0,2122,Man United vs Norwich,H,1.29,True,H,4.207464,False,-1.0
ALL (>=1 confirm),2022-04-17,1,D1,2122,Bielefeld vs Bayern Munich,A,1.18,True,A,4.98314,True,3.9831399999999997
ALL (>=1 confirm),2022-04-17,2,E0,2122,Newcastle vs Leicester,H,2.06,True,H,4.98314,True,3.9831399999999997
ALL (>=1 confirm),2022-04-17,3,D1,2122,Union Berlin vs Ein Frankfurt,H,2.05,True,H,4.98314,True,3.9831399999999997
ALL (>=1 confirm),2022-04-23,1,D1,2122,FC Koln vs Bielefeld,H,1.41,True,H,3.2821979999999997,True,2.2821979999999997
ALL (>=1 confirm),2022-04-23,2,E0,2122,Arsenal vs Man United,H,2.06,True,H,3.2821979999999997,True,2.2821979999999997
ALL (>=1 confirm),2022-04-23,3,E0,2122,Man City vs Watford,H,1.13,True,H,3.2821979999999997,True,2.2821979999999997
ALL (>=1 confirm),2022-04-24,1,D1,2122,Hertha vs Stuttgart,A,2.39,False,H,7.618842000000002,False,-1.0
ALL (>=1 confirm),2022-04-24,2,T1,2122,Altay vs Galatasaray,A,1.98,True,A,7.618842000000002,False,-1.0
ALL (>=1 confirm),2022-04-24,3,T1,2122,Antalyaspor vs Kayserispor,H,1.61,False,D,7.618842000000002,False,-1.0
ALL (>=1 confirm),2022-04-30,1,D1,2122,Mainz vs Bayern Munich,A,1.67,False,H,4.050084,False,-1.0
ALL (>=1 confirm),2022-04-30,2,E0,2122,Aston Villa vs Norwich,H,1.41,True,H,4.050084,False,-1.0
ALL (>=1 confirm),2022-04-30,3,T1,2122,Trabzonspor vs Antalyaspor,H,1.72,False,D,4.050084,False,-1.0
ALL (>=1 confirm),2022-05-01,1,T1,2122,Kayserispor vs Besiktas,A,2.13,True,A,6.743367,False,-1.0
ALL (>=1 confirm),2022-05-01,2,E0,2122,West Ham vs Arsenal,A,1.83,True,A,6.743367,False,-1.0
ALL (>=1 confirm),2022-05-01,3,E0,2122,Everton vs Chelsea,A,1.73,False,H,6.743367,False,-1.0
ALL (>=1 confirm),2022-05-07,1,D1,2122,Greuther Furth vs Dortmund,A,1.39,True,A,4.17278,False,-1.0
ALL (>=1 confirm),2022-05-07,2,T1,2122,Karagumruk vs Goztep,H,1.58,True,H,4.17278,False,-1.0
ALL (>=1 confirm),2022-05-07,3,T1,2122,Buyuksehyr vs Galatasaray,H,1.9,False,D,4.17278,False,-1.0
ALL (>=1 confirm),2022-05-08,1,E0,2122,Arsenal vs Leeds,H,1.54,True,H,5.641944,True,4.641944
ALL (>=1 confirm),2022-05-08,2,T1,2122,Yeni Malatyaspor vs Rizespor,A,2.13,True,A,5.641944,True,4.641944
ALL (>=1 confirm),2022-05-08,3,E0,2122,Norwich vs West Ham,A,1.72,True,A,5.641944,True,4.641944
ALL (>=1 confirm),2022-05-14,1,D1,2122,Augsburg vs Greuther Furth,H,1.7,True,H,4.355230000000001,False,-1.0
ALL (>=1 confirm),2022-05-14,2,D1,2122,Bielefeld vs RB Leipzig,A,1.37,False,D,4.355230000000001,False,-1.0
ALL (>=1 confirm),2022-05-14,3,D1,2122,Mainz vs Ein Frankfurt,H,1.87,False,D,4.355230000000001,False,-1.0
ALL (>=1 confirm),2022-05-15,1,T1,2122,Fenerbahce vs Karagumruk,H,1.68,False,D,4.012007999999999,False,-1.0
ALL (>=1 confirm),2022-05-15,2,T1,2122,Alanyaspor vs Gaziantep,H,1.43,True,H,4.012007999999999,False,-1.0
ALL (>=1 confirm),2022-05-15,3,E0,2122,Watford vs Leicester,A,1.67,True,A,4.012007999999999,False,-1.0
ALL (>=1 confirm),2022-05-22,1,E0,2122,Norwich vs Tottenham,A,1.34,True,A,2.59692,True,1.59692
ALL (>=1 confirm),2022-05-22,2,E0,2122,Leicester vs Southampton,H,1.7,True,H,2.59692,True,1.59692
ALL (>=1 confirm),2022-05-22,3,E0,2122,Liverpool vs Wolves,H,1.14,True,H,2.59692,True,1.59692
ALL (>=1 confirm),2022-08-06,1,T1,2223,Besiktas vs Kayserispor,H,1.54,True,H,8.677900000000001,True,7.677900000000001
ALL (>=1 confirm),2022-08-06,2,E0,2223,Leeds vs Wolves,H,2.45,True,H,8.677900000000001,True,7.677900000000001
ALL (>=1 confirm),2022-08-06,3,D1,2223,Bochum vs Mainz,A,2.3,True,A,8.677900000000001,True,7.677900000000001
ALL (>=1 confirm),2022-08-13,1,T1,2223,Galatasaray vs Giresunspor,H,1.53,False,A,3.8678400000000006,False,-1.0
ALL (>=1 confirm),2022-08-13,2,E0,2223,Arsenal vs Leicester,H,1.58,True,H,3.8678400000000006,False,-1.0
ALL (>=1 confirm),2022-08-13,3,D1,2223,Hoffenheim vs Bochum,H,1.6,True,H,3.8678400000000006,False,-1.0
ALL (>=1 confirm),2022-08-14,1,D1,2223,Mainz vs Union Berlin,H,2.28,False,D,5.788691999999999,False,-1.0
ALL (>=1 confirm),2022-08-14,2,E0,2223,Chelsea vs Tottenham,H,2.17,False,D,5.788691999999999,False,-1.0
ALL (>=1 confirm),2022-08-14,3,D1,2223,Bayern Munich vs Wolfsburg,H,1.17,True,H,5.788691999999999,False,-1.0
ALL (>=1 confirm),2022-08-20,1,D1,2223,Wolfsburg vs Schalke 04,H,1.88,False,D,6.226559999999999,False,-1.0
ALL (>=1 confirm),2022-08-20,2,D1,2223,Union Berlin vs RB Leipzig,A,2.3,False,H,6.226559999999999,False,-1.0
ALL (>=1 confirm),2022-08-20,3,D1,2223,Dortmund vs Werder Bremen,H,1.44,False,A,6.226559999999999,False,-1.0
ALL (>=1 confirm),2022-08-21,1,T1,2223,Buyuksehyr vs Kayserispor,H,1.71,True,H,6.5535749999999995,False,-1.0
ALL (>=1 confirm),2022-08-21,2,D1,2223,Ein Frankfurt vs FC Koln,H,2.19,False,D,6.5535749999999995,False,-1.0
ALL (>=1 confirm),2022-08-21,3,T1,2223,Besiktas vs Karagumruk,H,1.75,True,H,6.5535749999999995,False,-1.0
ALL (>=1 confirm),2022-08-27,1,D1,2223,Mainz vs Leverkusen,H,2.4,False,A,8.53248,False,-1.0
ALL (>=1 confirm),2022-08-27,2,E0,2223,Southampton vs Man United,A,2.02,True,A,8.53248,False,-1.0
ALL (>=1 confirm),2022-08-27,3,D1,2223,Hertha vs Dortmund,A,1.76,True,A,8.53248,False,-1.0
ALL (>=1 confirm),2022-08-28,1,D1,2223,Werder Bremen vs Ein Frankfurt,H,2.38,False,A,10.34348,False,-1.0
ALL (>=1 confirm),2022-08-28,2,T1,2223,Kasimpasa vs Hatayspor,H,2.05,True,H,10.34348,False,-1.0
ALL (>=1 confirm),2022-08-28,3,E0,2223,Aston Villa vs West Ham,H,2.12,False,A,10.34348,False,-1.0
ALL (>=1 confirm),2022-08-30,1,E0,2223,Crystal Palace vs Brentford,H,2.12,False,D,8.527064,False,-1.0
ALL (>=1 confirm),2022-08-30,2,E0,2223,Southampton vs Chelsea,A,1.69,False,H,8.527064,False,-1.0
ALL (>=1 confirm),2022-08-30,3,E0,2223,Fulham vs Brighton,A,2.38,False,H,8.527064,False,-1.0
ALL (>=1 confirm),2022-08-31,1,E0,2223,Arsenal vs Aston Villa,H,1.55,True,H,3.9215000000000004,False,-1.0
ALL (>=1 confirm),2022-08-31,2,E0,2223,Man City vs Nott'm Forest,H,1.1,True,H,3.9215000000000004,False,-1.0
ALL (>=1 confirm),2022-08-31,3,E0,2223,West Ham vs Tottenham,A,2.3,False,D,3.9215000000000004,False,-1.0
ALL (>=1 confirm),2022-09-03,1,E0,2223,Aston Villa vs Man City,A,1.33,False,D,3.1982509999999995,False,-1.0
ALL (>=1 confirm),2022-09-03,2,D1,2223,Stuttgart vs Schalke 04,H,1.73,False,D,3.1982509999999995,False,-1.0
ALL (>=1 confirm),2022-09-03,3,D1,2223,Union Berlin vs Bayern Munich,A,1.39,False,D,3.1982509999999995,False,-1.0
ALL (>=1 confirm),2022-09-04,1,T1,2223,Ankaragucu vs Besiktas,A,1.72,True,A,10.087627999999999,False,-1.0
ALL (>=1 confirm),2022-09-04,2,T1,2223,Hatayspor vs Ad. Demirspor,A,2.23,False,D,10.087627999999999,False,-1.0
ALL (>=1 confirm),2022-09-04,3,D1,2223,Augsburg vs Hertha,H,2.63,False,A,10.087627999999999,False,-1.0
ALL (>=1 confirm),2022-09-10,1,D1,2223,Hertha vs Leverkusen,A,1.85,False,D,6.0458,False,-1.0
ALL (>=1 confirm),2022-09-10,2,D1,2223,Ein Frankfurt vs Wolfsburg,H,1.9,False,A,6.0458,False,-1.0
ALL (>=1 confirm),2022-09-10,3,T1,2223,Konyaspor vs Hatayspor,H,1.72,True,H,6.0458,False,-1.0
ALL (>=1 confirm),2022-09-11,1,T1,2223,Kasimpasa vs Galatasaray,A,1.72,True,A,6.104279999999999,False,-1.0
ALL (>=1 confirm),2022-09-11,2,T1,2223,Gaziantep vs Umraniyespor,H,1.82,False,D,6.104279999999999,False,-1.0
ALL (>=1 confirm),2022-09-11,3,T1,2223,Sivasspor vs Istanbulspor,H,1.95,False,D,6.104279999999999,False,-1.0
ALL (>=1 confirm),2022-09-16,1,D1,2223,Mainz vs Hertha,H,1.83,False,D,6.970836,False,-1.0
ALL (>=1 confirm),2022-09-16,2,T1,2223,Galatasaray vs Konyaspor,H,1.78,True,H,6.970836,False,-1.0
ALL (>=1 confirm),2022-09-16,3,E0,2223,Aston Villa vs Southampton,H,2.14,True,H,6.970836,False,-1.0
ALL (>=1 confirm),2022-09-17,1,D1,2223,Leverkusen vs Werder Bremen,H,1.65,False,D,6.36405,False,-1.0
ALL (>=1 confirm),2022-09-17,2,D1,2223,Dortmund vs Schalke 04,H,1.45,True,H,6.36405,False,-1.0
ALL (>=1 confirm),2022-09-17,3,T1,2223,Antalyaspor vs Ad. Demirspor,A,2.66,True,A,6.36405,False,-1.0
ALL (>=1 confirm),2022-09-18,1,T1,2223,Fenerbahce vs Alanyaspor,H,1.59,True,H,6.945120000000001,False,-1.0
ALL (>=1 confirm),2022-09-18,2,T1,2223,Trabzonspor vs Gaziantep,H,1.68,True,H,6.945120000000001,False,-1.0
ALL (>=1 confirm),2022-09-18,3,E0,2223,Everton vs West Ham,A,2.6,False,H,6.945120000000001,False,-1.0
ALL (>=1 confirm),2022-10-01,1,E0,2223,Arsenal vs Tottenham,H,1.99,True,H,9.654883,False,-1.0
ALL (>=1 confirm),2022-10-01,2,T1,2223,Ad. Demirspor vs Galatasaray,A,2.39,False,D,9.654883,False,-1.0
ALL (>=1 confirm),2022-10-01,3,T1,2223,Kayserispor vs Trabzonspor,A,2.03,True,A,9.654883,False,-1.0
ALL (>=1 confirm),2022-10-02,1,D1,2223,Schalke 04 vs Augsburg,H,1.9,False,A,7.587649999999999,False,-1.0
ALL (>=1 confirm),2022-10-02,2,T1,2223,Konyaspor vs Umraniyespor,H,1.63,True,H,7.587649999999999,False,-1.0
ALL (>=1 confirm),2022-10-02,3,E0,2223,Leeds vs Aston Villa,H,2.45,False,D,7.587649999999999,False,-1.0
ALL (>=1 confirm),2022-10-08,1,D1,2223,Leverkusen vs Schalke 04,H,1.43,True,H,2.4723269999999995,True,1.4723269999999995
ALL (>=1 confirm),2022-10-08,2,E0,2223,Man City vs Southampton,H,1.13,True,H,2.4723269999999995,True,1.4723269999999995
ALL (>=1 confirm),2022-10-08,3,E0,2223,Chelsea vs Wolves,H,1.53,True,H,2.4723269999999995,True,1.4723269999999995
ALL (>=1 confirm),2022-10-09,1,E0,2223,West Ham vs Fulham,H,1.63,True,H,5.929614,True,4.929614
ALL (>=1 confirm),2022-10-09,2,T1,2223,Fenerbahce vs Karagumruk,H,1.41,True,H,5.929614,True,4.929614
ALL (>=1 confirm),2022-10-09,3,E0,2223,Arsenal vs Liverpool,H,2.58,True,H,5.929614,True,4.929614
ALL (>=1 confirm),2022-10-15,1,T1,2223,Kayserispor vs Galatasaray,A,1.93,False,H,7.601884,False,-1.0
ALL (>=1 confirm),2022-10-15,2,D1,2223,Stuttgart vs Bochum,H,1.72,True,H,7.601884,False,-1.0
ALL (>=1 confirm),2022-10-15,3,D1,2223,Werder Bremen vs Mainz,H,2.29,False,A,7.601884,False,-1.0
ALL (>=1 confirm),2022-10-16,1,E0,2223,Leeds vs Arsenal,A,1.7,True,A,3.89674,True,2.89674
ALL (>=1 confirm),2022-10-16,2,D1,2223,Bayern Munich vs Freiburg,H,1.46,True,H,3.89674,True,2.89674
ALL (>=1 confirm),2022-10-16,3,T1,2223,Buyuksehyr vs Istanbulspor,H,1.57,True,H,3.89674,True,2.89674
ALL (>=1 confirm),2022-10-19,1,E0,2223,Brentford vs Chelsea,A,1.88,False,D,7.583544,False,-1.0
ALL (>=1 confirm),2022-10-19,2,E0,2223,Newcastle vs Everton,H,1.66,True,H,7.583544,False,-1.0
ALL (>=1 confirm),2022-10-19,3,E0,2223,Man United vs Tottenham,H,2.43,True,H,7.583544,False,-1.0
ALL (>=1 confirm),2022-10-22,1,E0,2223,Nott'm Forest vs Liverpool,A,1.36,False,H,3.061224,False,-1.0
ALL (>=1 confirm),2022-10-22,2,D1,2223,Leverkusen vs Wolfsburg,H,1.83,False,D,3.061224,False,-1.0
ALL (>=1 confirm),2022-10-22,3,E0,2223,Man City vs Brighton,H,1.23,True,H,3.061224,False,-1.0
ALL (>=1 confirm),2022-10-23,1,E0,2223,Leeds vs Fulham,H,2.1,False,A,6.993,False,-1.0
ALL (>=1 confirm),2022-10-23,2,T1,2223,Ad. Demirspor vs Konyaspor,H,2.25,False,D,6.993,False,-1.0
ALL (>=1 confirm),2022-10-23,3,E0,2223,Southampton vs Arsenal,A,1.48,False,D,6.993,False,-1.0
ALL (>=1 confirm),2022-10-29,1,E0,2223,Leicester vs Man City,A,1.42,True,A,3.108948,False,-1.0
ALL (>=1 confirm),2022-10-29,2,E0,2223,Newcastle vs Aston Villa,H,1.78,True,H,3.108948,False,-1.0
ALL (>=1 confirm),2022-10-29,3,E0,2223,Liverpool vs Leeds,H,1.23,False,A,3.108948,False,-1.0
ALL (>=1 confirm),2022-10-30,1,T1,2223,Istanbulspor vs Fenerbahce,A,1.49,True,A,3.4538199999999994,True,2.4538199999999994
ALL (>=1 confirm),2022-10-30,2,E0,2223,Arsenal vs Nott'm Forest,H,1.22,True,H,3.4538199999999994,True,2.4538199999999994
ALL (>=1 confirm),2022-10-30,3,D1,2223,Schalke 04 vs Freiburg,A,1.9,True,A,3.4538199999999994,True,2.4538199999999994
ALL (>=1 confirm),2022-11-05,1,D1,2223,Werder Bremen vs Schalke 04,H,1.58,True,H,5.51499,True,4.51499
ALL (>=1 confirm),2022-11-05,2,T1,2223,Galatasaray vs Besiktas,H,1.95,True,H,5.51499,True,4.51499
ALL (>=1 confirm),2022-11-05,3,D1,2223,Augsburg vs Ein Frankfurt,A,1.79,True,A,5.51499,True,4.51499
ALL (>=1 confirm),2022-11-06,1,E0,2223,Southampton vs Newcastle,A,1.85,True,A,6.71328,False,-1.0
ALL (>=1 confirm),2022-11-06,2,T1,2223,Trabzonspor vs Konyaspor,H,1.92,False,D,6.71328,False,-1.0
ALL (>=1 confirm),2022-11-06,3,E0,2223,West Ham vs Crystal Palace,H,1.89,False,A,6.71328,False,-1.0
ALL (>=1 confirm),2022-11-08,1,D1,2223,Wolfsburg vs Dortmund,A,2.36,False,H,5.875927999999999,False,-1.0
ALL (>=1 confirm),2022-11-08,2,D1,2223,Stuttgart vs Hertha,H,2.11,True,H,5.875927999999999,False,-1.0
ALL (>=1 confirm),2022-11-08,3,D1,2223,Bayern Munich vs Werder Bremen,H,1.18,True,H,5.875927999999999,False,-1.0
ALL (>=1 confirm),2022-11-09,1,D1,2223,Ein Frankfurt vs Hoffenheim,H,1.68,True,H,6.7326,False,-1.0
ALL (>=1 confirm),2022-11-09,2,D1,2223,Union Berlin vs Augsburg,H,1.75,False,D,6.7326,False,-1.0
ALL (>=1 confirm),2022-11-09,3,D1,2223,FC Koln vs Leverkusen,A,2.29,True,A,6.7326,False,-1.0
ALL (>=1 confirm),2022-11-12,1,D1,2223,Schalke 04 vs Bayern Munich,A,1.23,True,A,2.6262960000000004,False,-1.0
ALL (>=1 confirm),2022-11-12,2,E0,2223,Wolves vs Arsenal,A,1.57,True,A,2.6262960000000004,False,-1.0
ALL (>=1 confirm),2022-11-12,3,T1,2223,Fenerbahce vs Giresunspor,H,1.36,False,A,2.6262960000000004,False,-1.0
ALL (>=1 confirm),2022-11-13,1,E0,2223,Fulham vs Man United,A,1.87,True,A,8.688768000000001,False,-1.0
ALL (>=1 confirm),2022-11-13,2,E0,2223,Brighton vs Aston Villa,H,1.76,False,A,8.688768000000001,False,-1.0
ALL (>=1 confirm),2022-11-13,3,D1,2223,Mainz vs Ein Frankfurt,A,2.64,False,D,8.688768000000001,False,-1.0
ALL (>=1 confirm),2022-12-26,1,E0,2223,Arsenal vs West Ham,H,1.57,True,H,5.649488,True,4.649488
ALL (>=1 confirm),2022-12-26,2,E0,2223,Aston Villa vs Liverpool,A,1.73,True,A,5.649488,True,4.649488
ALL (>=1 confirm),2022-12-26,3,E0,2223,Southampton vs Brighton,A,2.08,True,A,5.649488,True,4.649488
ALL (>=1 confirm),2022-12-29,1,T1,2223,Sivasspor vs Galatasaray,A,1.7,True,A,6.86902,True,5.86902
ALL (>=1 confirm),2022-12-29,2,T1,2223,Besiktas vs Ad. Demirspor,H,1.78,True,H,6.86902,True,5.86902
ALL (>=1 confirm),2022-12-29,3,T1,2223,Giresunspor vs Gaziantep,H,2.27,True,H,6.86902,True,5.86902
ALL (>=1 confirm),2022-12-31,1,E0,2223,Newcastle vs Leeds,H,1.46,False,D,3.0893599999999997,False,-1.0
ALL (>=1 confirm),2022-12-31,2,E0,2223,Man City vs Everton,H,1.15,False,D,3.0893599999999997,False,-1.0
ALL (>=1 confirm),2022-12-31,3,E0,2223,Fulham vs Southampton,H,1.84,True,H,3.0893599999999997,False,-1.0
ALL (>=1 confirm),2023-01-03,1,E0,2223,Man United vs Bournemouth,H,1.29,True,H,4.385742,False,-1.0
ALL (>=1 confirm),2023-01-03,2,T1,2223,Antalyaspor vs Fenerbahce,A,1.91,True,A,4.385742,False,-1.0
ALL (>=1 confirm),2023-01-03,3,E0,2223,Arsenal vs Newcastle,H,1.78,False,D,4.385742,False,-1.0
ALL (>=1 confirm),2023-01-04,1,T1,2223,Galatasaray vs Ankaragucu,H,1.47,True,H,7.33824,False,-1.0
ALL (>=1 confirm),2023-01-04,2,E0,2223,Leeds vs West Ham,A,2.56,False,D,7.33824,False,-1.0
ALL (>=1 confirm),2023-01-04,3,E0,2223,Aston Villa vs Wolves,H,1.95,False,D,7.33824,False,-1.0
ALL (>=1 confirm),2023-01-09,1,T1,2223,Buyuksehyr vs Ad. Demirspor,H,2.18,True,H,12.680188000000001,False,-1.0
ALL (>=1 confirm),2023-01-09,2,T1,2223,Istanbulspor vs Gaziantep,A,2.54,False,D,12.680188000000001,False,-1.0
ALL (>=1 confirm),2023-01-09,3,T1,2223,Alanyaspor vs Trabzonspor,A,2.29,False,H,12.680188000000001,False,-1.0
ALL (>=1 confirm),2023-01-14,1,E0,2223,Brentford vs Bournemouth,H,1.61,True,H,9.389842000000002,False,-1.0
ALL (>=1 confirm),2023-01-14,2,E0,2223,Brighton vs Liverpool,A,2.41,False,H,9.389842000000002,False,-1.0
ALL (>=1 confirm),2023-01-14,3,E0,2223,Everton vs Southampton,H,2.42,False,A,9.389842000000002,False,-1.0
ALL (>=1 confirm),2023-01-15,1,T1,2223,Umraniyespor vs Istanbulspor,H,2.14,False,A,8.361408,False,-1.0
ALL (>=1 confirm),2023-01-15,2,T1,2223,Gaziantep vs Fenerbahce,A,1.76,True,A,8.361408,False,-1.0
ALL (>=1 confirm),2023-01-15,3,E0,2223,Tottenham vs Arsenal,A,2.22,True,A,8.361408,False,-1.0
ALL (>=1 confirm),2023-01-21,1,E0,2223,Leicester vs Brighton,A,1.83,False,D,3.3344430000000007,False,-1.0
ALL (>=1 confirm),2023-01-21,2,T1,2223,Galatasaray vs Antalyaspor,H,1.33,True,H,3.3344430000000007,False,-1.0
ALL (>=1 confirm),2023-01-21,3,D1,2223,Ein Frankfurt vs Schalke 04,H,1.37,True,H,3.3344430000000007,False,-1.0
ALL (>=1 confirm),2023-01-22,1,T1,2223,Trabzonspor vs Istanbulspor,H,1.36,True,H,5.43864,True,4.43864
ALL (>=1 confirm),2023-01-22,2,E0,2223,Arsenal vs Man United,H,1.86,True,H,5.43864,True,4.43864
ALL (>=1 confirm),2023-01-22,3,T1,2223,Kayserispor vs Besiktas,A,2.15,True,A,5.43864,True,4.43864
ALL (>=1 confirm),2023-01-24,1,D1,2223,Hertha vs Wolfsburg,A,2.45,True,A,4.739280000000001,False,-1.0
ALL (>=1 confirm),2023-01-24,2,D1,2223,Schalke 04 vs RB Leipzig,A,1.56,True,A,4.739280000000001,False,-1.0
ALL (>=1 confirm),2023-01-24,3,D1,2223,Bayern Munich vs FC Koln,H,1.24,False,D,4.739280000000001,False,-1.0
ALL (>=1 confirm),2023-01-25,1,D1,2223,Leverkusen vs Bochum,H,1.49,True,H,7.409472000000001,False,-1.0
ALL (>=1 confirm),2023-01-25,2,D1,2223,Augsburg vs M'gladbach,A,2.24,False,H,7.409472000000001,False,-1.0
ALL (>=1 confirm),2023-01-25,3,D1,2223,Mainz vs Dortmund,A,2.22,True,A,7.409472000000001,False,-1.0
ALL (>=1 confirm),2023-01-28,1,D1,2223,Werder Bremen vs Wolfsburg,A,2.09,False,H,6.5843359999999995,False,-1.0
ALL (>=1 confirm),2023-01-28,2,T1,2223,Hatayspor vs Trabzonspor,A,1.79,False,H,6.5843359999999995,False,-1.0
ALL (>=1 confirm),2023-01-28,3,T1,2223,Ankaragucu vs Gaziantep,H,1.76,False,A,6.5843359999999995,False,-1.0
ALL (>=1 confirm),2023-01-29,1,T1,2223,Buyuksehyr vs Konyaspor,H,1.98,True,H,5.385996,False,-1.0
ALL (>=1 confirm),2023-01-29,2,T1,2223,Fenerbahce vs Kasimpasa,H,1.34,True,H,5.385996,False,-1.0
ALL (>=1 confirm),2023-01-29,3,D1,2223,Schalke 04 vs FC Koln,A,2.03,False,D,5.385996,False,-1.0
ALL (>=1 confirm),2023-02-01,1,T1,2223,Trabzonspor vs Antalyaspor,H,1.72,True,H,4.8762,True,3.8762
ALL (>=1 confirm),2023-02-01,2,T1,2223,Galatasaray vs Umraniyespor,H,1.26,True,H,4.8762,True,3.8762
ALL (>=1 confirm),2023-02-01,3,T1,2223,Gaziantep vs Hatayspor,H,2.25,True,H,4.8762,True,3.8762
ALL (>=1 confirm),2023-02-04,1,E0,2223,Wolves vs Liverpool,A,1.97,False,H,4.983706,False,-1.0
ALL (>=1 confirm),2023-02-04,2,E0,2223,Brighton vs Bournemouth,H,1.39,True,H,4.983706,False,-1.0
ALL (>=1 confirm),2023-02-04,3,E0,2223,Brentford vs Southampton,H,1.82,True,H,4.983706,False,-1.0
ALL (>=1 confirm),2023-02-05,1,D1,2223,Stuttgart vs Werder Bremen,H,1.83,False,A,4.826808000000001,False,-1.0
ALL (>=1 confirm),2023-02-05,2,D1,2223,Wolfsburg vs Bayern Munich,A,1.57,True,A,4.826808000000001,False,-1.0
ALL (>=1 confirm),2023-02-05,3,T1,2223,Galatasaray vs Trabzonspor,H,1.68,True,H,4.826808000000001,False,-1.0
ALL (>=1 confirm),2023-02-11,1,E0,2223,Crystal Palace vs Brighton,A,1.76,False,D,4.532704,False,-1.0
ALL (>=1 confirm),2023-02-11,2,E0,2223,Bournemouth vs Newcastle,A,1.63,False,D,4.532704,False,-1.0
ALL (>=1 confirm),2023-02-11,3,E0,2223,Arsenal vs Brentford,H,1.58,False,D,4.532704,False,-1.0
ALL (>=1 confirm),2023-02-12,1,E0,2223,Man City vs Aston Villa,H,1.37,True,H,7.161264000000001,False,-1.0
ALL (>=1 confirm),2023-02-12,2,E0,2223,Leeds vs Man United,A,1.98,True,A,7.161264000000001,False,-1.0
ALL (>=1 confirm),2023-02-12,3,D1,2223,FC Koln vs Ein Frankfurt,A,2.64,False,H,7.161264000000001,False,-1.0
ALL (>=1 confirm),2023-02-18,1,E0,2223,Wolves vs Bournemouth,H,1.83,False,A,4.110912000000001,False,-1.0
ALL (>=1 confirm),2023-02-18,2,D1,2223,M'gladbach vs Bayern Munich,A,1.44,False,H,4.110912000000001,False,-1.0
ALL (>=1 confirm),2023-02-18,3,E0,2223,Brighton vs Fulham,H,1.56,False,A,4.110912000000001,False,-1.0
ALL (>=1 confirm),2023-02-19,1,D1,2223,Dortmund vs Hertha,H,1.49,True,H,4.00214,False,-1.0
ALL (>=1 confirm),2023-02-19,2,E0,2223,Man United vs Leicester,H,1.58,True,H,4.00214,False,-1.0
ALL (>=1 confirm),2023-02-19,3,D1,2223,Union Berlin vs Schalke 04,H,1.7,False,D,4.00214,False,-1.0
ALL (>=1 confirm),2023-02-25,1,E0,2223,Leicester vs Arsenal,A,1.6,True,A,3.91248,True,2.91248
ALL (>=1 confirm),2023-02-25,2,D1,2223,Hoffenheim vs Dortmund,A,1.71,True,A,3.91248,True,2.91248
ALL (>=1 confirm),2023-02-25,3,T1,2223,Fenerbahce vs Konyaspor,H,1.43,True,H,3.91248,True,2.91248
ALL (>=1 confirm),2023-02-26,1,D1,2223,Bayern Munich vs Union Berlin,H,1.49,True,H,4.64284,False,-1.0
ALL (>=1 confirm),2023-02-26,2,T1,2223,Umraniyespor vs Ad. Demirspor,A,2.05,False,D,4.64284,False,-1.0
ALL (>=1 confirm),2023-02-26,3,T1,2223,Besiktas vs Antalyaspor,H,1.52,False,D,4.64284,False,-1.0
ALL (>=1 confirm),2023-03-04,1,D1,2223,Mainz vs Hoffenheim,H,1.93,True,H,5.210999999999999,True,4.210999999999999
ALL (>=1 confirm),2023-03-04,2,T1,2223,Kayserispor vs Fenerbahce,A,1.8,True,A,5.210999999999999,True,4.210999999999999
ALL (>=1 confirm),2023-03-04,3,D1,2223,Stuttgart vs Bayern Munich,A,1.5,True,A,5.210999999999999,True,4.210999999999999
ALL (>=1 confirm),2023-03-11,1,E0,2223,Crystal Palace vs Man City,A,1.35,True,A,2.877525,False,-1.0
ALL (>=1 confirm),2023-03-11,2,E0,2223,Bournemouth vs Liverpool,A,1.45,False,H,2.877525,False,-1.0
ALL (>=1 confirm),2023-03-11,3,T1,2223,Galatasaray vs Kasimpasa,H,1.47,True,H,2.877525,False,-1.0
ALL (>=1 confirm),2023-03-12,1,E0,2223,Fulham vs Arsenal,A,1.43,True,A,4.97354,True,3.97354
ALL (>=1 confirm),2023-03-12,2,D1,2223,Freiburg vs Hoffenheim,H,1.88,True,H,4.97354,True,3.97354
ALL (>=1 confirm),2023-03-12,3,T1,2223,Trabzonspor vs Ad. Demirspor,H,1.85,True,H,4.97354,True,3.97354
ALL (>=1 confirm),2023-03-18,1,D1,2223,Dortmund vs FC Koln,H,1.57,True,H,4.71314,False,-1.0
ALL (>=1 confirm),2023-03-18,2,E0,2223,Brentford vs Leicester,H,1.9,False,D,4.71314,False,-1.0
ALL (>=1 confirm),2023-03-18,3,D1,2223,Bochum vs RB Leipzig,A,1.58,False,H,4.71314,False,-1.0
ALL (>=1 confirm),2023-03-19,1,E0,2223,Arsenal vs Crystal Palace,H,1.27,True,H,5.46608,False,-1.0
ALL (>=1 confirm),2023-03-19,2,T1,2223,Alanyaspor vs Fenerbahce,A,1.6,True,A,5.46608,False,-1.0
ALL (>=1 confirm),2023-03-19,3,T1,2223,Karagumruk vs Buyuksehyr,A,2.69,False,D,5.46608,False,-1.0
ALL (>=1 confirm),2023-04-01,1,E0,2223,Brighton vs Brentford,H,1.64,False,D,4.29352,False,-1.0
ALL (>=1 confirm),2023-04-01,2,T1,2223,Galatasaray vs Ad. Demirspor,H,1.4,True,H,4.29352,False,-1.0
ALL (>=1 confirm),2023-04-01,3,T1,2223,Buyuksehyr vs Ankaragucu,H,1.87,True,H,4.29352,False,-1.0
ALL (>=1 confirm),2023-04-04,1,E0,2223,Bournemouth vs Brighton,A,1.59,True,A,9.573390000000002,False,-1.0
ALL (>=1 confirm),2023-04-04,2,E0,2223,Chelsea vs Liverpool,H,2.23,False,D,9.573390000000002,False,-1.0
ALL (>=1 confirm),2023-04-04,3,E0,2223,Leicester vs Aston Villa,A,2.7,True,A,9.573390000000002,False,-1.0
ALL (>=1 confirm),2023-04-08,1,E0,2223,Aston Villa vs Nott'm Forest,H,1.6,True,H,4.5600000000000005,True,3.5600000000000005
ALL (>=1 confirm),2023-04-08,2,D1,2223,Leverkusen vs Ein Frankfurt,H,1.9,True,H,4.5600000000000005,True,3.5600000000000005
ALL (>=1 confirm),2023-04-08,3,D1,2223,Freiburg vs Bayern Munich,A,1.5,True,A,4.5600000000000005,True,3.5600000000000005
ALL (>=1 confirm),2023-04-09,1,T1,2223,Besiktas vs Giresunspor,H,1.41,True,H,7.131498,False,-1.0
ALL (>=1 confirm),2023-04-09,2,D1,2223,Bochum vs Stuttgart,A,2.42,True,A,7.131498,False,-1.0
ALL (>=1 confirm),2023-04-09,3,E0,2223,Leeds vs Crystal Palace,H,2.09,False,A,7.131498,False,-1.0
ALL (>=1 confirm),2023-04-15,1,E0,2223,Man City vs Leicester,H,1.13,True,H,3.322426,False,-1.0
ALL (>=1 confirm),2023-04-15,2,D1,2223,Stuttgart vs Dortmund,A,2.41,False,D,3.322426,False,-1.0
ALL (>=1 confirm),2023-04-15,3,D1,2223,RB Leipzig vs Augsburg,H,1.22,True,H,3.322426,False,-1.0
ALL (>=1 confirm),2023-04-16,1,E0,2223,Nott'm Forest vs Man United,A,1.7,True,A,6.9246099999999995,False,-1.0
ALL (>=1 confirm),2023-04-16,2,D1,2223,Wolfsburg vs Leverkusen,A,2.53,False,D,6.9246099999999995,False,-1.0
ALL (>=1 confirm),2023-04-16,3,E0,2223,West Ham vs Arsenal,A,1.61,False,D,6.9246099999999995,False,-1.0
ALL (>=1 confirm),2023-04-22,1,E0,2223,Liverpool vs Nott'm Forest,H,1.17,True,H,5.09184,False,-1.0
ALL (>=1 confirm),2023-04-22,2,T1,2223,Umraniyespor vs Besiktas,A,1.6,True,A,5.09184,False,-1.0
ALL (>=1 confirm),2023-04-22,3,E0,2223,Brentford vs Aston Villa,H,2.72,False,D,5.09184,False,-1.0
ALL (>=1 confirm),2023-04-23,1,T1,2223,Galatasaray vs Karagumruk,H,1.35,False,D,3.8821950000000003,False,-1.0
ALL (>=1 confirm),2023-04-23,2,T1,2223,Ad. Demirspor vs Kayserispor,H,1.49,True,H,3.8821950000000003,False,-1.0
ALL (>=1 confirm),2023-04-23,3,E0,2223,Newcastle vs Tottenham,H,1.93,True,H,3.8821950000000003,False,-1.0
ALL (>=1 confirm),2023-04-26,1,E0,2223,Nott'm Forest vs Brighton,A,1.59,False,H,5.0218560000000005,False,-1.0
ALL (>=1 confirm),2023-04-26,2,E0,2223,Man City vs Arsenal,H,1.68,True,H,5.0218560000000005,False,-1.0
ALL (>=1 confirm),2023-04-26,3,E0,2223,Chelsea vs Brentford,H,1.88,False,A,5.0218560000000005,False,-1.0
ALL (>=1 confirm),2023-04-29,1,T1,2223,Sivasspor vs Fenerbahce,A,2.02,True,A,9.512584,False,-1.0
ALL (>=1 confirm),2023-04-29,2,T1,2223,Ankaragucu vs Kasimpasa,H,1.93,False,D,9.512584,False,-1.0
ALL (>=1 confirm),2023-04-29,3,T1,2223,Konyaspor vs Trabzonspor,H,2.44,True,H,9.512584,False,-1.0
ALL (>=1 confirm),2023-04-30,1,E0,2223,Man United vs Aston Villa,H,1.76,True,H,2.7720000000000002,True,1.7720000000000002
ALL (>=1 confirm),2023-04-30,2,E0,2223,Fulham vs Man City,A,1.26,True,A,2.7720000000000002,True,1.7720000000000002
ALL (>=1 confirm),2023-04-30,3,E0,2223,Newcastle vs Southampton,H,1.25,True,H,2.7720000000000002,True,1.7720000000000002
ALL (>=1 confirm),2023-05-06,1,E0,2223,Man City vs Leeds,H,1.17,True,H,5.258330999999999,True,4.258330999999999
ALL (>=1 confirm),2023-05-06,2,D1,2223,M'gladbach vs Bochum,H,2.13,True,H,5.258330999999999,True,4.258330999999999
ALL (>=1 confirm),2023-05-06,3,E0,2223,Bournemouth vs Chelsea,A,2.11,True,A,5.258330999999999,True,4.258330999999999
ALL (>=1 confirm),2023-05-07,1,D1,2223,Dortmund vs Wolfsburg,H,1.54,True,H,4.185104,False,-1.0
ALL (>=1 confirm),2023-05-07,2,T1,2223,Giresunspor vs Fenerbahce,A,1.58,False,D,4.185104,False,-1.0
ALL (>=1 confirm),2023-05-07,3,T1,2223,Konyaspor vs Kayserispor,H,1.72,False,D,4.185104,False,-1.0
ALL (>=1 confirm),2023-05-08,1,T1,2223,Trabzonspor vs Ankaragucu,H,2.06,True,H,7.676384000000002,False,-1.0
ALL (>=1 confirm),2023-05-08,2,E0,2223,Brighton vs Everton,H,1.37,False,A,7.676384000000002,False,-1.0
ALL (>=1 confirm),2023-05-08,3,E0,2223,Fulham vs Leicester,H,2.72,True,H,7.676384000000002,False,-1.0
ALL (>=1 confirm),2023-05-13,1,E0,2223,Leeds vs Newcastle,A,1.63,False,D,4.162368,False,-1.0
ALL (>=1 confirm),2023-05-13,2,D1,2223,Bayern Munich vs Schalke 04,H,1.14,True,H,4.162368,False,-1.0
ALL (>=1 confirm),2023-05-13,3,E0,2223,Aston Villa vs Tottenham,H,2.24,True,H,4.162368,False,-1.0
ALL (>=1 confirm),2023-05-17,1,T1,2223,Buyuksehyr vs Umraniyespor,H,2.13,False,D,10.386306,False,-1.0
ALL (>=1 confirm),2023-05-17,2,T1,2223,Karagumruk vs Ad. Demirspor,A,1.89,True,A,10.386306,False,-1.0
ALL (>=1 confirm),2023-05-17,3,T1,2223,Ankaragucu vs Antalyaspor,H,2.58,False,D,10.386306,False,-1.0
ALL (>=1 confirm),2023-05-20,1,T1,2223,Kasimpasa vs Istanbulspor,H,1.83,True,H,4.225104,False,-1.0
ALL (>=1 confirm),2023-05-20,2,D1,2223,Bayern Munich vs RB Leipzig,H,1.56,False,A,4.225104,False,-1.0
ALL (>=1 confirm),2023-05-20,3,E0,2223,Liverpool vs Aston Villa,H,1.48,False,D,4.225104,False,-1.0
ALL (>=1 confirm),2023-05-21,1,E0,2223,Man City vs Chelsea,H,1.6,True,H,5.4604800000000004,True,4.4604800000000004
ALL (>=1 confirm),2023-05-21,2,T1,2223,Ad. Demirspor vs Besiktas,A,2.37,True,A,5.4604800000000004,True,4.4604800000000004
ALL (>=1 confirm),2023-05-21,3,D1,2223,Augsburg vs Dortmund,A,1.44,True,A,5.4604800000000004,True,4.4604800000000004
ALL (>=1 confirm),2023-05-27,1,D1,2223,Bochum vs Leverkusen,A,1.71,False,H,3.1084379999999996,False,-1.0
ALL (>=1 confirm),2023-05-27,2,D1,2223,FC Koln vs Bayern Munich,A,1.49,True,A,3.1084379999999996,False,-1.0
ALL (>=1 confirm),2023-05-27,3,D1,2223,Dortmund vs Mainz,H,1.22,False,D,3.1084379999999996,False,-1.0
ALL (>=1 confirm),2023-05-28,1,E0,2223,Southampton vs Liverpool,A,1.53,False,D,5.129325,False,-1.0
ALL (>=1 confirm),2023-05-28,2,E0,2223,Man United vs Fulham,H,1.49,True,H,5.129325,False,-1.0
ALL (>=1 confirm),2023-05-28,3,E0,2223,Brentford vs Man City,A,2.25,False,H,5.129325,False,-1.0
ALL (>=1 confirm),2023-05-30,1,T1,2223,Fenerbahce vs Antalyaspor,H,1.38,True,H,5.476944,True,4.476944
ALL (>=1 confirm),2023-05-30,2,T1,2223,Ankaragucu vs Galatasaray,A,1.64,True,A,5.476944,True,4.476944
ALL (>=1 confirm),2023-05-30,3,T1,2223,Istanbulspor vs Ad. Demirspor,A,2.42,True,A,5.476944,True,4.476944
ALL (>=1 confirm),2023-08-12,1,T1,2324,Konyaspor vs Istanbulspor,H,1.83,False,D,6.779235000000001,False,-1.0
ALL (>=1 confirm),2023-08-12,2,T1,2324,Kayserispor vs Galatasaray,A,1.55,False,D,6.779235000000001,False,-1.0
ALL (>=1 confirm),2023-08-12,3,E0,2324,Everton vs Fulham,H,2.39,False,A,6.779235000000001,False,-1.0
ALL (>=1 confirm),2023-08-19,1,T1,2324,Galatasaray vs Trabzonspor,H,1.76,True,H,4.969712,True,3.9697120000000004
ALL (>=1 confirm),2023-08-19,2,E0,2324,Man City vs Newcastle,H,1.87,True,H,4.969712,True,3.9697120000000004
ALL (>=1 confirm),2023-08-19,3,D1,2324,Dortmund vs FC Koln,H,1.51,True,H,4.969712,True,3.9697120000000004
ALL (>=1 confirm),2023-08-20,1,D1,2324,Ein Frankfurt vs Darmstadt,H,1.49,True,H,6.527838999999999,False,-1.0
ALL (>=1 confirm),2023-08-20,2,T1,2324,Buyuksehyr vs Karagumruk,H,1.93,False,A,6.527838999999999,False,-1.0
ALL (>=1 confirm),2023-08-20,3,E0,2324,West Ham vs Chelsea,A,2.27,False,H,6.527838999999999,False,-1.0
ALL (>=1 confirm),2023-08-26,1,D1,2324,Bochum vs Dortmund,A,1.57,False,D,6.72588,False,-1.0
ALL (>=1 confirm),2023-08-26,2,T1,2324,Kasimpasa vs Pendikspor,H,2.1,False,D,6.72588,False,-1.0
ALL (>=1 confirm),2023-08-26,3,D1,2324,Darmstadt vs Union Berlin,A,2.04,True,A,6.72588,False,-1.0
ALL (>=1 confirm),2023-09-02,1,E0,2324,Brentford vs Bournemouth,H,1.75,False,D,4.893875,False,-1.0
ALL (>=1 confirm),2023-09-02,2,E0,2324,Man City vs Fulham,H,1.19,True,H,4.893875,False,-1.0
ALL (>=1 confirm),2023-09-02,3,D1,2324,Stuttgart vs Freiburg,H,2.35,True,H,4.893875,False,-1.0
ALL (>=1 confirm),2023-09-16,1,E0,2324,Tottenham vs Sheffield United,H,1.3,True,H,2.82321,True,1.82321
ALL (>=1 confirm),2023-09-16,2,E0,2324,Wolves vs Liverpool,A,1.71,True,A,2.82321,True,1.82321
ALL (>=1 confirm),2023-09-16,3,D1,2324,RB Leipzig vs Augsburg,H,1.27,True,H,2.82321,True,1.82321
ALL (>=1 confirm),2023-09-17,1,E0,2324,Bournemouth vs Chelsea,A,1.83,False,D,4.07358,False,-1.0
ALL (>=1 confirm),2023-09-17,2,T1,2324,Fenerbahce vs Antalyaspor,H,1.4,True,H,4.07358,False,-1.0
ALL (>=1 confirm),2023-09-17,3,E0,2324,Everton vs Arsenal,A,1.59,True,A,4.07358,False,-1.0
ALL (>=1 confirm),2023-09-23,1,D1,2324,M'gladbach vs RB Leipzig,A,1.66,True,A,3.3794279999999994,True,2.3794279999999994
ALL (>=1 confirm),2023-09-23,2,E0,2324,Man City vs Nott'm Forest,H,1.17,True,H,3.3794279999999994,True,2.3794279999999994
ALL (>=1 confirm),2023-09-23,3,D1,2324,Dortmund vs Wolfsburg,H,1.74,True,H,3.3794279999999994,True,2.3794279999999994
ALL (>=1 confirm),2023-09-24,1,E0,2324,Arsenal vs Tottenham,H,1.65,False,D,3.93756,False,-1.0
ALL (>=1 confirm),2023-09-24,2,E0,2324,Brighton vs Bournemouth,H,1.52,True,H,3.93756,False,-1.0
ALL (>=1 confirm),2023-09-24,3,E0,2324,Sheffield United vs Newcastle,A,1.57,True,A,3.93756,False,-1.0
ALL (>=1 confirm),2023-09-30,1,E0,2324,West Ham vs Sheffield United,H,1.48,True,H,6.151619999999999,True,5.151619999999999
ALL (>=1 confirm),2023-09-30,2,D1,2324,Mainz vs Leverkusen,A,1.63,True,A,6.151619999999999,True,5.151619999999999
ALL (>=1 confirm),2023-09-30,3,D1,2324,FC Koln vs Stuttgart,A,2.55,True,A,6.151619999999999,True,5.151619999999999
ALL (>=1 confirm),2023-10-01,1,T1,2324,Ad. Demirspor vs Alanyaspor,H,1.72,True,H,4.984559999999999,False,-1.0
ALL (>=1 confirm),2023-10-01,2,T1,2324,Fenerbahce vs Rizespor,H,1.26,True,H,4.984559999999999,False,-1.0
ALL (>=1 confirm),2023-10-01,3,D1,2324,Darmstadt vs Werder Bremen,A,2.3,False,H,4.984559999999999,False,-1.0
ALL (>=1 confirm),2023-10-07,1,E0,2324,Luton vs Tottenham,A,1.45,True,A,4.587075,False,-1.0
ALL (>=1 confirm),2023-10-07,2,D1,2324,Dortmund vs Union Berlin,H,1.71,True,H,4.587075,False,-1.0
ALL (>=1 confirm),2023-10-07,3,D1,2324,Augsburg vs Darmstadt,H,1.85,False,A,4.587075,False,-1.0
ALL (>=1 confirm),2023-10-08,1,D1,2324,Leverkusen vs FC Koln,H,1.28,True,H,2.3331839999999997,True,1.3331839999999997
ALL (>=1 confirm),2023-10-08,2,T1,2324,Besiktas vs Istanbulspor,H,1.24,True,H,2.3331839999999997,True,1.3331839999999997
ALL (>=1 confirm),2023-10-08,3,T1,2324,Kasimpasa vs Fenerbahce,A,1.47,True,A,2.3331839999999997,True,1.3331839999999997
ALL (>=1 confirm),2023-10-21,1,D1,2324,Darmstadt vs RB Leipzig,A,1.47,True,A,6.999258,True,5.999258
ALL (>=1 confirm),2023-10-21,2,T1,2324,Gaziantep vs Antalyaspor,H,2.66,True,H,6.999258,True,5.999258
ALL (>=1 confirm),2023-10-21,3,D1,2324,Wolfsburg vs Leverkusen,A,1.79,True,A,6.999258,True,5.999258
ALL (>=1 confirm),2023-10-22,1,T1,2324,Istanbulspor vs Ankaragucu,A,2.14,False,H,4.443496000000001,False,-1.0
ALL (>=1 confirm),2023-10-22,2,T1,2324,Fenerbahce vs Hatayspor,H,1.16,True,H,4.443496000000001,False,-1.0
ALL (>=1 confirm),2023-10-22,3,E0,2324,Aston Villa vs West Ham,H,1.79,True,H,4.443496000000001,False,-1.0
ALL (>=1 confirm),2023-10-27,1,E0,2324,Crystal Palace vs Tottenham,A,1.81,True,A,9.04638,False,-1.0
ALL (>=1 confirm),2023-10-27,2,D1,2324,Bochum vs Mainz,A,2.55,False,D,9.04638,False,-1.0
ALL (>=1 confirm),2023-10-27,3,T1,2324,Kasimpasa vs Istanbulspor,H,1.96,True,H,9.04638,False,-1.0
ALL (>=1 confirm),2023-10-28,1,E0,2324,Arsenal vs Sheffield United,H,1.13,True,H,3.4533929999999997,False,-1.0
ALL (>=1 confirm),2023-10-28,2,T1,2324,Ad. Demirspor vs Konyaspor,H,1.83,True,H,3.4533929999999997,False,-1.0
ALL (>=1 confirm),2023-10-28,3,D1,2324,Stuttgart vs Hoffenheim,H,1.67,False,A,3.4533929999999997,False,-1.0
ALL (>=1 confirm),2023-10-29,1,E0,2324,Aston Villa vs Luton,H,1.34,True,H,2.092544,True,1.0925440000000002
ALL (>=1 confirm),2023-10-29,2,T1,2324,Pendikspor vs Fenerbahce,A,1.28,True,A,2.092544,True,1.0925440000000002
ALL (>=1 confirm),2023-10-29,3,E0,2324,Liverpool vs Nott'm Forest,H,1.22,True,H,2.092544,True,1.0925440000000002
ALL (>=1 confirm),2023-11-04,1,D1,2324,Mainz vs RB Leipzig,A,1.78,False,H,4.928108000000001,False,-1.0
ALL (>=1 confirm),2023-11-04,2,E0,2324,Man City vs Bournemouth,H,1.09,True,H,4.928108000000001,False,-1.0
ALL (>=1 confirm),2023-11-04,3,E0,2324,Everton vs Brighton,A,2.54,False,D,4.928108000000001,False,-1.0
ALL (>=1 confirm),2023-11-05,1,D1,2324,Heidenheim vs Stuttgart,A,1.65,False,H,3.7966499999999996,False,-1.0
ALL (>=1 confirm),2023-11-05,2,E0,2324,Nott'm Forest vs Aston Villa,A,1.95,False,H,3.7966499999999996,False,-1.0
ALL (>=1 confirm),2023-11-05,3,E0,2324,Luton vs Liverpool,A,1.18,False,D,3.7966499999999996,False,-1.0
ALL (>=1 confirm),2023-11-06,1,E0,2324,Tottenham vs Chelsea,H,2.37,False,A,10.21944,False,-1.0
ALL (>=1 confirm),2023-11-06,2,T1,2324,Kayserispor vs Alanyaspor,H,1.96,True,H,10.21944,False,-1.0
ALL (>=1 confirm),2023-11-06,3,T1,2324,Gaziantep vs Rizespor,H,2.2,True,H,10.21944,False,-1.0
ALL (>=1 confirm),2023-11-10,1,T1,2324,Trabzonspor vs Konyaspor,H,1.62,True,H,9.443304,False,-1.0
ALL (>=1 confirm),2023-11-10,2,T1,2324,Ankaragucu vs Antalyaspor,H,2.47,False,A,9.443304,False,-1.0
ALL (>=1 confirm),2023-11-10,3,D1,2324,M'gladbach vs Wolfsburg,H,2.36,True,H,9.443304,False,-1.0
ALL (>=1 confirm),2023-11-11,1,T1,2324,Hatayspor vs Galatasaray,A,1.46,False,H,3.422678,False,-1.0
ALL (>=1 confirm),2023-11-11,2,E0,2324,Bournemouth vs Newcastle,A,1.97,False,H,3.422678,False,-1.0
ALL (>=1 confirm),2023-11-11,3,E0,2324,Arsenal vs Burnley,H,1.19,True,H,3.422678,False,-1.0
ALL (>=1 confirm),2023-11-12,1,E0,2324,Brighton vs Sheffield United,H,1.27,False,D,4.120896,False,-1.0
ALL (>=1 confirm),2023-11-12,2,T1,2324,Rizespor vs Istanbulspor,H,1.69,True,H,4.120896,False,-1.0
ALL (>=1 confirm),2023-11-12,3,T1,2324,Ad. Demirspor vs Fenerbahce,A,1.92,False,D,4.120896,False,-1.0
ALL (>=1 confirm),2023-11-25,1,T1,2324,Galatasaray vs Alanyaspor,H,1.21,True,H,3.5396129999999997,False,-1.0
ALL (>=1 confirm),2023-11-25,2,D1,2324,Werder Bremen vs Leverkusen,A,1.47,True,A,3.5396129999999997,False,-1.0
ALL (>=1 confirm),2023-11-25,3,D1,2324,Union Berlin vs Augsburg,H,1.99,False,D,3.5396129999999997,False,-1.0
ALL (>=1 confirm),2023-11-26,1,T1,2324,Antalyaspor vs Rizespor,H,1.68,False,D,9.925776,False,-1.0
ALL (>=1 confirm),2023-11-26,2,T1,2324,Kayserispor vs Ad. Demirspor,H,2.29,False,D,9.925776,False,-1.0
ALL (>=1 confirm),2023-11-26,3,E0,2324,Tottenham vs Aston Villa,A,2.58,True,A,9.925776,False,-1.0
ALL (>=1 confirm),2023-11-27,1,T1,2324,Buyuksehyr vs Pendikspor,H,2.16,True,H,12.229704000000003,False,-1.0
ALL (>=1 confirm),2023-11-27,2,E0,2324,Fulham vs Wolves,H,2.43,True,H,12.229704000000003,False,-1.0
ALL (>=1 confirm),2023-11-27,3,T1,2324,Sivasspor vs Trabzonspor,A,2.33,False,D,12.229704000000003,False,-1.0
ALL (>=1 confirm),2023-12-01,1,T1,2324,Hatayspor vs Antalyaspor,A,2.25,False,D,10.3716,False,-1.0
ALL (>=1 confirm),2023-12-01,2,T1,2324,Karagumruk vs Istanbulspor,H,1.72,True,H,10.3716,False,-1.0
ALL (>=1 confirm),2023-12-01,3,D1,2324,Darmstadt vs FC Koln,A,2.68,True,A,10.3716,False,-1.0
ALL (>=1 confirm),2023-12-02,1,E0,2324,Brentford vs Luton,H,1.54,True,H,5.508272000000001,True,4.508272000000001
ALL (>=1 confirm),2023-12-02,2,D1,2324,Bochum vs Wolfsburg,H,2.63,True,H,5.508272000000001,True,4.508272000000001
ALL (>=1 confirm),2023-12-02,3,D1,2324,Stuttgart vs Werder Bremen,H,1.36,True,H,5.508272000000001,True,4.508272000000001
ALL (>=1 confirm),2023-12-03,1,D1,2324,Leverkusen vs Dortmund,H,1.65,False,D,3.267495,False,-1.0
ALL (>=1 confirm),2023-12-03,2,T1,2324,Trabzonspor vs Kayserispor,H,1.61,False,A,3.267495,False,-1.0
ALL (>=1 confirm),2023-12-03,3,E0,2324,Liverpool vs Fulham,H,1.23,True,H,3.267495,False,-1.0
ALL (>=1 confirm),2023-12-09,1,E0,2324,Crystal Palace vs Liverpool,A,1.5,True,A,3.6036,False,-1.0
ALL (>=1 confirm),2023-12-09,2,D1,2324,Ein Frankfurt vs Bayern Munich,A,1.32,False,H,3.6036,False,-1.0
ALL (>=1 confirm),2023-12-09,3,D1,2324,Heidenheim vs Darmstadt,H,1.82,True,H,3.6036,False,-1.0
ALL (>=1 confirm),2023-12-10,1,E0,2324,Luton vs Man City,A,1.18,True,A,3.808921999999999,True,2.808921999999999
ALL (>=1 confirm),2023-12-10,2,T1,2324,Buyuksehyr vs Hatayspor,H,1.91,True,H,3.808921999999999,True,2.808921999999999
ALL (>=1 confirm),2023-12-10,3,T1,2324,Kayserispor vs Pendikspor,H,1.69,True,H,3.808921999999999,True,2.808921999999999
ALL (>=1 confirm),2023-12-16,1,D1,2324,Augsburg vs Dortmund,A,2.19,False,D,5.621511,False,-1.0
ALL (>=1 confirm),2023-12-16,2,D1,2324,RB Leipzig vs Hoffenheim,H,1.33,True,H,5.621511,False,-1.0
ALL (>=1 confirm),2023-12-16,3,D1,2324,Darmstadt vs Wolfsburg,A,1.93,True,A,5.621511,False,-1.0
ALL (>=1 confirm),2023-12-17,1,E0,2324,Arsenal vs Brighton,H,1.47,True,H,4.614036,False,-1.0
ALL (>=1 confirm),2023-12-17,2,E0,2324,Liverpool vs Man United,H,1.33,False,D,4.614036,False,-1.0
ALL (>=1 confirm),2023-12-17,3,E0,2324,Brentford vs Aston Villa,A,2.36,True,A,4.614036,False,-1.0
ALL (>=1 confirm),2023-12-19,1,D1,2324,Werder Bremen vs RB Leipzig,A,1.56,False,D,5.333328000000001,False,-1.0
ALL (>=1 confirm),2023-12-19,2,T1,2324,Buyuksehyr vs Sivasspor,H,2.22,True,H,5.333328000000001,False,-1.0
ALL (>=1 confirm),2023-12-19,3,T1,2324,Istanbulspor vs Trabzonspor,A,1.54,True,A,5.333328000000001,False,-1.0
ALL (>=1 confirm),2023-12-20,1,D1,2324,Wolfsburg vs Bayern Munich,A,1.47,True,A,3.752468999999999,False,-1.0
ALL (>=1 confirm),2023-12-20,2,T1,2324,Antalyaspor vs Kasimpasa,H,2.01,False,D,3.752468999999999,False,-1.0
ALL (>=1 confirm),2023-12-20,3,T1,2324,Galatasaray vs Karagumruk,H,1.27,True,H,3.752468999999999,False,-1.0
ALL (>=1 confirm),2023-12-21,1,T1,2324,Rizespor vs Pendikspor,H,1.94,True,H,9.820473999999999,False,-1.0
ALL (>=1 confirm),2023-12-21,2,T1,2324,Ankaragucu vs Hatayspor,H,2.27,False,D,9.820473999999999,False,-1.0
ALL (>=1 confirm),2023-12-21,3,T1,2324,Samsunspor vs Konyaspor,H,2.23,False,D,9.820473999999999,False,-1.0
ALL (>=1 confirm),2023-12-23,1,E0,2324,Luton vs Newcastle,A,1.67,False,H,8.83764,False,-1.0
ALL (>=1 confirm),2023-12-23,2,E0,2324,Nott'm Forest vs Bournemouth,A,2.52,True,A,8.83764,False,-1.0
ALL (>=1 confirm),2023-12-23,3,E0,2324,West Ham vs Man United,H,2.1,True,H,8.83764,False,-1.0
ALL (>=1 confirm),2023-12-25,1,T1,2324,Kasimpasa vs Rizespor,H,2.45,False,D,17.722320000000003,False,-1.0
ALL (>=1 confirm),2023-12-25,2,T1,2324,Hatayspor vs Besiktas,A,2.64,True,A,17.722320000000003,False,-1.0
ALL (>=1 confirm),2023-12-25,3,T1,2324,Alanyaspor vs Samsunspor,H,2.74,True,H,17.722320000000003,False,-1.0
ALL (>=1 confirm),2023-12-26,1,E0,2324,Burnley vs Liverpool,A,1.38,True,A,6.5180159999999985,False,-1.0
ALL (>=1 confirm),2023-12-26,2,E0,2324,Bournemouth vs Fulham,H,1.92,True,H,6.5180159999999985,False,-1.0
ALL (>=1 confirm),2023-12-26,3,E0,2324,Sheffield United vs Luton,H,2.46,False,A,6.5180159999999985,False,-1.0
ALL (>=1 confirm),2023-12-30,1,E0,2324,Luton vs Chelsea,A,1.58,True,A,2.383746,True,1.383746
ALL (>=1 confirm),2023-12-30,2,E0,2324,Man City vs Sheffield United,H,1.07,True,H,2.383746,True,1.383746
ALL (>=1 confirm),2023-12-30,3,E0,2324,Aston Villa vs Burnley,H,1.41,True,H,2.383746,True,1.383746
ALL (>=1 confirm),2024-01-06,1,T1,2324,Rizespor vs Hatayspor,H,1.88,True,H,9.194328,False,-1.0
ALL (>=1 confirm),2024-01-06,2,T1,2324,Buyuksehyr vs Ad. Demirspor,H,1.98,False,D,9.194328,False,-1.0
ALL (>=1 confirm),2024-01-06,3,T1,2324,Samsunspor vs Karagumruk,H,2.47,True,H,9.194328,False,-1.0
ALL (>=1 confirm),2024-01-13,1,E0,2324,Newcastle vs Man City,A,1.67,True,A,4.7721919999999995,True,3.7721919999999995
ALL (>=1 confirm),2024-01-13,2,D1,2324,Augsburg vs Leverkusen,A,1.52,True,A,4.7721919999999995,True,3.7721919999999995
ALL (>=1 confirm),2024-01-13,3,T1,2324,Besiktas vs Karagumruk,H,1.88,True,H,4.7721919999999995,True,3.7721919999999995
ALL (>=1 confirm),2024-01-14,1,T1,2324,Gaziantep vs Fenerbahce,A,1.34,True,A,5.706524000000001,False,-1.0
ALL (>=1 confirm),2024-01-14,2,D1,2324,Bochum vs Werder Bremen,H,2.14,False,D,5.706524000000001,False,-1.0
ALL (>=1 confirm),2024-01-14,3,E0,2324,Man United vs Tottenham,H,1.99,False,D,5.706524000000001,False,-1.0
ALL (>=1 confirm),2024-01-20,1,D1,2324,Bochum vs Stuttgart,A,1.79,False,H,7.6254,False,-1.0
ALL (>=1 confirm),2024-01-20,2,T1,2324,Kasimpasa vs Hatayspor,H,2.13,True,H,7.6254,False,-1.0
ALL (>=1 confirm),2024-01-20,3,D1,2324,Freiburg vs Hoffenheim,H,2.0,True,H,7.6254,False,-1.0
ALL (>=1 confirm),2024-01-21,1,E0,2324,Bournemouth vs Liverpool,A,1.71,True,A,8.263917,False,-1.0
ALL (>=1 confirm),2024-01-21,2,E0,2324,Sheffield United vs West Ham,A,2.67,False,D,8.263917,False,-1.0
ALL (>=1 confirm),2024-01-21,3,D1,2324,M'gladbach vs Augsburg,H,1.81,False,A,8.263917,False,-1.0
ALL (>=1 confirm),2024-01-27,1,D1,2324,Leverkusen vs M'gladbach,H,1.22,False,D,3.011448,False,-1.0
ALL (>=1 confirm),2024-01-27,2,T1,2324,Alanyaspor vs Pendikspor,H,1.87,False,D,3.011448,False,-1.0
ALL (>=1 confirm),2024-01-27,3,D1,2324,Augsburg vs Bayern Munich,A,1.32,True,A,3.011448,False,-1.0
ALL (>=1 confirm),2024-01-28,1,D1,2324,Dortmund vs Bochum,H,1.38,True,H,5.538767999999999,False,-1.0
ALL (>=1 confirm),2024-01-28,2,D1,2324,Union Berlin vs Darmstadt,H,1.73,True,H,5.538767999999999,False,-1.0
ALL (>=1 confirm),2024-01-28,3,T1,2324,Sivasspor vs Besiktas,A,2.32,False,H,5.538767999999999,False,-1.0
ALL (>=1 confirm),2024-01-29,1,T1,2324,Kayserispor vs Antalyaspor,A,2.49,False,D,5.09703,False,-1.0
ALL (>=1 confirm),2024-01-29,2,T1,2324,Trabzonspor vs Kasimpasa,H,1.78,False,A,5.09703,False,-1.0
ALL (>=1 confirm),2024-01-29,3,T1,2324,Galatasaray vs Gaziantep,H,1.15,True,H,5.09703,False,-1.0
ALL (>=1 confirm),2024-01-30,1,E0,2324,Luton vs Brighton,A,1.83,False,H,5.480118000000001,False,-1.0
ALL (>=1 confirm),2024-01-30,2,E0,2324,Aston Villa vs Newcastle,H,1.86,False,A,5.480118000000001,False,-1.0
ALL (>=1 confirm),2024-01-30,3,E0,2324,Crystal Palace vs Sheffield United,H,1.61,True,H,5.480118000000001,False,-1.0
ALL (>=1 confirm),2024-02-03,1,D1,2324,Darmstadt vs Leverkusen,A,1.27,True,A,4.748784,False,-1.0
ALL (>=1 confirm),2024-02-03,2,E0,2324,Everton vs Tottenham,A,2.28,False,D,4.748784,False,-1.0
ALL (>=1 confirm),2024-02-03,3,E0,2324,Sheffield United vs Aston Villa,A,1.64,True,A,4.748784,False,-1.0
ALL (>=1 confirm),2024-02-04,1,D1,2324,Wolfsburg vs Hoffenheim,H,2.15,False,D,6.94278,False,-1.0
ALL (>=1 confirm),2024-02-04,2,T1,2324,Pendikspor vs Ad. Demirspor,H,2.07,True,H,6.94278,False,-1.0
ALL (>=1 confirm),2024-02-04,3,E0,2324,Man United vs West Ham,H,1.56,True,H,6.94278,False,-1.0
ALL (>=1 confirm),2024-02-10,1,E0,2324,Man City vs Everton,H,1.24,True,H,3.51912,False,-1.0
ALL (>=1 confirm),2024-02-10,2,E0,2324,Luton vs Sheffield United,H,1.72,False,A,3.51912,False,-1.0
ALL (>=1 confirm),2024-02-10,3,D1,2324,M'gladbach vs Darmstadt,H,1.65,False,D,3.51912,False,-1.0
ALL (>=1 confirm),2024-02-11,1,D1,2324,Stuttgart vs Mainz,H,1.47,True,H,2.705976,False,-1.0
ALL (>=1 confirm),2024-02-11,2,E0,2324,West Ham vs Arsenal,A,1.56,True,A,2.705976,False,-1.0
ALL (>=1 confirm),2024-02-11,3,T1,2324,Fenerbahce vs Alanyaspor,H,1.18,False,D,2.705976,False,-1.0
ALL (>=1 confirm),2024-02-17,1,E0,2324,Burnley vs Arsenal,A,1.29,True,A,4.235328000000001,False,-1.0
ALL (>=1 confirm),2024-02-17,2,D1,2324,Wolfsburg vs Dortmund,A,2.16,False,D,4.235328000000001,False,-1.0
ALL (>=1 confirm),2024-02-17,3,D1,2324,Darmstadt vs Stuttgart,A,1.52,True,A,4.235328000000001,False,-1.0
ALL (>=1 confirm),2024-02-18,1,E0,2324,Sheffield United vs Brighton,A,1.68,True,A,5.322744,True,4.322744
ALL (>=1 confirm),2024-02-18,2,T1,2324,Ankaragucu vs Galatasaray,A,1.77,True,A,5.322744,True,4.322744
ALL (>=1 confirm),2024-02-18,3,E0,2324,Luton vs Man United,A,1.79,True,A,5.322744,True,4.322744
ALL (>=1 confirm),2024-02-24,1,D1,2324,Stuttgart vs FC Koln,H,1.33,False,D,4.377296,False,-1.0
ALL (>=1 confirm),2024-02-24,2,D1,2324,Werder Bremen vs Darmstadt,H,1.76,False,D,4.377296,False,-1.0
ALL (>=1 confirm),2024-02-24,3,E0,2324,Brighton vs Everton,H,1.87,False,D,4.377296,False,-1.0
ALL (>=1 confirm),2024-02-25,1,T1,2324,Trabzonspor vs Ad. Demirspor,H,1.88,True,H,8.871343999999999,False,-1.0
ALL (>=1 confirm),2024-02-25,2,T1,2324,Karagumruk vs Alanyaspor,H,1.88,False,D,8.871343999999999,False,-1.0
ALL (>=1 confirm),2024-02-25,3,T1,2324,Sivasspor vs Pendikspor,H,2.51,True,H,8.871343999999999,False,-1.0
ALL (>=1 confirm),2024-03-02,1,T1,2324,Hatayspor vs Fenerbahce,A,1.33,True,A,4.383680000000001,True,3.383680000000001
ALL (>=1 confirm),2024-03-02,2,T1,2324,Rizespor vs Kayserispor,H,2.06,True,H,4.383680000000001,True,3.383680000000001
ALL (>=1 confirm),2024-03-02,3,E0,2324,Nott'm Forest vs Liverpool,A,1.6,True,A,4.383680000000001,True,3.383680000000001
ALL (>=1 confirm),2024-03-03,1,D1,2324,FC Koln vs Leverkusen,A,1.37,True,A,3.380612,True,2.380612
ALL (>=1 confirm),2024-03-03,2,E0,2324,Burnley vs Bournemouth,A,1.99,True,A,3.380612,True,2.380612
ALL (>=1 confirm),2024-03-03,3,E0,2324,Man City vs Man United,H,1.24,True,H,3.380612,True,2.380612
ALL (>=1 confirm),2024-03-09,1,E0,2324,Arsenal vs Brentford,H,1.22,True,H,4.02051,True,3.02051
ALL (>=1 confirm),2024-03-09,2,E0,2324,Man United vs Everton,H,1.95,True,H,4.02051,True,3.02051
ALL (>=1 confirm),2024-03-09,3,D1,2324,Augsburg vs Heidenheim,H,1.69,True,H,4.02051,True,3.02051
ALL (>=1 confirm),2024-03-10,1,D1,2324,Leverkusen vs Wolfsburg,H,1.3,True,H,2.5680199999999997,False,-1.0
ALL (>=1 confirm),2024-03-10,2,T1,2324,Fenerbahce vs Pendikspor,H,1.19,True,H,2.5680199999999997,False,-1.0
ALL (>=1 confirm),2024-03-10,3,E0,2324,West Ham vs Burnley,H,1.66,False,D,2.5680199999999997,False,-1.0
ALL (>=1 confirm),2024-03-16,1,T1,2324,Besiktas vs Antalyaspor,H,1.91,False,A,7.843223999999998,False,-1.0
ALL (>=1 confirm),2024-03-16,2,D1,2324,Wolfsburg vs Augsburg,H,2.36,False,A,7.843223999999998,False,-1.0
ALL (>=1 confirm),2024-03-16,3,D1,2324,Hoffenheim vs Stuttgart,A,1.74,True,A,7.843223999999998,False,-1.0
ALL (>=1 confirm),2024-03-17,1,D1,2324,Freiburg vs Leverkusen,A,1.52,True,A,4.6284,True,3.6284
ALL (>=1 confirm),2024-03-17,2,T1,2324,Trabzonspor vs Fenerbahce,A,2.03,True,A,4.6284,True,3.6284
ALL (>=1 confirm),2024-03-17,3,T1,2324,Kasimpasa vs Galatasaray,A,1.5,True,A,4.6284,True,3.6284
ALL (>=1 confirm),2024-03-30,1,E0,2324,Sheffield United vs Fulham,A,1.71,False,D,4.4733600000000004,False,-1.0
ALL (>=1 confirm),2024-03-30,2,E0,2324,Bournemouth vs Everton,H,2.18,True,H,4.4733600000000004,False,-1.0
ALL (>=1 confirm),2024-03-30,3,D1,2324,Leverkusen vs Hoffenheim,H,1.2,True,H,4.4733600000000004,False,-1.0
ALL (>=1 confirm),2024-03-31,1,D1,2324,Augsburg vs FC Koln,H,1.67,False,D,4.4675839999999996,False,-1.0
ALL (>=1 confirm),2024-03-31,2,D1,2324,Stuttgart vs Heidenheim,H,1.28,False,D,4.4675839999999996,False,-1.0
ALL (>=1 confirm),2024-03-31,3,E0,2324,Man City vs Arsenal,H,2.09,False,D,4.4675839999999996,False,-1.0
ALL (>=1 confirm),2024-04-02,1,E0,2324,West Ham vs Tottenham,A,1.99,False,D,4.686051999999999,False,-1.0
ALL (>=1 confirm),2024-04-02,2,E0,2324,Newcastle vs Everton,H,2.03,False,D,4.686051999999999,False,-1.0
ALL (>=1 confirm),2024-04-02,3,T1,2324,Galatasaray vs Hatayspor,H,1.16,True,H,4.686051999999999,False,-1.0
ALL (>=1 confirm),2024-04-03,1,E0,2324,Arsenal vs Luton,H,1.13,True,H,1.7091249999999998,True,0.7091249999999998
ALL (>=1 confirm),2024-04-03,2,E0,2324,Man City vs Aston Villa,H,1.21,True,H,1.7091249999999998,True,0.7091249999999998
ALL (>=1 confirm),2024-04-03,3,T1,2324,Fenerbahce vs Ad. Demirspor,H,1.25,True,H,1.7091249999999998,True,0.7091249999999998
ALL (>=1 confirm),2024-04-06,1,D1,2324,FC Koln vs Bochum,H,2.29,True,H,7.386623999999999,False,-1.0
ALL (>=1 confirm),2024-04-06,2,E0,2324,Luton vs Bournemouth,A,1.92,False,H,7.386623999999999,False,-1.0
ALL (>=1 confirm),2024-04-06,3,D1,2324,Union Berlin vs Leverkusen,A,1.68,True,A,7.386623999999999,False,-1.0
ALL (>=1 confirm),2024-04-07,1,D1,2324,Hoffenheim vs Augsburg,H,2.31,True,H,5.32224,False,-1.0
ALL (>=1 confirm),2024-04-07,2,E0,2324,Man United vs Liverpool,A,1.6,False,D,5.32224,False,-1.0
ALL (>=1 confirm),2024-04-07,3,E0,2324,Sheffield United vs Chelsea,A,1.44,False,D,5.32224,False,-1.0
ALL (>=1 confirm),2024-04-13,1,D1,2324,RB Leipzig vs Wolfsburg,H,1.26,True,H,4.438224,False,-1.0
ALL (>=1 confirm),2024-04-13,2,D1,2324,Stuttgart vs Ein Frankfurt,H,1.48,True,H,4.438224,False,-1.0
ALL (>=1 confirm),2024-04-13,3,E0,2324,Bournemouth vs Man United,H,2.38,False,D,4.438224,False,-1.0
ALL (>=1 confirm),2024-04-14,1,T1,2324,Karagumruk vs Fenerbahce,A,1.43,True,A,2.12784,False,-1.0
ALL (>=1 confirm),2024-04-14,2,E0,2324,Arsenal vs Aston Villa,H,1.24,False,A,2.12784,False,-1.0
ALL (>=1 confirm),2024-04-14,3,D1,2324,Leverkusen vs Werder Bremen,H,1.2,True,H,2.12784,False,-1.0
ALL (>=1 confirm),2024-04-20,1,T1,2324,Samsunspor vs Ad. Demirspor,H,2.28,False,D,5.7168719999999995,False,-1.0
ALL (>=1 confirm),2024-04-20,2,E0,2324,Wolves vs Arsenal,A,1.26,True,A,5.7168719999999995,False,-1.0
ALL (>=1 confirm),2024-04-20,3,D1,2324,Wolfsburg vs Bochum,H,1.99,True,H,5.7168719999999995,False,-1.0
ALL (>=1 confirm),2024-04-21,1,E0,2324,Fulham vs Liverpool,A,1.68,True,A,3.627792,False,-1.0
ALL (>=1 confirm),2024-04-21,2,T1,2324,Galatasaray vs Pendikspor,H,1.22,True,H,3.627792,False,-1.0
ALL (>=1 confirm),2024-04-21,3,D1,2324,Werder Bremen vs Stuttgart,A,1.77,False,H,3.627792,False,-1.0
ALL (>=1 confirm),2024-04-24,1,E0,2324,Everton vs Liverpool,A,1.4,False,H,4.62,False,-1.0
ALL (>=1 confirm),2024-04-24,2,E0,2324,Wolves vs Bournemouth,A,2.5,True,A,4.62,False,-1.0
ALL (>=1 confirm),2024-04-24,3,E0,2324,Man United vs Sheffield United,H,1.32,True,H,4.62,False,-1.0
ALL (>=1 confirm),2024-04-27,1,E0,2324,West Ham vs Liverpool,A,1.56,False,D,3.9499199999999997,False,-1.0
ALL (>=1 confirm),2024-04-27,2,E0,2324,Newcastle vs Sheffield United,H,1.2,True,H,3.9499199999999997,False,-1.0
ALL (>=1 confirm),2024-04-27,3,E0,2324,Fulham vs Crystal Palace,H,2.11,False,D,3.9499199999999997,False,-1.0
ALL (>=1 confirm),2024-04-28,1,E0,2324,Nott'm Forest vs Man City,A,1.29,True,A,2.9161740000000003,True,1.9161740000000003
ALL (>=1 confirm),2024-04-28,2,E0,2324,Tottenham vs Arsenal,A,1.78,True,A,2.9161740000000003,True,1.9161740000000003
ALL (>=1 confirm),2024-04-28,3,T1,2324,Alanyaspor vs Istanbulspor,H,1.27,True,H,2.9161740000000003,True,1.9161740000000003
ALL (>=1 confirm),2024-05-03,1,D1,2324,Hoffenheim vs RB Leipzig,A,1.53,False,D,6.708744,False,-1.0
ALL (>=1 confirm),2024-05-03,2,E0,2324,Luton vs Everton,A,2.52,False,D,6.708744,False,-1.0
ALL (>=1 confirm),2024-05-03,3,T1,2324,Besiktas vs Rizespor,H,1.74,True,H,6.708744,False,-1.0
ALL (>=1 confirm),2024-05-04,1,E0,2324,Sheffield United vs Nott'm Forest,A,1.67,True,A,3.6923699999999995,True,2.6923699999999995
ALL (>=1 confirm),2024-05-04,2,E0,2324,Man City vs Wolves,H,1.1,True,H,3.6923699999999995,True,2.6923699999999995
ALL (>=1 confirm),2024-05-04,3,D1,2324,Dortmund vs Augsburg,H,2.01,True,H,3.6923699999999995,True,2.6923699999999995
ALL (>=1 confirm),2024-05-05,1,E0,2324,Brighton vs Aston Villa,H,2.41,True,H,7.302300000000001,True,6.302300000000001
ALL (>=1 confirm),2024-05-05,2,T1,2324,Buyuksehyr vs Kasimpasa,H,2.02,True,H,7.302300000000001,True,6.302300000000001
ALL (>=1 confirm),2024-05-05,3,E0,2324,Chelsea vs West Ham,H,1.5,True,H,7.302300000000001,True,6.302300000000001
ALL (>=1 confirm),2024-05-06,1,T1,2324,Konyaspor vs Fenerbahce,A,1.4,False,D,6.296359999999999,False,-1.0
ALL (>=1 confirm),2024-05-06,2,E0,2324,Crystal Palace vs Man United,H,1.99,True,H,6.296359999999999,False,-1.0
ALL (>=1 confirm),2024-05-06,3,T1,2324,Antalyaspor vs Pendikspor,H,2.26,False,A,6.296359999999999,False,-1.0
ALL (>=1 confirm),2024-05-11,1,E0,2324,Fulham vs Man City,A,1.24,True,A,2.339136,True,1.3391359999999999
ALL (>=1 confirm),2024-05-11,2,E0,2324,Everton vs Sheffield United,H,1.44,True,H,2.339136,True,1.3391359999999999
ALL (>=1 confirm),2024-05-11,3,E0,2324,Tottenham vs Burnley,H,1.31,True,H,2.339136,True,1.3391359999999999
ALL (>=1 confirm),2024-05-12,1,D1,2324,Bochum vs Leverkusen,A,1.79,True,A,3.015792,True,2.015792
ALL (>=1 confirm),2024-05-12,2,T1,2324,Karagumruk vs Galatasaray,A,1.44,True,A,3.015792,True,2.015792
ALL (>=1 confirm),2024-05-12,3,T1,2324,Trabzonspor vs Istanbulspor,H,1.17,True,H,3.015792,True,2.015792
ALL (>=1 confirm),2024-05-18,1,T1,2324,Besiktas vs Hatayspor,H,1.52,False,D,2.13408,False,-1.0
ALL (>=1 confirm),2024-05-18,2,D1,2324,Leverkusen vs Augsburg,H,1.17,True,H,2.13408,False,-1.0
ALL (>=1 confirm),2024-05-18,3,D1,2324,Stuttgart vs M'gladbach,H,1.2,True,H,2.13408,False,-1.0
ALL (>=1 confirm),2024-05-19,1,E0,2324,Man City vs West Ham,H,1.07,True,H,2.44174,True,1.4417399999999998
ALL (>=1 confirm),2024-05-19,2,E0,2324,Chelsea vs Bournemouth,H,1.4,True,H,2.44174,True,1.4417399999999998
ALL (>=1 confirm),2024-05-19,3,E0,2324,Crystal Palace vs Aston Villa,H,1.63,True,H,2.44174,True,1.4417399999999998
ALL (>=1 confirm),2024-05-26,1,T1,2324,Ad. Demirspor vs Buyuksehyr,A,2.03,True,A,5.354327999999999,True,4.354327999999999
ALL (>=1 confirm),2024-05-26,2,T1,2324,Hatayspor vs Rizespor,H,1.57,True,H,5.354327999999999,True,4.354327999999999
ALL (>=1 confirm),2024-05-26,3,T1,2324,Konyaspor vs Galatasaray,A,1.68,True,A,5.354327999999999,True,4.354327999999999
ALL (>=1 confirm),2024-08-17,1,E0,2425,Newcastle vs Southampton,H,1.42,True,H,8.65632,False,-1.0
ALL (>=1 confirm),2024-08-17,2,E0,2425,Everton vs Brighton,A,2.4,True,A,8.65632,False,-1.0
ALL (>=1 confirm),2024-08-17,3,E0,2425,West Ham vs Aston Villa,H,2.54,False,A,8.65632,False,-1.0
ALL (>=1 confirm),2024-08-24,1,E0,2425,Fulham vs Leicester,H,1.88,True,H,8.4553,False,-1.0
ALL (>=1 confirm),2024-08-24,2,D1,2425,Dortmund vs Ein Frankfurt,H,1.75,True,H,8.4553,False,-1.0
ALL (>=1 confirm),2024-08-24,3,D1,2425,Augsburg vs Werder Bremen,H,2.57,False,D,8.4553,False,-1.0
ALL (>=1 confirm),2024-08-25,1,E0,2425,Liverpool vs Brentford,H,1.22,True,H,8.278188,False,-1.0
ALL (>=1 confirm),2024-08-25,2,E0,2425,Bournemouth vs Newcastle,H,2.63,False,D,8.278188,False,-1.0
ALL (>=1 confirm),2024-08-25,3,T1,2425,Antalyaspor vs Hatayspor,H,2.58,True,H,8.278188,False,-1.0
ALL (>=1 confirm),2024-08-31,1,E0,2425,Brentford vs Southampton,H,1.82,True,H,4.847388,False,-1.0
ALL (>=1 confirm),2024-08-31,2,T1,2425,Ad. Demirspor vs Galatasaray,A,1.38,True,A,4.847388,False,-1.0
ALL (>=1 confirm),2024-08-31,3,D1,2425,Werder Bremen vs Dortmund,A,1.93,False,D,4.847388,False,-1.0
ALL (>=1 confirm),2024-09-01,1,T1,2425,Buyuksehyr vs Antalyaspor,H,1.83,True,H,9.2598,True,8.2598
ALL (>=1 confirm),2024-09-01,2,E0,2425,Newcastle vs Tottenham,H,2.53,True,H,9.2598,True,8.2598
ALL (>=1 confirm),2024-09-01,3,E0,2425,Man United vs Liverpool,A,2.0,True,A,9.2598,True,8.2598
ALL (>=1 confirm),2024-09-14,1,T1,2425,Galatasaray vs Rizespor,H,1.35,True,H,2.51991,False,-1.0
ALL (>=1 confirm),2024-09-14,2,E0,2425,Brighton vs Ipswich,H,1.53,False,D,2.51991,False,-1.0
ALL (>=1 confirm),2024-09-14,3,E0,2425,Liverpool vs Nott'm Forest,H,1.22,False,A,2.51991,False,-1.0
ALL (>=1 confirm),2024-09-15,1,E0,2425,Wolves vs Newcastle,A,2.07,True,A,8.166149999999998,True,7.166149999999998
ALL (>=1 confirm),2024-09-15,2,T1,2425,Kasimpasa vs Fenerbahce,A,1.5,True,A,8.166149999999998,True,7.166149999999998
ALL (>=1 confirm),2024-09-15,3,E0,2425,Tottenham vs Arsenal,A,2.63,True,A,8.166149999999998,True,7.166149999999998
ALL (>=1 confirm),2024-09-21,1,D1,2425,Union Berlin vs Hoffenheim,H,1.87,True,H,6.277029,True,5.277029
ALL (>=1 confirm),2024-09-21,2,E0,2425,Aston Villa vs Wolves,H,1.67,True,H,6.277029,True,5.277029
ALL (>=1 confirm),2024-09-21,3,E0,2425,West Ham vs Chelsea,A,2.01,True,A,6.277029,True,5.277029
ALL (>=1 confirm),2024-09-22,1,D1,2425,St Pauli vs RB Leipzig,A,1.66,False,D,4.266532,False,-1.0
ALL (>=1 confirm),2024-09-22,2,E0,2425,Man City vs Arsenal,H,1.81,False,D,4.266532,False,-1.0
ALL (>=1 confirm),2024-09-22,3,T1,2425,Besiktas vs Eyupspor,H,1.42,True,H,4.266532,False,-1.0
ALL (>=1 confirm),2024-09-28,1,E0,2425,Brentford vs West Ham,H,2.26,False,D,4.80928,False,-1.0
ALL (>=1 confirm),2024-09-28,2,E0,2425,Wolves vs Liverpool,A,1.33,True,A,4.80928,False,-1.0
ALL (>=1 confirm),2024-09-28,3,D1,2425,Freiburg vs St Pauli,H,1.6,False,A,4.80928,False,-1.0
ALL (>=1 confirm),2024-09-29,1,D1,2425,Holstein Kiel vs Ein Frankfurt,A,2.0,True,A,7.602,False,-1.0
ALL (>=1 confirm),2024-09-29,2,E0,2425,Ipswich vs Aston Villa,A,2.1,False,D,7.602,False,-1.0
ALL (>=1 confirm),2024-09-29,3,T1,2425,Bodrumspor vs Ad. Demirspor,H,1.81,True,H,7.602,False,-1.0
ALL (>=1 confirm),2024-10-05,1,T1,2425,Buyuksehyr vs Kayserispor,H,1.72,False,D,5.581056,False,-1.0
ALL (>=1 confirm),2024-10-05,2,E0,2425,Crystal Palace vs Liverpool,A,1.69,True,A,5.581056,False,-1.0
ALL (>=1 confirm),2024-10-05,3,E0,2425,West Ham vs Ipswich,H,1.92,True,H,5.581056,False,-1.0
ALL (>=1 confirm),2024-10-06,1,D1,2425,Stuttgart vs Hoffenheim,H,1.32,False,D,3.390816,False,-1.0
ALL (>=1 confirm),2024-10-06,2,E0,2425,Chelsea vs Nott'm Forest,H,1.52,False,D,3.390816,False,-1.0
ALL (>=1 confirm),2024-10-06,3,T1,2425,Ad. Demirspor vs Samsunspor,A,1.69,True,A,3.390816,False,-1.0
ALL (>=1 confirm),2024-10-19,1,T1,2425,Antalyaspor vs Galatasaray,A,1.51,True,A,4.882585,False,-1.0
ALL (>=1 confirm),2024-10-19,2,E0,2425,Tottenham vs West Ham,H,1.45,True,H,4.882585,False,-1.0
ALL (>=1 confirm),2024-10-19,3,E0,2425,Southampton vs Leicester,H,2.23,False,A,4.882585,False,-1.0
ALL (>=1 confirm),2024-10-20,1,D1,2425,Holstein Kiel vs Union Berlin,A,2.07,True,A,7.398593999999998,False,-1.0
ALL (>=1 confirm),2024-10-20,2,E0,2425,Wolves vs Man City,A,1.38,True,A,7.398593999999998,False,-1.0
ALL (>=1 confirm),2024-10-20,3,T1,2425,Alanyaspor vs Kasimpasa,H,2.59,False,A,7.398593999999998,False,-1.0
ALL (>=1 confirm),2024-10-26,1,E0,2425,Brighton vs Wolves,H,1.58,False,D,4.795616000000001,False,-1.0
ALL (>=1 confirm),2024-10-26,2,E0,2425,Man City vs Southampton,H,1.12,True,H,4.795616000000001,False,-1.0
ALL (>=1 confirm),2024-10-26,3,E0,2425,Everton vs Fulham,H,2.71,False,D,4.795616000000001,False,-1.0
ALL (>=1 confirm),2024-10-27,1,D1,2425,Bochum vs Bayern Munich,A,1.13,True,A,5.729099999999999,False,-1.0
ALL (>=1 confirm),2024-10-27,2,D1,2425,Heidenheim vs Hoffenheim,A,2.6,False,D,5.729099999999999,False,-1.0
ALL (>=1 confirm),2024-10-27,3,E0,2425,Crystal Palace vs Tottenham,A,1.95,False,H,5.729099999999999,False,-1.0
ALL (>=1 confirm),2024-11-02,1,D1,2425,Dortmund vs RB Leipzig,H,2.19,True,H,8.875632000000001,False,-1.0
ALL (>=1 confirm),2024-11-02,2,T1,2425,Kayserispor vs Ad. Demirspor,H,1.49,False,D,8.875632000000001,False,-1.0
ALL (>=1 confirm),2024-11-02,3,E0,2425,Southampton vs Everton,H,2.72,True,H,8.875632000000001,False,-1.0
ALL (>=1 confirm),2024-11-03,1,E0,2425,Tottenham vs Aston Villa,H,1.99,True,H,9.792789999999998,False,-1.0
ALL (>=1 confirm),2024-11-03,2,E0,2425,Man United vs Chelsea,A,2.59,False,D,9.792789999999998,False,-1.0
ALL (>=1 confirm),2024-11-03,3,T1,2425,Trabzonspor vs Fenerbahce,A,1.9,True,A,9.792789999999998,False,-1.0
ALL (>=1 confirm),2024-11-09,1,T1,2425,Ad. Demirspor vs Eyupspor,A,2.07,True,A,7.120385999999998,True,6.120385999999998
ALL (>=1 confirm),2024-11-09,2,E0,2425,Liverpool vs Aston Villa,H,1.47,True,H,7.120385999999998,True,6.120385999999998
ALL (>=1 confirm),2024-11-09,3,E0,2425,Crystal Palace vs Fulham,A,2.34,True,A,7.120385999999998,True,6.120385999999998
ALL (>=1 confirm),2024-11-10,1,D1,2425,Augsburg vs Hoffenheim,H,2.18,False,D,7.416360000000002,False,-1.0
ALL (>=1 confirm),2024-11-10,2,E0,2425,Chelsea vs Arsenal,A,2.52,False,D,7.416360000000002,False,-1.0
ALL (>=1 confirm),2024-11-10,3,E0,2425,Man United vs Leicester,H,1.35,True,H,7.416360000000002,False,-1.0
ALL (>=1 confirm),2024-11-23,1,D1,2425,Dortmund vs Freiburg,H,1.82,True,H,3.642912,False,-1.0
ALL (>=1 confirm),2024-11-23,2,E0,2425,Man City vs Tottenham,H,1.44,False,A,3.642912,False,-1.0
ALL (>=1 confirm),2024-11-23,3,T1,2425,Bodrumspor vs Galatasaray,A,1.39,True,A,3.642912,False,-1.0
ALL (>=1 confirm),2024-11-24,1,E0,2425,Ipswich vs Man United,A,1.68,False,D,7.418879999999999,False,-1.0
ALL (>=1 confirm),2024-11-24,2,D1,2425,Holstein Kiel vs Mainz,A,2.3,True,A,7.418879999999999,False,-1.0
ALL (>=1 confirm),2024-11-24,3,D1,2425,M'gladbach vs St Pauli,H,1.92,True,H,7.418879999999999,False,-1.0
ALL (>=1 confirm),2024-11-30,1,D1,2425,Dortmund vs Bayern Munich,A,1.73,False,D,5.388258,False,-1.0
ALL (>=1 confirm),2024-11-30,2,D1,2425,RB Leipzig vs Wolfsburg,H,1.79,False,A,5.388258,False,-1.0
ALL (>=1 confirm),2024-11-30,3,E0,2425,Nott'm Forest vs Ipswich,H,1.74,True,H,5.388258,False,-1.0
ALL (>=1 confirm),2024-12-01,1,E0,2425,Liverpool vs Man City,H,2.06,True,H,7.17395,True,6.17395
ALL (>=1 confirm),2024-12-01,2,E0,2425,Chelsea vs Aston Villa,H,1.75,True,H,7.17395,True,6.17395
ALL (>=1 confirm),2024-12-01,3,D1,2425,Heidenheim vs Ein Frankfurt,A,1.99,True,A,7.17395,True,6.17395
ALL (>=1 confirm),2024-12-04,1,E0,2425,Aston Villa vs Brentford,H,1.68,True,H,5.072256,False,-1.0
ALL (>=1 confirm),2024-12-04,2,E0,2425,Newcastle vs Liverpool,A,2.04,False,D,5.072256,False,-1.0
ALL (>=1 confirm),2024-12-04,3,E0,2425,Arsenal vs Man United,H,1.48,True,H,5.072256,False,-1.0
ALL (>=1 confirm),2024-12-07,1,T1,2425,Besiktas vs Fenerbahce,A,1.93,False,H,6.182176,False,-1.0
ALL (>=1 confirm),2024-12-07,2,D1,2425,Ein Frankfurt vs Augsburg,H,1.54,False,D,6.182176,False,-1.0
ALL (>=1 confirm),2024-12-07,3,D1,2425,M'gladbach vs Dortmund,A,2.08,False,D,6.182176,False,-1.0
ALL (>=1 confirm),2024-12-08,1,E0,2425,Tottenham vs Chelsea,A,2.25,True,A,5.6160000000000005,True,4.6160000000000005
ALL (>=1 confirm),2024-12-08,2,E0,2425,Ipswich vs Bournemouth,A,1.95,True,A,5.6160000000000005,True,4.6160000000000005
ALL (>=1 confirm),2024-12-08,3,T1,2425,Sivasspor vs Galatasaray,A,1.28,True,A,5.6160000000000005,True,4.6160000000000005
ALL (>=1 confirm),2024-12-14,1,D1,2425,Augsburg vs Leverkusen,A,1.59,True,A,2.5638750000000003,False,-1.0
ALL (>=1 confirm),2024-12-14,2,E0,2425,Arsenal vs Everton,H,1.25,False,D,2.5638750000000003,False,-1.0
ALL (>=1 confirm),2024-12-14,3,E0,2425,Liverpool vs Fulham,H,1.29,False,D,2.5638750000000003,False,-1.0
ALL (>=1 confirm),2024-12-15,1,E0,2425,Man City vs Man United,H,1.53,False,A,6.15825,False,-1.0
ALL (>=1 confirm),2024-12-15,2,D1,2425,Heidenheim vs Stuttgart,A,1.75,True,A,6.15825,False,-1.0
ALL (>=1 confirm),2024-12-15,3,D1,2425,RB Leipzig vs Ein Frankfurt,H,2.3,True,H,6.15825,False,-1.0
ALL (>=1 confirm),2024-12-16,1,T1,2425,Galatasaray vs Trabzonspor,H,1.38,True,H,3.758292,False,-1.0
ALL (>=1 confirm),2024-12-16,2,E0,2425,Bournemouth vs West Ham,H,1.78,False,D,3.758292,False,-1.0
ALL (>=1 confirm),2024-12-16,3,T1,2425,Ad. Demirspor vs Besiktas,A,1.53,False,H,3.758292,False,-1.0
ALL (>=1 confirm),2024-12-21,1,D1,2425,Stuttgart vs St Pauli,H,1.46,False,A,6.263984,False,-1.0
ALL (>=1 confirm),2024-12-21,2,E0,2425,Ipswich vs Newcastle,A,1.73,True,A,6.263984,False,-1.0
ALL (>=1 confirm),2024-12-21,3,E0,2425,West Ham vs Brighton,A,2.48,False,D,6.263984,False,-1.0
ALL (>=1 confirm),2024-12-22,1,E0,2425,Everton vs Chelsea,A,1.69,False,D,4.885283,False,-1.0
ALL (>=1 confirm),2024-12-22,2,T1,2425,Kayserispor vs Galatasaray,A,1.37,True,A,4.885283,False,-1.0
ALL (>=1 confirm),2024-12-22,3,D1,2425,Bochum vs Heidenheim,H,2.11,True,H,4.885283,False,-1.0
ALL (>=1 confirm),2024-12-26,1,E0,2425,Nott'm Forest vs Tottenham,H,2.16,True,H,6.717167999999999,False,-1.0
ALL (>=1 confirm),2024-12-26,2,E0,2425,Chelsea vs Fulham,H,1.46,False,A,6.717167999999999,False,-1.0
ALL (>=1 confirm),2024-12-26,3,E0,2425,Bournemouth vs Crystal Palace,H,2.13,False,D,6.717167999999999,False,-1.0
ALL (>=1 confirm),2024-12-30,1,E0,2425,Man United vs Newcastle,A,2.58,True,A,6.718319999999999,False,-1.0
ALL (>=1 confirm),2024-12-30,2,E0,2425,Ipswich vs Chelsea,A,1.4,False,H,6.718319999999999,False,-1.0
ALL (>=1 confirm),2024-12-30,3,E0,2425,Aston Villa vs Brighton,H,1.86,False,D,6.718319999999999,False,-1.0
ALL (>=1 confirm),2025-01-04,1,E0,2425,Tottenham vs Newcastle,A,1.79,True,A,5.180976000000001,True,4.180976000000001
ALL (>=1 confirm),2025-01-04,2,E0,2425,Southampton vs Brentford,A,2.16,True,A,5.180976000000001,True,4.180976000000001
ALL (>=1 confirm),2025-01-04,3,E0,2425,Aston Villa vs Leicester,H,1.34,True,H,5.180976000000001,True,4.180976000000001
ALL (>=1 confirm),2025-01-05,1,E0,2425,Liverpool vs Man United,H,1.36,False,D,2.4002640000000004,False,-1.0
ALL (>=1 confirm),2025-01-05,2,E0,2425,Fulham vs Ipswich,H,1.59,False,D,2.4002640000000004,False,-1.0
ALL (>=1 confirm),2025-01-05,3,T1,2425,Fenerbahce vs Hatayspor,H,1.11,True,H,2.4002640000000004,False,-1.0
ALL (>=1 confirm),2025-01-11,1,D1,2425,Hoffenheim vs Wolfsburg,H,2.36,False,A,5.788607999999999,False,-1.0
ALL (>=1 confirm),2025-01-11,2,D1,2425,Freiburg vs Holstein Kiel,H,1.46,True,H,5.788607999999999,False,-1.0
ALL (>=1 confirm),2025-01-11,3,D1,2425,Mainz vs Bochum,H,1.68,True,H,5.788607999999999,False,-1.0
ALL (>=1 confirm),2025-01-12,1,D1,2425,RB Leipzig vs Werder Bremen,H,1.91,True,H,5.934943,True,4.934943
ALL (>=1 confirm),2025-01-12,2,T1,2425,Buyuksehyr vs Galatasaray,A,1.61,True,A,5.934943,True,4.934943
ALL (>=1 confirm),2025-01-12,3,D1,2425,Augsburg vs Stuttgart,A,1.93,True,A,5.934943,True,4.934943
ALL (>=1 confirm),2025-01-14,1,E0,2425,Chelsea vs Bournemouth,H,1.54,False,D,6.000148,False,-1.0
ALL (>=1 confirm),2025-01-14,2,E0,2425,Brentford vs Man City,A,1.61,False,D,6.000148,False,-1.0
ALL (>=1 confirm),2025-01-14,3,E0,2425,West Ham vs Fulham,A,2.42,False,H,6.000148,False,-1.0
ALL (>=1 confirm),2025-01-15,1,D1,2425,Union Berlin vs Augsburg,H,2.2,False,A,4.159320000000001,False,-1.0
ALL (>=1 confirm),2025-01-15,2,E0,2425,Newcastle vs Wolves,H,1.37,True,H,4.159320000000001,False,-1.0
ALL (>=1 confirm),2025-01-15,3,E0,2425,Arsenal vs Tottenham,H,1.38,True,H,4.159320000000001,False,-1.0
ALL (>=1 confirm),2025-01-18,1,D1,2425,Holstein Kiel vs Hoffenheim,A,2.44,True,A,9.639952,False,-1.0
ALL (>=1 confirm),2025-01-18,2,T1,2425,Gaziantep vs Bodrumspor,H,2.38,False,D,9.639952,False,-1.0
ALL (>=1 confirm),2025-01-18,3,E0,2425,Newcastle vs Bournemouth,H,1.66,False,A,9.639952,False,-1.0
ALL (>=1 confirm),2025-01-19,1,T1,2425,Goztep vs Antalyaspor,H,1.64,True,H,2.6512239999999996,True,1.6512239999999996
ALL (>=1 confirm),2025-01-19,2,E0,2425,Nott'm Forest vs Southampton,H,1.37,True,H,2.6512239999999996,True,1.6512239999999996
ALL (>=1 confirm),2025-01-19,3,T1,2425,Ad. Demirspor vs Fenerbahce,A,1.18,True,A,2.6512239999999996,True,1.6512239999999996
ALL (>=1 confirm),2025-01-25,1,D1,2425,RB Leipzig vs Leverkusen,A,2.13,False,D,4.183746,False,-1.0
ALL (>=1 confirm),2025-01-25,2,E0,2425,Wolves vs Arsenal,A,1.61,True,A,4.183746,False,-1.0
ALL (>=1 confirm),2025-01-25,3,T1,2425,Galatasaray vs Konyaspor,H,1.22,True,H,4.183746,False,-1.0
ALL (>=1 confirm),2025-01-26,1,T1,2425,Fenerbahce vs Goztep,H,1.64,True,H,6.375335999999999,False,-1.0
ALL (>=1 confirm),2025-01-26,2,T1,2425,Antalyaspor vs Besiktas,A,1.86,False,D,6.375335999999999,False,-1.0
ALL (>=1 confirm),2025-01-26,3,D1,2425,Hoffenheim vs Ein Frankfurt,A,2.09,False,D,6.375335999999999,False,-1.0
ALL (>=1 confirm),2025-02-01,1,E0,2425,Bournemouth vs Liverpool,A,1.72,True,A,5.650543999999999,False,-1.0
ALL (>=1 confirm),2025-02-01,2,E0,2425,Ipswich vs Southampton,H,1.91,False,A,5.650543999999999,False,-1.0
ALL (>=1 confirm),2025-02-01,3,D1,2425,Heidenheim vs Dortmund,A,1.72,True,A,5.650543999999999,False,-1.0
ALL (>=1 confirm),2025-02-02,1,T1,2425,Fenerbahce vs Rizespor,H,1.34,True,H,4.888454,True,3.8884540000000003
ALL (>=1 confirm),2025-02-02,2,E0,2425,Arsenal vs Man City,H,1.91,True,H,4.888454,True,3.8884540000000003
ALL (>=1 confirm),2025-02-02,3,T1,2425,Ad. Demirspor vs Kasimpasa,A,1.91,True,A,4.888454,True,3.8884540000000003
ALL (>=1 confirm),2025-02-08,1,D1,2425,Wolfsburg vs Leverkusen,A,2.16,False,D,8.790768,False,-1.0
ALL (>=1 confirm),2025-02-08,2,D1,2425,Hoffenheim vs Union Berlin,H,2.38,False,A,8.790768,False,-1.0
ALL (>=1 confirm),2025-02-08,3,D1,2425,Freiburg vs Heidenheim,H,1.71,True,H,8.790768,False,-1.0
ALL (>=1 confirm),2025-02-09,1,D1,2425,RB Leipzig vs St Pauli,H,1.66,True,H,2.788634,True,1.788634
ALL (>=1 confirm),2025-02-09,2,T1,2425,Alanyaspor vs Fenerbahce,A,1.57,True,A,2.788634,True,1.788634
ALL (>=1 confirm),2025-02-09,3,T1,2425,Galatasaray vs Ad. Demirspor,H,1.07,True,H,2.788634,True,1.788634
ALL (>=1 confirm),2025-02-14,1,D1,2425,Augsburg vs RB Leipzig,A,2.44,False,D,9.674112,False,-1.0
ALL (>=1 confirm),2025-02-14,2,T1,2425,Ad. Demirspor vs Antalyaspor,A,1.68,False,D,9.674112,False,-1.0
ALL (>=1 confirm),2025-02-14,3,E0,2425,Brighton vs Chelsea,A,2.36,False,H,9.674112,False,-1.0
ALL (>=1 confirm),2025-02-15,1,E0,2425,Leicester vs Arsenal,A,1.33,True,A,3.006864,False,-1.0
ALL (>=1 confirm),2025-02-15,2,E0,2425,Aston Villa vs Ipswich,H,1.44,False,D,3.006864,False,-1.0
ALL (>=1 confirm),2025-02-15,3,D1,2425,Bochum vs Dortmund,A,1.57,False,H,3.006864,False,-1.0
ALL (>=1 confirm),2025-02-16,1,T1,2425,Fenerbahce vs Kasimpasa,H,1.39,True,H,2.290998,True,1.290998
ALL (>=1 confirm),2025-02-16,2,D1,2425,Ein Frankfurt vs Holstein Kiel,H,1.34,True,H,2.290998,True,1.290998
ALL (>=1 confirm),2025-02-16,3,E0,2425,Liverpool vs Wolves,H,1.23,True,H,2.290998,True,1.290998
ALL (>=1 confirm),2025-02-21,1,D1,2425,Freiburg vs Werder Bremen,H,2.02,True,H,9.567124,True,8.567124
ALL (>=1 confirm),2025-02-21,2,E0,2425,Leicester vs Brentford,A,1.99,True,A,9.567124,True,8.567124
ALL (>=1 confirm),2025-02-21,3,T1,2425,Eyupspor vs Besiktas,A,2.38,True,A,9.567124,True,8.567124
ALL (>=1 confirm),2025-02-22,1,E0,2425,Ipswich vs Tottenham,A,2.1,True,A,5.9724,False,-1.0
ALL (>=1 confirm),2025-02-22,2,T1,2425,Samsunspor vs Rizespor,H,2.37,False,A,5.9724,False,-1.0
ALL (>=1 confirm),2025-02-22,3,D1,2425,Holstein Kiel vs Leverkusen,A,1.2,True,A,5.9724,False,-1.0
ALL (>=1 confirm),2025-02-23,1,E0,2425,Man City vs Liverpool,A,2.21,True,A,3.6478260000000002,False,-1.0
ALL (>=1 confirm),2025-02-23,2,D1,2425,RB Leipzig vs Heidenheim,H,1.31,False,D,3.6478260000000002,False,-1.0
ALL (>=1 confirm),2025-02-23,3,D1,2425,Bayern Munich vs Ein Frankfurt,H,1.26,True,H,3.6478260000000002,False,-1.0
ALL (>=1 confirm),2025-02-26,1,E0,2425,Man United vs Ipswich,H,1.52,True,H,3.8524400000000005,True,2.8524400000000005
ALL (>=1 confirm),2025-02-26,2,E0,2425,Liverpool vs Newcastle,H,1.37,True,H,3.8524400000000005,True,2.8524400000000005
ALL (>=1 confirm),2025-02-26,3,E0,2425,Tottenham vs Man City,A,1.85,True,A,3.8524400000000005,True,2.8524400000000005
ALL (>=1 confirm),2025-03-01,1,D1,2425,St Pauli vs Dortmund,A,1.88,True,A,8.3754,False,-1.0
ALL (>=1 confirm),2025-03-01,2,T1,2425,Ad. Demirspor vs Bodrumspor,A,1.65,False,D,8.3754,False,-1.0
ALL (>=1 confirm),2025-03-01,3,D1,2425,Heidenheim vs M'gladbach,A,2.7,True,A,8.3754,False,-1.0
ALL (>=1 confirm),2025-03-08,1,D1,2425,Freiburg vs RB Leipzig,H,2.56,False,D,8.103424,False,-1.0
ALL (>=1 confirm),2025-03-08,2,T1,2425,Kayserispor vs Buyuksehyr,A,2.38,False,H,8.103424,False,-1.0
ALL (>=1 confirm),2025-03-08,3,D1,2425,Leverkusen vs Werder Bremen,H,1.33,False,A,8.103424,False,-1.0
ALL (>=1 confirm),2025-03-09,1,D1,2425,Hoffenheim vs Heidenheim,H,1.93,False,D,2.7761119999999995,False,-1.0
ALL (>=1 confirm),2025-03-09,2,E0,2425,Chelsea vs Leicester,H,1.24,True,H,2.7761119999999995,False,-1.0
ALL (>=1 confirm),2025-03-09,3,T1,2425,Samsunspor vs Ad. Demirspor,H,1.16,True,H,2.7761119999999995,False,-1.0
ALL (>=1 confirm),2025-03-15,1,T1,2425,Gaziantep vs Kayserispor,H,2.29,True,H,7.794702000000002,False,-1.0
ALL (>=1 confirm),2025-03-15,2,E0,2425,Man City vs Brighton,H,1.83,False,D,7.794702000000002,False,-1.0
ALL (>=1 confirm),2025-03-15,3,D1,2425,Mainz vs Freiburg,H,1.86,False,D,7.794702000000002,False,-1.0
ALL (>=1 confirm),2025-03-16,1,E0,2425,Leicester vs Man United,A,1.83,True,A,8.937720000000002,True,7.937720000000002
ALL (>=1 confirm),2025-03-16,2,E0,2425,Fulham vs Tottenham,H,1.85,True,H,8.937720000000002,True,7.937720000000002
ALL (>=1 confirm),2025-03-16,3,D1,2425,Bochum vs Ein Frankfurt,A,2.64,True,A,8.937720000000002,True,7.937720000000002
ALL (>=1 confirm),2025-03-28,1,T1,2425,Konyaspor vs Gaziantep,H,2.2,True,H,6.792059999999999,True,5.792059999999999
ALL (>=1 confirm),2025-03-28,2,D1,2425,Leverkusen vs Bochum,H,1.23,True,H,6.792059999999999,True,5.792059999999999
ALL (>=1 confirm),2025-03-28,3,T1,2425,Antalyaspor vs Alanyaspor,H,2.51,True,H,6.792059999999999,True,5.792059999999999
ALL (>=1 confirm),2025-03-29,1,T1,2425,Samsunspor vs Kasimpasa,H,2.07,False,A,10.89648,False,-1.0
ALL (>=1 confirm),2025-03-29,2,D1,2425,M'gladbach vs RB Leipzig,A,2.35,False,H,10.89648,False,-1.0
ALL (>=1 confirm),2025-03-29,3,D1,2425,Holstein Kiel vs Werder Bremen,A,2.24,True,A,10.89648,False,-1.0
ALL (>=1 confirm),2025-04-02,1,E0,2425,Southampton vs Crystal Palace,A,1.63,False,D,2.9339999999999997,False,-1.0
ALL (>=1 confirm),2025-04-02,2,E0,2425,Liverpool vs Everton,H,1.5,True,H,2.9339999999999997,False,-1.0
ALL (>=1 confirm),2025-04-02,3,E0,2425,Man City vs Leicester,H,1.2,True,H,2.9339999999999997,False,-1.0
ALL (>=1 confirm),2025-04-05,1,E0,2425,Everton vs Arsenal,A,2.1,False,D,6.5016,False,-1.0
ALL (>=1 confirm),2025-04-05,2,D1,2425,Mainz vs Holstein Kiel,H,1.44,False,D,6.5016,False,-1.0
ALL (>=1 confirm),2025-04-05,3,D1,2425,Freiburg vs Dortmund,A,2.15,True,A,6.5016,False,-1.0
ALL (>=1 confirm),2025-04-06,1,E0,2425,Man United vs Man City,A,2.11,False,D,6.017297999999999,False,-1.0
ALL (>=1 confirm),2025-04-06,2,T1,2425,Fenerbahce vs Trabzonspor,H,1.47,True,H,6.017297999999999,False,-1.0
ALL (>=1 confirm),2025-04-06,3,E0,2425,Fulham vs Liverpool,A,1.94,False,H,6.017297999999999,False,-1.0
ALL (>=1 confirm),2025-04-12,1,E0,2425,Southampton vs Aston Villa,A,1.53,True,A,5.946804,False,-1.0
ALL (>=1 confirm),2025-04-12,2,E0,2425,Man City vs Crystal Palace,H,1.64,True,H,5.946804,False,-1.0
ALL (>=1 confirm),2025-04-12,3,D1,2425,Bochum vs Augsburg,H,2.37,False,A,5.946804,False,-1.0
ALL (>=1 confirm),2025-04-13,1,E0,2425,Newcastle vs Man United,H,1.62,True,H,5.471550000000001,False,-1.0
ALL (>=1 confirm),2025-04-13,2,T1,2425,Trabzonspor vs Rizespor,H,1.93,True,H,5.471550000000001,False,-1.0
ALL (>=1 confirm),2025-04-13,3,D1,2425,Stuttgart vs Werder Bremen,H,1.75,False,A,5.471550000000001,False,-1.0
ALL (>=1 confirm),2025-04-19,1,D1,2425,RB Leipzig vs Holstein Kiel,H,1.48,False,D,2.8948799999999997,False,-1.0
ALL (>=1 confirm),2025-04-19,2,D1,2425,Werder Bremen vs Bochum,H,1.63,True,H,2.8948799999999997,False,-1.0
ALL (>=1 confirm),2025-04-19,3,T1,2425,Ad. Demirspor vs Trabzonspor,A,1.2,True,A,2.8948799999999997,False,-1.0
ALL (>=1 confirm),2025-04-20,1,E0,2425,Ipswich vs Arsenal,A,1.37,True,A,8.22822,False,-1.0
ALL (>=1 confirm),2025-04-20,2,E0,2425,Man United vs Wolves,H,2.6,False,A,8.22822,False,-1.0
ALL (>=1 confirm),2025-04-20,3,E0,2425,Fulham vs Chelsea,A,2.31,True,A,8.22822,False,-1.0
ALL (>=1 confirm),2025-04-26,1,E0,2425,Wolves vs Leicester,H,1.55,True,H,2.7676799999999995,True,1.7676799999999995
ALL (>=1 confirm),2025-04-26,2,E0,2425,Chelsea vs Everton,H,1.44,True,H,2.7676799999999995,True,1.7676799999999995
ALL (>=1 confirm),2025-04-26,3,D1,2425,Bayern Munich vs Mainz,H,1.24,True,H,2.7676799999999995,True,1.7676799999999995
ALL (>=1 confirm),2025-04-27,1,D1,2425,Bochum vs Union Berlin,H,2.4,False,D,3.3983999999999996,False,-1.0
ALL (>=1 confirm),2025-04-27,2,T1,2425,Konyaspor vs Ad. Demirspor,H,1.18,True,H,3.3983999999999996,False,-1.0
ALL (>=1 confirm),2025-04-27,3,E0,2425,Liverpool vs Tottenham,H,1.2,True,H,3.3983999999999996,False,-1.0
ALL (>=1 confirm),2025-05-03,1,E0,2425,Arsenal vs Bournemouth,H,1.68,False,A,4.009152,False,-1.0
ALL (>=1 confirm),2025-05-03,2,T1,2425,Hatayspor vs Buyuksehyr,A,1.52,True,A,4.009152,False,-1.0
ALL (>=1 confirm),2025-05-03,3,E0,2425,Everton vs Ipswich,H,1.57,False,D,4.009152,False,-1.0
ALL (>=1 confirm),2025-05-04,1,E0,2425,Brentford vs Man United,H,1.65,True,H,4.58667,False,-1.0
ALL (>=1 confirm),2025-05-04,2,T1,2425,Ad. Demirspor vs Goztep,A,1.23,True,A,4.58667,False,-1.0
ALL (>=1 confirm),2025-05-04,3,E0,2425,Brighton vs Newcastle,A,2.26,False,D,4.58667,False,-1.0
ALL (>=1 confirm),2025-05-10,1,T1,2425,Konyaspor vs Rizespor,H,2.64,True,H,8.186112,True,7.186112
ALL (>=1 confirm),2025-05-10,2,D1,2425,Holstein Kiel vs Freiburg,A,2.04,True,A,8.186112,True,7.186112
ALL (>=1 confirm),2025-05-10,3,E0,2425,Ipswich vs Brentford,A,1.52,True,A,8.186112,True,7.186112
ALL (>=1 confirm),2025-05-11,1,T1,2425,Goztep vs Hatayspor,H,1.23,False,D,2.008344,False,-1.0
ALL (>=1 confirm),2025-05-11,2,T1,2425,Besiktas vs Ad. Demirspor,H,1.04,True,H,2.008344,False,-1.0
ALL (>=1 confirm),2025-05-11,3,D1,2425,Ein Frankfurt vs St Pauli,H,1.57,False,D,2.008344,False,-1.0
ALL (>=1 confirm),2025-05-17,1,D1,2425,Hoffenheim vs Bayern Munich,A,1.67,True,A,4.491298,False,-1.0
ALL (>=1 confirm),2025-05-17,2,D1,2425,Dortmund vs Holstein Kiel,H,1.13,True,H,4.491298,False,-1.0
ALL (>=1 confirm),2025-05-17,3,D1,2425,Freiburg vs Ein Frankfurt,H,2.38,False,A,4.491298,False,-1.0
ALL (>=1 confirm),2025-05-18,1,E0,2425,Brentford vs Fulham,H,2.07,False,A,5.7425939999999995,False,-1.0
ALL (>=1 confirm),2025-05-18,2,E0,2425,Arsenal vs Newcastle,H,1.94,True,H,5.7425939999999995,False,-1.0
ALL (>=1 confirm),2025-05-18,3,E0,2425,Everton vs Southampton,H,1.43,True,H,5.7425939999999995,False,-1.0
ALL (>=1 confirm),2025-05-25,1,E0,2425,Tottenham vs Brighton,A,1.92,True,A,3.451392,False,-1.0
ALL (>=1 confirm),2025-05-25,2,E0,2425,Man United vs Aston Villa,A,1.68,False,H,3.451392,False,-1.0
ALL (>=1 confirm),2025-05-25,3,T1,2425,Buyuksehyr vs Ad. Demirspor,H,1.07,False,A,3.451392,False,-1.0
E0+T1 (>=2 confirm),2021-09-18,1,E0,2122,Man City vs Southampton,H,1.18,False,D,5.677452,False,-1.0
E0+T1 (>=2 confirm),2021-09-18,2,T1,2122,Antalyaspor vs Besiktas,A,2.43,True,A,5.677452,False,-1.0
E0+T1 (>=2 confirm),2021-09-18,3,E0,2122,Burnley vs Arsenal,A,1.98,True,A,5.677452,False,-1.0
E0+T1 (>=2 confirm),2021-10-16,1,E0,2122,Leicester vs Man United,A,1.99,False,H,5.304544000000001,False,-1.0
E0+T1 (>=2 confirm),2021-10-16,2,E0,2122,Watford vs Liverpool,A,1.36,True,A,5.304544000000001,False,-1.0
E0+T1 (>=2 confirm),2021-10-16,3,E0,2122,Norwich vs Brighton,A,1.96,False,D,5.304544000000001,False,-1.0
E0+T1 (>=2 confirm),2022-01-15,1,E0,2122,Man City vs Chelsea,H,1.67,True,H,6.9138,False,-1.0
E0+T1 (>=2 confirm),2022-01-15,2,E0,2122,Newcastle vs Watford,H,1.84,False,D,6.9138,False,-1.0
E0+T1 (>=2 confirm),2022-01-15,3,E0,2122,Norwich vs Everton,A,2.25,False,H,6.9138,False,-1.0
E0+T1 (>=2 confirm),2022-10-01,1,E0,2223,Arsenal vs Tottenham,H,1.99,True,H,7.872241,True,6.872241
E0+T1 (>=2 confirm),2022-10-01,2,E0,2223,Crystal Palace vs Chelsea,A,1.79,True,A,7.872241,True,6.872241
E0+T1 (>=2 confirm),2022-10-01,3,T1,2223,Kasimpasa vs Gaziantep,H,2.21,True,H,7.872241,True,6.872241
E0+T1 (>=2 confirm),2022-11-12,1,E0,2223,Wolves vs Arsenal,A,1.57,True,A,3.9991040000000004,False,-1.0
E0+T1 (>=2 confirm),2022-11-12,2,E0,2223,West Ham vs Leicester,H,1.99,False,A,3.9991040000000004,False,-1.0
E0+T1 (>=2 confirm),2022-11-12,3,E0,2223,Liverpool vs Southampton,H,1.28,True,H,3.9991040000000004,False,-1.0
E0+T1 (>=2 confirm),2022-12-26,1,E0,2223,Arsenal vs West Ham,H,1.57,True,H,7.282288,True,6.282288
E0+T1 (>=2 confirm),2022-12-26,2,E0,2223,Southampton vs Brighton,A,2.08,True,A,7.282288,True,6.282288
E0+T1 (>=2 confirm),2022-12-26,3,E0,2223,Leicester vs Newcastle,A,2.23,True,A,7.282288,True,6.282288
E0+T1 (>=2 confirm),2023-01-14,1,E0,2223,Brighton vs Liverpool,A,2.41,False,H,17.67976,False,-1.0
E0+T1 (>=2 confirm),2023-01-14,2,E0,2223,Nott'm Forest vs Leicester,H,2.8,True,H,17.67976,False,-1.0
E0+T1 (>=2 confirm),2023-01-14,3,T1,2223,Konyaspor vs Besiktas,A,2.62,True,A,17.67976,False,-1.0
E0+T1 (>=2 confirm),2023-02-04,1,E0,2223,Brentford vs Southampton,H,1.82,True,H,9.265074,False,-1.0
E0+T1 (>=2 confirm),2023-02-04,2,E0,2223,Aston Villa vs Leicester,H,2.13,False,A,9.265074,False,-1.0
E0+T1 (>=2 confirm),2023-02-04,3,T1,2223,Sivasspor vs Besiktas,A,2.39,False,H,9.265074,False,-1.0
E0+T1 (>=2 confirm),2023-02-11,1,E0,2223,Arsenal vs Brentford,H,1.58,False,D,8.295000000000002,False,-1.0
E0+T1 (>=2 confirm),2023-02-11,2,E0,2223,Leicester vs Tottenham,A,2.1,False,H,8.295000000000002,False,-1.0
E0+T1 (>=2 confirm),2023-02-11,3,E0,2223,Southampton vs Wolves,A,2.5,True,A,8.295000000000002,False,-1.0
E0+T1 (>=2 confirm),2023-02-25,1,E0,2223,Leicester vs Arsenal,A,1.6,True,A,3.7209600000000007,False,-1.0
E0+T1 (>=2 confirm),2023-02-25,2,E0,2223,Crystal Palace vs Liverpool,A,1.71,False,D,3.7209600000000007,False,-1.0
E0+T1 (>=2 confirm),2023-02-25,3,E0,2223,Bournemouth vs Man City,A,1.36,True,A,3.7209600000000007,False,-1.0
E0+T1 (>=2 confirm),2023-03-11,1,T1,2223,Galatasaray vs Kasimpasa,H,1.47,True,H,5.303025,False,-1.0
E0+T1 (>=2 confirm),2023-03-11,2,E0,2223,Leeds vs Brighton,A,1.85,False,D,5.303025,False,-1.0
E0+T1 (>=2 confirm),2023-03-11,3,E0,2223,Leicester vs Chelsea,A,1.95,True,A,5.303025,False,-1.0
E0+T1 (>=2 confirm),2023-04-15,1,T1,2223,Fenerbahce vs Ankaragucu,H,1.4,True,H,8.008,False,-1.0
E0+T1 (>=2 confirm),2023-04-15,2,E0,2223,Southampton vs Crystal Palace,A,2.75,True,A,8.008,False,-1.0
E0+T1 (>=2 confirm),2023-04-15,3,T1,2223,Istanbulspor vs Buyuksehyr,A,2.08,False,H,8.008,False,-1.0
E0+T1 (>=2 confirm),2023-09-16,1,E0,2324,Wolves vs Liverpool,A,1.71,True,A,3.9022199999999994,True,2.9022199999999994
E0+T1 (>=2 confirm),2023-09-16,2,E0,2324,West Ham vs Man City,A,1.63,True,A,3.9022199999999994,True,2.9022199999999994
E0+T1 (>=2 confirm),2023-09-16,3,T1,2324,Galatasaray vs Samsunspor,H,1.4,True,H,3.9022199999999994,True,2.9022199999999994
E0+T1 (>=2 confirm),2023-09-30,1,E0,2324,Wolves vs Man City,A,1.39,False,H,5.115199999999999,False,-1.0
E0+T1 (>=2 confirm),2023-09-30,2,T1,2324,Trabzonspor vs Pendikspor,H,1.6,True,H,5.115199999999999,False,-1.0
E0+T1 (>=2 confirm),2023-09-30,3,E0,2324,Tottenham vs Liverpool,A,2.3,False,H,5.115199999999999,False,-1.0
E0+T1 (>=2 confirm),2023-10-07,1,T1,2324,Antalyaspor vs Galatasaray,A,1.74,True,A,5.104464,True,4.104464
E0+T1 (>=2 confirm),2023-10-07,2,E0,2324,Everton vs Bournemouth,H,1.93,True,H,5.104464,True,4.104464
E0+T1 (>=2 confirm),2023-10-07,3,E0,2324,Fulham vs Sheffield United,H,1.52,True,H,5.104464,True,4.104464
E0+T1 (>=2 confirm),2023-12-09,1,E0,2324,Brighton vs Burnley,H,1.54,False,D,5.537224,False,-1.0
E0+T1 (>=2 confirm),2023-12-09,2,E0,2324,Sheffield United vs Brentford,A,1.78,False,H,5.537224,False,-1.0
E0+T1 (>=2 confirm),2023-12-09,3,E0,2324,Aston Villa vs Arsenal,A,2.02,False,H,5.537224,False,-1.0
E0+T1 (>=2 confirm),2024-02-03,1,E0,2324,Sheffield United vs Aston Villa,A,1.64,True,A,4.329599999999999,True,3.3295999999999992
E0+T1 (>=2 confirm),2024-02-03,2,T1,2324,Antalyaspor vs Fenerbahce,A,1.65,True,A,4.329599999999999,True,3.3295999999999992
E0+T1 (>=2 confirm),2024-02-03,3,T1,2324,Buyuksehyr vs Istanbulspor,H,1.6,True,H,4.329599999999999,True,3.3295999999999992
E0+T1 (>=2 confirm),2024-03-09,1,T1,2324,Trabzonspor vs Karagumruk,H,1.81,True,H,6.645596000000001,False,-1.0
E0+T1 (>=2 confirm),2024-03-09,2,E0,2324,Bournemouth vs Sheffield United,H,1.34,False,D,6.645596000000001,False,-1.0
E0+T1 (>=2 confirm),2024-03-09,3,T1,2324,Konyaspor vs Ad. Demirspor,H,2.74,False,D,6.645596000000001,False,-1.0
E0+T1 (>=2 confirm),2024-09-14,1,T1,2425,Galatasaray vs Rizespor,H,1.35,True,H,3.47004,False,-1.0
E0+T1 (>=2 confirm),2024-09-14,2,E0,2425,Brighton vs Ipswich,H,1.53,False,D,3.47004,False,-1.0
E0+T1 (>=2 confirm),2024-09-14,3,E0,2425,Aston Villa vs Everton,H,1.68,True,H,3.47004,False,-1.0
E0+T1 (>=2 confirm),2024-10-05,1,T1,2425,Buyuksehyr vs Kayserispor,H,1.72,False,D,8.095352,False,-1.0
E0+T1 (>=2 confirm),2024-10-05,2,T1,2425,Hatayspor vs Trabzonspor,A,2.33,False,D,8.095352,False,-1.0
E0+T1 (>=2 confirm),2024-10-05,3,E0,2425,Leicester vs Bournemouth,A,2.02,False,H,8.095352,False,-1.0
E0+T1 (>=2 confirm),2024-12-08,1,E0,2425,Tottenham vs Chelsea,A,2.25,True,A,7.1955,False,-1.0
E0+T1 (>=2 confirm),2024-12-08,2,E0,2425,Ipswich vs Bournemouth,A,1.95,True,A,7.1955,False,-1.0
E0+T1 (>=2 confirm),2024-12-08,3,E0,2425,Fulham vs Arsenal,A,1.64,False,D,7.1955,False,-1.0
E0+T1 (>=2 confirm),2025-02-01,1,T1,2425,Kayserispor vs Trabzonspor,A,2.1,False,D,9.384479999999998,False,-1.0
E0+T1 (>=2 confirm),2025-02-01,2,E0,2425,Wolves vs Aston Villa,A,2.28,False,H,9.384479999999998,False,-1.0
E0+T1 (>=2 confirm),2025-02-01,3,E0,2425,Everton vs Leicester,H,1.96,True,H,9.384479999999998,False,-1.0
E0+T1 (>=2 confirm),2025-02-15,1,E0,2425,Leicester vs Arsenal,A,1.33,True,A,3.6005759999999998,False,-1.0
E0+T1 (>=2 confirm),2025-02-15,2,E0,2425,Aston Villa vs Ipswich,H,1.44,False,D,3.6005759999999998,False,-1.0
E0+T1 (>=2 confirm),2025-02-15,3,T1,2425,Buyuksehyr vs Bodrumspor,H,1.88,False,A,3.6005759999999998,False,-1.0
E0+T1 (>=2 confirm),2025-02-22,1,E0,2425,Ipswich vs Tottenham,A,2.1,True,A,6.9237,False,-1.0
E0+T1 (>=2 confirm),2025-02-22,2,E0,2425,Fulham vs Crystal Palace,H,2.1,False,A,6.9237,False,-1.0
E0+T1 (>=2 confirm),2025-02-22,3,E0,2425,Southampton vs Brighton,A,1.57,True,A,6.9237,False,-1.0
E0+T1 (>=2 confirm),2025-04-06,1,E0,2425,Man United vs Man City,A,2.11,False,D,9.906028,False,-1.0
E0+T1 (>=2 confirm),2025-04-06,2,E0,2425,Fulham vs Liverpool,A,1.94,False,H,9.906028,False,-1.0
E0+T1 (>=2 confirm),2025-04-06,3,E0,2425,Brentford vs Chelsea,A,2.42,False,D,9.906028,False,-1.0
E0+T1 (>=1 confirm),2021-08-14,1,E0,2122,Norwich vs Liverpool,A,1.48,True,A,8.209708,False,-1.0
E0+T1 (>=1 confirm),2021-08-14,2,E0,2122,Burnley vs Brighton,A,2.51,True,A,8.209708,False,-1.0
E0+T1 (>=1 confirm),2021-08-14,3,E0,2122,Watford vs Aston Villa,A,2.21,False,H,8.209708,False,-1.0
E0+T1 (>=1 confirm),2021-08-21,1,E0,2122,Brighton vs Watford,H,1.78,True,H,4.344624,False,-1.0
E0+T1 (>=1 confirm),2021-08-21,2,T1,2122,Alanyaspor vs Altay,H,2.16,False,A,4.344624,False,-1.0
E0+T1 (>=1 confirm),2021-08-21,3,E0,2122,Man City vs Norwich,H,1.13,True,H,4.344624,False,-1.0
E0+T1 (>=1 confirm),2021-08-22,1,T1,2122,Goztep vs Yeni Malatyaspor,H,1.79,False,A,4.928049000000001,False,-1.0
E0+T1 (>=1 confirm),2021-08-22,2,E0,2122,Southampton vs Man United,A,1.61,False,D,4.928049000000001,False,-1.0
E0+T1 (>=1 confirm),2021-08-22,3,T1,2122,Fenerbahce vs Antalyaspor,H,1.71,True,H,4.928049000000001,False,-1.0
E0+T1 (>=1 confirm),2021-08-29,1,T1,2122,Kasimpasa vs Galatasaray,A,1.83,False,D,10.575936,False,-1.0
E0+T1 (>=1 confirm),2021-08-29,2,T1,2122,Altay vs Fenerbahce,A,2.58,True,A,10.575936,False,-1.0
E0+T1 (>=1 confirm),2021-08-29,3,E0,2122,Burnley vs Leeds,A,2.24,False,D,10.575936,False,-1.0
E0+T1 (>=1 confirm),2021-09-11,1,E0,2122,Man United vs Newcastle,H,1.2,True,H,5.2668,True,4.2668
E0+T1 (>=1 confirm),2021-09-11,2,T1,2122,Karagumruk vs Ad. Demirspor,H,2.66,True,H,5.2668,True,4.2668
E0+T1 (>=1 confirm),2021-09-11,3,E0,2122,Leicester vs Man City,A,1.65,True,A,5.2668,True,4.2668
E0+T1 (>=1 confirm),2021-09-12,1,T1,2122,Fenerbahce vs Sivasspor,H,1.56,False,D,6.007871999999999,False,-1.0
E0+T1 (>=1 confirm),2021-09-12,2,E0,2122,Leeds vs Liverpool,A,1.66,True,A,6.007871999999999,False,-1.0
E0+T1 (>=1 confirm),2021-09-12,3,T1,2122,Trabzonspor vs Galatasaray,H,2.32,False,D,6.007871999999999,False,-1.0
E0+T1 (>=1 confirm),2021-09-13,1,E0,2122,Everton vs Burnley,H,1.78,True,H,8.122139999999998,True,7.122139999999998
E0+T1 (>=1 confirm),2021-09-13,2,T1,2122,Gaziantep vs Antalyaspor,H,2.34,True,H,8.122139999999998,True,7.122139999999998
E0+T1 (>=1 confirm),2021-09-13,3,T1,2122,Alanyaspor vs Giresunspor,H,1.95,True,H,8.122139999999998,True,7.122139999999998
E0+T1 (>=1 confirm),2021-09-18,1,E0,2122,Man City vs Southampton,H,1.18,False,D,3.698946,False,-1.0
E0+T1 (>=1 confirm),2021-09-18,2,T1,2122,Antalyaspor vs Besiktas,A,2.43,True,A,3.698946,False,-1.0
E0+T1 (>=1 confirm),2021-09-18,3,E0,2122,Liverpool vs Crystal Palace,H,1.29,True,H,3.698946,False,-1.0
E0+T1 (>=1 confirm),2021-09-19,1,T1,2122,Buyuksehyr vs Fenerbahce,A,2.42,False,H,7.454568,False,-1.0
E0+T1 (>=1 confirm),2021-09-19,2,T1,2122,Galatasaray vs Alanyaspor,H,1.51,False,A,7.454568,False,-1.0
E0+T1 (>=1 confirm),2021-09-19,3,E0,2122,Tottenham vs Chelsea,A,2.04,True,A,7.454568,False,-1.0
E0+T1 (>=1 confirm),2021-09-21,1,T1,2122,Besiktas vs Ad. Demirspor,H,1.4,False,D,5.780880000000001,False,-1.0
E0+T1 (>=1 confirm),2021-09-21,2,T1,2122,Karagumruk vs Antalyaspor,H,1.86,False,D,5.780880000000001,False,-1.0
E0+T1 (>=1 confirm),2021-09-21,3,T1,2122,Rizespor vs Altay,A,2.22,True,A,5.780880000000001,False,-1.0
E0+T1 (>=1 confirm),2021-09-22,1,T1,2122,Kayserispor vs Galatasaray,A,1.87,False,H,12.190529999999999,False,-1.0
E0+T1 (>=1 confirm),2021-09-22,2,T1,2122,Goztep vs Hatayspor,H,2.46,False,A,12.190529999999999,False,-1.0
E0+T1 (>=1 confirm),2021-09-22,3,T1,2122,Gaziantep vs Buyuksehyr,A,2.65,False,H,12.190529999999999,False,-1.0
E0+T1 (>=1 confirm),2021-09-23,1,T1,2122,Fenerbahce vs Giresunspor,H,1.42,True,H,5.995807999999999,False,-1.0
E0+T1 (>=1 confirm),2021-09-23,2,T1,2122,Alanyaspor vs Kasimpasa,H,1.82,True,H,5.995807999999999,False,-1.0
E0+T1 (>=1 confirm),2021-09-23,3,T1,2122,Konyaspor vs Trabzonspor,A,2.32,False,D,5.995807999999999,False,-1.0
E0+T1 (>=1 confirm),2021-09-25,1,E0,2122,Everton vs Norwich,H,1.7,True,H,3.4520199999999996,False,-1.0
E0+T1 (>=1 confirm),2021-09-25,2,E0,2122,Man United vs Aston Villa,H,1.42,False,A,3.4520199999999996,False,-1.0
E0+T1 (>=1 confirm),2021-09-25,3,E0,2122,Brentford vs Liverpool,A,1.43,False,D,3.4520199999999996,False,-1.0
E0+T1 (>=1 confirm),2021-09-26,1,T1,2122,Buyuksehyr vs Rizespor,H,1.62,True,H,5.6862,True,4.6862
E0+T1 (>=1 confirm),2021-09-26,2,T1,2122,Galatasaray vs Goztep,H,1.56,True,H,5.6862,True,4.6862
E0+T1 (>=1 confirm),2021-09-26,3,E0,2122,Arsenal vs Tottenham,H,2.25,True,H,5.6862,True,4.6862
E0+T1 (>=1 confirm),2021-09-27,1,T1,2122,Trabzonspor vs Alanyaspor,H,1.78,False,D,13.412300000000002,False,-1.0
E0+T1 (>=1 confirm),2021-09-27,2,T1,2122,Kasimpasa vs Konyaspor,H,2.75,False,D,13.412300000000002,False,-1.0
E0+T1 (>=1 confirm),2021-09-27,3,E0,2122,Crystal Palace vs Brighton,A,2.74,False,D,13.412300000000002,False,-1.0
E0+T1 (>=1 confirm),2021-10-02,1,E0,2122,Chelsea vs Southampton,H,1.46,True,H,6.4924740000000005,False,-1.0
E0+T1 (>=1 confirm),2021-10-02,2,E0,2122,Wolves vs Newcastle,H,1.83,True,H,6.4924740000000005,False,-1.0
E0+T1 (>=1 confirm),2021-10-02,3,T1,2122,Goztep vs Giresunspor,H,2.43,False,A,6.4924740000000005,False,-1.0
E0+T1 (>=1 confirm),2021-10-03,1,T1,2122,Fenerbahce vs Kasimpasa,H,1.68,True,H,7.739759999999999,True,6.739759999999999
E0+T1 (>=1 confirm),2021-10-03,2,T1,2122,Gaziantep vs Altay,H,2.71,True,H,7.739759999999999,True,6.739759999999999
E0+T1 (>=1 confirm),2021-10-03,3,T1,2122,Rizespor vs Galatasaray,A,1.7,True,A,7.739759999999999,True,6.739759999999999
E0+T1 (>=1 confirm),2021-10-16,1,T1,2122,Giresunspor vs Rizespor,H,1.78,True,H,5.809208,False,-1.0
E0+T1 (>=1 confirm),2021-10-16,2,T1,2122,Ad. Demirspor vs Yeni Malatyaspor,H,1.64,False,A,5.809208,False,-1.0
E0+T1 (>=1 confirm),2021-10-16,3,E0,2122,Leicester vs Man United,A,1.99,False,H,5.809208,False,-1.0
E0+T1 (>=1 confirm),2021-10-23,1,E0,2122,Everton vs Watford,H,1.84,False,A,3.210064,False,-1.0
E0+T1 (>=1 confirm),2021-10-23,2,E0,2122,Brighton vs Man City,A,1.43,True,A,3.210064,False,-1.0
E0+T1 (>=1 confirm),2021-10-23,3,E0,2122,Chelsea vs Norwich,H,1.22,True,H,3.210064,False,-1.0
E0+T1 (>=1 confirm),2021-10-24,1,T1,2122,Fenerbahce vs Alanyaspor,H,1.88,False,A,11.53098,False,-1.0
E0+T1 (>=1 confirm),2021-10-24,2,E0,2122,Man United vs Liverpool,A,2.35,True,A,11.53098,False,-1.0
E0+T1 (>=1 confirm),2021-10-24,3,T1,2122,Antalyaspor vs Buyuksehyr,A,2.61,True,A,11.53098,False,-1.0
E0+T1 (>=1 confirm),2021-10-30,1,T1,2122,Kasimpasa vs Yeni Malatyaspor,H,1.95,True,H,3.24558,False,-1.0
E0+T1 (>=1 confirm),2021-10-30,2,E0,2122,Newcastle vs Chelsea,A,1.46,True,A,3.24558,False,-1.0
E0+T1 (>=1 confirm),2021-10-30,3,E0,2122,Man City vs Crystal Palace,H,1.14,False,A,3.24558,False,-1.0
E0+T1 (>=1 confirm),2021-10-31,1,T1,2122,Alanyaspor vs Goztep,H,1.85,False,D,11.84148,False,-1.0
E0+T1 (>=1 confirm),2021-10-31,2,E0,2122,Aston Villa vs West Ham,A,2.52,True,A,11.84148,False,-1.0
E0+T1 (>=1 confirm),2021-10-31,3,T1,2122,Kayserispor vs Karagumruk,A,2.54,False,H,11.84148,False,-1.0
E0+T1 (>=1 confirm),2021-11-01,1,E0,2122,Wolves vs Everton,H,2.3,True,H,9.47784,False,-1.0
E0+T1 (>=1 confirm),2021-11-01,2,T1,2122,Buyuksehyr vs Ad. Demirspor,H,2.02,True,H,9.47784,False,-1.0
E0+T1 (>=1 confirm),2021-11-01,3,T1,2122,Giresunspor vs Antalyaspor,H,2.04,False,A,9.47784,False,-1.0
E0+T1 (>=1 confirm),2021-11-06,1,E0,2122,Brentford vs Norwich,H,1.68,False,A,4.8762,False,-1.0
E0+T1 (>=1 confirm),2021-11-06,2,E0,2122,Chelsea vs Burnley,H,1.29,False,D,4.8762,False,-1.0
E0+T1 (>=1 confirm),2021-11-06,3,T1,2122,Yeni Malatyaspor vs Buyuksehyr,A,2.25,True,A,4.8762,False,-1.0
E0+T1 (>=1 confirm),2021-11-07,1,T1,2122,Fenerbahce vs Kayserispor,H,1.43,False,D,4.530525999999999,False,-1.0
E0+T1 (>=1 confirm),2021-11-07,2,E0,2122,Arsenal vs Watford,H,1.46,True,H,4.530525999999999,False,-1.0
E0+T1 (>=1 confirm),2021-11-07,3,T1,2122,Karagumruk vs Galatasaray,A,2.17,False,D,4.530525999999999,False,-1.0
E0+T1 (>=1 confirm),2021-11-20,1,T1,2122,Buyuksehyr vs Sivasspor,H,2.0,True,H,7.7964,False,-1.0
E0+T1 (>=1 confirm),2021-11-20,2,E0,2122,Leicester vs Chelsea,A,1.78,True,A,7.7964,False,-1.0
E0+T1 (>=1 confirm),2021-11-20,3,E0,2122,Norwich vs Southampton,A,2.19,False,H,7.7964,False,-1.0
E0+T1 (>=1 confirm),2021-11-21,1,E0,2122,Man City vs Everton,H,1.2,True,H,7.10964,False,-1.0
E0+T1 (>=1 confirm),2021-11-21,2,T1,2122,Kasimpasa vs Karagumruk,H,2.61,False,A,7.10964,False,-1.0
E0+T1 (>=1 confirm),2021-11-21,3,T1,2122,Galatasaray vs Fenerbahce,H,2.27,False,A,7.10964,False,-1.0
E0+T1 (>=1 confirm),2021-11-27,1,T1,2122,Besiktas vs Giresunspor,H,1.71,False,A,4.980375,False,-1.0
E0+T1 (>=1 confirm),2021-11-27,2,T1,2122,Rizespor vs Kayserispor,H,2.33,True,H,4.980375,False,-1.0
E0+T1 (>=1 confirm),2021-11-27,3,E0,2122,Liverpool vs Southampton,H,1.25,True,H,4.980375,False,-1.0
E0+T1 (>=1 confirm),2021-11-28,1,E0,2122,Chelsea vs Man United,H,1.58,False,D,6.48432,False,-1.0
E0+T1 (>=1 confirm),2021-11-28,2,T1,2122,Yeni Malatyaspor vs Galatasaray,A,1.9,False,D,6.48432,False,-1.0
E0+T1 (>=1 confirm),2021-11-28,3,T1,2122,Karagumruk vs Trabzonspor,A,2.16,True,A,6.48432,False,-1.0
E0+T1 (>=1 confirm),2021-12-01,1,E0,2122,Everton vs Liverpool,A,1.38,True,A,2.6959679999999997,True,1.6959679999999997
E0+T1 (>=1 confirm),2021-12-01,2,E0,2122,Aston Villa vs Man City,A,1.48,True,A,2.6959679999999997,True,1.6959679999999997
E0+T1 (>=1 confirm),2021-12-01,3,E0,2122,Watford vs Chelsea,A,1.32,True,A,2.6959679999999997,True,1.6959679999999997
E0+T1 (>=1 confirm),2021-12-04,1,T1,2122,Galatasaray vs Altay,H,1.41,False,D,3.147966,False,-1.0
E0+T1 (>=1 confirm),2021-12-04,2,E0,2122,Watford vs Man City,A,1.22,True,A,3.147966,False,-1.0
E0+T1 (>=1 confirm),2021-12-04,3,E0,2122,West Ham vs Chelsea,A,1.83,False,H,3.147966,False,-1.0
E0+T1 (>=1 confirm),2021-12-05,1,E0,2122,Tottenham vs Norwich,H,1.48,True,H,5.47008,True,4.47008
E0+T1 (>=1 confirm),2021-12-05,2,E0,2122,Aston Villa vs Leicester,H,2.4,True,H,5.47008,True,4.47008
E0+T1 (>=1 confirm),2021-12-05,3,E0,2122,Man United vs Crystal Palace,H,1.54,True,H,5.47008,True,4.47008
E0+T1 (>=1 confirm),2021-12-06,1,T1,2122,Konyaspor vs Yeni Malatyaspor,H,1.73,False,D,8.472156,False,-1.0
E0+T1 (>=1 confirm),2021-12-06,2,E0,2122,Everton vs Arsenal,A,2.31,False,H,8.472156,False,-1.0
E0+T1 (>=1 confirm),2021-12-06,3,T1,2122,Goztep vs Gaziantep,H,2.12,True,H,8.472156,False,-1.0
E0+T1 (>=1 confirm),2021-12-11,1,E0,2122,Arsenal vs Southampton,H,1.75,True,H,7.7787500000000005,False,-1.0
E0+T1 (>=1 confirm),2021-12-11,2,T1,2122,Buyuksehyr vs Kasimpasa,H,1.75,True,H,7.7787500000000005,False,-1.0
E0+T1 (>=1 confirm),2021-12-11,3,T1,2122,Antalyaspor vs Trabzonspor,A,2.54,False,H,7.7787500000000005,False,-1.0
E0+T1 (>=1 confirm),2021-12-18,1,T1,2122,Galatasaray vs Buyuksehyr,H,2.44,False,D,6.877872000000001,False,-1.0
E0+T1 (>=1 confirm),2021-12-18,2,E0,2122,Leeds vs Arsenal,A,1.62,True,A,6.877872000000001,False,-1.0
E0+T1 (>=1 confirm),2021-12-18,3,T1,2122,Trabzonspor vs Hatayspor,H,1.74,True,H,6.877872000000001,False,-1.0
E0+T1 (>=1 confirm),2021-12-19,1,E0,2122,Newcastle vs Man City,A,1.13,True,A,6.426309999999999,False,-1.0
E0+T1 (>=1 confirm),2021-12-19,2,T1,2122,Fenerbahce vs Besiktas,H,2.42,False,D,6.426309999999999,False,-1.0
E0+T1 (>=1 confirm),2021-12-19,3,T1,2122,Rizespor vs Yeni Malatyaspor,H,2.35,True,H,6.426309999999999,False,-1.0
E0+T1 (>=1 confirm),2021-12-21,1,T1,2122,Buyuksehyr vs Giresunspor,H,2.06,True,H,9.305226,False,-1.0
E0+T1 (>=1 confirm),2021-12-21,2,T1,2122,Altay vs Trabzonspor,A,2.39,True,A,9.305226,False,-1.0
E0+T1 (>=1 confirm),2021-12-21,3,T1,2122,Antalyaspor vs Kasimpasa,H,1.89,False,D,9.305226,False,-1.0
E0+T1 (>=1 confirm),2021-12-22,1,T1,2122,Karagumruk vs Fenerbahce,A,2.07,False,D,8.078382000000001,False,-1.0
E0+T1 (>=1 confirm),2021-12-22,2,T1,2122,Sivasspor vs Rizespor,H,1.58,False,D,8.078382000000001,False,-1.0
E0+T1 (>=1 confirm),2021-12-22,3,T1,2122,Gaziantep vs Alanyaspor,H,2.47,True,H,8.078382000000001,False,-1.0
E0+T1 (>=1 confirm),2021-12-25,1,T1,2122,Kasimpasa vs Altay,H,2.23,True,H,8.084196,False,-1.0
E0+T1 (>=1 confirm),2021-12-25,2,T1,2122,Galatasaray vs Antalyaspor,H,1.71,True,H,8.084196,False,-1.0
E0+T1 (>=1 confirm),2021-12-25,3,T1,2122,Giresunspor vs Hatayspor,H,2.12,False,A,8.084196,False,-1.0
E0+T1 (>=1 confirm),2021-12-26,1,E0,2122,Norwich vs Arsenal,A,1.53,True,A,5.30145,False,-1.0
E0+T1 (>=1 confirm),2021-12-26,2,E0,2122,Tottenham vs Crystal Palace,H,1.75,True,H,5.30145,False,-1.0
E0+T1 (>=1 confirm),2021-12-26,3,E0,2122,West Ham vs Southampton,H,1.98,False,A,5.30145,False,-1.0
E0+T1 (>=1 confirm),2021-12-28,1,E0,2122,Watford vs West Ham,A,2.07,True,A,5.974226999999999,False,-1.0
E0+T1 (>=1 confirm),2021-12-28,2,E0,2122,Southampton vs Tottenham,A,2.17,False,D,5.974226999999999,False,-1.0
E0+T1 (>=1 confirm),2021-12-28,3,E0,2122,Leicester vs Liverpool,A,1.33,False,H,5.974226999999999,False,-1.0
E0+T1 (>=1 confirm),2022-01-08,1,T1,2122,Kasimpasa vs Hatayspor,H,1.91,True,H,8.10986,False,-1.0
E0+T1 (>=1 confirm),2022-01-08,2,T1,2122,Galatasaray vs Giresunspor,H,1.93,False,A,8.10986,False,-1.0
E0+T1 (>=1 confirm),2022-01-08,3,T1,2122,Gaziantep vs Karagumruk,H,2.2,True,H,8.10986,False,-1.0
E0+T1 (>=1 confirm),2022-01-09,1,T1,2122,Kayserispor vs Altay,H,2.14,True,H,10.823264000000002,False,-1.0
E0+T1 (>=1 confirm),2022-01-09,2,T1,2122,Goztep vs Antalyaspor,H,2.32,True,H,10.823264000000002,False,-1.0
E0+T1 (>=1 confirm),2022-01-09,3,T1,2122,Konyaspor vs Sivasspor,H,2.18,False,A,10.823264000000002,False,-1.0
E0+T1 (>=1 confirm),2022-01-14,1,T1,2122,Besiktas vs Gaziantep,H,1.61,True,H,7.822185,False,-1.0
E0+T1 (>=1 confirm),2022-01-14,2,T1,2122,Yeni Malatyaspor vs Goztep,A,2.37,True,A,7.822185,False,-1.0
E0+T1 (>=1 confirm),2022-01-14,3,E0,2122,Brighton vs Crystal Palace,H,2.05,False,D,7.822185,False,-1.0
E0+T1 (>=1 confirm),2022-01-15,1,E0,2122,Man City vs Chelsea,H,1.67,True,H,7.6512720000000005,False,-1.0
E0+T1 (>=1 confirm),2022-01-15,2,E0,2122,Newcastle vs Watford,H,1.84,False,D,7.6512720000000005,False,-1.0
E0+T1 (>=1 confirm),2022-01-15,3,E0,2122,Wolves vs Southampton,H,2.49,True,H,7.6512720000000005,False,-1.0
E0+T1 (>=1 confirm),2022-01-19,1,T1,2122,Fenerbahce vs Altay,H,1.46,True,H,4.676672,False,-1.0
E0+T1 (>=1 confirm),2022-01-19,2,E0,2122,Brentford vs Man United,A,1.76,True,A,4.676672,False,-1.0
E0+T1 (>=1 confirm),2022-01-19,3,T1,2122,Trabzonspor vs Giresunspor,H,1.82,False,D,4.676672,False,-1.0
E0+T1 (>=1 confirm),2022-01-22,1,E0,2122,Man United vs West Ham,H,2.17,True,H,4.71107,False,-1.0
E0+T1 (>=1 confirm),2022-01-22,2,T1,2122,Yeni Malatyaspor vs Besiktas,A,1.67,False,D,4.71107,False,-1.0
E0+T1 (>=1 confirm),2022-01-22,3,E0,2122,Southampton vs Man City,A,1.3,False,D,4.71107,False,-1.0
E0+T1 (>=1 confirm),2022-01-23,1,E0,2122,Arsenal vs Burnley,H,1.32,False,D,4.755168,False,-1.0
E0+T1 (>=1 confirm),2022-01-23,2,E0,2122,Crystal Palace vs Liverpool,A,1.58,True,A,4.755168,False,-1.0
E0+T1 (>=1 confirm),2022-01-23,3,T1,2122,Altay vs Konyaspor,A,2.28,True,A,4.755168,False,-1.0
E0+T1 (>=1 confirm),2022-02-05,1,E0,2122,Burnley vs Watford,H,2.22,False,D,9.077580000000001,False,-1.0
E0+T1 (>=1 confirm),2022-02-05,2,T1,2122,Fenerbahce vs Buyuksehyr,H,2.35,False,A,9.077580000000001,False,-1.0
E0+T1 (>=1 confirm),2022-02-05,3,T1,2122,Karagumruk vs Yeni Malatyaspor,H,1.74,True,H,9.077580000000001,False,-1.0
E0+T1 (>=1 confirm),2022-02-06,1,T1,2122,Alanyaspor vs Galatasaray,H,2.68,False,D,8.428600000000001,False,-1.0
E0+T1 (>=1 confirm),2022-02-06,2,T1,2122,Goztep vs Altay,H,1.7,False,A,8.428600000000001,False,-1.0
E0+T1 (>=1 confirm),2022-02-06,3,T1,2122,Besiktas vs Antalyaspor,H,1.85,False,D,8.428600000000001,False,-1.0
E0+T1 (>=1 confirm),2022-02-08,1,E0,2122,Burnley vs Man United,A,1.56,False,D,6.26262,False,-1.0
E0+T1 (>=1 confirm),2022-02-08,2,E0,2122,West Ham vs Watford,H,1.55,True,H,6.26262,False,-1.0
E0+T1 (>=1 confirm),2022-02-08,3,E0,2122,Newcastle vs Everton,H,2.59,True,H,6.26262,False,-1.0
E0+T1 (>=1 confirm),2022-02-09,1,E0,2122,Man City vs Brentford,H,1.1,True,H,3.989370000000001,False,-1.0
E0+T1 (>=1 confirm),2022-02-09,2,E0,2122,Tottenham vs Southampton,H,1.57,False,A,3.989370000000001,False,-1.0
E0+T1 (>=1 confirm),2022-02-09,3,E0,2122,Norwich vs Crystal Palace,A,2.31,False,D,3.989370000000001,False,-1.0
E0+T1 (>=1 confirm),2022-02-12,1,E0,2122,Man United vs Southampton,H,1.54,False,D,2.871176,False,-1.0
E0+T1 (>=1 confirm),2022-02-12,2,T1,2122,Galatasaray vs Kayserispor,H,1.58,False,D,2.871176,False,-1.0
E0+T1 (>=1 confirm),2022-02-12,3,E0,2122,Norwich vs Man City,A,1.18,True,A,2.871176,False,-1.0
E0+T1 (>=1 confirm),2022-02-13,1,E0,2122,Burnley vs Liverpool,A,1.22,True,A,4.898544,False,-1.0
E0+T1 (>=1 confirm),2022-02-13,2,T1,2122,Sivasspor vs Yeni Malatyaspor,H,1.68,True,H,4.898544,False,-1.0
E0+T1 (>=1 confirm),2022-02-13,3,E0,2122,Leicester vs West Ham,A,2.39,False,D,4.898544,False,-1.0
E0+T1 (>=1 confirm),2022-02-19,1,E0,2122,Man City vs Tottenham,H,1.28,False,A,2.1985279999999996,False,-1.0
E0+T1 (>=1 confirm),2022-02-19,2,E0,2122,Arsenal vs Brentford,H,1.52,True,H,2.1985279999999996,False,-1.0
E0+T1 (>=1 confirm),2022-02-19,3,E0,2122,Liverpool vs Norwich,H,1.13,True,H,2.1985279999999996,False,-1.0
E0+T1 (>=1 confirm),2022-02-20,1,T1,2122,Fenerbahce vs Hatayspor,H,1.85,True,H,8.14296,False,-1.0
E0+T1 (>=1 confirm),2022-02-20,2,E0,2122,Leeds vs Man United,A,1.68,True,A,8.14296,False,-1.0
E0+T1 (>=1 confirm),2022-02-20,3,T1,2122,Gaziantep vs Ad. Demirspor,H,2.62,False,A,8.14296,False,-1.0
E0+T1 (>=1 confirm),2022-02-23,1,E0,2122,Liverpool vs Leeds,H,1.18,True,H,5.3987359999999995,False,-1.0
E0+T1 (>=1 confirm),2022-02-23,2,T1,2122,Gaziantep vs Yeni Malatyaspor,H,1.72,False,D,5.3987359999999995,False,-1.0
E0+T1 (>=1 confirm),2022-02-23,3,E0,2122,Watford vs Crystal Palace,A,2.66,True,A,5.3987359999999995,False,-1.0
E0+T1 (>=1 confirm),2022-02-26,1,E0,2122,Man United vs Watford,H,1.39,False,D,3.4749999999999996,False,-1.0
E0+T1 (>=1 confirm),2022-02-26,2,E0,2122,Everton vs Man City,A,1.25,True,A,3.4749999999999996,False,-1.0
E0+T1 (>=1 confirm),2022-02-26,3,E0,2122,Leeds vs Tottenham,A,2.0,True,A,3.4749999999999996,False,-1.0
E0+T1 (>=1 confirm),2022-03-05,1,E0,2122,Leicester vs Leeds,H,2.14,True,H,14.56056,False,-1.0
E0+T1 (>=1 confirm),2022-03-05,2,E0,2122,Newcastle vs Brighton,H,2.8,True,H,14.56056,False,-1.0
E0+T1 (>=1 confirm),2022-03-05,3,T1,2122,Goztep vs Kasimpasa,H,2.43,False,A,14.56056,False,-1.0
E0+T1 (>=1 confirm),2022-03-06,1,E0,2122,Watford vs Arsenal,A,1.55,True,A,7.501380000000001,False,-1.0
E0+T1 (>=1 confirm),2022-03-06,2,T1,2122,Karagumruk vs Altay,H,2.22,False,D,7.501380000000001,False,-1.0
E0+T1 (>=1 confirm),2022-03-06,3,T1,2122,Antalyaspor vs Sivasspor,H,2.18,True,H,7.501380000000001,False,-1.0
E0+T1 (>=1 confirm),2022-03-07,1,E0,2122,Tottenham vs Everton,H,1.77,True,H,9.661899000000002,False,-1.0
E0+T1 (>=1 confirm),2022-03-07,2,T1,2122,Gaziantep vs Hatayspor,H,2.21,False,D,9.661899000000002,False,-1.0
E0+T1 (>=1 confirm),2022-03-07,3,T1,2122,Besiktas vs Buyuksehyr,H,2.47,False,D,9.661899000000002,False,-1.0
E0+T1 (>=1 confirm),2022-03-10,1,E0,2122,Norwich vs Chelsea,A,1.36,True,A,6.724791999999999,True,5.724791999999999
E0+T1 (>=1 confirm),2022-03-10,2,E0,2122,Leeds vs Aston Villa,A,2.51,True,A,6.724791999999999,True,5.724791999999999
E0+T1 (>=1 confirm),2022-03-10,3,E0,2122,Wolves vs Watford,H,1.97,True,H,6.724791999999999,True,5.724791999999999
E0+T1 (>=1 confirm),2022-03-12,1,E0,2122,Brighton vs Liverpool,A,1.51,True,A,3.92751,True,2.92751
E0+T1 (>=1 confirm),2022-03-12,2,T1,2122,Trabzonspor vs Goztep,H,1.7,True,H,3.92751,True,2.92751
E0+T1 (>=1 confirm),2022-03-12,3,T1,2122,Kasimpasa vs Rizespor,H,1.53,True,H,3.92751,True,2.92751
E0+T1 (>=1 confirm),2022-03-13,1,E0,2122,Leeds vs Norwich,H,1.62,True,H,4.4631,False,-1.0
E0+T1 (>=1 confirm),2022-03-13,2,T1,2122,Ad. Demirspor vs Sivasspor,H,1.9,False,A,4.4631,False,-1.0
E0+T1 (>=1 confirm),2022-03-13,3,E0,2122,Arsenal vs Leicester,H,1.45,True,H,4.4631,False,-1.0
E0+T1 (>=1 confirm),2022-03-14,1,T1,2122,Galatasaray vs Besiktas,H,2.35,True,H,11.983825,False,-1.0
E0+T1 (>=1 confirm),2022-03-14,2,T1,2122,Buyuksehyr vs Antalyaspor,H,2.17,False,A,11.983825,False,-1.0
E0+T1 (>=1 confirm),2022-03-14,3,T1,2122,Giresunspor vs Gaziantep,H,2.35,True,H,11.983825,False,-1.0
E0+T1 (>=1 confirm),2022-03-18,1,T1,2122,Rizespor vs Trabzonspor,A,1.79,False,H,8.157209,False,-1.0
E0+T1 (>=1 confirm),2022-03-18,2,T1,2122,Karagumruk vs Kayserispor,H,1.99,True,H,8.157209,False,-1.0
E0+T1 (>=1 confirm),2022-03-18,3,E0,2122,Wolves vs Leeds,H,2.29,False,A,8.157209,False,-1.0
E0+T1 (>=1 confirm),2022-03-19,1,T1,2122,Yeni Malatyaspor vs Kasimpasa,A,1.88,True,A,7.766279999999999,False,-1.0
E0+T1 (>=1 confirm),2022-03-19,2,T1,2122,Besiktas vs Hatayspor,H,1.62,False,D,7.766279999999999,False,-1.0
E0+T1 (>=1 confirm),2022-03-19,3,E0,2122,Aston Villa vs Arsenal,A,2.55,True,A,7.766279999999999,False,-1.0
E0+T1 (>=1 confirm),2022-04-02,1,T1,2122,Galatasaray vs Karagumruk,H,1.65,True,H,5.041079999999999,False,-1.0
E0+T1 (>=1 confirm),2022-04-02,2,T1,2122,Kayserispor vs Fenerbahce,A,2.01,True,A,5.041079999999999,False,-1.0
E0+T1 (>=1 confirm),2022-04-02,3,E0,2122,Brighton vs Norwich,H,1.52,False,D,5.041079999999999,False,-1.0
E0+T1 (>=1 confirm),2022-04-03,1,T1,2122,Konyaspor vs Goztep,H,1.79,True,H,4.495764,True,3.4957640000000003
E0+T1 (>=1 confirm),2022-04-03,2,E0,2122,Tottenham vs Newcastle,H,1.56,True,H,4.495764,True,3.4957640000000003
E0+T1 (>=1 confirm),2022-04-03,3,T1,2122,Alanyaspor vs Rizespor,H,1.61,True,H,4.495764,True,3.4957640000000003
E0+T1 (>=1 confirm),2022-04-09,1,T1,2122,Goztep vs Kayserispor,H,2.0,False,A,9.02,False,-1.0
E0+T1 (>=1 confirm),2022-04-09,2,E0,2122,Southampton vs Chelsea,A,2.05,True,A,9.02,False,-1.0
E0+T1 (>=1 confirm),2022-04-09,3,E0,2122,Aston Villa vs Tottenham,A,2.2,True,A,9.02,False,-1.0
E0+T1 (>=1 confirm),2022-04-10,1,T1,2122,Yeni Malatyaspor vs Giresunspor,A,1.82,True,A,9.182992,False,-1.0
E0+T1 (>=1 confirm),2022-04-10,2,T1,2122,Fenerbahce vs Galatasaray,H,2.12,True,H,9.182992,False,-1.0
E0+T1 (>=1 confirm),2022-04-10,3,E0,2122,Norwich vs Burnley,A,2.38,False,H,9.182992,False,-1.0
E0+T1 (>=1 confirm),2022-04-16,1,E0,2122,Tottenham vs Brighton,H,1.51,False,A,4.207464,False,-1.0
E0+T1 (>=1 confirm),2022-04-16,2,T1,2122,Alanyaspor vs Antalyaspor,H,2.16,False,A,4.207464,False,-1.0
E0+T1 (>=1 confirm),2022-04-16,3,E0,2122,Man United vs Norwich,H,1.29,True,H,4.207464,False,-1.0
E0+T1 (>=1 confirm),2022-04-23,1,E0,2122,Arsenal vs Man United,H,2.06,True,H,3.933982,False,-1.0
E0+T1 (>=1 confirm),2022-04-23,2,E0,2122,Man City vs Watford,H,1.13,True,H,3.933982,False,-1.0
E0+T1 (>=1 confirm),2022-04-23,3,T1,2122,Gaziantep vs Goztep,H,1.69,False,D,3.933982,False,-1.0
E0+T1 (>=1 confirm),2022-04-24,1,T1,2122,Altay vs Galatasaray,A,1.98,True,A,4.941090000000001,False,-1.0
E0+T1 (>=1 confirm),2022-04-24,2,T1,2122,Antalyaspor vs Kayserispor,H,1.61,False,D,4.941090000000001,False,-1.0
E0+T1 (>=1 confirm),2022-04-24,3,T1,2122,Yeni Malatyaspor vs Konyaspor,A,1.55,True,A,4.941090000000001,False,-1.0
E0+T1 (>=1 confirm),2022-04-30,1,E0,2122,Aston Villa vs Norwich,H,1.41,True,H,3.249768,False,-1.0
E0+T1 (>=1 confirm),2022-04-30,2,T1,2122,Trabzonspor vs Antalyaspor,H,1.72,False,D,3.249768,False,-1.0
E0+T1 (>=1 confirm),2022-04-30,3,E0,2122,Leeds vs Man City,A,1.34,True,A,3.249768,False,-1.0
E0+T1 (>=1 confirm),2022-05-01,1,T1,2122,Kayserispor vs Besiktas,A,2.13,True,A,6.743367,False,-1.0
E0+T1 (>=1 confirm),2022-05-01,2,E0,2122,West Ham vs Arsenal,A,1.83,True,A,6.743367,False,-1.0
E0+T1 (>=1 confirm),2022-05-01,3,E0,2122,Everton vs Chelsea,A,1.73,False,H,6.743367,False,-1.0
E0+T1 (>=1 confirm),2022-05-07,1,T1,2122,Karagumruk vs Goztep,H,1.58,True,H,5.1034,False,-1.0
E0+T1 (>=1 confirm),2022-05-07,2,T1,2122,Buyuksehyr vs Galatasaray,H,1.9,False,D,5.1034,False,-1.0
E0+T1 (>=1 confirm),2022-05-07,3,E0,2122,Crystal Palace vs Watford,H,1.7,True,H,5.1034,False,-1.0
E0+T1 (>=1 confirm),2022-05-08,1,E0,2122,Arsenal vs Leeds,H,1.54,True,H,5.641944,True,4.641944
E0+T1 (>=1 confirm),2022-05-08,2,T1,2122,Yeni Malatyaspor vs Rizespor,A,2.13,True,A,5.641944,True,4.641944
E0+T1 (>=1 confirm),2022-05-08,3,E0,2122,Norwich vs West Ham,A,1.72,True,A,5.641944,True,4.641944
E0+T1 (>=1 confirm),2022-05-15,1,T1,2122,Fenerbahce vs Karagumruk,H,1.68,False,D,4.012007999999999,False,-1.0
E0+T1 (>=1 confirm),2022-05-15,2,T1,2122,Alanyaspor vs Gaziantep,H,1.43,True,H,4.012007999999999,False,-1.0
E0+T1 (>=1 confirm),2022-05-15,3,E0,2122,Watford vs Leicester,A,1.67,True,A,4.012007999999999,False,-1.0
E0+T1 (>=1 confirm),2022-05-22,1,E0,2122,Norwich vs Tottenham,A,1.34,True,A,2.59692,True,1.59692
E0+T1 (>=1 confirm),2022-05-22,2,E0,2122,Leicester vs Southampton,H,1.7,True,H,2.59692,True,1.59692
E0+T1 (>=1 confirm),2022-05-22,3,E0,2122,Liverpool vs Wolves,H,1.14,True,H,2.59692,True,1.59692
E0+T1 (>=1 confirm),2022-08-13,1,T1,2223,Galatasaray vs Giresunspor,H,1.53,False,A,2.6107920000000004,False,-1.0
E0+T1 (>=1 confirm),2022-08-13,2,E0,2223,Arsenal vs Leicester,H,1.58,True,H,2.6107920000000004,False,-1.0
E0+T1 (>=1 confirm),2022-08-13,3,E0,2223,Man City vs Bournemouth,H,1.08,True,H,2.6107920000000004,False,-1.0
E0+T1 (>=1 confirm),2022-08-27,1,E0,2223,Southampton vs Man United,A,2.02,True,A,4.130496,False,-1.0
E0+T1 (>=1 confirm),2022-08-27,2,E0,2223,Arsenal vs Fulham,H,1.42,True,H,4.130496,False,-1.0
E0+T1 (>=1 confirm),2022-08-27,3,T1,2223,Alanyaspor vs Istanbulspor,H,1.44,False,A,4.130496,False,-1.0
E0+T1 (>=1 confirm),2022-08-28,1,T1,2223,Kasimpasa vs Hatayspor,H,2.05,True,H,6.3017,False,-1.0
E0+T1 (>=1 confirm),2022-08-28,2,E0,2223,Aston Villa vs West Ham,H,2.12,False,A,6.3017,False,-1.0
E0+T1 (>=1 confirm),2022-08-28,3,E0,2223,Nott'm Forest vs Tottenham,A,1.45,True,A,6.3017,False,-1.0
E0+T1 (>=1 confirm),2022-08-30,1,E0,2223,Crystal Palace vs Brentford,H,2.12,False,D,8.527064,False,-1.0
E0+T1 (>=1 confirm),2022-08-30,2,E0,2223,Southampton vs Chelsea,A,1.69,False,H,8.527064,False,-1.0
E0+T1 (>=1 confirm),2022-08-30,3,E0,2223,Fulham vs Brighton,A,2.38,False,H,8.527064,False,-1.0
E0+T1 (>=1 confirm),2022-08-31,1,E0,2223,Arsenal vs Aston Villa,H,1.55,True,H,3.9215000000000004,False,-1.0
E0+T1 (>=1 confirm),2022-08-31,2,E0,2223,Man City vs Nott'm Forest,H,1.1,True,H,3.9215000000000004,False,-1.0
E0+T1 (>=1 confirm),2022-08-31,3,E0,2223,West Ham vs Tottenham,A,2.3,False,D,3.9215000000000004,False,-1.0
E0+T1 (>=1 confirm),2022-09-03,1,E0,2223,Aston Villa vs Man City,A,1.33,False,D,4.242567,False,-1.0
E0+T1 (>=1 confirm),2022-09-03,2,T1,2223,Fenerbahce vs Kayserispor,H,1.47,True,H,4.242567,False,-1.0
E0+T1 (>=1 confirm),2022-09-03,3,E0,2223,Brentford vs Leeds,H,2.17,True,H,4.242567,False,-1.0
E0+T1 (>=1 confirm),2022-09-04,1,T1,2223,Ankaragucu vs Besiktas,A,1.72,True,A,7.441064,False,-1.0
E0+T1 (>=1 confirm),2022-09-04,2,T1,2223,Hatayspor vs Ad. Demirspor,A,2.23,False,D,7.441064,False,-1.0
E0+T1 (>=1 confirm),2022-09-04,3,E0,2223,Brighton vs Leicester,H,1.94,True,H,7.441064,False,-1.0
E0+T1 (>=1 confirm),2022-09-11,1,T1,2223,Kasimpasa vs Galatasaray,A,1.72,True,A,6.104279999999999,False,-1.0
E0+T1 (>=1 confirm),2022-09-11,2,T1,2223,Gaziantep vs Umraniyespor,H,1.82,False,D,6.104279999999999,False,-1.0
E0+T1 (>=1 confirm),2022-09-11,3,T1,2223,Sivasspor vs Istanbulspor,H,1.95,False,D,6.104279999999999,False,-1.0
E0+T1 (>=1 confirm),2022-09-16,1,T1,2223,Galatasaray vs Konyaspor,H,1.78,True,H,10.056288,True,9.056288
E0+T1 (>=1 confirm),2022-09-16,2,E0,2223,Aston Villa vs Southampton,H,2.14,True,H,10.056288,True,9.056288
E0+T1 (>=1 confirm),2022-09-16,3,E0,2223,Nott'm Forest vs Fulham,A,2.64,True,A,10.056288,True,9.056288
E0+T1 (>=1 confirm),2022-09-17,1,T1,2223,Antalyaspor vs Ad. Demirspor,A,2.66,True,A,5.601960000000001,True,4.601960000000001
E0+T1 (>=1 confirm),2022-09-17,2,E0,2223,Tottenham vs Leicester,H,1.56,True,H,5.601960000000001,True,4.601960000000001
E0+T1 (>=1 confirm),2022-09-17,3,E0,2223,Wolves vs Man City,A,1.35,True,A,5.601960000000001,True,4.601960000000001
E0+T1 (>=1 confirm),2022-09-18,1,T1,2223,Fenerbahce vs Alanyaspor,H,1.59,True,H,6.945120000000001,False,-1.0
E0+T1 (>=1 confirm),2022-09-18,2,T1,2223,Trabzonspor vs Gaziantep,H,1.68,True,H,6.945120000000001,False,-1.0
E0+T1 (>=1 confirm),2022-09-18,3,E0,2223,Everton vs West Ham,A,2.6,False,H,6.945120000000001,False,-1.0
E0+T1 (>=1 confirm),2022-10-01,1,E0,2223,Arsenal vs Tottenham,H,1.99,True,H,9.654883,False,-1.0
E0+T1 (>=1 confirm),2022-10-01,2,T1,2223,Ad. Demirspor vs Galatasaray,A,2.39,False,D,9.654883,False,-1.0
E0+T1 (>=1 confirm),2022-10-01,3,T1,2223,Kayserispor vs Trabzonspor,A,2.03,True,A,9.654883,False,-1.0
E0+T1 (>=1 confirm),2022-10-08,1,E0,2223,Man City vs Southampton,H,1.13,True,H,4.4605619999999995,False,-1.0
E0+T1 (>=1 confirm),2022-10-08,2,E0,2223,Chelsea vs Wolves,H,1.53,True,H,4.4605619999999995,False,-1.0
E0+T1 (>=1 confirm),2022-10-08,3,E0,2223,Brighton vs Tottenham,H,2.58,False,A,4.4605619999999995,False,-1.0
E0+T1 (>=1 confirm),2022-10-09,1,E0,2223,West Ham vs Fulham,H,1.63,True,H,5.929614,True,4.929614
E0+T1 (>=1 confirm),2022-10-09,2,T1,2223,Fenerbahce vs Karagumruk,H,1.41,True,H,5.929614,True,4.929614
E0+T1 (>=1 confirm),2022-10-09,3,E0,2223,Arsenal vs Liverpool,H,2.58,True,H,5.929614,True,4.929614
E0+T1 (>=1 confirm),2022-10-15,1,T1,2223,Kayserispor vs Galatasaray,A,1.93,False,H,9.947799,False,-1.0
E0+T1 (>=1 confirm),2022-10-15,2,T1,2223,Karagumruk vs Hatayspor,H,2.07,True,H,9.947799,False,-1.0
E0+T1 (>=1 confirm),2022-10-15,3,E0,2223,Leicester vs Crystal Palace,H,2.49,False,D,9.947799,False,-1.0
E0+T1 (>=1 confirm),2022-10-16,1,E0,2223,Leeds vs Arsenal,A,1.7,True,A,5.0710999999999995,False,-1.0
E0+T1 (>=1 confirm),2022-10-16,2,T1,2223,Buyuksehyr vs Istanbulspor,H,1.57,True,H,5.0710999999999995,False,-1.0
E0+T1 (>=1 confirm),2022-10-16,3,E0,2223,Liverpool vs Man City,A,1.9,False,H,5.0710999999999995,False,-1.0
E0+T1 (>=1 confirm),2022-10-19,1,E0,2223,Brentford vs Chelsea,A,1.88,False,D,7.583544,False,-1.0
E0+T1 (>=1 confirm),2022-10-19,2,E0,2223,Newcastle vs Everton,H,1.66,True,H,7.583544,False,-1.0
E0+T1 (>=1 confirm),2022-10-19,3,E0,2223,Man United vs Tottenham,H,2.43,True,H,7.583544,False,-1.0
E0+T1 (>=1 confirm),2022-10-22,1,E0,2223,Nott'm Forest vs Liverpool,A,1.36,False,H,3.144864,False,-1.0
E0+T1 (>=1 confirm),2022-10-22,2,E0,2223,Man City vs Brighton,H,1.23,True,H,3.144864,False,-1.0
E0+T1 (>=1 confirm),2022-10-22,3,T1,2223,Fenerbahce vs Buyuksehyr,H,1.88,True,H,3.144864,False,-1.0
E0+T1 (>=1 confirm),2022-10-23,1,E0,2223,Leeds vs Fulham,H,2.1,False,A,6.993,False,-1.0
E0+T1 (>=1 confirm),2022-10-23,2,T1,2223,Ad. Demirspor vs Konyaspor,H,2.25,False,D,6.993,False,-1.0
E0+T1 (>=1 confirm),2022-10-23,3,E0,2223,Southampton vs Arsenal,A,1.48,False,D,6.993,False,-1.0
E0+T1 (>=1 confirm),2022-10-29,1,E0,2223,Leicester vs Man City,A,1.42,True,A,3.108948,False,-1.0
E0+T1 (>=1 confirm),2022-10-29,2,E0,2223,Newcastle vs Aston Villa,H,1.78,True,H,3.108948,False,-1.0
E0+T1 (>=1 confirm),2022-10-29,3,E0,2223,Liverpool vs Leeds,H,1.23,False,A,3.108948,False,-1.0
E0+T1 (>=1 confirm),2022-10-30,1,T1,2223,Istanbulspor vs Fenerbahce,A,1.49,True,A,3.6719559999999998,True,2.6719559999999998
E0+T1 (>=1 confirm),2022-10-30,2,E0,2223,Arsenal vs Nott'm Forest,H,1.22,True,H,3.6719559999999998,True,2.6719559999999998
E0+T1 (>=1 confirm),2022-10-30,3,T1,2223,Ankaragucu vs Hatayspor,H,2.02,True,H,3.6719559999999998,True,2.6719559999999998
E0+T1 (>=1 confirm),2022-11-05,1,T1,2223,Galatasaray vs Besiktas,H,1.95,True,H,3.796649999999999,True,2.796649999999999
E0+T1 (>=1 confirm),2022-11-05,2,E0,2223,Man City vs Fulham,H,1.18,True,H,3.796649999999999,True,2.796649999999999
E0+T1 (>=1 confirm),2022-11-05,3,E0,2223,Leeds vs Bournemouth,H,1.65,True,H,3.796649999999999,True,2.796649999999999
E0+T1 (>=1 confirm),2022-11-06,1,E0,2223,Southampton vs Newcastle,A,1.85,True,A,6.71328,False,-1.0
E0+T1 (>=1 confirm),2022-11-06,2,T1,2223,Trabzonspor vs Konyaspor,H,1.92,False,D,6.71328,False,-1.0
E0+T1 (>=1 confirm),2022-11-06,3,E0,2223,West Ham vs Crystal Palace,H,1.89,False,A,6.71328,False,-1.0
E0+T1 (>=1 confirm),2022-11-12,1,E0,2223,Wolves vs Arsenal,A,1.57,True,A,2.45548,False,-1.0
E0+T1 (>=1 confirm),2022-11-12,2,T1,2223,Fenerbahce vs Giresunspor,H,1.36,False,A,2.45548,False,-1.0
E0+T1 (>=1 confirm),2022-11-12,3,E0,2223,Man City vs Brentford,H,1.15,False,A,2.45548,False,-1.0
E0+T1 (>=1 confirm),2022-11-13,1,E0,2223,Fulham vs Man United,A,1.87,True,A,8.655856,False,-1.0
E0+T1 (>=1 confirm),2022-11-13,2,E0,2223,Brighton vs Aston Villa,H,1.76,False,A,8.655856,False,-1.0
E0+T1 (>=1 confirm),2022-11-13,3,T1,2223,Kayserispor vs Konyaspor,H,2.63,False,A,8.655856,False,-1.0
E0+T1 (>=1 confirm),2022-12-26,1,E0,2223,Arsenal vs West Ham,H,1.57,True,H,5.649488,True,4.649488
E0+T1 (>=1 confirm),2022-12-26,2,E0,2223,Aston Villa vs Liverpool,A,1.73,True,A,5.649488,True,4.649488
E0+T1 (>=1 confirm),2022-12-26,3,E0,2223,Southampton vs Brighton,A,2.08,True,A,5.649488,True,4.649488
E0+T1 (>=1 confirm),2022-12-29,1,T1,2223,Sivasspor vs Galatasaray,A,1.7,True,A,6.86902,True,5.86902
E0+T1 (>=1 confirm),2022-12-29,2,T1,2223,Besiktas vs Ad. Demirspor,H,1.78,True,H,6.86902,True,5.86902
E0+T1 (>=1 confirm),2022-12-29,3,T1,2223,Giresunspor vs Gaziantep,H,2.27,True,H,6.86902,True,5.86902
E0+T1 (>=1 confirm),2022-12-31,1,E0,2223,Newcastle vs Leeds,H,1.46,False,D,3.0893599999999997,False,-1.0
E0+T1 (>=1 confirm),2022-12-31,2,E0,2223,Man City vs Everton,H,1.15,False,D,3.0893599999999997,False,-1.0
E0+T1 (>=1 confirm),2022-12-31,3,E0,2223,Fulham vs Southampton,H,1.84,True,H,3.0893599999999997,False,-1.0
E0+T1 (>=1 confirm),2023-01-03,1,E0,2223,Man United vs Bournemouth,H,1.29,True,H,4.385742,False,-1.0
E0+T1 (>=1 confirm),2023-01-03,2,T1,2223,Antalyaspor vs Fenerbahce,A,1.91,True,A,4.385742,False,-1.0
E0+T1 (>=1 confirm),2023-01-03,3,E0,2223,Arsenal vs Newcastle,H,1.78,False,D,4.385742,False,-1.0
E0+T1 (>=1 confirm),2023-01-04,1,T1,2223,Galatasaray vs Ankaragucu,H,1.47,True,H,7.33824,False,-1.0
E0+T1 (>=1 confirm),2023-01-04,2,E0,2223,Leeds vs West Ham,A,2.56,False,D,7.33824,False,-1.0
E0+T1 (>=1 confirm),2023-01-04,3,E0,2223,Aston Villa vs Wolves,H,1.95,False,D,7.33824,False,-1.0
E0+T1 (>=1 confirm),2023-01-09,1,T1,2223,Buyuksehyr vs Ad. Demirspor,H,2.18,True,H,12.680188000000001,False,-1.0
E0+T1 (>=1 confirm),2023-01-09,2,T1,2223,Istanbulspor vs Gaziantep,A,2.54,False,D,12.680188000000001,False,-1.0
E0+T1 (>=1 confirm),2023-01-09,3,T1,2223,Alanyaspor vs Trabzonspor,A,2.29,False,H,12.680188000000001,False,-1.0
E0+T1 (>=1 confirm),2023-01-14,1,E0,2223,Brentford vs Bournemouth,H,1.61,True,H,9.389842000000002,False,-1.0
E0+T1 (>=1 confirm),2023-01-14,2,E0,2223,Brighton vs Liverpool,A,2.41,False,H,9.389842000000002,False,-1.0
E0+T1 (>=1 confirm),2023-01-14,3,E0,2223,Everton vs Southampton,H,2.42,False,A,9.389842000000002,False,-1.0
E0+T1 (>=1 confirm),2023-01-15,1,T1,2223,Umraniyespor vs Istanbulspor,H,2.14,False,A,8.361408,False,-1.0
E0+T1 (>=1 confirm),2023-01-15,2,T1,2223,Gaziantep vs Fenerbahce,A,1.76,True,A,8.361408,False,-1.0
E0+T1 (>=1 confirm),2023-01-15,3,E0,2223,Tottenham vs Arsenal,A,2.22,True,A,8.361408,False,-1.0
E0+T1 (>=1 confirm),2023-01-21,1,E0,2223,Leicester vs Brighton,A,1.83,False,D,4.551393000000001,False,-1.0
E0+T1 (>=1 confirm),2023-01-21,2,T1,2223,Galatasaray vs Antalyaspor,H,1.33,True,H,4.551393000000001,False,-1.0
E0+T1 (>=1 confirm),2023-01-21,3,E0,2223,Crystal Palace vs Newcastle,A,1.87,False,D,4.551393000000001,False,-1.0
E0+T1 (>=1 confirm),2023-01-22,1,T1,2223,Trabzonspor vs Istanbulspor,H,1.36,True,H,5.43864,True,4.43864
E0+T1 (>=1 confirm),2023-01-22,2,E0,2223,Arsenal vs Man United,H,1.86,True,H,5.43864,True,4.43864
E0+T1 (>=1 confirm),2023-01-22,3,T1,2223,Kayserispor vs Besiktas,A,2.15,True,A,5.43864,True,4.43864
E0+T1 (>=1 confirm),2023-01-28,1,T1,2223,Hatayspor vs Trabzonspor,A,1.79,False,H,4.568079999999999,False,-1.0
E0+T1 (>=1 confirm),2023-01-28,2,T1,2223,Ankaragucu vs Gaziantep,H,1.76,False,A,4.568079999999999,False,-1.0
E0+T1 (>=1 confirm),2023-01-28,3,T1,2223,Giresunspor vs Galatasaray,A,1.45,True,A,4.568079999999999,False,-1.0
E0+T1 (>=1 confirm),2023-02-01,1,T1,2223,Trabzonspor vs Antalyaspor,H,1.72,True,H,4.8762,True,3.8762
E0+T1 (>=1 confirm),2023-02-01,2,T1,2223,Galatasaray vs Umraniyespor,H,1.26,True,H,4.8762,True,3.8762
E0+T1 (>=1 confirm),2023-02-01,3,T1,2223,Gaziantep vs Hatayspor,H,2.25,True,H,4.8762,True,3.8762
E0+T1 (>=1 confirm),2023-02-04,1,E0,2223,Wolves vs Liverpool,A,1.97,False,H,4.983706,False,-1.0
E0+T1 (>=1 confirm),2023-02-04,2,E0,2223,Brighton vs Bournemouth,H,1.39,True,H,4.983706,False,-1.0
E0+T1 (>=1 confirm),2023-02-04,3,E0,2223,Brentford vs Southampton,H,1.82,True,H,4.983706,False,-1.0
E0+T1 (>=1 confirm),2023-02-05,1,T1,2223,Galatasaray vs Trabzonspor,H,1.68,True,H,8.43024,False,-1.0
E0+T1 (>=1 confirm),2023-02-05,2,E0,2223,Tottenham vs Man City,A,1.93,False,H,8.43024,False,-1.0
E0+T1 (>=1 confirm),2023-02-05,3,T1,2223,Hatayspor vs Kasimpasa,A,2.6,False,H,8.43024,False,-1.0
E0+T1 (>=1 confirm),2023-02-11,1,E0,2223,Crystal Palace vs Brighton,A,1.76,False,D,4.532704,False,-1.0
E0+T1 (>=1 confirm),2023-02-11,2,E0,2223,Bournemouth vs Newcastle,A,1.63,False,D,4.532704,False,-1.0
E0+T1 (>=1 confirm),2023-02-11,3,E0,2223,Arsenal vs Brentford,H,1.58,False,D,4.532704,False,-1.0
E0+T1 (>=1 confirm),2023-02-18,1,E0,2223,Wolves vs Bournemouth,H,1.83,False,A,3.7968840000000004,False,-1.0
E0+T1 (>=1 confirm),2023-02-18,2,E0,2223,Brighton vs Fulham,H,1.56,False,A,3.7968840000000004,False,-1.0
E0+T1 (>=1 confirm),2023-02-18,3,E0,2223,Nott'm Forest vs Man City,A,1.33,False,D,3.7968840000000004,False,-1.0
E0+T1 (>=1 confirm),2023-02-25,1,E0,2223,Leicester vs Arsenal,A,1.6,True,A,3.9124799999999995,False,-1.0
E0+T1 (>=1 confirm),2023-02-25,2,T1,2223,Fenerbahce vs Konyaspor,H,1.43,True,H,3.9124799999999995,False,-1.0
E0+T1 (>=1 confirm),2023-02-25,3,E0,2223,Crystal Palace vs Liverpool,A,1.71,False,D,3.9124799999999995,False,-1.0
E0+T1 (>=1 confirm),2023-02-26,1,T1,2223,Umraniyespor vs Ad. Demirspor,A,2.05,False,D,7.9146399999999995,False,-1.0
E0+T1 (>=1 confirm),2023-02-26,2,T1,2223,Besiktas vs Antalyaspor,H,1.52,False,D,7.9146399999999995,False,-1.0
E0+T1 (>=1 confirm),2023-02-26,3,E0,2223,Tottenham vs Chelsea,A,2.54,False,H,7.9146399999999995,False,-1.0
E0+T1 (>=1 confirm),2023-03-04,1,T1,2223,Kayserispor vs Fenerbahce,A,1.8,True,A,4.56624,True,3.5662399999999996
E0+T1 (>=1 confirm),2023-03-04,2,E0,2223,Brighton vs West Ham,H,1.68,True,H,4.56624,True,3.5662399999999996
E0+T1 (>=1 confirm),2023-03-04,3,E0,2223,Man City vs Newcastle,H,1.51,True,H,4.56624,True,3.5662399999999996
E0+T1 (>=1 confirm),2023-03-11,1,E0,2223,Crystal Palace vs Man City,A,1.35,True,A,2.877525,False,-1.0
E0+T1 (>=1 confirm),2023-03-11,2,E0,2223,Bournemouth vs Liverpool,A,1.45,False,H,2.877525,False,-1.0
E0+T1 (>=1 confirm),2023-03-11,3,T1,2223,Galatasaray vs Kasimpasa,H,1.47,True,H,2.877525,False,-1.0
E0+T1 (>=1 confirm),2023-03-12,1,E0,2223,Fulham vs Arsenal,A,1.43,True,A,3.3862400000000004,False,-1.0
E0+T1 (>=1 confirm),2023-03-12,2,T1,2223,Trabzonspor vs Ad. Demirspor,H,1.85,True,H,3.3862400000000004,False,-1.0
E0+T1 (>=1 confirm),2023-03-12,3,E0,2223,Man United vs Southampton,H,1.28,False,D,3.3862400000000004,False,-1.0
E0+T1 (>=1 confirm),2023-03-18,1,E0,2223,Brentford vs Leicester,H,1.9,False,D,4.77888,False,-1.0
E0+T1 (>=1 confirm),2023-03-18,2,T1,2223,Besiktas vs Istanbulspor,H,1.31,True,H,4.77888,False,-1.0
E0+T1 (>=1 confirm),2023-03-18,3,T1,2223,Kasimpasa vs Umraniyespor,H,1.92,False,D,4.77888,False,-1.0
E0+T1 (>=1 confirm),2023-03-19,1,E0,2223,Arsenal vs Crystal Palace,H,1.27,True,H,5.46608,False,-1.0
E0+T1 (>=1 confirm),2023-03-19,2,T1,2223,Alanyaspor vs Fenerbahce,A,1.6,True,A,5.46608,False,-1.0
E0+T1 (>=1 confirm),2023-03-19,3,T1,2223,Karagumruk vs Buyuksehyr,A,2.69,False,D,5.46608,False,-1.0
E0+T1 (>=1 confirm),2023-04-01,1,E0,2223,Brighton vs Brentford,H,1.64,False,D,4.29352,False,-1.0
E0+T1 (>=1 confirm),2023-04-01,2,T1,2223,Galatasaray vs Ad. Demirspor,H,1.4,True,H,4.29352,False,-1.0
E0+T1 (>=1 confirm),2023-04-01,3,T1,2223,Buyuksehyr vs Ankaragucu,H,1.87,True,H,4.29352,False,-1.0
E0+T1 (>=1 confirm),2023-04-04,1,E0,2223,Bournemouth vs Brighton,A,1.59,True,A,9.573390000000002,False,-1.0
E0+T1 (>=1 confirm),2023-04-04,2,E0,2223,Chelsea vs Liverpool,H,2.23,False,D,9.573390000000002,False,-1.0
E0+T1 (>=1 confirm),2023-04-04,3,E0,2223,Leicester vs Aston Villa,A,2.7,True,A,9.573390000000002,False,-1.0
E0+T1 (>=1 confirm),2023-04-08,1,E0,2223,Aston Villa vs Nott'm Forest,H,1.6,True,H,4.27392,False,-1.0
E0+T1 (>=1 confirm),2023-04-08,2,E0,2223,Southampton vs Man City,A,1.26,True,A,4.27392,False,-1.0
E0+T1 (>=1 confirm),2023-04-08,3,E0,2223,Leicester vs Bournemouth,H,2.12,False,A,4.27392,False,-1.0
E0+T1 (>=1 confirm),2023-04-09,1,T1,2223,Besiktas vs Giresunspor,H,1.41,True,H,7.396718999999999,False,-1.0
E0+T1 (>=1 confirm),2023-04-09,2,E0,2223,Leeds vs Crystal Palace,H,2.09,False,A,7.396718999999999,False,-1.0
E0+T1 (>=1 confirm),2023-04-09,3,E0,2223,Liverpool vs Arsenal,A,2.51,False,D,7.396718999999999,False,-1.0
E0+T1 (>=1 confirm),2023-04-15,1,E0,2223,Man City vs Leicester,H,1.13,True,H,4.350499999999999,True,3.3504999999999994
E0+T1 (>=1 confirm),2023-04-15,2,T1,2223,Fenerbahce vs Ankaragucu,H,1.4,True,H,4.350499999999999,True,3.3504999999999994
E0+T1 (>=1 confirm),2023-04-15,3,E0,2223,Southampton vs Crystal Palace,A,2.75,True,A,4.350499999999999,True,3.3504999999999994
E0+T1 (>=1 confirm),2023-04-16,1,E0,2223,Nott'm Forest vs Man United,A,1.7,True,A,7.1162,False,-1.0
E0+T1 (>=1 confirm),2023-04-16,2,E0,2223,West Ham vs Arsenal,A,1.61,False,D,7.1162,False,-1.0
E0+T1 (>=1 confirm),2023-04-16,3,T1,2223,Trabzonspor vs Besiktas,A,2.6,False,D,7.1162,False,-1.0
E0+T1 (>=1 confirm),2023-04-22,1,E0,2223,Liverpool vs Nott'm Forest,H,1.17,True,H,5.09184,False,-1.0
E0+T1 (>=1 confirm),2023-04-22,2,T1,2223,Umraniyespor vs Besiktas,A,1.6,True,A,5.09184,False,-1.0
E0+T1 (>=1 confirm),2023-04-22,3,E0,2223,Brentford vs Aston Villa,H,2.72,False,D,5.09184,False,-1.0
E0+T1 (>=1 confirm),2023-04-23,1,T1,2223,Galatasaray vs Karagumruk,H,1.35,False,D,3.8821950000000003,False,-1.0
E0+T1 (>=1 confirm),2023-04-23,2,T1,2223,Ad. Demirspor vs Kayserispor,H,1.49,True,H,3.8821950000000003,False,-1.0
E0+T1 (>=1 confirm),2023-04-23,3,E0,2223,Newcastle vs Tottenham,H,1.93,True,H,3.8821950000000003,False,-1.0
E0+T1 (>=1 confirm),2023-04-26,1,E0,2223,Nott'm Forest vs Brighton,A,1.59,False,H,5.0218560000000005,False,-1.0
E0+T1 (>=1 confirm),2023-04-26,2,E0,2223,Man City vs Arsenal,H,1.68,True,H,5.0218560000000005,False,-1.0
E0+T1 (>=1 confirm),2023-04-26,3,E0,2223,Chelsea vs Brentford,H,1.88,False,A,5.0218560000000005,False,-1.0
E0+T1 (>=1 confirm),2023-04-29,1,T1,2223,Sivasspor vs Fenerbahce,A,2.02,True,A,9.512584,False,-1.0
E0+T1 (>=1 confirm),2023-04-29,2,T1,2223,Ankaragucu vs Kasimpasa,H,1.93,False,D,9.512584,False,-1.0
E0+T1 (>=1 confirm),2023-04-29,3,T1,2223,Konyaspor vs Trabzonspor,H,2.44,True,H,9.512584,False,-1.0
E0+T1 (>=1 confirm),2023-04-30,1,E0,2223,Man United vs Aston Villa,H,1.76,True,H,2.7720000000000002,True,1.7720000000000002
E0+T1 (>=1 confirm),2023-04-30,2,E0,2223,Fulham vs Man City,A,1.26,True,A,2.7720000000000002,True,1.7720000000000002
E0+T1 (>=1 confirm),2023-04-30,3,E0,2223,Newcastle vs Southampton,H,1.25,True,H,2.7720000000000002,True,1.7720000000000002
E0+T1 (>=1 confirm),2023-05-06,1,E0,2223,Man City vs Leeds,H,1.17,True,H,4.493034,True,3.4930339999999998
E0+T1 (>=1 confirm),2023-05-06,2,E0,2223,Bournemouth vs Chelsea,A,2.11,True,A,4.493034,True,3.4930339999999998
E0+T1 (>=1 confirm),2023-05-06,3,E0,2223,Tottenham vs Crystal Palace,H,1.82,True,H,4.493034,True,3.4930339999999998
E0+T1 (>=1 confirm),2023-05-07,1,T1,2223,Giresunspor vs Fenerbahce,A,1.58,False,D,5.571079999999999,False,-1.0
E0+T1 (>=1 confirm),2023-05-07,2,T1,2223,Konyaspor vs Kayserispor,H,1.72,False,D,5.571079999999999,False,-1.0
E0+T1 (>=1 confirm),2023-05-07,3,E0,2223,West Ham vs Man United,A,2.05,False,H,5.571079999999999,False,-1.0
E0+T1 (>=1 confirm),2023-05-08,1,T1,2223,Trabzonspor vs Ankaragucu,H,2.06,True,H,7.676384000000002,False,-1.0
E0+T1 (>=1 confirm),2023-05-08,2,E0,2223,Brighton vs Everton,H,1.37,False,A,7.676384000000002,False,-1.0
E0+T1 (>=1 confirm),2023-05-08,3,E0,2223,Fulham vs Leicester,H,2.72,True,H,7.676384000000002,False,-1.0
E0+T1 (>=1 confirm),2023-05-13,1,E0,2223,Leeds vs Newcastle,A,1.63,False,D,9.67568,False,-1.0
E0+T1 (>=1 confirm),2023-05-13,2,E0,2223,Aston Villa vs Tottenham,H,2.24,True,H,9.67568,False,-1.0
E0+T1 (>=1 confirm),2023-05-13,3,E0,2223,Southampton vs Fulham,A,2.65,True,A,9.67568,False,-1.0
E0+T1 (>=1 confirm),2023-05-17,1,T1,2223,Buyuksehyr vs Umraniyespor,H,2.13,False,D,10.386306,False,-1.0
E0+T1 (>=1 confirm),2023-05-17,2,T1,2223,Karagumruk vs Ad. Demirspor,A,1.89,True,A,10.386306,False,-1.0
E0+T1 (>=1 confirm),2023-05-17,3,T1,2223,Ankaragucu vs Antalyaspor,H,2.58,False,D,10.386306,False,-1.0
E0+T1 (>=1 confirm),2023-05-20,1,T1,2223,Kasimpasa vs Istanbulspor,H,1.83,True,H,5.4980519999999995,False,-1.0
E0+T1 (>=1 confirm),2023-05-20,2,E0,2223,Liverpool vs Aston Villa,H,1.48,False,D,5.4980519999999995,False,-1.0
E0+T1 (>=1 confirm),2023-05-20,3,E0,2223,Tottenham vs Brentford,H,2.03,False,A,5.4980519999999995,False,-1.0
E0+T1 (>=1 confirm),2023-05-21,1,E0,2223,Man City vs Chelsea,H,1.6,True,H,4.58832,True,3.5883200000000004
E0+T1 (>=1 confirm),2023-05-21,2,T1,2223,Ad. Demirspor vs Besiktas,A,2.37,True,A,4.58832,True,3.5883200000000004
E0+T1 (>=1 confirm),2023-05-21,3,E0,2223,Brighton vs Southampton,H,1.21,True,H,4.58832,True,3.5883200000000004
E0+T1 (>=1 confirm),2023-05-28,1,E0,2223,Southampton vs Liverpool,A,1.53,False,D,5.129325,False,-1.0
E0+T1 (>=1 confirm),2023-05-28,2,E0,2223,Man United vs Fulham,H,1.49,True,H,5.129325,False,-1.0
E0+T1 (>=1 confirm),2023-05-28,3,E0,2223,Brentford vs Man City,A,2.25,False,H,5.129325,False,-1.0
E0+T1 (>=1 confirm),2023-05-30,1,T1,2223,Fenerbahce vs Antalyaspor,H,1.38,True,H,5.476944,True,4.476944
E0+T1 (>=1 confirm),2023-05-30,2,T1,2223,Ankaragucu vs Galatasaray,A,1.64,True,A,5.476944,True,4.476944
E0+T1 (>=1 confirm),2023-05-30,3,T1,2223,Istanbulspor vs Ad. Demirspor,A,2.42,True,A,5.476944,True,4.476944
E0+T1 (>=1 confirm),2023-08-12,1,T1,2324,Konyaspor vs Istanbulspor,H,1.83,False,D,6.779235000000001,False,-1.0
E0+T1 (>=1 confirm),2023-08-12,2,T1,2324,Kayserispor vs Galatasaray,A,1.55,False,D,6.779235000000001,False,-1.0
E0+T1 (>=1 confirm),2023-08-12,3,E0,2324,Everton vs Fulham,H,2.39,False,A,6.779235000000001,False,-1.0
E0+T1 (>=1 confirm),2023-08-19,1,T1,2324,Galatasaray vs Trabzonspor,H,1.76,True,H,9.0508,True,8.0508
E0+T1 (>=1 confirm),2023-08-19,2,E0,2324,Man City vs Newcastle,H,1.87,True,H,9.0508,True,8.0508
E0+T1 (>=1 confirm),2023-08-19,3,E0,2324,Fulham vs Brentford,A,2.75,True,A,9.0508,True,8.0508
E0+T1 (>=1 confirm),2023-08-20,1,T1,2324,Buyuksehyr vs Karagumruk,H,1.93,False,A,8.105035,False,-1.0
E0+T1 (>=1 confirm),2023-08-20,2,E0,2324,West Ham vs Chelsea,A,2.27,False,H,8.105035,False,-1.0
E0+T1 (>=1 confirm),2023-08-20,3,E0,2324,Aston Villa vs Everton,H,1.85,True,H,8.105035,False,-1.0
E0+T1 (>=1 confirm),2023-08-26,1,T1,2324,Kasimpasa vs Pendikspor,H,2.1,False,D,13.42845,False,-1.0
E0+T1 (>=1 confirm),2023-08-26,2,T1,2324,Sivasspor vs Antalyaspor,H,2.61,False,D,13.42845,False,-1.0
E0+T1 (>=1 confirm),2023-08-26,3,E0,2324,Everton vs Wolves,H,2.45,False,A,13.42845,False,-1.0
E0+T1 (>=1 confirm),2023-09-02,1,E0,2324,Brentford vs Bournemouth,H,1.75,False,D,3.144575,False,-1.0
E0+T1 (>=1 confirm),2023-09-02,2,E0,2324,Man City vs Fulham,H,1.19,True,H,3.144575,False,-1.0
E0+T1 (>=1 confirm),2023-09-02,3,T1,2324,Gaziantep vs Galatasaray,A,1.51,True,A,3.144575,False,-1.0
E0+T1 (>=1 confirm),2023-09-16,1,E0,2324,Tottenham vs Sheffield United,H,1.3,True,H,3.6234899999999994,True,2.6234899999999994
E0+T1 (>=1 confirm),2023-09-16,2,E0,2324,Wolves vs Liverpool,A,1.71,True,A,3.6234899999999994,True,2.6234899999999994
E0+T1 (>=1 confirm),2023-09-16,3,E0,2324,West Ham vs Man City,A,1.63,True,A,3.6234899999999994,True,2.6234899999999994
E0+T1 (>=1 confirm),2023-09-17,1,E0,2324,Bournemouth vs Chelsea,A,1.83,False,D,4.07358,False,-1.0
E0+T1 (>=1 confirm),2023-09-17,2,T1,2324,Fenerbahce vs Antalyaspor,H,1.4,True,H,4.07358,False,-1.0
E0+T1 (>=1 confirm),2023-09-17,3,E0,2324,Everton vs Arsenal,A,1.59,True,A,4.07358,False,-1.0
E0+T1 (>=1 confirm),2023-09-23,1,E0,2324,Man City vs Nott'm Forest,H,1.17,True,H,4.357079999999999,False,-1.0
E0+T1 (>=1 confirm),2023-09-23,2,T1,2324,Rizespor vs Sivasspor,H,1.96,False,D,4.357079999999999,False,-1.0
E0+T1 (>=1 confirm),2023-09-23,3,T1,2324,Buyuksehyr vs Galatasaray,A,1.9,True,A,4.357079999999999,False,-1.0
E0+T1 (>=1 confirm),2023-09-24,1,E0,2324,Arsenal vs Tottenham,H,1.65,False,D,3.93756,False,-1.0
E0+T1 (>=1 confirm),2023-09-24,2,E0,2324,Brighton vs Bournemouth,H,1.52,True,H,3.93756,False,-1.0
E0+T1 (>=1 confirm),2023-09-24,3,E0,2324,Sheffield United vs Newcastle,A,1.57,True,A,3.93756,False,-1.0
E0+T1 (>=1 confirm),2023-09-30,1,E0,2324,West Ham vs Sheffield United,H,1.48,True,H,3.62452,False,-1.0
E0+T1 (>=1 confirm),2023-09-30,2,E0,2324,Man United vs Crystal Palace,H,1.58,False,A,3.62452,False,-1.0
E0+T1 (>=1 confirm),2023-09-30,3,E0,2324,Bournemouth vs Arsenal,A,1.55,True,A,3.62452,False,-1.0
E0+T1 (>=1 confirm),2023-10-01,1,T1,2324,Ad. Demirspor vs Alanyaspor,H,1.72,True,H,5.287967999999999,True,4.287967999999999
E0+T1 (>=1 confirm),2023-10-01,2,T1,2324,Fenerbahce vs Rizespor,H,1.26,True,H,5.287967999999999,True,4.287967999999999
E0+T1 (>=1 confirm),2023-10-01,3,T1,2324,Konyaspor vs Besiktas,A,2.44,True,A,5.287967999999999,True,4.287967999999999
E0+T1 (>=1 confirm),2023-10-07,1,E0,2324,Luton vs Tottenham,A,1.45,True,A,4.86939,True,3.86939
E0+T1 (>=1 confirm),2023-10-07,2,T1,2324,Antalyaspor vs Galatasaray,A,1.74,True,A,4.86939,True,3.86939
E0+T1 (>=1 confirm),2023-10-07,3,E0,2324,Everton vs Bournemouth,H,1.93,True,H,4.86939,True,3.86939
E0+T1 (>=1 confirm),2023-10-08,1,T1,2324,Besiktas vs Istanbulspor,H,1.24,True,H,3.791424,False,-1.0
E0+T1 (>=1 confirm),2023-10-08,2,T1,2324,Kasimpasa vs Fenerbahce,A,1.47,True,A,3.791424,False,-1.0
E0+T1 (>=1 confirm),2023-10-08,3,E0,2324,Wolves vs Aston Villa,A,2.08,False,D,3.791424,False,-1.0
E0+T1 (>=1 confirm),2023-10-21,1,T1,2324,Gaziantep vs Antalyaspor,H,2.66,True,H,7.231476000000001,False,-1.0
E0+T1 (>=1 confirm),2023-10-21,2,T1,2324,Konyaspor vs Pendikspor,H,1.97,False,A,7.231476000000001,False,-1.0
E0+T1 (>=1 confirm),2023-10-21,3,E0,2324,Sheffield United vs Man United,A,1.38,True,A,7.231476000000001,False,-1.0
E0+T1 (>=1 confirm),2023-10-22,1,T1,2324,Istanbulspor vs Ankaragucu,A,2.14,False,H,4.443496000000001,False,-1.0
E0+T1 (>=1 confirm),2023-10-22,2,T1,2324,Fenerbahce vs Hatayspor,H,1.16,True,H,4.443496000000001,False,-1.0
E0+T1 (>=1 confirm),2023-10-22,3,E0,2324,Aston Villa vs West Ham,H,1.79,True,H,4.443496000000001,False,-1.0
E0+T1 (>=1 confirm),2023-10-27,1,E0,2324,Crystal Palace vs Tottenham,A,1.81,True,A,8.833524,False,-1.0
E0+T1 (>=1 confirm),2023-10-27,2,T1,2324,Kasimpasa vs Istanbulspor,H,1.96,True,H,8.833524,False,-1.0
E0+T1 (>=1 confirm),2023-10-27,3,T1,2324,Hatayspor vs Kayserispor,H,2.49,False,A,8.833524,False,-1.0
E0+T1 (>=1 confirm),2023-10-28,1,E0,2324,Arsenal vs Sheffield United,H,1.13,True,H,3.4120349999999995,False,-1.0
E0+T1 (>=1 confirm),2023-10-28,2,T1,2324,Ad. Demirspor vs Konyaspor,H,1.83,True,H,3.4120349999999995,False,-1.0
E0+T1 (>=1 confirm),2023-10-28,3,E0,2324,Chelsea vs Brentford,H,1.65,False,A,3.4120349999999995,False,-1.0
E0+T1 (>=1 confirm),2023-10-29,1,E0,2324,Aston Villa vs Luton,H,1.34,True,H,2.092544,True,1.0925440000000002
E0+T1 (>=1 confirm),2023-10-29,2,T1,2324,Pendikspor vs Fenerbahce,A,1.28,True,A,2.092544,True,1.0925440000000002
E0+T1 (>=1 confirm),2023-10-29,3,E0,2324,Liverpool vs Nott'm Forest,H,1.22,True,H,2.092544,True,1.0925440000000002
E0+T1 (>=1 confirm),2023-11-04,1,E0,2324,Man City vs Bournemouth,H,1.09,True,H,3.87604,False,-1.0
E0+T1 (>=1 confirm),2023-11-04,2,E0,2324,Everton vs Brighton,A,2.54,False,D,3.87604,False,-1.0
E0+T1 (>=1 confirm),2023-11-04,3,T1,2324,Fenerbahce vs Trabzonspor,H,1.4,False,A,3.87604,False,-1.0
E0+T1 (>=1 confirm),2023-11-05,1,E0,2324,Nott'm Forest vs Aston Villa,A,1.95,False,H,5.085209999999999,False,-1.0
E0+T1 (>=1 confirm),2023-11-05,2,E0,2324,Luton vs Liverpool,A,1.18,False,D,5.085209999999999,False,-1.0
E0+T1 (>=1 confirm),2023-11-05,3,T1,2324,Buyuksehyr vs Ankaragucu,H,2.21,False,D,5.085209999999999,False,-1.0
E0+T1 (>=1 confirm),2023-11-06,1,E0,2324,Tottenham vs Chelsea,H,2.37,False,A,10.21944,False,-1.0
E0+T1 (>=1 confirm),2023-11-06,2,T1,2324,Kayserispor vs Alanyaspor,H,1.96,True,H,10.21944,False,-1.0
E0+T1 (>=1 confirm),2023-11-06,3,T1,2324,Gaziantep vs Rizespor,H,2.2,True,H,10.21944,False,-1.0
E0+T1 (>=1 confirm),2023-11-11,1,T1,2324,Hatayspor vs Galatasaray,A,1.46,False,H,3.422678,False,-1.0
E0+T1 (>=1 confirm),2023-11-11,2,E0,2324,Bournemouth vs Newcastle,A,1.97,False,H,3.422678,False,-1.0
E0+T1 (>=1 confirm),2023-11-11,3,E0,2324,Arsenal vs Burnley,H,1.19,True,H,3.422678,False,-1.0
E0+T1 (>=1 confirm),2023-11-12,1,E0,2324,Brighton vs Sheffield United,H,1.27,False,D,4.120896,False,-1.0
E0+T1 (>=1 confirm),2023-11-12,2,T1,2324,Rizespor vs Istanbulspor,H,1.69,True,H,4.120896,False,-1.0
E0+T1 (>=1 confirm),2023-11-12,3,T1,2324,Ad. Demirspor vs Fenerbahce,A,1.92,False,D,4.120896,False,-1.0
E0+T1 (>=1 confirm),2023-11-25,1,T1,2324,Galatasaray vs Alanyaspor,H,1.21,True,H,5.477548999999999,False,-1.0
E0+T1 (>=1 confirm),2023-11-25,2,E0,2324,Luton vs Crystal Palace,A,2.03,False,H,5.477548999999999,False,-1.0
E0+T1 (>=1 confirm),2023-11-25,3,E0,2324,Burnley vs West Ham,A,2.23,True,A,5.477548999999999,False,-1.0
E0+T1 (>=1 confirm),2023-11-26,1,T1,2324,Antalyaspor vs Rizespor,H,1.68,False,D,9.925776,False,-1.0
E0+T1 (>=1 confirm),2023-11-26,2,T1,2324,Kayserispor vs Ad. Demirspor,H,2.29,False,D,9.925776,False,-1.0
E0+T1 (>=1 confirm),2023-11-26,3,E0,2324,Tottenham vs Aston Villa,A,2.58,True,A,9.925776,False,-1.0
E0+T1 (>=1 confirm),2023-11-27,1,T1,2324,Buyuksehyr vs Pendikspor,H,2.16,True,H,12.229704000000003,False,-1.0
E0+T1 (>=1 confirm),2023-11-27,2,E0,2324,Fulham vs Wolves,H,2.43,True,H,12.229704000000003,False,-1.0
E0+T1 (>=1 confirm),2023-11-27,3,T1,2324,Sivasspor vs Trabzonspor,A,2.33,False,D,12.229704000000003,False,-1.0
E0+T1 (>=1 confirm),2023-12-02,1,E0,2324,Brentford vs Luton,H,1.54,True,H,3.322704,True,2.322704
E0+T1 (>=1 confirm),2023-12-02,2,E0,2324,Arsenal vs Wolves,H,1.24,True,H,3.322704,True,2.322704
E0+T1 (>=1 confirm),2023-12-02,3,E0,2324,Burnley vs Sheffield United,H,1.74,True,H,3.322704,True,2.322704
E0+T1 (>=1 confirm),2023-12-03,1,T1,2324,Trabzonspor vs Kayserispor,H,1.61,False,A,3.1684800000000006,False,-1.0
E0+T1 (>=1 confirm),2023-12-03,2,E0,2324,Liverpool vs Fulham,H,1.23,True,H,3.1684800000000006,False,-1.0
E0+T1 (>=1 confirm),2023-12-03,3,E0,2324,Chelsea vs Brighton,H,1.6,True,H,3.1684800000000006,False,-1.0
E0+T1 (>=1 confirm),2023-12-09,1,E0,2324,Crystal Palace vs Liverpool,A,1.5,True,A,4.5969,False,-1.0
E0+T1 (>=1 confirm),2023-12-09,2,E0,2324,Wolves vs Nott'm Forest,H,1.99,False,D,4.5969,False,-1.0
E0+T1 (>=1 confirm),2023-12-09,3,E0,2324,Brighton vs Burnley,H,1.54,False,D,4.5969,False,-1.0
E0+T1 (>=1 confirm),2023-12-10,1,E0,2324,Luton vs Man City,A,1.18,True,A,3.808921999999999,True,2.808921999999999
E0+T1 (>=1 confirm),2023-12-10,2,T1,2324,Buyuksehyr vs Hatayspor,H,1.91,True,H,3.808921999999999,True,2.808921999999999
E0+T1 (>=1 confirm),2023-12-10,3,T1,2324,Kayserispor vs Pendikspor,H,1.69,True,H,3.808921999999999,True,2.808921999999999
E0+T1 (>=1 confirm),2023-12-17,1,E0,2324,Arsenal vs Brighton,H,1.47,True,H,4.614036,False,-1.0
E0+T1 (>=1 confirm),2023-12-17,2,E0,2324,Liverpool vs Man United,H,1.33,False,D,4.614036,False,-1.0
E0+T1 (>=1 confirm),2023-12-17,3,E0,2324,Brentford vs Aston Villa,A,2.36,True,A,4.614036,False,-1.0
E0+T1 (>=1 confirm),2023-12-21,1,T1,2324,Rizespor vs Pendikspor,H,1.94,True,H,9.820473999999999,False,-1.0
E0+T1 (>=1 confirm),2023-12-21,2,T1,2324,Ankaragucu vs Hatayspor,H,2.27,False,D,9.820473999999999,False,-1.0
E0+T1 (>=1 confirm),2023-12-21,3,T1,2324,Samsunspor vs Konyaspor,H,2.23,False,D,9.820473999999999,False,-1.0
E0+T1 (>=1 confirm),2023-12-23,1,E0,2324,Luton vs Newcastle,A,1.67,False,H,8.83764,False,-1.0
E0+T1 (>=1 confirm),2023-12-23,2,E0,2324,Nott'm Forest vs Bournemouth,A,2.52,True,A,8.83764,False,-1.0
E0+T1 (>=1 confirm),2023-12-23,3,E0,2324,West Ham vs Man United,H,2.1,True,H,8.83764,False,-1.0
E0+T1 (>=1 confirm),2023-12-25,1,T1,2324,Kasimpasa vs Rizespor,H,2.45,False,D,17.722320000000003,False,-1.0
E0+T1 (>=1 confirm),2023-12-25,2,T1,2324,Hatayspor vs Besiktas,A,2.64,True,A,17.722320000000003,False,-1.0
E0+T1 (>=1 confirm),2023-12-25,3,T1,2324,Alanyaspor vs Samsunspor,H,2.74,True,H,17.722320000000003,False,-1.0
E0+T1 (>=1 confirm),2023-12-26,1,E0,2324,Burnley vs Liverpool,A,1.38,True,A,6.5180159999999985,False,-1.0
E0+T1 (>=1 confirm),2023-12-26,2,E0,2324,Bournemouth vs Fulham,H,1.92,True,H,6.5180159999999985,False,-1.0
E0+T1 (>=1 confirm),2023-12-26,3,E0,2324,Sheffield United vs Luton,H,2.46,False,A,6.5180159999999985,False,-1.0
E0+T1 (>=1 confirm),2023-12-30,1,E0,2324,Luton vs Chelsea,A,1.58,True,A,2.383746,True,1.383746
E0+T1 (>=1 confirm),2023-12-30,2,E0,2324,Man City vs Sheffield United,H,1.07,True,H,2.383746,True,1.383746
E0+T1 (>=1 confirm),2023-12-30,3,E0,2324,Aston Villa vs Burnley,H,1.41,True,H,2.383746,True,1.383746
E0+T1 (>=1 confirm),2024-01-06,1,T1,2324,Rizespor vs Hatayspor,H,1.88,True,H,9.194328,False,-1.0
E0+T1 (>=1 confirm),2024-01-06,2,T1,2324,Buyuksehyr vs Ad. Demirspor,H,1.98,False,D,9.194328,False,-1.0
E0+T1 (>=1 confirm),2024-01-06,3,T1,2324,Samsunspor vs Karagumruk,H,2.47,True,H,9.194328,False,-1.0
E0+T1 (>=1 confirm),2024-01-13,1,E0,2324,Newcastle vs Man City,A,1.67,True,A,6.467575999999999,True,5.467575999999999
E0+T1 (>=1 confirm),2024-01-13,2,T1,2324,Besiktas vs Karagumruk,H,1.88,True,H,6.467575999999999,True,5.467575999999999
E0+T1 (>=1 confirm),2024-01-13,3,T1,2324,Buyuksehyr vs Alanyaspor,H,2.06,True,H,6.467575999999999,True,5.467575999999999
E0+T1 (>=1 confirm),2024-01-14,1,T1,2324,Gaziantep vs Fenerbahce,A,1.34,True,A,6.639834000000001,False,-1.0
E0+T1 (>=1 confirm),2024-01-14,2,E0,2324,Man United vs Tottenham,H,1.99,False,D,6.639834000000001,False,-1.0
E0+T1 (>=1 confirm),2024-01-14,3,T1,2324,Istanbulspor vs Konyaspor,A,2.49,False,D,6.639834000000001,False,-1.0
E0+T1 (>=1 confirm),2024-01-20,1,T1,2324,Kasimpasa vs Hatayspor,H,2.13,True,H,5.572506,False,-1.0
E0+T1 (>=1 confirm),2024-01-20,2,T1,2324,Pendikspor vs Besiktas,A,2.06,False,H,5.572506,False,-1.0
E0+T1 (>=1 confirm),2024-01-20,3,E0,2324,Arsenal vs Crystal Palace,H,1.27,True,H,5.572506,False,-1.0
E0+T1 (>=1 confirm),2024-01-21,1,E0,2324,Bournemouth vs Liverpool,A,1.71,True,A,5.524496999999999,False,-1.0
E0+T1 (>=1 confirm),2024-01-21,2,E0,2324,Sheffield United vs West Ham,A,2.67,False,D,5.524496999999999,False,-1.0
E0+T1 (>=1 confirm),2024-01-21,3,T1,2324,Fenerbahce vs Samsunspor,H,1.21,False,D,5.524496999999999,False,-1.0
E0+T1 (>=1 confirm),2024-01-29,1,T1,2324,Kayserispor vs Antalyaspor,A,2.49,False,D,5.09703,False,-1.0
E0+T1 (>=1 confirm),2024-01-29,2,T1,2324,Trabzonspor vs Kasimpasa,H,1.78,False,A,5.09703,False,-1.0
E0+T1 (>=1 confirm),2024-01-29,3,T1,2324,Galatasaray vs Gaziantep,H,1.15,True,H,5.09703,False,-1.0
E0+T1 (>=1 confirm),2024-01-30,1,E0,2324,Luton vs Brighton,A,1.83,False,H,5.480118000000001,False,-1.0
E0+T1 (>=1 confirm),2024-01-30,2,E0,2324,Aston Villa vs Newcastle,H,1.86,False,A,5.480118000000001,False,-1.0
E0+T1 (>=1 confirm),2024-01-30,3,E0,2324,Crystal Palace vs Sheffield United,H,1.61,True,H,5.480118000000001,False,-1.0
E0+T1 (>=1 confirm),2024-02-03,1,E0,2324,Everton vs Tottenham,A,2.28,False,D,6.169679999999999,False,-1.0
E0+T1 (>=1 confirm),2024-02-03,2,E0,2324,Sheffield United vs Aston Villa,A,1.64,True,A,6.169679999999999,False,-1.0
E0+T1 (>=1 confirm),2024-02-03,3,T1,2324,Antalyaspor vs Fenerbahce,A,1.65,True,A,6.169679999999999,False,-1.0
E0+T1 (>=1 confirm),2024-02-04,1,T1,2324,Pendikspor vs Ad. Demirspor,H,2.07,True,H,7.104240000000001,True,6.104240000000001
E0+T1 (>=1 confirm),2024-02-04,2,E0,2324,Man United vs West Ham,H,1.56,True,H,7.104240000000001,True,6.104240000000001
E0+T1 (>=1 confirm),2024-02-04,3,E0,2324,Arsenal vs Liverpool,H,2.2,True,H,7.104240000000001,True,6.104240000000001
E0+T1 (>=1 confirm),2024-02-10,1,E0,2324,Man City vs Everton,H,1.24,True,H,2.474048,False,-1.0
E0+T1 (>=1 confirm),2024-02-10,2,E0,2324,Luton vs Sheffield United,H,1.72,False,A,2.474048,False,-1.0
E0+T1 (>=1 confirm),2024-02-10,3,E0,2324,Liverpool vs Burnley,H,1.16,True,H,2.474048,False,-1.0
E0+T1 (>=1 confirm),2024-02-11,1,E0,2324,West Ham vs Arsenal,A,1.56,True,A,4.012944,False,-1.0
E0+T1 (>=1 confirm),2024-02-11,2,T1,2324,Fenerbahce vs Alanyaspor,H,1.18,False,D,4.012944,False,-1.0
E0+T1 (>=1 confirm),2024-02-11,3,E0,2324,Aston Villa vs Man United,H,2.18,False,A,4.012944,False,-1.0
E0+T1 (>=1 confirm),2024-02-17,1,E0,2324,Burnley vs Arsenal,A,1.29,True,A,2.804976,False,-1.0
E0+T1 (>=1 confirm),2024-02-17,2,T1,2324,Rizespor vs Fenerbahce,A,1.44,True,A,2.804976,False,-1.0
E0+T1 (>=1 confirm),2024-02-17,3,E0,2324,Tottenham vs Wolves,H,1.51,False,A,2.804976,False,-1.0
E0+T1 (>=1 confirm),2024-02-18,1,E0,2324,Sheffield United vs Brighton,A,1.68,True,A,5.322744,True,4.322744
E0+T1 (>=1 confirm),2024-02-18,2,T1,2324,Ankaragucu vs Galatasaray,A,1.77,True,A,5.322744,True,4.322744
E0+T1 (>=1 confirm),2024-02-18,3,E0,2324,Luton vs Man United,A,1.79,True,A,5.322744,True,4.322744
E0+T1 (>=1 confirm),2024-02-24,1,E0,2324,Brighton vs Everton,H,1.87,False,D,5.823928,False,-1.0
E0+T1 (>=1 confirm),2024-02-24,2,E0,2324,Arsenal vs Newcastle,H,1.36,True,H,5.823928,False,-1.0
E0+T1 (>=1 confirm),2024-02-24,3,T1,2324,Konyaspor vs Hatayspor,H,2.29,True,H,5.823928,False,-1.0
E0+T1 (>=1 confirm),2024-02-25,1,T1,2324,Trabzonspor vs Ad. Demirspor,H,1.88,True,H,8.871343999999999,False,-1.0
E0+T1 (>=1 confirm),2024-02-25,2,T1,2324,Karagumruk vs Alanyaspor,H,1.88,False,D,8.871343999999999,False,-1.0
E0+T1 (>=1 confirm),2024-02-25,3,T1,2324,Sivasspor vs Pendikspor,H,2.51,True,H,8.871343999999999,False,-1.0
E0+T1 (>=1 confirm),2024-03-02,1,T1,2324,Hatayspor vs Fenerbahce,A,1.33,True,A,4.383680000000001,True,3.383680000000001
E0+T1 (>=1 confirm),2024-03-02,2,T1,2324,Rizespor vs Kayserispor,H,2.06,True,H,4.383680000000001,True,3.383680000000001
E0+T1 (>=1 confirm),2024-03-02,3,E0,2324,Nott'm Forest vs Liverpool,A,1.6,True,A,4.383680000000001,True,3.383680000000001
E0+T1 (>=1 confirm),2024-03-03,1,E0,2324,Burnley vs Bournemouth,A,1.99,True,A,5.379368,True,4.379368
E0+T1 (>=1 confirm),2024-03-03,2,E0,2324,Man City vs Man United,H,1.24,True,H,5.379368,True,4.379368
E0+T1 (>=1 confirm),2024-03-03,3,T1,2324,Besiktas vs Galatasaray,A,2.18,True,A,5.379368,True,4.379368
E0+T1 (>=1 confirm),2024-03-09,1,E0,2324,Arsenal vs Brentford,H,1.22,True,H,4.30599,True,3.3059900000000004
E0+T1 (>=1 confirm),2024-03-09,2,E0,2324,Man United vs Everton,H,1.95,True,H,4.30599,True,3.3059900000000004
E0+T1 (>=1 confirm),2024-03-09,3,T1,2324,Trabzonspor vs Karagumruk,H,1.81,True,H,4.30599,True,3.3059900000000004
E0+T1 (>=1 confirm),2024-03-10,1,T1,2324,Fenerbahce vs Pendikspor,H,1.19,True,H,4.069324,False,-1.0
E0+T1 (>=1 confirm),2024-03-10,2,E0,2324,West Ham vs Burnley,H,1.66,False,D,4.069324,False,-1.0
E0+T1 (>=1 confirm),2024-03-10,3,E0,2324,Liverpool vs Man City,A,2.06,False,D,4.069324,False,-1.0
E0+T1 (>=1 confirm),2024-03-16,1,T1,2324,Besiktas vs Antalyaspor,H,1.91,False,A,8.927339999999997,False,-1.0
E0+T1 (>=1 confirm),2024-03-16,2,E0,2324,Fulham vs Tottenham,A,2.05,False,H,8.927339999999997,False,-1.0
E0+T1 (>=1 confirm),2024-03-16,3,E0,2324,Burnley vs Brentford,A,2.28,False,H,8.927339999999997,False,-1.0
E0+T1 (>=1 confirm),2024-03-17,1,T1,2324,Trabzonspor vs Fenerbahce,A,2.03,True,A,7.125299999999999,False,-1.0
E0+T1 (>=1 confirm),2024-03-17,2,T1,2324,Kasimpasa vs Galatasaray,A,1.5,True,A,7.125299999999999,False,-1.0
E0+T1 (>=1 confirm),2024-03-17,3,T1,2324,Hatayspor vs Samsunspor,A,2.34,False,H,7.125299999999999,False,-1.0
E0+T1 (>=1 confirm),2024-03-30,1,E0,2324,Sheffield United vs Fulham,A,1.71,False,D,6.8964300000000005,False,-1.0
E0+T1 (>=1 confirm),2024-03-30,2,E0,2324,Bournemouth vs Everton,H,2.18,True,H,6.8964300000000005,False,-1.0
E0+T1 (>=1 confirm),2024-03-30,3,E0,2324,Newcastle vs West Ham,H,1.85,True,H,6.8964300000000005,False,-1.0
E0+T1 (>=1 confirm),2024-04-02,1,E0,2324,West Ham vs Tottenham,A,1.99,False,D,4.686051999999999,False,-1.0
E0+T1 (>=1 confirm),2024-04-02,2,E0,2324,Newcastle vs Everton,H,2.03,False,D,4.686051999999999,False,-1.0
E0+T1 (>=1 confirm),2024-04-02,3,T1,2324,Galatasaray vs Hatayspor,H,1.16,True,H,4.686051999999999,False,-1.0
E0+T1 (>=1 confirm),2024-04-03,1,E0,2324,Arsenal vs Luton,H,1.13,True,H,1.7091249999999998,True,0.7091249999999998
E0+T1 (>=1 confirm),2024-04-03,2,E0,2324,Man City vs Aston Villa,H,1.21,True,H,1.7091249999999998,True,0.7091249999999998
E0+T1 (>=1 confirm),2024-04-03,3,T1,2324,Fenerbahce vs Ad. Demirspor,H,1.25,True,H,1.7091249999999998,True,0.7091249999999998
E0+T1 (>=1 confirm),2024-04-06,1,E0,2324,Luton vs Bournemouth,A,1.92,False,H,3.9719040000000003,False,-1.0
E0+T1 (>=1 confirm),2024-04-06,2,E0,2324,Brighton vs Arsenal,A,1.51,True,A,3.9719040000000003,False,-1.0
E0+T1 (>=1 confirm),2024-04-06,3,E0,2324,Crystal Palace vs Man City,A,1.37,True,A,3.9719040000000003,False,-1.0
E0+T1 (>=1 confirm),2024-04-13,1,E0,2324,Bournemouth vs Man United,H,2.38,False,D,7.340634,False,-1.0
E0+T1 (>=1 confirm),2024-04-13,2,E0,2324,Nott'm Forest vs Wolves,H,2.07,False,D,7.340634,False,-1.0
E0+T1 (>=1 confirm),2024-04-13,3,E0,2324,Brentford vs Sheffield United,H,1.49,True,H,7.340634,False,-1.0
E0+T1 (>=1 confirm),2024-04-14,1,T1,2324,Karagumruk vs Fenerbahce,A,1.43,True,A,2.092376,False,-1.0
E0+T1 (>=1 confirm),2024-04-14,2,E0,2324,Arsenal vs Aston Villa,H,1.24,False,A,2.092376,False,-1.0
E0+T1 (>=1 confirm),2024-04-14,3,E0,2324,Liverpool vs Crystal Palace,H,1.18,False,A,2.092376,False,-1.0
E0+T1 (>=1 confirm),2024-04-20,1,T1,2324,Samsunspor vs Ad. Demirspor,H,2.28,False,D,6.061607999999999,False,-1.0
E0+T1 (>=1 confirm),2024-04-20,2,E0,2324,Wolves vs Arsenal,A,1.26,True,A,6.061607999999999,False,-1.0
E0+T1 (>=1 confirm),2024-04-20,3,T1,2324,Kayserispor vs Trabzonspor,A,2.11,True,A,6.061607999999999,False,-1.0
E0+T1 (>=1 confirm),2024-04-21,1,E0,2324,Fulham vs Liverpool,A,1.68,True,A,4.345152,True,3.3451519999999997
E0+T1 (>=1 confirm),2024-04-21,2,T1,2324,Galatasaray vs Pendikspor,H,1.22,True,H,4.345152,True,3.3451519999999997
E0+T1 (>=1 confirm),2024-04-21,3,T1,2324,Buyuksehyr vs Rizespor,H,2.12,True,H,4.345152,True,3.3451519999999997
E0+T1 (>=1 confirm),2024-04-24,1,E0,2324,Everton vs Liverpool,A,1.4,False,H,4.62,False,-1.0
E0+T1 (>=1 confirm),2024-04-24,2,E0,2324,Wolves vs Bournemouth,A,2.5,True,A,4.62,False,-1.0
E0+T1 (>=1 confirm),2024-04-24,3,E0,2324,Man United vs Sheffield United,H,1.32,True,H,4.62,False,-1.0
E0+T1 (>=1 confirm),2024-04-27,1,E0,2324,West Ham vs Liverpool,A,1.56,False,D,3.9499199999999997,False,-1.0
E0+T1 (>=1 confirm),2024-04-27,2,E0,2324,Newcastle vs Sheffield United,H,1.2,True,H,3.9499199999999997,False,-1.0
E0+T1 (>=1 confirm),2024-04-27,3,E0,2324,Fulham vs Crystal Palace,H,2.11,False,D,3.9499199999999997,False,-1.0
E0+T1 (>=1 confirm),2024-04-28,1,E0,2324,Nott'm Forest vs Man City,A,1.29,True,A,2.9161740000000003,True,1.9161740000000003
E0+T1 (>=1 confirm),2024-04-28,2,E0,2324,Tottenham vs Arsenal,A,1.78,True,A,2.9161740000000003,True,1.9161740000000003
E0+T1 (>=1 confirm),2024-04-28,3,T1,2324,Alanyaspor vs Istanbulspor,H,1.27,True,H,2.9161740000000003,True,1.9161740000000003
E0+T1 (>=1 confirm),2024-05-04,1,E0,2324,Sheffield United vs Nott'm Forest,A,1.67,True,A,3.8393299999999995,False,-1.0
E0+T1 (>=1 confirm),2024-05-04,2,E0,2324,Man City vs Wolves,H,1.1,True,H,3.8393299999999995,False,-1.0
E0+T1 (>=1 confirm),2024-05-04,3,E0,2324,Brentford vs Fulham,H,2.09,False,D,3.8393299999999995,False,-1.0
E0+T1 (>=1 confirm),2024-05-05,1,E0,2324,Brighton vs Aston Villa,H,2.41,True,H,7.302300000000001,True,6.302300000000001
E0+T1 (>=1 confirm),2024-05-05,2,T1,2324,Buyuksehyr vs Kasimpasa,H,2.02,True,H,7.302300000000001,True,6.302300000000001
E0+T1 (>=1 confirm),2024-05-05,3,E0,2324,Chelsea vs West Ham,H,1.5,True,H,7.302300000000001,True,6.302300000000001
E0+T1 (>=1 confirm),2024-05-06,1,T1,2324,Konyaspor vs Fenerbahce,A,1.4,False,D,6.296359999999999,False,-1.0
E0+T1 (>=1 confirm),2024-05-06,2,E0,2324,Crystal Palace vs Man United,H,1.99,True,H,6.296359999999999,False,-1.0
E0+T1 (>=1 confirm),2024-05-06,3,T1,2324,Antalyaspor vs Pendikspor,H,2.26,False,A,6.296359999999999,False,-1.0
E0+T1 (>=1 confirm),2024-05-11,1,E0,2324,Fulham vs Man City,A,1.24,True,A,2.339136,True,1.3391359999999999
E0+T1 (>=1 confirm),2024-05-11,2,E0,2324,Everton vs Sheffield United,H,1.44,True,H,2.339136,True,1.3391359999999999
E0+T1 (>=1 confirm),2024-05-11,3,E0,2324,Tottenham vs Burnley,H,1.31,True,H,2.339136,True,1.3391359999999999
E0+T1 (>=1 confirm),2024-05-12,1,T1,2324,Karagumruk vs Galatasaray,A,1.44,True,A,2.122848,True,1.1228479999999998
E0+T1 (>=1 confirm),2024-05-12,2,T1,2324,Trabzonspor vs Istanbulspor,H,1.17,True,H,2.122848,True,1.1228479999999998
E0+T1 (>=1 confirm),2024-05-12,3,E0,2324,Man United vs Arsenal,A,1.26,True,A,2.122848,True,1.1228479999999998
E0+T1 (>=1 confirm),2024-05-19,1,E0,2324,Man City vs West Ham,H,1.07,True,H,2.44174,True,1.4417399999999998
E0+T1 (>=1 confirm),2024-05-19,2,E0,2324,Chelsea vs Bournemouth,H,1.4,True,H,2.44174,True,1.4417399999999998
E0+T1 (>=1 confirm),2024-05-19,3,E0,2324,Crystal Palace vs Aston Villa,H,1.63,True,H,2.44174,True,1.4417399999999998
E0+T1 (>=1 confirm),2024-05-26,1,T1,2324,Ad. Demirspor vs Buyuksehyr,A,2.03,True,A,5.354327999999999,True,4.354327999999999
E0+T1 (>=1 confirm),2024-05-26,2,T1,2324,Hatayspor vs Rizespor,H,1.57,True,H,5.354327999999999,True,4.354327999999999
E0+T1 (>=1 confirm),2024-05-26,3,T1,2324,Konyaspor vs Galatasaray,A,1.68,True,A,5.354327999999999,True,4.354327999999999
E0+T1 (>=1 confirm),2024-08-17,1,E0,2425,Newcastle vs Southampton,H,1.42,True,H,8.65632,False,-1.0
E0+T1 (>=1 confirm),2024-08-17,2,E0,2425,Everton vs Brighton,A,2.4,True,A,8.65632,False,-1.0
E0+T1 (>=1 confirm),2024-08-17,3,E0,2425,West Ham vs Aston Villa,H,2.54,False,A,8.65632,False,-1.0
E0+T1 (>=1 confirm),2024-08-24,1,E0,2425,Fulham vs Leicester,H,1.88,True,H,6.232952,True,5.232952
E0+T1 (>=1 confirm),2024-08-24,2,E0,2425,Brighton vs Man United,H,2.42,True,H,6.232952,True,5.232952
E0+T1 (>=1 confirm),2024-08-24,3,E0,2425,Tottenham vs Everton,H,1.37,True,H,6.232952,True,5.232952
E0+T1 (>=1 confirm),2024-08-25,1,E0,2425,Liverpool vs Brentford,H,1.22,True,H,8.278188,False,-1.0
E0+T1 (>=1 confirm),2024-08-25,2,E0,2425,Bournemouth vs Newcastle,H,2.63,False,D,8.278188,False,-1.0
E0+T1 (>=1 confirm),2024-08-25,3,T1,2425,Antalyaspor vs Hatayspor,H,2.58,True,H,8.278188,False,-1.0
E0+T1 (>=1 confirm),2024-08-31,1,E0,2425,Brentford vs Southampton,H,1.82,True,H,4.822272,True,3.822272
E0+T1 (>=1 confirm),2024-08-31,2,T1,2425,Ad. Demirspor vs Galatasaray,A,1.38,True,A,4.822272,True,3.822272
E0+T1 (>=1 confirm),2024-08-31,3,E0,2425,Leicester vs Aston Villa,A,1.92,True,A,4.822272,True,3.822272
E0+T1 (>=1 confirm),2024-09-01,1,T1,2425,Buyuksehyr vs Antalyaspor,H,1.83,True,H,9.2598,True,8.2598
E0+T1 (>=1 confirm),2024-09-01,2,E0,2425,Newcastle vs Tottenham,H,2.53,True,H,9.2598,True,8.2598
E0+T1 (>=1 confirm),2024-09-01,3,E0,2425,Man United vs Liverpool,A,2.0,True,A,9.2598,True,8.2598
E0+T1 (>=1 confirm),2024-09-14,1,T1,2425,Galatasaray vs Rizespor,H,1.35,True,H,2.51991,False,-1.0
E0+T1 (>=1 confirm),2024-09-14,2,E0,2425,Brighton vs Ipswich,H,1.53,False,D,2.51991,False,-1.0
E0+T1 (>=1 confirm),2024-09-14,3,E0,2425,Liverpool vs Nott'm Forest,H,1.22,False,A,2.51991,False,-1.0
E0+T1 (>=1 confirm),2024-09-15,1,E0,2425,Wolves vs Newcastle,A,2.07,True,A,8.166149999999998,True,7.166149999999998
E0+T1 (>=1 confirm),2024-09-15,2,T1,2425,Kasimpasa vs Fenerbahce,A,1.5,True,A,8.166149999999998,True,7.166149999999998
E0+T1 (>=1 confirm),2024-09-15,3,E0,2425,Tottenham vs Arsenal,A,2.63,True,A,8.166149999999998,True,7.166149999999998
E0+T1 (>=1 confirm),2024-09-21,1,E0,2425,Aston Villa vs Wolves,H,1.67,True,H,8.089647,False,-1.0
E0+T1 (>=1 confirm),2024-09-21,2,E0,2425,West Ham vs Chelsea,A,2.01,True,A,8.089647,False,-1.0
E0+T1 (>=1 confirm),2024-09-21,3,E0,2425,Fulham vs Newcastle,A,2.41,False,H,8.089647,False,-1.0
E0+T1 (>=1 confirm),2024-09-22,1,E0,2425,Man City vs Arsenal,H,1.81,False,D,6.913837999999999,False,-1.0
E0+T1 (>=1 confirm),2024-09-22,2,T1,2425,Besiktas vs Eyupspor,H,1.42,True,H,6.913837999999999,False,-1.0
E0+T1 (>=1 confirm),2024-09-22,3,T1,2425,Rizespor vs Samsunspor,A,2.69,True,A,6.913837999999999,False,-1.0
E0+T1 (>=1 confirm),2024-09-28,1,E0,2425,Brentford vs West Ham,H,2.26,False,D,3.90754,False,-1.0
E0+T1 (>=1 confirm),2024-09-28,2,E0,2425,Wolves vs Liverpool,A,1.33,True,A,3.90754,False,-1.0
E0+T1 (>=1 confirm),2024-09-28,3,T1,2425,Galatasaray vs Kasimpasa,H,1.3,False,D,3.90754,False,-1.0
E0+T1 (>=1 confirm),2024-09-29,1,E0,2425,Ipswich vs Aston Villa,A,2.1,False,D,8.05812,False,-1.0
E0+T1 (>=1 confirm),2024-09-29,2,T1,2425,Bodrumspor vs Ad. Demirspor,H,1.81,True,H,8.05812,False,-1.0
E0+T1 (>=1 confirm),2024-09-29,3,E0,2425,Man United vs Tottenham,H,2.12,False,A,8.05812,False,-1.0
E0+T1 (>=1 confirm),2024-10-05,1,T1,2425,Buyuksehyr vs Kayserispor,H,1.72,False,D,5.581056,False,-1.0
E0+T1 (>=1 confirm),2024-10-05,2,E0,2425,Crystal Palace vs Liverpool,A,1.69,True,A,5.581056,False,-1.0
E0+T1 (>=1 confirm),2024-10-05,3,E0,2425,West Ham vs Ipswich,H,1.92,True,H,5.581056,False,-1.0
E0+T1 (>=1 confirm),2024-10-06,1,E0,2425,Chelsea vs Nott'm Forest,H,1.52,False,D,4.675216,False,-1.0
E0+T1 (>=1 confirm),2024-10-06,2,T1,2425,Ad. Demirspor vs Samsunspor,A,1.69,True,A,4.675216,False,-1.0
E0+T1 (>=1 confirm),2024-10-06,3,T1,2425,Gaziantep vs Besiktas,A,1.82,False,D,4.675216,False,-1.0
E0+T1 (>=1 confirm),2024-10-19,1,T1,2425,Antalyaspor vs Galatasaray,A,1.51,True,A,4.882585,False,-1.0
E0+T1 (>=1 confirm),2024-10-19,2,E0,2425,Tottenham vs West Ham,H,1.45,True,H,4.882585,False,-1.0
E0+T1 (>=1 confirm),2024-10-19,3,E0,2425,Southampton vs Leicester,H,2.23,False,A,4.882585,False,-1.0
E0+T1 (>=1 confirm),2024-10-26,1,E0,2425,Brighton vs Wolves,H,1.58,False,D,4.795616000000001,False,-1.0
E0+T1 (>=1 confirm),2024-10-26,2,E0,2425,Man City vs Southampton,H,1.12,True,H,4.795616000000001,False,-1.0
E0+T1 (>=1 confirm),2024-10-26,3,E0,2425,Everton vs Fulham,H,2.71,False,D,4.795616000000001,False,-1.0
E0+T1 (>=1 confirm),2024-10-27,1,E0,2425,Crystal Palace vs Tottenham,A,1.95,False,H,8.05623,False,-1.0
E0+T1 (>=1 confirm),2024-10-27,2,E0,2425,Chelsea vs Newcastle,H,1.82,True,H,8.05623,False,-1.0
E0+T1 (>=1 confirm),2024-10-27,3,E0,2425,Arsenal vs Liverpool,H,2.27,False,D,8.05623,False,-1.0
E0+T1 (>=1 confirm),2024-11-02,1,T1,2425,Kayserispor vs Ad. Demirspor,H,1.49,False,D,9.564608,False,-1.0
E0+T1 (>=1 confirm),2024-11-02,2,E0,2425,Southampton vs Everton,H,2.72,True,H,9.564608,False,-1.0
E0+T1 (>=1 confirm),2024-11-02,3,E0,2425,Ipswich vs Leicester,H,2.36,False,D,9.564608,False,-1.0
E0+T1 (>=1 confirm),2024-11-03,1,E0,2425,Tottenham vs Aston Villa,H,1.99,True,H,9.792789999999998,False,-1.0
E0+T1 (>=1 confirm),2024-11-03,2,E0,2425,Man United vs Chelsea,A,2.59,False,D,9.792789999999998,False,-1.0
E0+T1 (>=1 confirm),2024-11-03,3,T1,2425,Trabzonspor vs Fenerbahce,A,1.9,True,A,9.792789999999998,False,-1.0
E0+T1 (>=1 confirm),2024-11-09,1,T1,2425,Ad. Demirspor vs Eyupspor,A,2.07,True,A,7.120385999999998,True,6.120385999999998
E0+T1 (>=1 confirm),2024-11-09,2,E0,2425,Liverpool vs Aston Villa,H,1.47,True,H,7.120385999999998,True,6.120385999999998
E0+T1 (>=1 confirm),2024-11-09,3,E0,2425,Crystal Palace vs Fulham,A,2.34,True,A,7.120385999999998,True,6.120385999999998
E0+T1 (>=1 confirm),2024-11-10,1,E0,2425,Chelsea vs Arsenal,A,2.52,False,D,4.28652,False,-1.0
E0+T1 (>=1 confirm),2024-11-10,2,E0,2425,Man United vs Leicester,H,1.35,True,H,4.28652,False,-1.0
E0+T1 (>=1 confirm),2024-11-10,3,E0,2425,Tottenham vs Ipswich,H,1.26,False,A,4.28652,False,-1.0
E0+T1 (>=1 confirm),2024-11-23,1,E0,2425,Man City vs Tottenham,H,1.44,False,A,4.983984,False,-1.0
E0+T1 (>=1 confirm),2024-11-23,2,T1,2425,Bodrumspor vs Galatasaray,A,1.39,True,A,4.983984,False,-1.0
E0+T1 (>=1 confirm),2024-11-23,3,E0,2425,Bournemouth vs Brighton,H,2.49,False,A,4.983984,False,-1.0
E0+T1 (>=1 confirm),2024-11-24,1,E0,2425,Ipswich vs Man United,A,1.68,False,D,4.269552,False,-1.0
E0+T1 (>=1 confirm),2024-11-24,2,E0,2425,Southampton vs Liverpool,A,1.31,True,A,4.269552,False,-1.0
E0+T1 (>=1 confirm),2024-11-24,3,T1,2425,Samsunspor vs Alanyaspor,H,1.94,False,D,4.269552,False,-1.0
E0+T1 (>=1 confirm),2024-11-30,1,E0,2425,Nott'm Forest vs Ipswich,H,1.74,True,H,4.424472,True,3.4244719999999997
E0+T1 (>=1 confirm),2024-11-30,2,T1,2425,Samsunspor vs Bodrumspor,H,1.56,True,H,4.424472,True,3.4244719999999997
E0+T1 (>=1 confirm),2024-11-30,3,E0,2425,Brentford vs Leicester,H,1.63,True,H,4.424472,True,3.4244719999999997
E0+T1 (>=1 confirm),2024-12-01,1,E0,2425,Liverpool vs Man City,H,2.06,True,H,4.28995,False,-1.0
E0+T1 (>=1 confirm),2024-12-01,2,E0,2425,Chelsea vs Aston Villa,H,1.75,True,H,4.28995,False,-1.0
E0+T1 (>=1 confirm),2024-12-01,3,T1,2425,Galatasaray vs Eyupspor,H,1.19,False,D,4.28995,False,-1.0
E0+T1 (>=1 confirm),2024-12-04,1,E0,2425,Aston Villa vs Brentford,H,1.68,True,H,5.072256,False,-1.0
E0+T1 (>=1 confirm),2024-12-04,2,E0,2425,Newcastle vs Liverpool,A,2.04,False,D,5.072256,False,-1.0
E0+T1 (>=1 confirm),2024-12-04,3,E0,2425,Arsenal vs Man United,H,1.48,True,H,5.072256,False,-1.0
E0+T1 (>=1 confirm),2024-12-07,1,T1,2425,Besiktas vs Fenerbahce,A,1.93,False,H,3.234294,False,-1.0
E0+T1 (>=1 confirm),2024-12-07,2,E0,2425,Aston Villa vs Southampton,H,1.33,True,H,3.234294,False,-1.0
E0+T1 (>=1 confirm),2024-12-07,3,T1,2425,Goztep vs Ad. Demirspor,H,1.26,True,H,3.234294,False,-1.0
E0+T1 (>=1 confirm),2024-12-08,1,E0,2425,Tottenham vs Chelsea,A,2.25,True,A,5.6160000000000005,True,4.6160000000000005
E0+T1 (>=1 confirm),2024-12-08,2,E0,2425,Ipswich vs Bournemouth,A,1.95,True,A,5.6160000000000005,True,4.6160000000000005
E0+T1 (>=1 confirm),2024-12-08,3,T1,2425,Sivasspor vs Galatasaray,A,1.28,True,A,5.6160000000000005,True,4.6160000000000005
E0+T1 (>=1 confirm),2024-12-14,1,E0,2425,Arsenal vs Everton,H,1.25,False,D,3.225,False,-1.0
E0+T1 (>=1 confirm),2024-12-14,2,E0,2425,Liverpool vs Fulham,H,1.29,False,D,3.225,False,-1.0
E0+T1 (>=1 confirm),2024-12-14,3,E0,2425,Wolves vs Ipswich,H,2.0,False,A,3.225,False,-1.0
E0+T1 (>=1 confirm),2024-12-15,1,E0,2425,Man City vs Man United,H,1.53,False,A,5.008608,False,-1.0
E0+T1 (>=1 confirm),2024-12-15,2,E0,2425,Chelsea vs Brentford,H,1.32,True,H,5.008608,False,-1.0
E0+T1 (>=1 confirm),2024-12-15,3,T1,2425,Hatayspor vs Goztep,A,2.48,False,D,5.008608,False,-1.0
E0+T1 (>=1 confirm),2024-12-16,1,T1,2425,Galatasaray vs Trabzonspor,H,1.38,True,H,3.758292,False,-1.0
E0+T1 (>=1 confirm),2024-12-16,2,E0,2425,Bournemouth vs West Ham,H,1.78,False,D,3.758292,False,-1.0
E0+T1 (>=1 confirm),2024-12-16,3,T1,2425,Ad. Demirspor vs Besiktas,A,1.53,False,H,3.758292,False,-1.0
E0+T1 (>=1 confirm),2024-12-21,1,E0,2425,Ipswich vs Newcastle,A,1.73,True,A,6.306888,False,-1.0
E0+T1 (>=1 confirm),2024-12-21,2,E0,2425,West Ham vs Brighton,A,2.48,False,D,6.306888,False,-1.0
E0+T1 (>=1 confirm),2024-12-21,3,E0,2425,Crystal Palace vs Arsenal,A,1.47,True,A,6.306888,False,-1.0
E0+T1 (>=1 confirm),2024-12-22,1,E0,2425,Everton vs Chelsea,A,1.69,False,D,3.820245,False,-1.0
E0+T1 (>=1 confirm),2024-12-22,2,T1,2425,Kayserispor vs Galatasaray,A,1.37,True,A,3.820245,False,-1.0
E0+T1 (>=1 confirm),2024-12-22,3,E0,2425,Tottenham vs Liverpool,A,1.65,True,A,3.820245,False,-1.0
E0+T1 (>=1 confirm),2024-12-26,1,E0,2425,Nott'm Forest vs Tottenham,H,2.16,True,H,6.717167999999999,False,-1.0
E0+T1 (>=1 confirm),2024-12-26,2,E0,2425,Chelsea vs Fulham,H,1.46,False,A,6.717167999999999,False,-1.0
E0+T1 (>=1 confirm),2024-12-26,3,E0,2425,Bournemouth vs Crystal Palace,H,2.13,False,D,6.717167999999999,False,-1.0
E0+T1 (>=1 confirm),2024-12-30,1,E0,2425,Man United vs Newcastle,A,2.58,True,A,6.718319999999999,False,-1.0
E0+T1 (>=1 confirm),2024-12-30,2,E0,2425,Ipswich vs Chelsea,A,1.4,False,H,6.718319999999999,False,-1.0
E0+T1 (>=1 confirm),2024-12-30,3,E0,2425,Aston Villa vs Brighton,H,1.86,False,D,6.718319999999999,False,-1.0
E0+T1 (>=1 confirm),2025-01-04,1,E0,2425,Tottenham vs Newcastle,A,1.79,True,A,5.180976000000001,True,4.180976000000001
E0+T1 (>=1 confirm),2025-01-04,2,E0,2425,Southampton vs Brentford,A,2.16,True,A,5.180976000000001,True,4.180976000000001
E0+T1 (>=1 confirm),2025-01-04,3,E0,2425,Aston Villa vs Leicester,H,1.34,True,H,5.180976000000001,True,4.180976000000001
E0+T1 (>=1 confirm),2025-01-05,1,E0,2425,Liverpool vs Man United,H,1.36,False,D,2.4002640000000004,False,-1.0
E0+T1 (>=1 confirm),2025-01-05,2,E0,2425,Fulham vs Ipswich,H,1.59,False,D,2.4002640000000004,False,-1.0
E0+T1 (>=1 confirm),2025-01-05,3,T1,2425,Fenerbahce vs Hatayspor,H,1.11,True,H,2.4002640000000004,False,-1.0
E0+T1 (>=1 confirm),2025-01-14,1,E0,2425,Chelsea vs Bournemouth,H,1.54,False,D,6.000148,False,-1.0
E0+T1 (>=1 confirm),2025-01-14,2,E0,2425,Brentford vs Man City,A,1.61,False,D,6.000148,False,-1.0
E0+T1 (>=1 confirm),2025-01-14,3,E0,2425,West Ham vs Fulham,A,2.42,False,H,6.000148,False,-1.0
E0+T1 (>=1 confirm),2025-01-15,1,E0,2425,Newcastle vs Wolves,H,1.37,True,H,4.44291,True,3.4429100000000004
E0+T1 (>=1 confirm),2025-01-15,2,E0,2425,Arsenal vs Tottenham,H,1.38,True,H,4.44291,True,3.4429100000000004
E0+T1 (>=1 confirm),2025-01-15,3,E0,2425,Everton vs Aston Villa,A,2.35,True,A,4.44291,True,3.4429100000000004
E0+T1 (>=1 confirm),2025-01-18,1,T1,2425,Gaziantep vs Bodrumspor,H,2.38,False,D,9.086839999999999,False,-1.0
E0+T1 (>=1 confirm),2025-01-18,2,E0,2425,Newcastle vs Bournemouth,H,1.66,False,A,9.086839999999999,False,-1.0
E0+T1 (>=1 confirm),2025-01-18,3,T1,2425,Buyuksehyr vs Rizespor,H,2.3,True,H,9.086839999999999,False,-1.0
E0+T1 (>=1 confirm),2025-01-19,1,T1,2425,Goztep vs Antalyaspor,H,1.64,True,H,2.6512239999999996,True,1.6512239999999996
E0+T1 (>=1 confirm),2025-01-19,2,E0,2425,Nott'm Forest vs Southampton,H,1.37,True,H,2.6512239999999996,True,1.6512239999999996
E0+T1 (>=1 confirm),2025-01-19,3,T1,2425,Ad. Demirspor vs Fenerbahce,A,1.18,True,A,2.6512239999999996,True,1.6512239999999996
E0+T1 (>=1 confirm),2025-01-25,1,E0,2425,Wolves vs Arsenal,A,1.61,True,A,4.694438000000001,True,3.6944380000000008
E0+T1 (>=1 confirm),2025-01-25,2,T1,2425,Galatasaray vs Konyaspor,H,1.22,True,H,4.694438000000001,True,3.6944380000000008
E0+T1 (>=1 confirm),2025-01-25,3,E0,2425,Man City vs Chelsea,H,2.39,True,H,4.694438000000001,True,3.6944380000000008
E0+T1 (>=1 confirm),2025-01-26,1,T1,2425,Fenerbahce vs Goztep,H,1.64,True,H,6.009288,False,-1.0
E0+T1 (>=1 confirm),2025-01-26,2,T1,2425,Antalyaspor vs Besiktas,A,1.86,False,D,6.009288,False,-1.0
E0+T1 (>=1 confirm),2025-01-26,3,E0,2425,Crystal Palace vs Brentford,H,1.97,False,A,6.009288,False,-1.0
E0+T1 (>=1 confirm),2025-02-01,1,E0,2425,Bournemouth vs Liverpool,A,1.72,True,A,6.8989199999999995,False,-1.0
E0+T1 (>=1 confirm),2025-02-01,2,E0,2425,Ipswich vs Southampton,H,1.91,False,A,6.8989199999999995,False,-1.0
E0+T1 (>=1 confirm),2025-02-01,3,T1,2425,Kayserispor vs Trabzonspor,A,2.1,False,D,6.8989199999999995,False,-1.0
E0+T1 (>=1 confirm),2025-02-02,1,T1,2425,Fenerbahce vs Rizespor,H,1.34,True,H,4.888454,True,3.8884540000000003
E0+T1 (>=1 confirm),2025-02-02,2,E0,2425,Arsenal vs Man City,H,1.91,True,H,4.888454,True,3.8884540000000003
E0+T1 (>=1 confirm),2025-02-02,3,T1,2425,Ad. Demirspor vs Kasimpasa,A,1.91,True,A,4.888454,True,3.8884540000000003
E0+T1 (>=1 confirm),2025-02-09,1,T1,2425,Alanyaspor vs Fenerbahce,A,1.57,True,A,3.7461770000000003,True,2.7461770000000003
E0+T1 (>=1 confirm),2025-02-09,2,T1,2425,Galatasaray vs Ad. Demirspor,H,1.07,True,H,3.7461770000000003,True,2.7461770000000003
E0+T1 (>=1 confirm),2025-02-09,3,T1,2425,Kasimpasa vs Rizespor,H,2.23,True,H,3.7461770000000003,True,2.7461770000000003
E0+T1 (>=1 confirm),2025-02-15,1,E0,2425,Leicester vs Arsenal,A,1.33,True,A,4.002768,False,-1.0
E0+T1 (>=1 confirm),2025-02-15,2,E0,2425,Aston Villa vs Ipswich,H,1.44,False,D,4.002768,False,-1.0
E0+T1 (>=1 confirm),2025-02-15,3,E0,2425,Man City vs Newcastle,H,2.09,True,H,4.002768,False,-1.0
E0+T1 (>=1 confirm),2025-02-16,1,T1,2425,Fenerbahce vs Kasimpasa,H,1.39,True,H,2.9235869999999995,False,-1.0
E0+T1 (>=1 confirm),2025-02-16,2,E0,2425,Liverpool vs Wolves,H,1.23,True,H,2.9235869999999995,False,-1.0
E0+T1 (>=1 confirm),2025-02-16,3,T1,2425,Eyupspor vs Kayserispor,H,1.71,False,D,2.9235869999999995,False,-1.0
E0+T1 (>=1 confirm),2025-02-22,1,E0,2425,Ipswich vs Tottenham,A,2.1,True,A,6.420330000000001,False,-1.0
E0+T1 (>=1 confirm),2025-02-22,2,T1,2425,Samsunspor vs Rizespor,H,2.37,False,A,6.420330000000001,False,-1.0
E0+T1 (>=1 confirm),2025-02-22,3,E0,2425,Arsenal vs West Ham,H,1.29,False,A,6.420330000000001,False,-1.0
E0+T1 (>=1 confirm),2025-02-23,1,E0,2425,Man City vs Liverpool,A,2.21,True,A,7.220070000000001,False,-1.0
E0+T1 (>=1 confirm),2025-02-23,2,T1,2425,Alanyaspor vs Ad. Demirspor,H,1.35,True,H,7.220070000000001,False,-1.0
E0+T1 (>=1 confirm),2025-02-23,3,T1,2425,Kayserispor vs Goztep,A,2.42,False,H,7.220070000000001,False,-1.0
E0+T1 (>=1 confirm),2025-02-26,1,E0,2425,Man United vs Ipswich,H,1.52,True,H,3.8524400000000005,True,2.8524400000000005
E0+T1 (>=1 confirm),2025-02-26,2,E0,2425,Liverpool vs Newcastle,H,1.37,True,H,3.8524400000000005,True,2.8524400000000005
E0+T1 (>=1 confirm),2025-02-26,3,E0,2425,Tottenham vs Man City,A,1.85,True,A,3.8524400000000005,True,2.8524400000000005
E0+T1 (>=1 confirm),2025-03-08,1,T1,2425,Kayserispor vs Buyuksehyr,A,2.38,False,H,7.249004,False,-1.0
E0+T1 (>=1 confirm),2025-03-08,2,E0,2425,Crystal Palace vs Ipswich,H,1.57,True,H,7.249004,False,-1.0
E0+T1 (>=1 confirm),2025-03-08,3,E0,2425,Nott'm Forest vs Man City,A,1.94,False,H,7.249004,False,-1.0
E0+T1 (>=1 confirm),2025-03-09,1,E0,2425,Chelsea vs Leicester,H,1.24,True,H,2.2870559999999998,True,1.2870559999999998
E0+T1 (>=1 confirm),2025-03-09,2,T1,2425,Samsunspor vs Ad. Demirspor,H,1.16,True,H,2.2870559999999998,True,1.2870559999999998
E0+T1 (>=1 confirm),2025-03-09,3,T1,2425,Alanyaspor vs Galatasaray,A,1.59,True,A,2.2870559999999998,True,1.2870559999999998
E0+T1 (>=1 confirm),2025-03-15,1,T1,2425,Gaziantep vs Kayserispor,H,2.29,True,H,8.381400000000001,False,-1.0
E0+T1 (>=1 confirm),2025-03-15,2,E0,2425,Man City vs Brighton,H,1.83,False,D,8.381400000000001,False,-1.0
E0+T1 (>=1 confirm),2025-03-15,3,E0,2425,Ipswich vs Nott'm Forest,A,2.0,True,A,8.381400000000001,False,-1.0
E0+T1 (>=1 confirm),2025-03-16,1,E0,2425,Leicester vs Man United,A,1.83,True,A,4.773555,False,-1.0
E0+T1 (>=1 confirm),2025-03-16,2,E0,2425,Fulham vs Tottenham,H,1.85,True,H,4.773555,False,-1.0
E0+T1 (>=1 confirm),2025-03-16,3,T1,2425,Fenerbahce vs Samsunspor,H,1.41,False,D,4.773555,False,-1.0
E0+T1 (>=1 confirm),2025-03-29,1,T1,2425,Samsunspor vs Kasimpasa,H,2.07,False,A,5.8423680000000004,False,-1.0
E0+T1 (>=1 confirm),2025-03-29,2,T1,2425,Besiktas vs Galatasaray,A,2.24,False,H,5.8423680000000004,False,-1.0
E0+T1 (>=1 confirm),2025-03-29,3,T1,2425,Sivasspor vs Ad. Demirspor,H,1.26,True,H,5.8423680000000004,False,-1.0
E0+T1 (>=1 confirm),2025-04-02,1,E0,2425,Southampton vs Crystal Palace,A,1.63,False,D,2.9339999999999997,False,-1.0
E0+T1 (>=1 confirm),2025-04-02,2,E0,2425,Liverpool vs Everton,H,1.5,True,H,2.9339999999999997,False,-1.0
E0+T1 (>=1 confirm),2025-04-02,3,E0,2425,Man City vs Leicester,H,1.2,True,H,2.9339999999999997,False,-1.0
E0+T1 (>=1 confirm),2025-04-05,1,E0,2425,Everton vs Arsenal,A,2.1,False,D,13.0032,False,-1.0
E0+T1 (>=1 confirm),2025-04-05,2,E0,2425,West Ham vs Bournemouth,A,2.4,False,D,13.0032,False,-1.0
E0+T1 (>=1 confirm),2025-04-05,3,E0,2425,Crystal Palace vs Brighton,H,2.58,True,H,13.0032,False,-1.0
E0+T1 (>=1 confirm),2025-04-06,1,E0,2425,Man United vs Man City,A,2.11,False,D,6.017297999999999,False,-1.0
E0+T1 (>=1 confirm),2025-04-06,2,T1,2425,Fenerbahce vs Trabzonspor,H,1.47,True,H,6.017297999999999,False,-1.0
E0+T1 (>=1 confirm),2025-04-06,3,E0,2425,Fulham vs Liverpool,A,1.94,False,H,6.017297999999999,False,-1.0
E0+T1 (>=1 confirm),2025-04-12,1,E0,2425,Southampton vs Aston Villa,A,1.53,True,A,4.064904,False,-1.0
E0+T1 (>=1 confirm),2025-04-12,2,E0,2425,Man City vs Crystal Palace,H,1.64,True,H,4.064904,False,-1.0
E0+T1 (>=1 confirm),2025-04-12,3,E0,2425,Arsenal vs Brentford,H,1.62,False,D,4.064904,False,-1.0
E0+T1 (>=1 confirm),2025-04-13,1,E0,2425,Newcastle vs Man United,H,1.62,True,H,4.002048,True,3.0020480000000003
E0+T1 (>=1 confirm),2025-04-13,2,T1,2425,Trabzonspor vs Rizespor,H,1.93,True,H,4.002048,True,3.0020480000000003
E0+T1 (>=1 confirm),2025-04-13,3,E0,2425,Liverpool vs West Ham,H,1.28,True,H,4.002048,True,3.0020480000000003
E0+T1 (>=1 confirm),2025-04-19,1,T1,2425,Ad. Demirspor vs Trabzonspor,A,1.2,True,A,5.1168,False,-1.0
E0+T1 (>=1 confirm),2025-04-19,2,E0,2425,Brentford vs Brighton,A,2.6,False,H,5.1168,False,-1.0
E0+T1 (>=1 confirm),2025-04-19,3,E0,2425,West Ham vs Southampton,H,1.64,False,D,5.1168,False,-1.0
E0+T1 (>=1 confirm),2025-04-20,1,E0,2425,Ipswich vs Arsenal,A,1.37,True,A,8.22822,False,-1.0
E0+T1 (>=1 confirm),2025-04-20,2,E0,2425,Man United vs Wolves,H,2.6,False,A,8.22822,False,-1.0
E0+T1 (>=1 confirm),2025-04-20,3,E0,2425,Fulham vs Chelsea,A,2.31,True,A,8.22822,False,-1.0
E0+T1 (>=1 confirm),2025-04-26,1,E0,2425,Wolves vs Leicester,H,1.55,True,H,3.9952799999999997,True,2.9952799999999997
E0+T1 (>=1 confirm),2025-04-26,2,E0,2425,Chelsea vs Everton,H,1.44,True,H,3.9952799999999997,True,2.9952799999999997
E0+T1 (>=1 confirm),2025-04-26,3,E0,2425,Brighton vs West Ham,H,1.79,True,H,3.9952799999999997,True,2.9952799999999997
E0+T1 (>=1 confirm),2025-04-27,1,T1,2425,Konyaspor vs Ad. Demirspor,H,1.18,True,H,3.2001599999999994,True,2.2001599999999994
E0+T1 (>=1 confirm),2025-04-27,2,E0,2425,Liverpool vs Tottenham,H,1.2,True,H,3.2001599999999994,True,2.2001599999999994
E0+T1 (>=1 confirm),2025-04-27,3,T1,2425,Kayserispor vs Rizespor,H,2.26,True,H,3.2001599999999994,True,2.2001599999999994
E0+T1 (>=1 confirm),2025-05-03,1,E0,2425,Arsenal vs Bournemouth,H,1.68,False,A,4.009152,False,-1.0
E0+T1 (>=1 confirm),2025-05-03,2,T1,2425,Hatayspor vs Buyuksehyr,A,1.52,True,A,4.009152,False,-1.0
E0+T1 (>=1 confirm),2025-05-03,3,E0,2425,Everton vs Ipswich,H,1.57,False,D,4.009152,False,-1.0
E0+T1 (>=1 confirm),2025-05-04,1,E0,2425,Brentford vs Man United,H,1.65,True,H,4.58667,False,-1.0
E0+T1 (>=1 confirm),2025-05-04,2,T1,2425,Ad. Demirspor vs Goztep,A,1.23,True,A,4.58667,False,-1.0
E0+T1 (>=1 confirm),2025-05-04,3,E0,2425,Brighton vs Newcastle,A,2.26,False,D,4.58667,False,-1.0
E0+T1 (>=1 confirm),2025-05-10,1,T1,2425,Konyaspor vs Rizespor,H,2.64,True,H,4.775232,False,-1.0
E0+T1 (>=1 confirm),2025-05-10,2,E0,2425,Ipswich vs Brentford,A,1.52,True,A,4.775232,False,-1.0
E0+T1 (>=1 confirm),2025-05-10,3,E0,2425,Southampton vs Man City,A,1.19,False,D,4.775232,False,-1.0
E0+T1 (>=1 confirm),2025-05-11,1,T1,2425,Goztep vs Hatayspor,H,1.23,False,D,2.8654080000000004,False,-1.0
E0+T1 (>=1 confirm),2025-05-11,2,T1,2425,Besiktas vs Ad. Demirspor,H,1.04,True,H,2.8654080000000004,False,-1.0
E0+T1 (>=1 confirm),2025-05-11,3,E0,2425,Liverpool vs Arsenal,H,2.24,False,D,2.8654080000000004,False,-1.0
E0+T1 (>=1 confirm),2025-05-18,1,E0,2425,Brentford vs Fulham,H,2.07,False,A,5.7425939999999995,False,-1.0
E0+T1 (>=1 confirm),2025-05-18,2,E0,2425,Arsenal vs Newcastle,H,1.94,True,H,5.7425939999999995,False,-1.0
E0+T1 (>=1 confirm),2025-05-18,3,E0,2425,Everton vs Southampton,H,1.43,True,H,5.7425939999999995,False,-1.0
E0+T1 (>=1 confirm),2025-05-25,1,E0,2425,Tottenham vs Brighton,A,1.92,True,A,3.451392,False,-1.0
E0+T1 (>=1 confirm),2025-05-25,2,E0,2425,Man United vs Aston Villa,A,1.68,False,H,3.451392,False,-1.0
E0+T1 (>=1 confirm),2025-05-25,3,T1,2425,Buyuksehyr vs Ad. Demirspor,H,1.07,False,A,3.451392,False,-1.0
E0 only (>=1 confirm),2021-08-14,1,E0,2122,Norwich vs Liverpool,A,1.48,True,A,8.209708,False,-1.0
E0 only (>=1 confirm),2021-08-14,2,E0,2122,Burnley vs Brighton,A,2.51,True,A,8.209708,False,-1.0
E0 only (>=1 confirm),2021-08-14,3,E0,2122,Watford vs Aston Villa,A,2.21,False,H,8.209708,False,-1.0
E0 only (>=1 confirm),2021-09-11,1,E0,2122,Man United vs Newcastle,H,1.2,True,H,4.6728,False,-1.0
E0 only (>=1 confirm),2021-09-11,2,E0,2122,Leicester vs Man City,A,1.65,True,A,4.6728,False,-1.0
E0 only (>=1 confirm),2021-09-11,3,E0,2122,Southampton vs West Ham,A,2.36,False,D,4.6728,False,-1.0
E0 only (>=1 confirm),2021-09-18,1,E0,2122,Man City vs Southampton,H,1.18,False,D,3.013956,False,-1.0
E0 only (>=1 confirm),2021-09-18,2,E0,2122,Liverpool vs Crystal Palace,H,1.29,True,H,3.013956,False,-1.0
E0 only (>=1 confirm),2021-09-18,3,E0,2122,Burnley vs Arsenal,A,1.98,True,A,3.013956,False,-1.0
E0 only (>=1 confirm),2021-09-19,1,E0,2122,Tottenham vs Chelsea,A,2.04,True,A,9.831779999999998,True,8.831779999999998
E0 only (>=1 confirm),2021-09-19,2,E0,2122,West Ham vs Man United,A,1.89,True,A,9.831779999999998,True,8.831779999999998
E0 only (>=1 confirm),2021-09-19,3,E0,2122,Brighton vs Leicester,H,2.55,True,H,9.831779999999998,True,8.831779999999998
E0 only (>=1 confirm),2021-09-25,1,E0,2122,Everton vs Norwich,H,1.7,True,H,3.4520199999999996,False,-1.0
E0 only (>=1 confirm),2021-09-25,2,E0,2122,Man United vs Aston Villa,H,1.42,False,A,3.4520199999999996,False,-1.0
E0 only (>=1 confirm),2021-09-25,3,E0,2122,Brentford vs Liverpool,A,1.43,False,D,3.4520199999999996,False,-1.0
E0 only (>=1 confirm),2021-10-02,1,E0,2122,Chelsea vs Southampton,H,1.46,True,H,4.755804,True,3.7558040000000004
E0 only (>=1 confirm),2021-10-02,2,E0,2122,Wolves vs Newcastle,H,1.83,True,H,4.755804,True,3.7558040000000004
E0 only (>=1 confirm),2021-10-02,3,E0,2122,Leeds vs Watford,H,1.78,True,H,4.755804,True,3.7558040000000004
E0 only (>=1 confirm),2021-10-16,1,E0,2122,Leicester vs Man United,A,1.99,False,H,3.1123600000000002,False,-1.0
E0 only (>=1 confirm),2021-10-16,2,E0,2122,Watford vs Liverpool,A,1.36,True,A,3.1123600000000002,False,-1.0
E0 only (>=1 confirm),2021-10-16,3,E0,2122,Man City vs Burnley,H,1.15,True,H,3.1123600000000002,False,-1.0
E0 only (>=1 confirm),2021-10-23,1,E0,2122,Everton vs Watford,H,1.84,False,A,3.210064,False,-1.0
E0 only (>=1 confirm),2021-10-23,2,E0,2122,Brighton vs Man City,A,1.43,True,A,3.210064,False,-1.0
E0 only (>=1 confirm),2021-10-23,3,E0,2122,Chelsea vs Norwich,H,1.22,True,H,3.210064,False,-1.0
E0 only (>=1 confirm),2021-10-30,1,E0,2122,Newcastle vs Chelsea,A,1.46,True,A,2.16372,False,-1.0
E0 only (>=1 confirm),2021-10-30,2,E0,2122,Man City vs Crystal Palace,H,1.14,False,A,2.16372,False,-1.0
E0 only (>=1 confirm),2021-10-30,3,E0,2122,Liverpool vs Brighton,H,1.3,False,D,2.16372,False,-1.0
E0 only (>=1 confirm),2021-11-06,1,E0,2122,Brentford vs Norwich,H,1.68,False,A,3.7492559999999995,False,-1.0
E0 only (>=1 confirm),2021-11-06,2,E0,2122,Chelsea vs Burnley,H,1.29,False,D,3.7492559999999995,False,-1.0
E0 only (>=1 confirm),2021-11-06,3,E0,2122,Man United vs Man City,A,1.73,True,A,3.7492559999999995,False,-1.0
E0 only (>=1 confirm),2021-11-07,1,E0,2122,Arsenal vs Watford,H,1.46,True,H,9.072294,False,-1.0
E0 only (>=1 confirm),2021-11-07,2,E0,2122,Leeds vs Leicester,H,2.69,False,D,9.072294,False,-1.0
E0 only (>=1 confirm),2021-11-07,3,E0,2122,Everton vs Tottenham,A,2.31,False,D,9.072294,False,-1.0
E0 only (>=1 confirm),2021-11-20,1,E0,2122,Leicester vs Chelsea,A,1.78,True,A,9.589572,False,-1.0
E0 only (>=1 confirm),2021-11-20,2,E0,2122,Norwich vs Southampton,A,2.19,False,H,9.589572,False,-1.0
E0 only (>=1 confirm),2021-11-20,3,E0,2122,Wolves vs West Ham,A,2.46,False,H,9.589572,False,-1.0
E0 only (>=1 confirm),2021-11-27,1,E0,2122,Liverpool vs Southampton,H,1.25,True,H,4.284000000000001,False,-1.0
E0 only (>=1 confirm),2021-11-27,2,E0,2122,Arsenal vs Newcastle,H,1.53,True,H,4.284000000000001,False,-1.0
E0 only (>=1 confirm),2021-11-27,3,E0,2122,Norwich vs Wolves,A,2.24,False,D,4.284000000000001,False,-1.0
E0 only (>=1 confirm),2021-12-01,1,E0,2122,Everton vs Liverpool,A,1.38,True,A,2.6959679999999997,True,1.6959679999999997
E0 only (>=1 confirm),2021-12-01,2,E0,2122,Aston Villa vs Man City,A,1.48,True,A,2.6959679999999997,True,1.6959679999999997
E0 only (>=1 confirm),2021-12-01,3,E0,2122,Watford vs Chelsea,A,1.32,True,A,2.6959679999999997,True,1.6959679999999997
E0 only (>=1 confirm),2021-12-04,1,E0,2122,Watford vs Man City,A,1.22,True,A,3.080988,False,-1.0
E0 only (>=1 confirm),2021-12-04,2,E0,2122,West Ham vs Chelsea,A,1.83,False,H,3.080988,False,-1.0
E0 only (>=1 confirm),2021-12-04,3,E0,2122,Wolves vs Liverpool,A,1.38,True,A,3.080988,False,-1.0
E0 only (>=1 confirm),2021-12-05,1,E0,2122,Tottenham vs Norwich,H,1.48,True,H,5.47008,True,4.47008
E0 only (>=1 confirm),2021-12-05,2,E0,2122,Aston Villa vs Leicester,H,2.4,True,H,5.47008,True,4.47008
E0 only (>=1 confirm),2021-12-05,3,E0,2122,Man United vs Crystal Palace,H,1.54,True,H,5.47008,True,4.47008
E0 only (>=1 confirm),2021-12-11,1,E0,2122,Arsenal vs Southampton,H,1.75,True,H,2.9231999999999996,True,1.9231999999999996
E0 only (>=1 confirm),2021-12-11,2,E0,2122,Man City vs Wolves,H,1.16,True,H,2.9231999999999996,True,1.9231999999999996
E0 only (>=1 confirm),2021-12-11,3,E0,2122,Norwich vs Man United,A,1.44,True,A,2.9231999999999996,True,1.9231999999999996
E0 only (>=1 confirm),2021-12-26,1,E0,2122,Norwich vs Arsenal,A,1.53,True,A,5.30145,False,-1.0
E0 only (>=1 confirm),2021-12-26,2,E0,2122,Tottenham vs Crystal Palace,H,1.75,True,H,5.30145,False,-1.0
E0 only (>=1 confirm),2021-12-26,3,E0,2122,West Ham vs Southampton,H,1.98,False,A,5.30145,False,-1.0
E0 only (>=1 confirm),2021-12-28,1,E0,2122,Watford vs West Ham,A,2.07,True,A,5.974226999999999,False,-1.0
E0 only (>=1 confirm),2021-12-28,2,E0,2122,Southampton vs Tottenham,A,2.17,False,D,5.974226999999999,False,-1.0
E0 only (>=1 confirm),2021-12-28,3,E0,2122,Leicester vs Liverpool,A,1.33,False,H,5.974226999999999,False,-1.0
E0 only (>=1 confirm),2022-01-15,1,E0,2122,Man City vs Chelsea,H,1.67,True,H,7.6512720000000005,False,-1.0
E0 only (>=1 confirm),2022-01-15,2,E0,2122,Newcastle vs Watford,H,1.84,False,D,7.6512720000000005,False,-1.0
E0 only (>=1 confirm),2022-01-15,3,E0,2122,Wolves vs Southampton,H,2.49,True,H,7.6512720000000005,False,-1.0
E0 only (>=1 confirm),2022-01-22,1,E0,2122,Man United vs West Ham,H,2.17,True,H,5.24706,False,-1.0
E0 only (>=1 confirm),2022-01-22,2,E0,2122,Southampton vs Man City,A,1.3,False,D,5.24706,False,-1.0
E0 only (>=1 confirm),2022-01-22,3,E0,2122,Leeds vs Newcastle,H,1.86,False,A,5.24706,False,-1.0
E0 only (>=1 confirm),2022-02-08,1,E0,2122,Burnley vs Man United,A,1.56,False,D,6.26262,False,-1.0
E0 only (>=1 confirm),2022-02-08,2,E0,2122,West Ham vs Watford,H,1.55,True,H,6.26262,False,-1.0
E0 only (>=1 confirm),2022-02-08,3,E0,2122,Newcastle vs Everton,H,2.59,True,H,6.26262,False,-1.0
E0 only (>=1 confirm),2022-02-09,1,E0,2122,Man City vs Brentford,H,1.1,True,H,3.989370000000001,False,-1.0
E0 only (>=1 confirm),2022-02-09,2,E0,2122,Tottenham vs Southampton,H,1.57,False,A,3.989370000000001,False,-1.0
E0 only (>=1 confirm),2022-02-09,3,E0,2122,Norwich vs Crystal Palace,A,2.31,False,D,3.989370000000001,False,-1.0
E0 only (>=1 confirm),2022-02-12,1,E0,2122,Man United vs Southampton,H,1.54,False,D,3.6344,False,-1.0
E0 only (>=1 confirm),2022-02-12,2,E0,2122,Norwich vs Man City,A,1.18,True,A,3.6344,False,-1.0
E0 only (>=1 confirm),2022-02-12,3,E0,2122,Watford vs Brighton,A,2.0,True,A,3.6344,False,-1.0
E0 only (>=1 confirm),2022-02-19,1,E0,2122,Man City vs Tottenham,H,1.28,False,A,2.1985279999999996,False,-1.0
E0 only (>=1 confirm),2022-02-19,2,E0,2122,Arsenal vs Brentford,H,1.52,True,H,2.1985279999999996,False,-1.0
E0 only (>=1 confirm),2022-02-19,3,E0,2122,Liverpool vs Norwich,H,1.13,True,H,2.1985279999999996,False,-1.0
E0 only (>=1 confirm),2022-02-26,1,E0,2122,Man United vs Watford,H,1.39,False,D,3.4749999999999996,False,-1.0
E0 only (>=1 confirm),2022-02-26,2,E0,2122,Everton vs Man City,A,1.25,True,A,3.4749999999999996,False,-1.0
E0 only (>=1 confirm),2022-02-26,3,E0,2122,Leeds vs Tottenham,A,2.0,True,A,3.4749999999999996,False,-1.0
E0 only (>=1 confirm),2022-03-05,1,E0,2122,Leicester vs Leeds,H,2.14,True,H,13.60184,True,12.60184
E0 only (>=1 confirm),2022-03-05,2,E0,2122,Newcastle vs Brighton,H,2.8,True,H,13.60184,True,12.60184
E0 only (>=1 confirm),2022-03-05,3,E0,2122,Aston Villa vs Southampton,H,2.27,True,H,13.60184,True,12.60184
E0 only (>=1 confirm),2022-03-10,1,E0,2122,Norwich vs Chelsea,A,1.36,True,A,6.724791999999999,True,5.724791999999999
E0 only (>=1 confirm),2022-03-10,2,E0,2122,Leeds vs Aston Villa,A,2.51,True,A,6.724791999999999,True,5.724791999999999
E0 only (>=1 confirm),2022-03-10,3,E0,2122,Wolves vs Watford,H,1.97,True,H,6.724791999999999,True,5.724791999999999
E0 only (>=1 confirm),2022-03-12,1,E0,2122,Brighton vs Liverpool,A,1.51,True,A,7.723046000000001,True,6.723046000000001
E0 only (>=1 confirm),2022-03-12,2,E0,2122,Brentford vs Burnley,H,2.14,True,H,7.723046000000001,True,6.723046000000001
E0 only (>=1 confirm),2022-03-12,3,E0,2122,Man United vs Tottenham,H,2.39,True,H,7.723046000000001,True,6.723046000000001
E0 only (>=1 confirm),2022-03-13,1,E0,2122,Leeds vs Norwich,H,1.62,True,H,3.94632,False,-1.0
E0 only (>=1 confirm),2022-03-13,2,E0,2122,Arsenal vs Leicester,H,1.45,True,H,3.94632,False,-1.0
E0 only (>=1 confirm),2022-03-13,3,E0,2122,Southampton vs Watford,H,1.68,False,A,3.94632,False,-1.0
E0 only (>=1 confirm),2022-04-02,1,E0,2122,Brighton vs Norwich,H,1.52,False,D,3.3196799999999995,False,-1.0
E0 only (>=1 confirm),2022-04-02,2,E0,2122,Chelsea vs Brentford,H,1.4,False,A,3.3196799999999995,False,-1.0
E0 only (>=1 confirm),2022-04-02,3,E0,2122,Man United vs Leicester,H,1.56,False,D,3.3196799999999995,False,-1.0
E0 only (>=1 confirm),2022-04-09,1,E0,2122,Southampton vs Chelsea,A,2.05,True,A,8.659199999999998,False,-1.0
E0 only (>=1 confirm),2022-04-09,2,E0,2122,Aston Villa vs Tottenham,A,2.2,True,A,8.659199999999998,False,-1.0
E0 only (>=1 confirm),2022-04-09,3,E0,2122,Everton vs Man United,A,1.92,False,H,8.659199999999998,False,-1.0
E0 only (>=1 confirm),2022-04-16,1,E0,2122,Tottenham vs Brighton,H,1.51,False,A,5.025582,False,-1.0
E0 only (>=1 confirm),2022-04-16,2,E0,2122,Man United vs Norwich,H,1.29,True,H,5.025582,False,-1.0
E0 only (>=1 confirm),2022-04-16,3,E0,2122,Watford vs Brentford,A,2.58,True,A,5.025582,False,-1.0
E0 only (>=1 confirm),2022-04-23,1,E0,2122,Arsenal vs Man United,H,2.06,True,H,5.8195,False,-1.0
E0 only (>=1 confirm),2022-04-23,2,E0,2122,Man City vs Watford,H,1.13,True,H,5.8195,False,-1.0
E0 only (>=1 confirm),2022-04-23,3,E0,2122,Leicester vs Aston Villa,A,2.5,False,D,5.8195,False,-1.0
E0 only (>=1 confirm),2022-05-07,1,E0,2122,Crystal Palace vs Watford,H,1.7,True,H,3.35478,False,-1.0
E0 only (>=1 confirm),2022-05-07,2,E0,2122,Liverpool vs Tottenham,H,1.43,False,D,3.35478,False,-1.0
E0 only (>=1 confirm),2022-05-07,3,E0,2122,Chelsea vs Wolves,H,1.38,False,D,3.35478,False,-1.0
E0 only (>=1 confirm),2022-05-08,1,E0,2122,Arsenal vs Leeds,H,1.54,True,H,3.099096,True,2.099096
E0 only (>=1 confirm),2022-05-08,2,E0,2122,Norwich vs West Ham,A,1.72,True,A,3.099096,True,2.099096
E0 only (>=1 confirm),2022-05-08,3,E0,2122,Man City vs Newcastle,H,1.17,True,H,3.099096,True,2.099096
E0 only (>=1 confirm),2022-05-22,1,E0,2122,Norwich vs Tottenham,A,1.34,True,A,2.59692,True,1.59692
E0 only (>=1 confirm),2022-05-22,2,E0,2122,Leicester vs Southampton,H,1.7,True,H,2.59692,True,1.59692
E0 only (>=1 confirm),2022-05-22,3,E0,2122,Liverpool vs Wolves,H,1.14,True,H,2.59692,True,1.59692
E0 only (>=1 confirm),2022-08-13,1,E0,2223,Arsenal vs Leicester,H,1.58,True,H,4.163616,False,-1.0
E0 only (>=1 confirm),2022-08-13,2,E0,2223,Man City vs Bournemouth,H,1.08,True,H,4.163616,False,-1.0
E0 only (>=1 confirm),2022-08-13,3,E0,2223,Southampton vs Leeds,H,2.44,False,D,4.163616,False,-1.0
E0 only (>=1 confirm),2022-08-27,1,E0,2223,Southampton vs Man United,A,2.02,True,A,4.991016,True,3.991016
E0 only (>=1 confirm),2022-08-27,2,E0,2223,Arsenal vs Fulham,H,1.42,True,H,4.991016,True,3.991016
E0 only (>=1 confirm),2022-08-27,3,E0,2223,Brighton vs Leeds,H,1.74,True,H,4.991016,True,3.991016
E0 only (>=1 confirm),2022-08-30,1,E0,2223,Crystal Palace vs Brentford,H,2.12,False,D,8.527064,False,-1.0
E0 only (>=1 confirm),2022-08-30,2,E0,2223,Southampton vs Chelsea,A,1.69,False,H,8.527064,False,-1.0
E0 only (>=1 confirm),2022-08-30,3,E0,2223,Fulham vs Brighton,A,2.38,False,H,8.527064,False,-1.0
E0 only (>=1 confirm),2022-08-31,1,E0,2223,Arsenal vs Aston Villa,H,1.55,True,H,3.9215000000000004,False,-1.0
E0 only (>=1 confirm),2022-08-31,2,E0,2223,Man City vs Nott'm Forest,H,1.1,True,H,3.9215000000000004,False,-1.0
E0 only (>=1 confirm),2022-08-31,3,E0,2223,West Ham vs Tottenham,A,2.3,False,D,3.9215000000000004,False,-1.0
E0 only (>=1 confirm),2022-09-03,1,E0,2223,Aston Villa vs Man City,A,1.33,False,D,4.04054,False,-1.0
E0 only (>=1 confirm),2022-09-03,2,E0,2223,Brentford vs Leeds,H,2.17,True,H,4.04054,False,-1.0
E0 only (>=1 confirm),2022-09-03,3,E0,2223,Everton vs Liverpool,A,1.4,False,D,4.04054,False,-1.0
E0 only (>=1 confirm),2022-10-01,1,E0,2223,Arsenal vs Tottenham,H,1.99,True,H,8.477798,False,-1.0
E0 only (>=1 confirm),2022-10-01,2,E0,2223,Crystal Palace vs Chelsea,A,1.79,True,A,8.477798,False,-1.0
E0 only (>=1 confirm),2022-10-01,3,E0,2223,Southampton vs Everton,H,2.38,False,A,8.477798,False,-1.0
E0 only (>=1 confirm),2022-10-08,1,E0,2223,Man City vs Southampton,H,1.13,True,H,4.4605619999999995,False,-1.0
E0 only (>=1 confirm),2022-10-08,2,E0,2223,Chelsea vs Wolves,H,1.53,True,H,4.4605619999999995,False,-1.0
E0 only (>=1 confirm),2022-10-08,3,E0,2223,Brighton vs Tottenham,H,2.58,False,A,4.4605619999999995,False,-1.0
E0 only (>=1 confirm),2022-10-16,1,E0,2223,Leeds vs Arsenal,A,1.7,True,A,8.2042,False,-1.0
E0 only (>=1 confirm),2022-10-16,2,E0,2223,Liverpool vs Man City,A,1.9,False,H,8.2042,False,-1.0
E0 only (>=1 confirm),2022-10-16,3,E0,2223,Southampton vs West Ham,A,2.54,False,D,8.2042,False,-1.0
E0 only (>=1 confirm),2022-10-19,1,E0,2223,Brentford vs Chelsea,A,1.88,False,D,7.583544,False,-1.0
E0 only (>=1 confirm),2022-10-19,2,E0,2223,Newcastle vs Everton,H,1.66,True,H,7.583544,False,-1.0
E0 only (>=1 confirm),2022-10-19,3,E0,2223,Man United vs Tottenham,H,2.43,True,H,7.583544,False,-1.0
E0 only (>=1 confirm),2022-10-23,1,E0,2223,Leeds vs Fulham,H,2.1,False,A,6.46464,False,-1.0
E0 only (>=1 confirm),2022-10-23,2,E0,2223,Southampton vs Arsenal,A,1.48,False,D,6.46464,False,-1.0
E0 only (>=1 confirm),2022-10-23,3,E0,2223,Aston Villa vs Brentford,H,2.08,True,H,6.46464,False,-1.0
E0 only (>=1 confirm),2022-10-29,1,E0,2223,Leicester vs Man City,A,1.42,True,A,3.108948,False,-1.0
E0 only (>=1 confirm),2022-10-29,2,E0,2223,Newcastle vs Aston Villa,H,1.78,True,H,3.108948,False,-1.0
E0 only (>=1 confirm),2022-10-29,3,E0,2223,Liverpool vs Leeds,H,1.23,False,A,3.108948,False,-1.0
E0 only (>=1 confirm),2022-11-05,1,E0,2223,Man City vs Fulham,H,1.18,True,H,4.984319999999999,False,-1.0
E0 only (>=1 confirm),2022-11-05,2,E0,2223,Leeds vs Bournemouth,H,1.65,True,H,4.984319999999999,False,-1.0
E0 only (>=1 confirm),2022-11-05,3,E0,2223,Everton vs Leicester,H,2.56,False,A,4.984319999999999,False,-1.0
E0 only (>=1 confirm),2022-11-06,1,E0,2223,Southampton vs Newcastle,A,1.85,True,A,8.18181,False,-1.0
E0 only (>=1 confirm),2022-11-06,2,E0,2223,West Ham vs Crystal Palace,H,1.89,False,A,8.18181,False,-1.0
E0 only (>=1 confirm),2022-11-06,3,E0,2223,Aston Villa vs Man United,A,2.34,False,H,8.18181,False,-1.0
E0 only (>=1 confirm),2022-11-12,1,E0,2223,Wolves vs Arsenal,A,1.57,True,A,3.592945,False,-1.0
E0 only (>=1 confirm),2022-11-12,2,E0,2223,Man City vs Brentford,H,1.15,False,A,3.592945,False,-1.0
E0 only (>=1 confirm),2022-11-12,3,E0,2223,West Ham vs Leicester,H,1.99,False,A,3.592945,False,-1.0
E0 only (>=1 confirm),2022-12-26,1,E0,2223,Arsenal vs West Ham,H,1.57,True,H,5.649488,True,4.649488
E0 only (>=1 confirm),2022-12-26,2,E0,2223,Aston Villa vs Liverpool,A,1.73,True,A,5.649488,True,4.649488
E0 only (>=1 confirm),2022-12-26,3,E0,2223,Southampton vs Brighton,A,2.08,True,A,5.649488,True,4.649488
E0 only (>=1 confirm),2022-12-31,1,E0,2223,Newcastle vs Leeds,H,1.46,False,D,3.0893599999999997,False,-1.0
E0 only (>=1 confirm),2022-12-31,2,E0,2223,Man City vs Everton,H,1.15,False,D,3.0893599999999997,False,-1.0
E0 only (>=1 confirm),2022-12-31,3,E0,2223,Fulham vs Southampton,H,1.84,True,H,3.0893599999999997,False,-1.0
E0 only (>=1 confirm),2023-01-03,1,E0,2223,Man United vs Bournemouth,H,1.29,True,H,5.4190320000000005,False,-1.0
E0 only (>=1 confirm),2023-01-03,2,E0,2223,Arsenal vs Newcastle,H,1.78,False,D,5.4190320000000005,False,-1.0
E0 only (>=1 confirm),2023-01-03,3,E0,2223,Leicester vs Fulham,H,2.36,False,A,5.4190320000000005,False,-1.0
E0 only (>=1 confirm),2023-01-04,1,E0,2223,Leeds vs West Ham,A,2.56,False,D,11.53152,False,-1.0
E0 only (>=1 confirm),2023-01-04,2,E0,2223,Aston Villa vs Wolves,H,1.95,False,D,11.53152,False,-1.0
E0 only (>=1 confirm),2023-01-04,3,E0,2223,Crystal Palace vs Tottenham,A,2.31,True,A,11.53152,False,-1.0
E0 only (>=1 confirm),2023-01-14,1,E0,2223,Brentford vs Bournemouth,H,1.61,True,H,9.389842000000002,False,-1.0
E0 only (>=1 confirm),2023-01-14,2,E0,2223,Brighton vs Liverpool,A,2.41,False,H,9.389842000000002,False,-1.0
E0 only (>=1 confirm),2023-01-14,3,E0,2223,Everton vs Southampton,H,2.42,False,A,9.389842000000002,False,-1.0
E0 only (>=1 confirm),2023-01-21,1,E0,2223,Leicester vs Brighton,A,1.83,False,D,9.273891,False,-1.0
E0 only (>=1 confirm),2023-01-21,2,E0,2223,Crystal Palace vs Newcastle,A,1.87,False,D,9.273891,False,-1.0
E0 only (>=1 confirm),2023-01-21,3,E0,2223,Bournemouth vs Nott'm Forest,A,2.71,False,D,9.273891,False,-1.0
E0 only (>=1 confirm),2023-02-04,1,E0,2223,Wolves vs Liverpool,A,1.97,False,H,4.983706,False,-1.0
E0 only (>=1 confirm),2023-02-04,2,E0,2223,Brighton vs Bournemouth,H,1.39,True,H,4.983706,False,-1.0
E0 only (>=1 confirm),2023-02-04,3,E0,2223,Brentford vs Southampton,H,1.82,True,H,4.983706,False,-1.0
E0 only (>=1 confirm),2023-02-11,1,E0,2223,Crystal Palace vs Brighton,A,1.76,False,D,4.532704,False,-1.0
E0 only (>=1 confirm),2023-02-11,2,E0,2223,Bournemouth vs Newcastle,A,1.63,False,D,4.532704,False,-1.0
E0 only (>=1 confirm),2023-02-11,3,E0,2223,Arsenal vs Brentford,H,1.58,False,D,4.532704,False,-1.0
E0 only (>=1 confirm),2023-02-18,1,E0,2223,Wolves vs Bournemouth,H,1.83,False,A,3.7968840000000004,False,-1.0
E0 only (>=1 confirm),2023-02-18,2,E0,2223,Brighton vs Fulham,H,1.56,False,A,3.7968840000000004,False,-1.0
E0 only (>=1 confirm),2023-02-18,3,E0,2223,Nott'm Forest vs Man City,A,1.33,False,D,3.7968840000000004,False,-1.0
E0 only (>=1 confirm),2023-02-25,1,E0,2223,Leicester vs Arsenal,A,1.6,True,A,3.7209600000000007,False,-1.0
E0 only (>=1 confirm),2023-02-25,2,E0,2223,Crystal Palace vs Liverpool,A,1.71,False,D,3.7209600000000007,False,-1.0
E0 only (>=1 confirm),2023-02-25,3,E0,2223,Bournemouth vs Man City,A,1.36,True,A,3.7209600000000007,False,-1.0
E0 only (>=1 confirm),2023-03-04,1,E0,2223,Brighton vs West Ham,H,1.68,True,H,3.1202639999999997,True,2.1202639999999997
E0 only (>=1 confirm),2023-03-04,2,E0,2223,Man City vs Newcastle,H,1.51,True,H,3.1202639999999997,True,2.1202639999999997
E0 only (>=1 confirm),2023-03-04,3,E0,2223,Arsenal vs Bournemouth,H,1.23,True,H,3.1202639999999997,True,2.1202639999999997
E0 only (>=1 confirm),2023-03-11,1,E0,2223,Crystal Palace vs Man City,A,1.35,True,A,3.621375,False,-1.0
E0 only (>=1 confirm),2023-03-11,2,E0,2223,Bournemouth vs Liverpool,A,1.45,False,H,3.621375,False,-1.0
E0 only (>=1 confirm),2023-03-11,3,E0,2223,Leeds vs Brighton,A,1.85,False,D,3.621375,False,-1.0
E0 only (>=1 confirm),2023-03-12,1,E0,2223,Fulham vs Arsenal,A,1.43,True,A,4.429568,False,-1.0
E0 only (>=1 confirm),2023-03-12,2,E0,2223,Man United vs Southampton,H,1.28,False,D,4.429568,False,-1.0
E0 only (>=1 confirm),2023-03-12,3,E0,2223,West Ham vs Aston Villa,H,2.42,False,D,4.429568,False,-1.0
E0 only (>=1 confirm),2023-04-01,1,E0,2223,Brighton vs Brentford,H,1.64,False,D,3.3949639999999994,False,-1.0
E0 only (>=1 confirm),2023-04-01,2,E0,2223,Chelsea vs Aston Villa,H,1.63,False,A,3.3949639999999994,False,-1.0
E0 only (>=1 confirm),2023-04-01,3,E0,2223,Arsenal vs Leeds,H,1.27,True,H,3.3949639999999994,False,-1.0
E0 only (>=1 confirm),2023-04-04,1,E0,2223,Bournemouth vs Brighton,A,1.59,True,A,9.573390000000002,False,-1.0
E0 only (>=1 confirm),2023-04-04,2,E0,2223,Chelsea vs Liverpool,H,2.23,False,D,9.573390000000002,False,-1.0
E0 only (>=1 confirm),2023-04-04,3,E0,2223,Leicester vs Aston Villa,A,2.7,True,A,9.573390000000002,False,-1.0
E0 only (>=1 confirm),2023-04-08,1,E0,2223,Aston Villa vs Nott'm Forest,H,1.6,True,H,4.27392,False,-1.0
E0 only (>=1 confirm),2023-04-08,2,E0,2223,Southampton vs Man City,A,1.26,True,A,4.27392,False,-1.0
E0 only (>=1 confirm),2023-04-08,3,E0,2223,Leicester vs Bournemouth,H,2.12,False,A,4.27392,False,-1.0
E0 only (>=1 confirm),2023-04-15,1,E0,2223,Man City vs Leicester,H,1.13,True,H,7.6133750000000004,True,6.6133750000000004
E0 only (>=1 confirm),2023-04-15,2,E0,2223,Southampton vs Crystal Palace,A,2.75,True,A,7.6133750000000004,True,6.6133750000000004
E0 only (>=1 confirm),2023-04-15,3,E0,2223,Chelsea vs Brighton,A,2.45,True,A,7.6133750000000004,True,6.6133750000000004
E0 only (>=1 confirm),2023-04-22,1,E0,2223,Liverpool vs Nott'm Forest,H,1.17,True,H,7.605936,False,-1.0
E0 only (>=1 confirm),2023-04-22,2,E0,2223,Brentford vs Aston Villa,H,2.72,False,D,7.605936,False,-1.0
E0 only (>=1 confirm),2023-04-22,3,E0,2223,Fulham vs Leeds,H,2.39,True,H,7.605936,False,-1.0
E0 only (>=1 confirm),2023-04-26,1,E0,2223,Nott'm Forest vs Brighton,A,1.59,False,H,5.0218560000000005,False,-1.0
E0 only (>=1 confirm),2023-04-26,2,E0,2223,Man City vs Arsenal,H,1.68,True,H,5.0218560000000005,False,-1.0
E0 only (>=1 confirm),2023-04-26,3,E0,2223,Chelsea vs Brentford,H,1.88,False,A,5.0218560000000005,False,-1.0
E0 only (>=1 confirm),2023-04-30,1,E0,2223,Man United vs Aston Villa,H,1.76,True,H,2.7720000000000002,True,1.7720000000000002
E0 only (>=1 confirm),2023-04-30,2,E0,2223,Fulham vs Man City,A,1.26,True,A,2.7720000000000002,True,1.7720000000000002
E0 only (>=1 confirm),2023-04-30,3,E0,2223,Newcastle vs Southampton,H,1.25,True,H,2.7720000000000002,True,1.7720000000000002
E0 only (>=1 confirm),2023-05-06,1,E0,2223,Man City vs Leeds,H,1.17,True,H,4.493034,True,3.4930339999999998
E0 only (>=1 confirm),2023-05-06,2,E0,2223,Bournemouth vs Chelsea,A,2.11,True,A,4.493034,True,3.4930339999999998
E0 only (>=1 confirm),2023-05-06,3,E0,2223,Tottenham vs Crystal Palace,H,1.82,True,H,4.493034,True,3.4930339999999998
E0 only (>=1 confirm),2023-05-08,1,E0,2223,Brighton vs Everton,H,1.37,False,A,7.564592,False,-1.0
E0 only (>=1 confirm),2023-05-08,2,E0,2223,Fulham vs Leicester,H,2.72,True,H,7.564592,False,-1.0
E0 only (>=1 confirm),2023-05-08,3,E0,2223,Nott'm Forest vs Southampton,H,2.03,True,H,7.564592,False,-1.0
E0 only (>=1 confirm),2023-05-13,1,E0,2223,Leeds vs Newcastle,A,1.63,False,D,9.67568,False,-1.0
E0 only (>=1 confirm),2023-05-13,2,E0,2223,Aston Villa vs Tottenham,H,2.24,True,H,9.67568,False,-1.0
E0 only (>=1 confirm),2023-05-13,3,E0,2223,Southampton vs Fulham,A,2.65,True,A,9.67568,False,-1.0
E0 only (>=1 confirm),2023-05-21,1,E0,2223,Man City vs Chelsea,H,1.6,True,H,5.1304,False,-1.0
E0 only (>=1 confirm),2023-05-21,2,E0,2223,Brighton vs Southampton,H,1.21,True,H,5.1304,False,-1.0
E0 only (>=1 confirm),2023-05-21,3,E0,2223,West Ham vs Leeds,A,2.65,False,H,5.1304,False,-1.0
E0 only (>=1 confirm),2023-05-28,1,E0,2223,Southampton vs Liverpool,A,1.53,False,D,5.129325,False,-1.0
E0 only (>=1 confirm),2023-05-28,2,E0,2223,Man United vs Fulham,H,1.49,True,H,5.129325,False,-1.0
E0 only (>=1 confirm),2023-05-28,3,E0,2223,Brentford vs Man City,A,2.25,False,H,5.129325,False,-1.0
E0 only (>=1 confirm),2023-09-02,1,E0,2324,Brentford vs Bournemouth,H,1.75,False,D,4.977175,False,-1.0
E0 only (>=1 confirm),2023-09-02,2,E0,2324,Man City vs Fulham,H,1.19,True,H,4.977175,False,-1.0
E0 only (>=1 confirm),2023-09-02,3,E0,2324,Sheffield United vs Everton,A,2.39,False,D,4.977175,False,-1.0
E0 only (>=1 confirm),2023-09-16,1,E0,2324,Tottenham vs Sheffield United,H,1.3,True,H,3.6234899999999994,True,2.6234899999999994
E0 only (>=1 confirm),2023-09-16,2,E0,2324,Wolves vs Liverpool,A,1.71,True,A,3.6234899999999994,True,2.6234899999999994
E0 only (>=1 confirm),2023-09-16,3,E0,2324,West Ham vs Man City,A,1.63,True,A,3.6234899999999994,True,2.6234899999999994
E0 only (>=1 confirm),2023-09-23,1,E0,2324,Man City vs Nott'm Forest,H,1.17,True,H,4.49631,False,-1.0
E0 only (>=1 confirm),2023-09-23,2,E0,2324,Crystal Palace vs Fulham,H,2.1,False,D,4.49631,False,-1.0
E0 only (>=1 confirm),2023-09-23,3,E0,2324,Burnley vs Man United,A,1.83,True,A,4.49631,False,-1.0
E0 only (>=1 confirm),2023-09-24,1,E0,2324,Arsenal vs Tottenham,H,1.65,False,D,3.93756,False,-1.0
E0 only (>=1 confirm),2023-09-24,2,E0,2324,Brighton vs Bournemouth,H,1.52,True,H,3.93756,False,-1.0
E0 only (>=1 confirm),2023-09-24,3,E0,2324,Sheffield United vs Newcastle,A,1.57,True,A,3.93756,False,-1.0
E0 only (>=1 confirm),2023-09-30,1,E0,2324,West Ham vs Sheffield United,H,1.48,True,H,3.62452,False,-1.0
E0 only (>=1 confirm),2023-09-30,2,E0,2324,Man United vs Crystal Palace,H,1.58,False,A,3.62452,False,-1.0
E0 only (>=1 confirm),2023-09-30,3,E0,2324,Bournemouth vs Arsenal,A,1.55,True,A,3.62452,False,-1.0
E0 only (>=1 confirm),2023-10-07,1,E0,2324,Luton vs Tottenham,A,1.45,True,A,4.2537199999999995,True,3.2537199999999995
E0 only (>=1 confirm),2023-10-07,2,E0,2324,Everton vs Bournemouth,H,1.93,True,H,4.2537199999999995,True,3.2537199999999995
E0 only (>=1 confirm),2023-10-07,3,E0,2324,Fulham vs Sheffield United,H,1.52,True,H,4.2537199999999995,True,3.2537199999999995
E0 only (>=1 confirm),2023-10-21,1,E0,2324,Sheffield United vs Man United,A,1.38,True,A,4.717943999999999,False,-1.0
E0 only (>=1 confirm),2023-10-21,2,E0,2324,Chelsea vs Arsenal,A,2.31,False,D,4.717943999999999,False,-1.0
E0 only (>=1 confirm),2023-10-21,3,E0,2324,Newcastle vs Crystal Palace,H,1.48,True,H,4.717943999999999,False,-1.0
E0 only (>=1 confirm),2023-10-28,1,E0,2324,Arsenal vs Sheffield United,H,1.13,True,H,3.9713849999999993,False,-1.0
E0 only (>=1 confirm),2023-10-28,2,E0,2324,Chelsea vs Brentford,H,1.65,False,A,3.9713849999999993,False,-1.0
E0 only (>=1 confirm),2023-10-28,3,E0,2324,Bournemouth vs Burnley,H,2.13,True,H,3.9713849999999993,False,-1.0
E0 only (>=1 confirm),2023-10-29,1,E0,2324,Aston Villa vs Luton,H,1.34,True,H,2.681072,False,-1.0
E0 only (>=1 confirm),2023-10-29,2,E0,2324,Liverpool vs Nott'm Forest,H,1.22,True,H,2.681072,False,-1.0
E0 only (>=1 confirm),2023-10-29,3,E0,2324,Brighton vs Fulham,H,1.64,False,D,2.681072,False,-1.0
E0 only (>=1 confirm),2023-11-04,1,E0,2324,Man City vs Bournemouth,H,1.09,True,H,7.5582780000000005,False,-1.0
E0 only (>=1 confirm),2023-11-04,2,E0,2324,Everton vs Brighton,A,2.54,False,D,7.5582780000000005,False,-1.0
E0 only (>=1 confirm),2023-11-04,3,E0,2324,Newcastle vs Arsenal,A,2.73,False,H,7.5582780000000005,False,-1.0
E0 only (>=1 confirm),2023-11-11,1,E0,2324,Bournemouth vs Newcastle,A,1.97,False,H,3.024147,False,-1.0
E0 only (>=1 confirm),2023-11-11,2,E0,2324,Arsenal vs Burnley,H,1.19,True,H,3.024147,False,-1.0
E0 only (>=1 confirm),2023-11-11,3,E0,2324,Man United vs Luton,H,1.29,True,H,3.024147,False,-1.0
E0 only (>=1 confirm),2023-11-12,1,E0,2324,Brighton vs Sheffield United,H,1.27,False,D,2.9159199999999994,False,-1.0
E0 only (>=1 confirm),2023-11-12,2,E0,2324,Aston Villa vs Fulham,H,1.64,True,H,2.9159199999999994,False,-1.0
E0 only (>=1 confirm),2023-11-12,3,E0,2324,Liverpool vs Brentford,H,1.4,True,H,2.9159199999999994,False,-1.0
E0 only (>=1 confirm),2023-11-25,1,E0,2324,Luton vs Crystal Palace,A,2.03,False,H,9.778103999999999,False,-1.0
E0 only (>=1 confirm),2023-11-25,2,E0,2324,Burnley vs West Ham,A,2.23,True,A,9.778103999999999,False,-1.0
E0 only (>=1 confirm),2023-11-25,3,E0,2324,Sheffield United vs Bournemouth,A,2.16,True,A,9.778103999999999,False,-1.0
E0 only (>=1 confirm),2023-12-02,1,E0,2324,Brentford vs Luton,H,1.54,True,H,3.322704,True,2.322704
E0 only (>=1 confirm),2023-12-02,2,E0,2324,Arsenal vs Wolves,H,1.24,True,H,3.322704,True,2.322704
E0 only (>=1 confirm),2023-12-02,3,E0,2324,Burnley vs Sheffield United,H,1.74,True,H,3.322704,True,2.322704
E0 only (>=1 confirm),2023-12-03,1,E0,2324,Liverpool vs Fulham,H,1.23,True,H,2.42064,False,-1.0
E0 only (>=1 confirm),2023-12-03,2,E0,2324,Chelsea vs Brighton,H,1.6,True,H,2.42064,False,-1.0
E0 only (>=1 confirm),2023-12-03,3,E0,2324,Man City vs Tottenham,H,1.23,False,D,2.42064,False,-1.0
E0 only (>=1 confirm),2023-12-09,1,E0,2324,Crystal Palace vs Liverpool,A,1.5,True,A,4.5969,False,-1.0
E0 only (>=1 confirm),2023-12-09,2,E0,2324,Wolves vs Nott'm Forest,H,1.99,False,D,4.5969,False,-1.0
E0 only (>=1 confirm),2023-12-09,3,E0,2324,Brighton vs Burnley,H,1.54,False,D,4.5969,False,-1.0
E0 only (>=1 confirm),2023-12-10,1,E0,2324,Luton vs Man City,A,1.18,True,A,6.589709999999998,True,5.589709999999998
E0 only (>=1 confirm),2023-12-10,2,E0,2324,Everton vs Chelsea,H,2.55,True,H,6.589709999999998,True,5.589709999999998
E0 only (>=1 confirm),2023-12-10,3,E0,2324,Fulham vs West Ham,H,2.19,True,H,6.589709999999998,True,5.589709999999998
E0 only (>=1 confirm),2023-12-17,1,E0,2324,Arsenal vs Brighton,H,1.47,True,H,4.614036,False,-1.0
E0 only (>=1 confirm),2023-12-17,2,E0,2324,Liverpool vs Man United,H,1.33,False,D,4.614036,False,-1.0
E0 only (>=1 confirm),2023-12-17,3,E0,2324,Brentford vs Aston Villa,A,2.36,True,A,4.614036,False,-1.0
E0 only (>=1 confirm),2023-12-23,1,E0,2324,Luton vs Newcastle,A,1.67,False,H,8.83764,False,-1.0
E0 only (>=1 confirm),2023-12-23,2,E0,2324,Nott'm Forest vs Bournemouth,A,2.52,True,A,8.83764,False,-1.0
E0 only (>=1 confirm),2023-12-23,3,E0,2324,West Ham vs Man United,H,2.1,True,H,8.83764,False,-1.0
E0 only (>=1 confirm),2023-12-26,1,E0,2324,Burnley vs Liverpool,A,1.38,True,A,6.5180159999999985,False,-1.0
E0 only (>=1 confirm),2023-12-26,2,E0,2324,Bournemouth vs Fulham,H,1.92,True,H,6.5180159999999985,False,-1.0
E0 only (>=1 confirm),2023-12-26,3,E0,2324,Sheffield United vs Luton,H,2.46,False,A,6.5180159999999985,False,-1.0
E0 only (>=1 confirm),2023-12-30,1,E0,2324,Luton vs Chelsea,A,1.58,True,A,2.383746,True,1.383746
E0 only (>=1 confirm),2023-12-30,2,E0,2324,Man City vs Sheffield United,H,1.07,True,H,2.383746,True,1.383746
E0 only (>=1 confirm),2023-12-30,3,E0,2324,Aston Villa vs Burnley,H,1.41,True,H,2.383746,True,1.383746
E0 only (>=1 confirm),2024-01-30,1,E0,2324,Luton vs Brighton,A,1.83,False,H,5.480118000000001,False,-1.0
E0 only (>=1 confirm),2024-01-30,2,E0,2324,Aston Villa vs Newcastle,H,1.86,False,A,5.480118000000001,False,-1.0
E0 only (>=1 confirm),2024-01-30,3,E0,2324,Crystal Palace vs Sheffield United,H,1.61,True,H,5.480118000000001,False,-1.0
E0 only (>=1 confirm),2024-02-03,1,E0,2324,Everton vs Tottenham,A,2.28,False,D,6.506207999999999,False,-1.0
E0 only (>=1 confirm),2024-02-03,2,E0,2324,Sheffield United vs Aston Villa,A,1.64,True,A,6.506207999999999,False,-1.0
E0 only (>=1 confirm),2024-02-03,3,E0,2324,Brighton vs Crystal Palace,H,1.74,True,H,6.506207999999999,False,-1.0
E0 only (>=1 confirm),2024-02-10,1,E0,2324,Man City vs Everton,H,1.24,True,H,2.474048,False,-1.0
E0 only (>=1 confirm),2024-02-10,2,E0,2324,Luton vs Sheffield United,H,1.72,False,A,2.474048,False,-1.0
E0 only (>=1 confirm),2024-02-10,3,E0,2324,Liverpool vs Burnley,H,1.16,True,H,2.474048,False,-1.0
E0 only (>=1 confirm),2024-02-17,1,E0,2324,Burnley vs Arsenal,A,1.29,True,A,2.551749,False,-1.0
E0 only (>=1 confirm),2024-02-17,2,E0,2324,Tottenham vs Wolves,H,1.51,False,A,2.551749,False,-1.0
E0 only (>=1 confirm),2024-02-17,3,E0,2324,Man City vs Chelsea,H,1.31,False,D,2.551749,False,-1.0
E0 only (>=1 confirm),2024-02-24,1,E0,2324,Brighton vs Everton,H,1.87,False,D,3.68764,False,-1.0
E0 only (>=1 confirm),2024-02-24,2,E0,2324,Arsenal vs Newcastle,H,1.36,True,H,3.68764,False,-1.0
E0 only (>=1 confirm),2024-02-24,3,E0,2324,Bournemouth vs Man City,A,1.45,True,A,3.68764,False,-1.0
E0 only (>=1 confirm),2024-03-02,1,E0,2324,Nott'm Forest vs Liverpool,A,1.6,True,A,4.7056000000000004,True,3.7056000000000004
E0 only (>=1 confirm),2024-03-02,2,E0,2324,Luton vs Aston Villa,A,1.7,True,A,4.7056000000000004,True,3.7056000000000004
E0 only (>=1 confirm),2024-03-02,3,E0,2324,Newcastle vs Wolves,H,1.73,True,H,4.7056000000000004,True,3.7056000000000004
E0 only (>=1 confirm),2024-03-09,1,E0,2324,Arsenal vs Brentford,H,1.22,True,H,3.18786,False,-1.0
E0 only (>=1 confirm),2024-03-09,2,E0,2324,Man United vs Everton,H,1.95,True,H,3.18786,False,-1.0
E0 only (>=1 confirm),2024-03-09,3,E0,2324,Bournemouth vs Sheffield United,H,1.34,False,D,3.18786,False,-1.0
E0 only (>=1 confirm),2024-03-10,1,E0,2324,West Ham vs Burnley,H,1.66,False,D,8.71998,False,-1.0
E0 only (>=1 confirm),2024-03-10,2,E0,2324,Liverpool vs Man City,A,2.06,False,D,8.71998,False,-1.0
E0 only (>=1 confirm),2024-03-10,3,E0,2324,Aston Villa vs Tottenham,H,2.55,False,A,8.71998,False,-1.0
E0 only (>=1 confirm),2024-03-30,1,E0,2324,Sheffield United vs Fulham,A,1.71,False,D,6.8964300000000005,False,-1.0
E0 only (>=1 confirm),2024-03-30,2,E0,2324,Bournemouth vs Everton,H,2.18,True,H,6.8964300000000005,False,-1.0
E0 only (>=1 confirm),2024-03-30,3,E0,2324,Newcastle vs West Ham,H,1.85,True,H,6.8964300000000005,False,-1.0
E0 only (>=1 confirm),2024-04-02,1,E0,2324,West Ham vs Tottenham,A,1.99,False,D,10.745602,False,-1.0
E0 only (>=1 confirm),2024-04-02,2,E0,2324,Newcastle vs Everton,H,2.03,False,D,10.745602,False,-1.0
E0 only (>=1 confirm),2024-04-02,3,E0,2324,Nott'm Forest vs Fulham,A,2.66,False,H,10.745602,False,-1.0
E0 only (>=1 confirm),2024-04-03,1,E0,2324,Arsenal vs Luton,H,1.13,True,H,3.5139609999999992,False,-1.0
E0 only (>=1 confirm),2024-04-03,2,E0,2324,Man City vs Aston Villa,H,1.21,True,H,3.5139609999999992,False,-1.0
E0 only (>=1 confirm),2024-04-03,3,E0,2324,Brentford vs Brighton,H,2.57,False,D,3.5139609999999992,False,-1.0
E0 only (>=1 confirm),2024-04-06,1,E0,2324,Luton vs Bournemouth,A,1.92,False,H,3.9719040000000003,False,-1.0
E0 only (>=1 confirm),2024-04-06,2,E0,2324,Brighton vs Arsenal,A,1.51,True,A,3.9719040000000003,False,-1.0
E0 only (>=1 confirm),2024-04-06,3,E0,2324,Crystal Palace vs Man City,A,1.37,True,A,3.9719040000000003,False,-1.0
E0 only (>=1 confirm),2024-04-13,1,E0,2324,Bournemouth vs Man United,H,2.38,False,D,7.340634,False,-1.0
E0 only (>=1 confirm),2024-04-13,2,E0,2324,Nott'm Forest vs Wolves,H,2.07,False,D,7.340634,False,-1.0
E0 only (>=1 confirm),2024-04-13,3,E0,2324,Brentford vs Sheffield United,H,1.49,True,H,7.340634,False,-1.0
E0 only (>=1 confirm),2024-04-14,1,E0,2324,Arsenal vs Aston Villa,H,1.24,False,A,3.5702079999999996,False,-1.0
E0 only (>=1 confirm),2024-04-14,2,E0,2324,Liverpool vs Crystal Palace,H,1.18,False,A,3.5702079999999996,False,-1.0
E0 only (>=1 confirm),2024-04-14,3,E0,2324,West Ham vs Fulham,H,2.44,False,A,3.5702079999999996,False,-1.0
E0 only (>=1 confirm),2024-04-20,1,E0,2324,Wolves vs Arsenal,A,1.26,True,A,8.311968,False,-1.0
E0 only (>=1 confirm),2024-04-20,2,E0,2324,Luton vs Brentford,A,2.48,True,A,8.311968,False,-1.0
E0 only (>=1 confirm),2024-04-20,3,E0,2324,Sheffield United vs Burnley,H,2.66,False,A,8.311968,False,-1.0
E0 only (>=1 confirm),2024-04-24,1,E0,2324,Everton vs Liverpool,A,1.4,False,H,4.62,False,-1.0
E0 only (>=1 confirm),2024-04-24,2,E0,2324,Wolves vs Bournemouth,A,2.5,True,A,4.62,False,-1.0
E0 only (>=1 confirm),2024-04-24,3,E0,2324,Man United vs Sheffield United,H,1.32,True,H,4.62,False,-1.0
E0 only (>=1 confirm),2024-04-27,1,E0,2324,West Ham vs Liverpool,A,1.56,False,D,3.9499199999999997,False,-1.0
E0 only (>=1 confirm),2024-04-27,2,E0,2324,Newcastle vs Sheffield United,H,1.2,True,H,3.9499199999999997,False,-1.0
E0 only (>=1 confirm),2024-04-27,3,E0,2324,Fulham vs Crystal Palace,H,2.11,False,D,3.9499199999999997,False,-1.0
E0 only (>=1 confirm),2024-04-28,1,E0,2324,Nott'm Forest vs Man City,A,1.29,True,A,4.500552000000001,True,3.5005520000000008
E0 only (>=1 confirm),2024-04-28,2,E0,2324,Tottenham vs Arsenal,A,1.78,True,A,4.500552000000001,True,3.5005520000000008
E0 only (>=1 confirm),2024-04-28,3,E0,2324,Bournemouth vs Brighton,H,1.96,True,H,4.500552000000001,True,3.5005520000000008
E0 only (>=1 confirm),2024-05-04,1,E0,2324,Sheffield United vs Nott'm Forest,A,1.67,True,A,3.8393299999999995,False,-1.0
E0 only (>=1 confirm),2024-05-04,2,E0,2324,Man City vs Wolves,H,1.1,True,H,3.8393299999999995,False,-1.0
E0 only (>=1 confirm),2024-05-04,3,E0,2324,Brentford vs Fulham,H,2.09,False,D,3.8393299999999995,False,-1.0
E0 only (>=1 confirm),2024-05-05,1,E0,2324,Brighton vs Aston Villa,H,2.41,True,H,5.1333,True,4.1333
E0 only (>=1 confirm),2024-05-05,2,E0,2324,Chelsea vs West Ham,H,1.5,True,H,5.1333,True,4.1333
E0 only (>=1 confirm),2024-05-05,3,E0,2324,Liverpool vs Tottenham,H,1.42,True,H,5.1333,True,4.1333
E0 only (>=1 confirm),2024-05-11,1,E0,2324,Fulham vs Man City,A,1.24,True,A,2.339136,True,1.3391359999999999
E0 only (>=1 confirm),2024-05-11,2,E0,2324,Everton vs Sheffield United,H,1.44,True,H,2.339136,True,1.3391359999999999
E0 only (>=1 confirm),2024-05-11,3,E0,2324,Tottenham vs Burnley,H,1.31,True,H,2.339136,True,1.3391359999999999
E0 only (>=1 confirm),2024-05-19,1,E0,2324,Man City vs West Ham,H,1.07,True,H,2.44174,True,1.4417399999999998
E0 only (>=1 confirm),2024-05-19,2,E0,2324,Chelsea vs Bournemouth,H,1.4,True,H,2.44174,True,1.4417399999999998
E0 only (>=1 confirm),2024-05-19,3,E0,2324,Crystal Palace vs Aston Villa,H,1.63,True,H,2.44174,True,1.4417399999999998
E0 only (>=1 confirm),2024-08-17,1,E0,2425,Newcastle vs Southampton,H,1.42,True,H,8.65632,False,-1.0
E0 only (>=1 confirm),2024-08-17,2,E0,2425,Everton vs Brighton,A,2.4,True,A,8.65632,False,-1.0
E0 only (>=1 confirm),2024-08-17,3,E0,2425,West Ham vs Aston Villa,H,2.54,False,A,8.65632,False,-1.0
E0 only (>=1 confirm),2024-08-24,1,E0,2425,Fulham vs Leicester,H,1.88,True,H,6.232952,True,5.232952
E0 only (>=1 confirm),2024-08-24,2,E0,2425,Brighton vs Man United,H,2.42,True,H,6.232952,True,5.232952
E0 only (>=1 confirm),2024-08-24,3,E0,2425,Tottenham vs Everton,H,1.37,True,H,6.232952,True,5.232952
E0 only (>=1 confirm),2024-08-31,1,E0,2425,Brentford vs Southampton,H,1.82,True,H,6.9888,False,-1.0
E0 only (>=1 confirm),2024-08-31,2,E0,2425,Leicester vs Aston Villa,A,1.92,True,A,6.9888,False,-1.0
E0 only (>=1 confirm),2024-08-31,3,E0,2425,Nott'm Forest vs Wolves,H,2.0,False,D,6.9888,False,-1.0
E0 only (>=1 confirm),2024-09-14,1,E0,2425,Brighton vs Ipswich,H,1.53,False,D,3.397212,False,-1.0
E0 only (>=1 confirm),2024-09-14,2,E0,2425,Liverpool vs Nott'm Forest,H,1.22,False,A,3.397212,False,-1.0
E0 only (>=1 confirm),2024-09-14,3,E0,2425,Southampton vs Man United,A,1.82,True,A,3.397212,False,-1.0
E0 only (>=1 confirm),2024-09-21,1,E0,2425,Aston Villa vs Wolves,H,1.67,True,H,8.089647,False,-1.0
E0 only (>=1 confirm),2024-09-21,2,E0,2425,West Ham vs Chelsea,A,2.01,True,A,8.089647,False,-1.0
E0 only (>=1 confirm),2024-09-21,3,E0,2425,Fulham vs Newcastle,A,2.41,False,H,8.089647,False,-1.0
E0 only (>=1 confirm),2024-09-28,1,E0,2425,Brentford vs West Ham,H,2.26,False,D,5.440498,False,-1.0
E0 only (>=1 confirm),2024-09-28,2,E0,2425,Wolves vs Liverpool,A,1.33,True,A,5.440498,False,-1.0
E0 only (>=1 confirm),2024-09-28,3,E0,2425,Chelsea vs Brighton,H,1.81,True,H,5.440498,False,-1.0
E0 only (>=1 confirm),2024-10-05,1,E0,2425,Crystal Palace vs Liverpool,A,1.69,True,A,6.554495999999999,False,-1.0
E0 only (>=1 confirm),2024-10-05,2,E0,2425,West Ham vs Ipswich,H,1.92,True,H,6.554495999999999,False,-1.0
E0 only (>=1 confirm),2024-10-05,3,E0,2425,Leicester vs Bournemouth,A,2.02,False,H,6.554495999999999,False,-1.0
E0 only (>=1 confirm),2024-10-06,1,E0,2425,Chelsea vs Nott'm Forest,H,1.52,False,D,7.796079999999999,False,-1.0
E0 only (>=1 confirm),2024-10-06,2,E0,2425,Brighton vs Tottenham,A,2.3,False,H,7.796079999999999,False,-1.0
E0 only (>=1 confirm),2024-10-06,3,E0,2425,Aston Villa vs Man United,H,2.23,False,D,7.796079999999999,False,-1.0
E0 only (>=1 confirm),2024-10-19,1,E0,2425,Tottenham vs West Ham,H,1.45,True,H,8.019079999999999,False,-1.0
E0 only (>=1 confirm),2024-10-19,2,E0,2425,Southampton vs Leicester,H,2.23,False,A,8.019079999999999,False,-1.0
E0 only (>=1 confirm),2024-10-19,3,E0,2425,Fulham vs Aston Villa,H,2.48,False,A,8.019079999999999,False,-1.0
E0 only (>=1 confirm),2024-10-26,1,E0,2425,Brighton vs Wolves,H,1.58,False,D,4.795616000000001,False,-1.0
E0 only (>=1 confirm),2024-10-26,2,E0,2425,Man City vs Southampton,H,1.12,True,H,4.795616000000001,False,-1.0
E0 only (>=1 confirm),2024-10-26,3,E0,2425,Everton vs Fulham,H,2.71,False,D,4.795616000000001,False,-1.0
E0 only (>=1 confirm),2024-10-27,1,E0,2425,Crystal Palace vs Tottenham,A,1.95,False,H,8.05623,False,-1.0
E0 only (>=1 confirm),2024-10-27,2,E0,2425,Chelsea vs Newcastle,H,1.82,True,H,8.05623,False,-1.0
E0 only (>=1 confirm),2024-10-27,3,E0,2425,Arsenal vs Liverpool,H,2.27,False,D,8.05623,False,-1.0
E0 only (>=1 confirm),2024-11-02,1,E0,2425,Southampton vs Everton,H,2.72,True,H,10.013952,False,-1.0
E0 only (>=1 confirm),2024-11-02,2,E0,2425,Ipswich vs Leicester,H,2.36,False,D,10.013952,False,-1.0
E0 only (>=1 confirm),2024-11-02,3,E0,2425,Bournemouth vs Man City,A,1.56,False,H,10.013952,False,-1.0
E0 only (>=1 confirm),2024-11-09,1,E0,2425,Liverpool vs Aston Villa,H,1.47,True,H,6.294834,False,-1.0
E0 only (>=1 confirm),2024-11-09,2,E0,2425,Crystal Palace vs Fulham,A,2.34,True,A,6.294834,False,-1.0
E0 only (>=1 confirm),2024-11-09,3,E0,2425,Brighton vs Man City,A,1.83,False,H,6.294834,False,-1.0
E0 only (>=1 confirm),2024-11-10,1,E0,2425,Chelsea vs Arsenal,A,2.52,False,D,4.28652,False,-1.0
E0 only (>=1 confirm),2024-11-10,2,E0,2425,Man United vs Leicester,H,1.35,True,H,4.28652,False,-1.0
E0 only (>=1 confirm),2024-11-10,3,E0,2425,Tottenham vs Ipswich,H,1.26,False,A,4.28652,False,-1.0
E0 only (>=1 confirm),2024-11-23,1,E0,2425,Man City vs Tottenham,H,1.44,False,A,5.629392000000001,False,-1.0
E0 only (>=1 confirm),2024-11-23,2,E0,2425,Bournemouth vs Brighton,H,2.49,False,A,5.629392000000001,False,-1.0
E0 only (>=1 confirm),2024-11-23,3,E0,2425,Fulham vs Wolves,H,1.57,False,A,5.629392000000001,False,-1.0
E0 only (>=1 confirm),2024-11-30,1,E0,2425,Nott'm Forest vs Ipswich,H,1.74,True,H,7.5442919999999996,True,6.5442919999999996
E0 only (>=1 confirm),2024-11-30,2,E0,2425,Brentford vs Leicester,H,1.63,True,H,7.5442919999999996,True,6.5442919999999996
E0 only (>=1 confirm),2024-11-30,3,E0,2425,Wolves vs Bournemouth,A,2.66,True,A,7.5442919999999996,True,6.5442919999999996
E0 only (>=1 confirm),2024-12-01,1,E0,2425,Liverpool vs Man City,H,2.06,True,H,5.8401000000000005,True,4.8401000000000005
E0 only (>=1 confirm),2024-12-01,2,E0,2425,Chelsea vs Aston Villa,H,1.75,True,H,5.8401000000000005,True,4.8401000000000005
E0 only (>=1 confirm),2024-12-01,3,E0,2425,Man United vs Everton,H,1.62,True,H,5.8401000000000005,True,4.8401000000000005
E0 only (>=1 confirm),2024-12-04,1,E0,2425,Aston Villa vs Brentford,H,1.68,True,H,5.072256,False,-1.0
E0 only (>=1 confirm),2024-12-04,2,E0,2425,Newcastle vs Liverpool,A,2.04,False,D,5.072256,False,-1.0
E0 only (>=1 confirm),2024-12-04,3,E0,2425,Arsenal vs Man United,H,1.48,True,H,5.072256,False,-1.0
E0 only (>=1 confirm),2024-12-08,1,E0,2425,Tottenham vs Chelsea,A,2.25,True,A,7.1955,False,-1.0
E0 only (>=1 confirm),2024-12-08,2,E0,2425,Ipswich vs Bournemouth,A,1.95,True,A,7.1955,False,-1.0
E0 only (>=1 confirm),2024-12-08,3,E0,2425,Fulham vs Arsenal,A,1.64,False,D,7.1955,False,-1.0
E0 only (>=1 confirm),2024-12-14,1,E0,2425,Arsenal vs Everton,H,1.25,False,D,3.225,False,-1.0
E0 only (>=1 confirm),2024-12-14,2,E0,2425,Liverpool vs Fulham,H,1.29,False,D,3.225,False,-1.0
E0 only (>=1 confirm),2024-12-14,3,E0,2425,Wolves vs Ipswich,H,2.0,False,A,3.225,False,-1.0
E0 only (>=1 confirm),2024-12-21,1,E0,2425,Ipswich vs Newcastle,A,1.73,True,A,6.306888,False,-1.0
E0 only (>=1 confirm),2024-12-21,2,E0,2425,West Ham vs Brighton,A,2.48,False,D,6.306888,False,-1.0
E0 only (>=1 confirm),2024-12-21,3,E0,2425,Crystal Palace vs Arsenal,A,1.47,True,A,6.306888,False,-1.0
E0 only (>=1 confirm),2024-12-22,1,E0,2425,Everton vs Chelsea,A,1.69,False,D,4.68468,False,-1.0
E0 only (>=1 confirm),2024-12-22,2,E0,2425,Tottenham vs Liverpool,A,1.65,True,A,4.68468,False,-1.0
E0 only (>=1 confirm),2024-12-22,3,E0,2425,Fulham vs Southampton,H,1.68,False,D,4.68468,False,-1.0
E0 only (>=1 confirm),2024-12-26,1,E0,2425,Nott'm Forest vs Tottenham,H,2.16,True,H,6.717167999999999,False,-1.0
E0 only (>=1 confirm),2024-12-26,2,E0,2425,Chelsea vs Fulham,H,1.46,False,A,6.717167999999999,False,-1.0
E0 only (>=1 confirm),2024-12-26,3,E0,2425,Bournemouth vs Crystal Palace,H,2.13,False,D,6.717167999999999,False,-1.0
E0 only (>=1 confirm),2024-12-30,1,E0,2425,Man United vs Newcastle,A,2.58,True,A,6.718319999999999,False,-1.0
E0 only (>=1 confirm),2024-12-30,2,E0,2425,Ipswich vs Chelsea,A,1.4,False,H,6.718319999999999,False,-1.0
E0 only (>=1 confirm),2024-12-30,3,E0,2425,Aston Villa vs Brighton,H,1.86,False,D,6.718319999999999,False,-1.0
E0 only (>=1 confirm),2025-01-04,1,E0,2425,Tottenham vs Newcastle,A,1.79,True,A,5.180976000000001,True,4.180976000000001
E0 only (>=1 confirm),2025-01-04,2,E0,2425,Southampton vs Brentford,A,2.16,True,A,5.180976000000001,True,4.180976000000001
E0 only (>=1 confirm),2025-01-04,3,E0,2425,Aston Villa vs Leicester,H,1.34,True,H,5.180976000000001,True,4.180976000000001
E0 only (>=1 confirm),2025-01-14,1,E0,2425,Chelsea vs Bournemouth,H,1.54,False,D,6.000148,False,-1.0
E0 only (>=1 confirm),2025-01-14,2,E0,2425,Brentford vs Man City,A,1.61,False,D,6.000148,False,-1.0
E0 only (>=1 confirm),2025-01-14,3,E0,2425,West Ham vs Fulham,A,2.42,False,H,6.000148,False,-1.0
E0 only (>=1 confirm),2025-01-15,1,E0,2425,Newcastle vs Wolves,H,1.37,True,H,4.44291,True,3.4429100000000004
E0 only (>=1 confirm),2025-01-15,2,E0,2425,Arsenal vs Tottenham,H,1.38,True,H,4.44291,True,3.4429100000000004
E0 only (>=1 confirm),2025-01-15,3,E0,2425,Everton vs Aston Villa,A,2.35,True,A,4.44291,True,3.4429100000000004
E0 only (>=1 confirm),2025-01-18,1,E0,2425,Newcastle vs Bournemouth,H,1.66,False,A,4.4768539999999994,False,-1.0
E0 only (>=1 confirm),2025-01-18,2,E0,2425,Brentford vs Liverpool,A,1.49,True,A,4.4768539999999994,False,-1.0
E0 only (>=1 confirm),2025-01-18,3,E0,2425,Leicester vs Fulham,A,1.81,True,A,4.4768539999999994,False,-1.0
E0 only (>=1 confirm),2025-01-19,1,E0,2425,Nott'm Forest vs Southampton,H,1.37,True,H,4.391946,False,-1.0
E0 only (>=1 confirm),2025-01-19,2,E0,2425,Man United vs Brighton,H,2.34,False,A,4.391946,False,-1.0
E0 only (>=1 confirm),2025-01-19,3,E0,2425,Ipswich vs Man City,A,1.37,True,A,4.391946,False,-1.0
E0 only (>=1 confirm),2025-01-25,1,E0,2425,Wolves vs Arsenal,A,1.61,True,A,5.656413000000001,True,4.656413000000001
E0 only (>=1 confirm),2025-01-25,2,E0,2425,Man City vs Chelsea,H,2.39,True,H,5.656413000000001,True,4.656413000000001
E0 only (>=1 confirm),2025-01-25,3,E0,2425,Southampton vs Newcastle,A,1.47,True,A,5.656413000000001,True,4.656413000000001
E0 only (>=1 confirm),2025-01-26,1,E0,2425,Crystal Palace vs Brentford,H,1.97,False,A,6.9501599999999994,False,-1.0
E0 only (>=1 confirm),2025-01-26,2,E0,2425,Aston Villa vs West Ham,H,1.47,False,D,6.9501599999999994,False,-1.0
E0 only (>=1 confirm),2025-01-26,3,E0,2425,Fulham vs Man United,H,2.4,False,A,6.9501599999999994,False,-1.0
E0 only (>=1 confirm),2025-02-01,1,E0,2425,Bournemouth vs Liverpool,A,1.72,True,A,7.490255999999999,False,-1.0
E0 only (>=1 confirm),2025-02-01,2,E0,2425,Ipswich vs Southampton,H,1.91,False,A,7.490255999999999,False,-1.0
E0 only (>=1 confirm),2025-02-01,3,E0,2425,Wolves vs Aston Villa,A,2.28,False,H,7.490255999999999,False,-1.0
E0 only (>=1 confirm),2025-02-15,1,E0,2425,Leicester vs Arsenal,A,1.33,True,A,4.002768,False,-1.0
E0 only (>=1 confirm),2025-02-15,2,E0,2425,Aston Villa vs Ipswich,H,1.44,False,D,4.002768,False,-1.0
E0 only (>=1 confirm),2025-02-15,3,E0,2425,Man City vs Newcastle,H,2.09,True,H,4.002768,False,-1.0
E0 only (>=1 confirm),2025-02-22,1,E0,2425,Ipswich vs Tottenham,A,2.1,True,A,7.23303,False,-1.0
E0 only (>=1 confirm),2025-02-22,2,E0,2425,Arsenal vs West Ham,H,1.29,False,A,7.23303,False,-1.0
E0 only (>=1 confirm),2025-02-22,3,E0,2425,Everton vs Man United,H,2.67,False,D,7.23303,False,-1.0
E0 only (>=1 confirm),2025-02-26,1,E0,2425,Man United vs Ipswich,H,1.52,True,H,3.8524400000000005,True,2.8524400000000005
E0 only (>=1 confirm),2025-02-26,2,E0,2425,Liverpool vs Newcastle,H,1.37,True,H,3.8524400000000005,True,2.8524400000000005
E0 only (>=1 confirm),2025-02-26,3,E0,2425,Tottenham vs Man City,A,1.85,True,A,3.8524400000000005,True,2.8524400000000005
E0 only (>=1 confirm),2025-03-08,1,E0,2425,Crystal Palace vs Ipswich,H,1.57,True,H,6.548469999999999,False,-1.0
E0 only (>=1 confirm),2025-03-08,2,E0,2425,Nott'm Forest vs Man City,A,1.94,False,H,6.548469999999999,False,-1.0
E0 only (>=1 confirm),2025-03-08,3,E0,2425,Brentford vs Aston Villa,H,2.15,False,A,6.548469999999999,False,-1.0
E0 only (>=1 confirm),2025-03-15,1,E0,2425,Man City vs Brighton,H,1.83,False,D,7.5762,False,-1.0
E0 only (>=1 confirm),2025-03-15,2,E0,2425,Ipswich vs Nott'm Forest,A,2.0,True,A,7.5762,False,-1.0
E0 only (>=1 confirm),2025-03-15,3,E0,2425,Southampton vs Wolves,A,2.07,True,A,7.5762,False,-1.0
E0 only (>=1 confirm),2025-03-16,1,E0,2425,Leicester vs Man United,A,1.83,True,A,5.856915000000001,True,4.856915000000001
E0 only (>=1 confirm),2025-03-16,2,E0,2425,Fulham vs Tottenham,H,1.85,True,H,5.856915000000001,True,4.856915000000001
E0 only (>=1 confirm),2025-03-16,3,E0,2425,Arsenal vs Chelsea,H,1.73,True,H,5.856915000000001,True,4.856915000000001
E0 only (>=1 confirm),2025-04-02,1,E0,2425,Southampton vs Crystal Palace,A,1.63,False,D,2.9339999999999997,False,-1.0
E0 only (>=1 confirm),2025-04-02,2,E0,2425,Liverpool vs Everton,H,1.5,True,H,2.9339999999999997,False,-1.0
E0 only (>=1 confirm),2025-04-02,3,E0,2425,Man City vs Leicester,H,1.2,True,H,2.9339999999999997,False,-1.0
E0 only (>=1 confirm),2025-04-05,1,E0,2425,Everton vs Arsenal,A,2.1,False,D,13.0032,False,-1.0
E0 only (>=1 confirm),2025-04-05,2,E0,2425,West Ham vs Bournemouth,A,2.4,False,D,13.0032,False,-1.0
E0 only (>=1 confirm),2025-04-05,3,E0,2425,Crystal Palace vs Brighton,H,2.58,True,H,13.0032,False,-1.0
E0 only (>=1 confirm),2025-04-06,1,E0,2425,Man United vs Man City,A,2.11,False,D,9.906028,False,-1.0
E0 only (>=1 confirm),2025-04-06,2,E0,2425,Fulham vs Liverpool,A,1.94,False,H,9.906028,False,-1.0
E0 only (>=1 confirm),2025-04-06,3,E0,2425,Brentford vs Chelsea,A,2.42,False,D,9.906028,False,-1.0
E0 only (>=1 confirm),2025-04-12,1,E0,2425,Southampton vs Aston Villa,A,1.53,True,A,4.064904,False,-1.0
E0 only (>=1 confirm),2025-04-12,2,E0,2425,Man City vs Crystal Palace,H,1.64,True,H,4.064904,False,-1.0
E0 only (>=1 confirm),2025-04-12,3,E0,2425,Arsenal vs Brentford,H,1.62,False,D,4.064904,False,-1.0
E0 only (>=1 confirm),2025-04-13,1,E0,2425,Newcastle vs Man United,H,1.62,True,H,4.748544000000001,True,3.7485440000000008
E0 only (>=1 confirm),2025-04-13,2,E0,2425,Liverpool vs West Ham,H,1.28,True,H,4.748544000000001,True,3.7485440000000008
E0 only (>=1 confirm),2025-04-13,3,E0,2425,Wolves vs Tottenham,H,2.29,True,H,4.748544000000001,True,3.7485440000000008
E0 only (>=1 confirm),2025-04-19,1,E0,2425,Brentford vs Brighton,A,2.6,False,H,8.22952,False,-1.0
E0 only (>=1 confirm),2025-04-19,2,E0,2425,West Ham vs Southampton,H,1.64,False,D,8.22952,False,-1.0
E0 only (>=1 confirm),2025-04-19,3,E0,2425,Everton vs Man City,A,1.93,True,A,8.22952,False,-1.0
E0 only (>=1 confirm),2025-04-20,1,E0,2425,Ipswich vs Arsenal,A,1.37,True,A,8.22822,False,-1.0
E0 only (>=1 confirm),2025-04-20,2,E0,2425,Man United vs Wolves,H,2.6,False,A,8.22822,False,-1.0
E0 only (>=1 confirm),2025-04-20,3,E0,2425,Fulham vs Chelsea,A,2.31,True,A,8.22822,False,-1.0
E0 only (>=1 confirm),2025-04-26,1,E0,2425,Wolves vs Leicester,H,1.55,True,H,3.9952799999999997,True,2.9952799999999997
E0 only (>=1 confirm),2025-04-26,2,E0,2425,Chelsea vs Everton,H,1.44,True,H,3.9952799999999997,True,2.9952799999999997
E0 only (>=1 confirm),2025-04-26,3,E0,2425,Brighton vs West Ham,H,1.79,True,H,3.9952799999999997,True,2.9952799999999997
E0 only (>=1 confirm),2025-05-03,1,E0,2425,Arsenal vs Bournemouth,H,1.68,False,A,6.4621200000000005,False,-1.0
E0 only (>=1 confirm),2025-05-03,2,E0,2425,Everton vs Ipswich,H,1.57,False,D,6.4621200000000005,False,-1.0
E0 only (>=1 confirm),2025-05-03,3,E0,2425,Leicester vs Southampton,H,2.45,True,H,6.4621200000000005,False,-1.0
E0 only (>=1 confirm),2025-05-10,1,E0,2425,Ipswich vs Brentford,A,1.52,True,A,4.43156,False,-1.0
E0 only (>=1 confirm),2025-05-10,2,E0,2425,Southampton vs Man City,A,1.19,False,D,4.43156,False,-1.0
E0 only (>=1 confirm),2025-05-10,3,E0,2425,Wolves vs Brighton,A,2.45,True,A,4.43156,False,-1.0
E0 only (>=1 confirm),2025-05-18,1,E0,2425,Brentford vs Fulham,H,2.07,False,A,5.7425939999999995,False,-1.0
E0 only (>=1 confirm),2025-05-18,2,E0,2425,Arsenal vs Newcastle,H,1.94,True,H,5.7425939999999995,False,-1.0
E0 only (>=1 confirm),2025-05-18,3,E0,2425,Everton vs Southampton,H,1.43,True,H,5.7425939999999995,False,-1.0
E0 only (>=1 confirm),2025-05-25,1,E0,2425,Tottenham vs Brighton,A,1.92,True,A,4.902912,False,-1.0
E0 only (>=1 confirm),2025-05-25,2,E0,2425,Man United vs Aston Villa,A,1.68,False,H,4.902912,False,-1.0
E0 only (>=1 confirm),2025-05-25,3,E0,2425,Fulham vs Man City,A,1.52,True,A,4.902912,False,-1.0
ALL (>=2 confirm),2021-09-11,1,E0,2122,Southampton vs West Ham,A,2.36,False,D,11.835636,False,-1.0
ALL (>=2 confirm),2021-09-11,2,D1,2122,RB Leipzig vs Bayern Munich,A,2.19,True,A,11.835636,False,-1.0
ALL (>=2 confirm),2021-09-11,3,D1,2122,Freiburg vs FC Koln,H,2.29,False,D,11.835636,False,-1.0
ALL (>=2 confirm),2021-09-18,1,E0,2122,Man City vs Southampton,H,1.18,False,D,5.677452,False,-1.0
ALL (>=2 confirm),2021-09-18,2,T1,2122,Antalyaspor vs Besiktas,A,2.43,True,A,5.677452,False,-1.0
ALL (>=2 confirm),2021-09-18,3,E0,2122,Burnley vs Arsenal,A,1.98,True,A,5.677452,False,-1.0
ALL (>=2 confirm),2021-10-16,1,E0,2122,Leicester vs Man United,A,1.99,False,H,5.304544000000001,False,-1.0
ALL (>=2 confirm),2021-10-16,2,E0,2122,Watford vs Liverpool,A,1.36,True,A,5.304544000000001,False,-1.0
ALL (>=2 confirm),2021-10-16,3,E0,2122,Norwich vs Brighton,A,1.96,False,D,5.304544000000001,False,-1.0
ALL (>=2 confirm),2021-10-30,1,D1,2122,Leverkusen vs Wolfsburg,H,1.93,False,A,4.19775,False,-1.0
ALL (>=2 confirm),2021-10-30,2,D1,2122,Dortmund vs FC Koln,H,1.5,True,H,4.19775,False,-1.0
ALL (>=2 confirm),2021-10-30,3,D1,2122,Freiburg vs Greuther Furth,H,1.45,True,H,4.19775,False,-1.0
ALL (>=2 confirm),2021-11-07,1,E0,2122,Arsenal vs Watford,H,1.46,True,H,6.431445999999998,False,-1.0
ALL (>=2 confirm),2021-11-07,2,T1,2122,Karagumruk vs Galatasaray,A,2.17,False,D,6.431445999999998,False,-1.0
ALL (>=2 confirm),2021-11-07,3,D1,2122,Greuther Furth vs Ein Frankfurt,A,2.03,True,A,6.431445999999998,False,-1.0
ALL (>=2 confirm),2021-12-04,1,D1,2122,Leverkusen vs Greuther Furth,H,1.2,True,H,2.86944,True,1.86944
ALL (>=2 confirm),2021-12-04,2,E0,2122,Watford vs Man City,A,1.22,True,A,2.86944,True,1.86944
ALL (>=2 confirm),2021-12-04,3,T1,2122,Trabzonspor vs Ad. Demirspor,H,1.96,True,H,2.86944,True,1.86944
ALL (>=2 confirm),2021-12-18,1,T1,2122,Trabzonspor vs Hatayspor,H,1.74,True,H,6.296712,False,-1.0
ALL (>=2 confirm),2021-12-18,2,D1,2122,Hertha vs Dortmund,A,1.66,False,H,6.296712,False,-1.0
ALL (>=2 confirm),2021-12-18,3,D1,2122,Greuther Furth vs Augsburg,A,2.18,False,D,6.296712,False,-1.0
ALL (>=2 confirm),2021-12-19,1,T1,2122,Rizespor vs Yeni Malatyaspor,H,2.35,True,H,12.477324999999999,False,-1.0
ALL (>=2 confirm),2021-12-19,2,D1,2122,Freiburg vs Leverkusen,A,2.59,False,H,12.477324999999999,False,-1.0
ALL (>=2 confirm),2021-12-19,3,T1,2122,Goztep vs Karagumruk,H,2.05,False,A,12.477324999999999,False,-1.0
ALL (>=2 confirm),2022-01-15,1,E0,2122,Man City vs Chelsea,H,1.67,True,H,6.9138,False,-1.0
ALL (>=2 confirm),2022-01-15,2,E0,2122,Newcastle vs Watford,H,1.84,False,D,6.9138,False,-1.0
ALL (>=2 confirm),2022-01-15,3,E0,2122,Norwich vs Everton,A,2.25,False,H,6.9138,False,-1.0
ALL (>=2 confirm),2022-01-22,1,T1,2122,Yeni Malatyaspor vs Besiktas,A,1.67,False,D,4.190029999999999,False,-1.0
ALL (>=2 confirm),2022-01-22,2,E0,2122,Southampton vs Man City,A,1.3,False,D,4.190029999999999,False,-1.0
ALL (>=2 confirm),2022-01-22,3,D1,2122,Hoffenheim vs Dortmund,A,1.93,True,A,4.190029999999999,False,-1.0
ALL (>=2 confirm),2022-02-12,1,D1,2122,Bochum vs Bayern Munich,A,1.22,False,H,6.417199999999999,False,-1.0
ALL (>=2 confirm),2022-02-12,2,E0,2122,Watford vs Brighton,A,2.0,True,A,6.417199999999999,False,-1.0
ALL (>=2 confirm),2022-02-12,3,T1,2122,Giresunspor vs Fenerbahce,A,2.63,True,A,6.417199999999999,False,-1.0
ALL (>=2 confirm),2022-03-20,1,T1,2122,Fenerbahce vs Konyaspor,H,1.62,True,H,8.736498000000001,False,-1.0
ALL (>=2 confirm),2022-03-20,2,T1,2122,Gaziantep vs Galatasaray,A,2.71,False,H,8.736498000000001,False,-1.0
ALL (>=2 confirm),2022-03-20,3,D1,2122,FC Koln vs Dortmund,A,1.99,False,D,8.736498000000001,False,-1.0
ALL (>=2 confirm),2022-04-02,1,T1,2122,Kayserispor vs Fenerbahce,A,2.01,True,A,11.557499999999997,False,-1.0
ALL (>=2 confirm),2022-04-02,2,D1,2122,Bielefeld vs Stuttgart,A,2.3,False,D,11.557499999999997,False,-1.0
ALL (>=2 confirm),2022-04-02,3,E0,2122,Leeds vs Southampton,H,2.5,False,D,11.557499999999997,False,-1.0
ALL (>=2 confirm),2022-04-09,1,E0,2122,Southampton vs Chelsea,A,2.05,True,A,9.219874999999998,True,8.219874999999998
ALL (>=2 confirm),2022-04-09,2,D1,2122,Greuther Furth vs M'gladbach,A,1.75,True,A,9.219874999999998,True,8.219874999999998
ALL (>=2 confirm),2022-04-09,3,E0,2122,Watford vs Leeds,A,2.57,True,A,9.219874999999998,True,8.219874999999998
ALL (>=2 confirm),2022-04-16,1,E0,2122,Watford vs Brentford,A,2.58,True,A,7.908216000000001,False,-1.0
ALL (>=2 confirm),2022-04-16,2,E0,2122,Southampton vs Arsenal,A,1.94,False,H,7.908216000000001,False,-1.0
ALL (>=2 confirm),2022-04-16,3,D1,2122,Dortmund vs Wolfsburg,H,1.58,True,H,7.908216000000001,False,-1.0
ALL (>=2 confirm),2022-05-07,1,E0,2122,Crystal Palace vs Watford,H,1.7,True,H,8.250099999999998,True,7.250099999999998
ALL (>=2 confirm),2022-05-07,2,D1,2122,Hoffenheim vs Leverkusen,A,2.3,True,A,8.250099999999998,True,7.250099999999998
ALL (>=2 confirm),2022-05-07,3,E0,2122,Brentford vs Southampton,H,2.11,True,H,8.250099999999998,True,7.250099999999998
ALL (>=2 confirm),2022-08-27,1,E0,2223,Southampton vs Man United,A,2.02,True,A,5.0128319999999995,True,4.0128319999999995
ALL (>=2 confirm),2022-08-27,2,D1,2223,Hertha vs Dortmund,A,1.76,True,A,5.0128319999999995,True,4.0128319999999995
ALL (>=2 confirm),2022-08-27,3,E0,2223,Chelsea vs Leicester,H,1.41,True,H,5.0128319999999995,True,4.0128319999999995
ALL (>=2 confirm),2022-10-01,1,E0,2223,Arsenal vs Tottenham,H,1.99,True,H,7.872241,True,6.872241
ALL (>=2 confirm),2022-10-01,2,E0,2223,Crystal Palace vs Chelsea,A,1.79,True,A,7.872241,True,6.872241
ALL (>=2 confirm),2022-10-01,3,T1,2223,Kasimpasa vs Gaziantep,H,2.21,True,H,7.872241,True,6.872241
ALL (>=2 confirm),2022-11-08,1,D1,2223,Stuttgart vs Hertha,H,2.11,True,H,6.498377999999999,False,-1.0
ALL (>=2 confirm),2022-11-08,2,D1,2223,Bayern Munich vs Werder Bremen,H,1.18,True,H,6.498377999999999,False,-1.0
ALL (>=2 confirm),2022-11-08,3,D1,2223,Bochum vs M'gladbach,A,2.61,False,H,6.498377999999999,False,-1.0
ALL (>=2 confirm),2022-11-09,1,D1,2223,Union Berlin vs Augsburg,H,1.75,False,D,8.295525,False,-1.0
ALL (>=2 confirm),2022-11-09,2,D1,2223,FC Koln vs Leverkusen,A,2.29,True,A,8.295525,False,-1.0
ALL (>=2 confirm),2022-11-09,3,D1,2223,Schalke 04 vs Mainz,A,2.07,False,H,8.295525,False,-1.0
ALL (>=2 confirm),2022-11-12,1,E0,2223,Wolves vs Arsenal,A,1.57,True,A,3.9991040000000004,False,-1.0
ALL (>=2 confirm),2022-11-12,2,E0,2223,West Ham vs Leicester,H,1.99,False,A,3.9991040000000004,False,-1.0
ALL (>=2 confirm),2022-11-12,3,E0,2223,Liverpool vs Southampton,H,1.28,True,H,3.9991040000000004,False,-1.0
ALL (>=2 confirm),2022-12-26,1,E0,2223,Arsenal vs West Ham,H,1.57,True,H,7.282288,True,6.282288
ALL (>=2 confirm),2022-12-26,2,E0,2223,Southampton vs Brighton,A,2.08,True,A,7.282288,True,6.282288
ALL (>=2 confirm),2022-12-26,3,E0,2223,Leicester vs Newcastle,A,2.23,True,A,7.282288,True,6.282288
ALL (>=2 confirm),2023-01-14,1,E0,2223,Brighton vs Liverpool,A,2.41,False,H,17.67976,False,-1.0
ALL (>=2 confirm),2023-01-14,2,E0,2223,Nott'm Forest vs Leicester,H,2.8,True,H,17.67976,False,-1.0
ALL (>=2 confirm),2023-01-14,3,T1,2223,Konyaspor vs Besiktas,A,2.62,True,A,17.67976,False,-1.0
ALL (>=2 confirm),2023-01-21,1,E0,2223,Leicester vs Brighton,A,1.83,False,D,5.573631000000001,False,-1.0
ALL (>=2 confirm),2023-01-21,2,T1,2223,Galatasaray vs Antalyaspor,H,1.33,True,H,5.573631000000001,False,-1.0
ALL (>=2 confirm),2023-01-21,3,D1,2223,Union Berlin vs Hoffenheim,H,2.29,True,H,5.573631000000001,False,-1.0
ALL (>=2 confirm),2023-02-04,1,E0,2223,Brentford vs Southampton,H,1.82,True,H,6.667751999999999,False,-1.0
ALL (>=2 confirm),2023-02-04,2,E0,2223,Aston Villa vs Leicester,H,2.13,False,A,6.667751999999999,False,-1.0
ALL (>=2 confirm),2023-02-04,3,D1,2223,Dortmund vs Freiburg,H,1.72,True,H,6.667751999999999,False,-1.0
ALL (>=2 confirm),2023-02-11,1,E0,2223,Arsenal vs Brentford,H,1.58,False,D,8.295000000000002,False,-1.0
ALL (>=2 confirm),2023-02-11,2,E0,2223,Leicester vs Tottenham,A,2.1,False,H,8.295000000000002,False,-1.0
ALL (>=2 confirm),2023-02-11,3,E0,2223,Southampton vs Wolves,A,2.5,True,A,8.295000000000002,False,-1.0
ALL (>=2 confirm),2023-02-18,1,E0,2223,Chelsea vs Southampton,H,1.43,False,A,7.19433,False,-1.0
ALL (>=2 confirm),2023-02-18,2,D1,2223,Bochum vs Freiburg,A,2.58,True,A,7.19433,False,-1.0
ALL (>=2 confirm),2023-02-18,3,E0,2223,Aston Villa vs Arsenal,A,1.95,True,A,7.19433,False,-1.0
ALL (>=2 confirm),2023-02-25,1,E0,2223,Leicester vs Arsenal,A,1.6,True,A,3.7209600000000007,False,-1.0
ALL (>=2 confirm),2023-02-25,2,E0,2223,Crystal Palace vs Liverpool,A,1.71,False,D,3.7209600000000007,False,-1.0
ALL (>=2 confirm),2023-02-25,3,E0,2223,Bournemouth vs Man City,A,1.36,True,A,3.7209600000000007,False,-1.0
ALL (>=2 confirm),2023-03-11,1,T1,2223,Galatasaray vs Kasimpasa,H,1.47,True,H,5.303025,False,-1.0
ALL (>=2 confirm),2023-03-11,2,E0,2223,Leeds vs Brighton,A,1.85,False,D,5.303025,False,-1.0
ALL (>=2 confirm),2023-03-11,3,E0,2223,Leicester vs Chelsea,A,1.95,True,A,5.303025,False,-1.0
ALL (>=2 confirm),2023-03-12,1,E0,2223,Fulham vs Arsenal,A,1.43,True,A,3.84384,False,-1.0
ALL (>=2 confirm),2023-03-12,2,D1,2223,Werder Bremen vs Leverkusen,A,2.1,True,A,3.84384,False,-1.0
ALL (>=2 confirm),2023-03-12,3,E0,2223,Man United vs Southampton,H,1.28,False,D,3.84384,False,-1.0
ALL (>=2 confirm),2023-03-18,1,D1,2223,Dortmund vs FC Koln,H,1.57,True,H,7.39784,False,-1.0
ALL (>=2 confirm),2023-03-18,2,E0,2223,Brentford vs Leicester,H,1.9,False,D,7.39784,False,-1.0
ALL (>=2 confirm),2023-03-18,3,D1,2223,Augsburg vs Schalke 04,H,2.48,False,D,7.39784,False,-1.0
ALL (>=2 confirm),2023-04-08,1,D1,2223,Freiburg vs Bayern Munich,A,1.5,True,A,10.53135,False,-1.0
ALL (>=2 confirm),2023-04-08,2,E0,2223,Fulham vs West Ham,A,2.69,True,A,10.53135,False,-1.0
ALL (>=2 confirm),2023-04-08,3,E0,2223,Tottenham vs Brighton,A,2.61,False,H,10.53135,False,-1.0
ALL (>=2 confirm),2023-04-15,1,T1,2223,Fenerbahce vs Ankaragucu,H,1.4,True,H,8.008,False,-1.0
ALL (>=2 confirm),2023-04-15,2,E0,2223,Southampton vs Crystal Palace,A,2.75,True,A,8.008,False,-1.0
ALL (>=2 confirm),2023-04-15,3,T1,2223,Istanbulspor vs Buyuksehyr,A,2.08,False,H,8.008,False,-1.0
ALL (>=2 confirm),2023-05-06,1,T1,2223,Antalyaspor vs Besiktas,A,2.3,True,A,7.01316,False,-1.0
ALL (>=2 confirm),2023-05-06,2,D1,2223,Hertha vs Stuttgart,A,2.42,False,H,7.01316,False,-1.0
ALL (>=2 confirm),2023-05-06,3,D1,2223,Werder Bremen vs Bayern Munich,A,1.26,True,A,7.01316,False,-1.0
ALL (>=2 confirm),2023-09-02,1,E0,2324,Man City vs Fulham,H,1.19,True,H,6.399225,False,-1.0
ALL (>=2 confirm),2023-09-02,2,E0,2324,Sheffield United vs Everton,A,2.39,False,D,6.399225,False,-1.0
ALL (>=2 confirm),2023-09-02,3,D1,2324,Augsburg vs Bochum,H,2.25,False,D,6.399225,False,-1.0
ALL (>=2 confirm),2023-09-16,1,E0,2324,Wolves vs Liverpool,A,1.71,True,A,3.9022199999999994,True,2.9022199999999994
ALL (>=2 confirm),2023-09-16,2,E0,2324,West Ham vs Man City,A,1.63,True,A,3.9022199999999994,True,2.9022199999999994
ALL (>=2 confirm),2023-09-16,3,T1,2324,Galatasaray vs Samsunspor,H,1.4,True,H,3.9022199999999994,True,2.9022199999999994
ALL (>=2 confirm),2023-09-30,1,D1,2324,FC Koln vs Stuttgart,A,2.55,True,A,5.671199999999999,False,-1.0
ALL (>=2 confirm),2023-09-30,2,E0,2324,Wolves vs Man City,A,1.39,False,H,5.671199999999999,False,-1.0
ALL (>=2 confirm),2023-09-30,3,T1,2324,Trabzonspor vs Pendikspor,H,1.6,True,H,5.671199999999999,False,-1.0
ALL (>=2 confirm),2023-10-07,1,D1,2324,Dortmund vs Union Berlin,H,1.71,True,H,5.50449,False,-1.0
ALL (>=2 confirm),2023-10-07,2,D1,2324,Augsburg vs Darmstadt,H,1.85,False,A,5.50449,False,-1.0
ALL (>=2 confirm),2023-10-07,3,T1,2324,Antalyaspor vs Galatasaray,A,1.74,True,A,5.50449,False,-1.0
ALL (>=2 confirm),2023-11-11,1,T1,2324,Hatayspor vs Galatasaray,A,1.46,False,H,3.7273799999999997,False,-1.0
ALL (>=2 confirm),2023-11-11,2,D1,2324,Bayern Munich vs Heidenheim,H,1.11,True,H,3.7273799999999997,False,-1.0
ALL (>=2 confirm),2023-11-11,3,D1,2324,Darmstadt vs Mainz,A,2.3,False,D,3.7273799999999997,False,-1.0
ALL (>=2 confirm),2023-12-09,1,E0,2324,Brighton vs Burnley,H,1.54,False,D,5.537224,False,-1.0
ALL (>=2 confirm),2023-12-09,2,E0,2324,Sheffield United vs Brentford,A,1.78,False,H,5.537224,False,-1.0
ALL (>=2 confirm),2023-12-09,3,E0,2324,Aston Villa vs Arsenal,A,2.02,False,H,5.537224,False,-1.0
ALL (>=2 confirm),2024-01-13,1,T1,2324,Besiktas vs Karagumruk,H,1.88,True,H,5.243131999999999,True,4.243131999999999
ALL (>=2 confirm),2024-01-13,2,E0,2324,Chelsea vs Fulham,H,1.67,True,H,5.243131999999999,True,4.243131999999999
ALL (>=2 confirm),2024-01-13,3,D1,2324,Darmstadt vs Dortmund,A,1.67,True,A,5.243131999999999,True,4.243131999999999
ALL (>=2 confirm),2024-01-20,1,T1,2324,Pendikspor vs Besiktas,A,2.06,False,H,8.137205999999999,False,-1.0
ALL (>=2 confirm),2024-01-20,2,D1,2324,FC Koln vs Dortmund,A,1.89,True,A,8.137205999999999,False,-1.0
ALL (>=2 confirm),2024-01-20,3,D1,2324,Darmstadt vs Ein Frankfurt,A,2.09,False,D,8.137205999999999,False,-1.0
ALL (>=2 confirm),2024-02-03,1,E0,2324,Sheffield United vs Aston Villa,A,1.64,True,A,4.329599999999999,True,3.3295999999999992
ALL (>=2 confirm),2024-02-03,2,T1,2324,Antalyaspor vs Fenerbahce,A,1.65,True,A,4.329599999999999,True,3.3295999999999992
ALL (>=2 confirm),2024-02-03,3,T1,2324,Buyuksehyr vs Istanbulspor,H,1.6,True,H,4.329599999999999,True,3.3295999999999992
ALL (>=2 confirm),2024-02-18,1,T1,2324,Ankaragucu vs Galatasaray,A,1.77,True,A,5.544701999999999,False,-1.0
ALL (>=2 confirm),2024-02-18,2,D1,2324,Bochum vs Bayern Munich,A,1.38,False,H,5.544701999999999,False,-1.0
ALL (>=2 confirm),2024-02-18,3,T1,2324,Alanyaspor vs Ad. Demirspor,H,2.27,False,D,5.544701999999999,False,-1.0
ALL (>=2 confirm),2024-03-09,1,T1,2324,Trabzonspor vs Karagumruk,H,1.81,True,H,6.645596000000001,False,-1.0
ALL (>=2 confirm),2024-03-09,2,E0,2324,Bournemouth vs Sheffield United,H,1.34,False,D,6.645596000000001,False,-1.0
ALL (>=2 confirm),2024-03-09,3,T1,2324,Konyaspor vs Ad. Demirspor,H,2.74,False,D,6.645596000000001,False,-1.0
ALL (>=2 confirm),2024-03-16,1,D1,2324,Wolfsburg vs Augsburg,H,2.36,False,A,5.515319999999998,False,-1.0
ALL (>=2 confirm),2024-03-16,2,D1,2324,Darmstadt vs Bayern Munich,A,1.14,True,A,5.515319999999998,False,-1.0
ALL (>=2 confirm),2024-03-16,3,T1,2324,Alanyaspor vs Kayserispor,H,2.05,True,H,5.515319999999998,False,-1.0
ALL (>=2 confirm),2024-04-20,1,T1,2324,Kayserispor vs Trabzonspor,A,2.11,True,A,5.159583,False,-1.0
ALL (>=2 confirm),2024-04-20,2,D1,2324,Union Berlin vs Bayern Munich,A,1.71,True,A,5.159583,False,-1.0
ALL (>=2 confirm),2024-04-20,3,D1,2324,FC Koln vs Darmstadt,H,1.43,False,A,5.159583,False,-1.0
ALL (>=2 confirm),2024-09-14,1,T1,2425,Galatasaray vs Rizespor,H,1.35,True,H,3.47004,False,-1.0
ALL (>=2 confirm),2024-09-14,2,E0,2425,Brighton vs Ipswich,H,1.53,False,D,3.47004,False,-1.0
ALL (>=2 confirm),2024-09-14,3,E0,2425,Aston Villa vs Everton,H,1.68,True,H,3.47004,False,-1.0
ALL (>=2 confirm),2024-09-28,1,T1,2425,Galatasaray vs Kasimpasa,H,1.3,False,D,4.03806,False,-1.0
ALL (>=2 confirm),2024-09-28,2,D1,2425,Bayern Munich vs Leverkusen,H,1.67,False,D,4.03806,False,-1.0
ALL (>=2 confirm),2024-09-28,3,D1,2425,Mainz vs Heidenheim,H,1.86,False,A,4.03806,False,-1.0
ALL (>=2 confirm),2024-10-05,1,T1,2425,Buyuksehyr vs Kayserispor,H,1.72,False,D,8.095352,False,-1.0
ALL (>=2 confirm),2024-10-05,2,T1,2425,Hatayspor vs Trabzonspor,A,2.33,False,D,8.095352,False,-1.0
ALL (>=2 confirm),2024-10-05,3,E0,2425,Leicester vs Bournemouth,A,2.02,False,H,8.095352,False,-1.0
ALL (>=2 confirm),2024-12-08,1,E0,2425,Tottenham vs Chelsea,A,2.25,True,A,7.1955,False,-1.0
ALL (>=2 confirm),2024-12-08,2,E0,2425,Ipswich vs Bournemouth,A,1.95,True,A,7.1955,False,-1.0
ALL (>=2 confirm),2024-12-08,3,E0,2425,Fulham vs Arsenal,A,1.64,False,D,7.1955,False,-1.0
ALL (>=2 confirm),2025-01-19,1,E0,2425,Man United vs Brighton,H,2.34,False,A,8.912123999999999,False,-1.0
ALL (>=2 confirm),2025-01-19,2,E0,2425,Ipswich vs Man City,A,1.37,True,A,8.912123999999999,False,-1.0
ALL (>=2 confirm),2025-01-19,3,D1,2425,Union Berlin vs Mainz,A,2.78,False,H,8.912123999999999,False,-1.0
ALL (>=2 confirm),2025-02-01,1,T1,2425,Kayserispor vs Trabzonspor,A,2.1,False,D,4.97952,False,-1.0
ALL (>=2 confirm),2025-02-01,2,D1,2425,Bayern Munich vs Holstein Kiel,H,1.04,True,H,4.97952,False,-1.0
ALL (>=2 confirm),2025-02-01,3,E0,2425,Wolves vs Aston Villa,A,2.28,False,H,4.97952,False,-1.0
ALL (>=2 confirm),2025-02-15,1,E0,2425,Leicester vs Arsenal,A,1.33,True,A,3.6005759999999998,False,-1.0
ALL (>=2 confirm),2025-02-15,2,E0,2425,Aston Villa vs Ipswich,H,1.44,False,D,3.6005759999999998,False,-1.0
ALL (>=2 confirm),2025-02-15,3,T1,2425,Buyuksehyr vs Bodrumspor,H,1.88,False,A,3.6005759999999998,False,-1.0
ALL (>=2 confirm),2025-02-22,1,E0,2425,Ipswich vs Tottenham,A,2.1,True,A,6.9237,False,-1.0
ALL (>=2 confirm),2025-02-22,2,E0,2425,Fulham vs Crystal Palace,H,2.1,False,A,6.9237,False,-1.0
ALL (>=2 confirm),2025-02-22,3,E0,2425,Southampton vs Brighton,A,1.57,True,A,6.9237,False,-1.0
ALL (>=2 confirm),2025-03-01,1,D1,2425,St Pauli vs Dortmund,A,1.88,True,A,7.766279999999999,True,6.766279999999999
ALL (>=2 confirm),2025-03-01,2,D1,2425,Heidenheim vs M'gladbach,A,2.7,True,A,7.766279999999999,True,6.766279999999999
ALL (>=2 confirm),2025-03-01,3,T1,2425,Besiktas vs Kayserispor,H,1.53,True,H,7.766279999999999,True,6.766279999999999
ALL (>=2 confirm),2025-04-06,1,E0,2425,Man United vs Man City,A,2.11,False,D,9.906028,False,-1.0
ALL (>=2 confirm),2025-04-06,2,E0,2425,Fulham vs Liverpool,A,1.94,False,H,9.906028,False,-1.0
ALL (>=2 confirm),2025-04-06,3,E0,2425,Brentford vs Chelsea,A,2.42,False,D,9.906028,False,-1.0
ALL (>=2 confirm),2025-04-19,1,E0,2425,West Ham vs Southampton,H,1.64,False,D,6.425355999999998,False,-1.0
ALL (>=2 confirm),2025-04-19,2,E0,2425,Everton vs Man City,A,1.93,True,A,6.425355999999998,False,-1.0
ALL (>=2 confirm),2025-04-19,3,D1,2425,Mainz vs Wolfsburg,H,2.03,False,D,6.425355999999998,False,-1.0
E0 only (>=2 confirm),2021-10-16,1,E0,2122,Leicester vs Man United,A,1.99,False,H,5.304544000000001,False,-1.0
E0 only (>=2 confirm),2021-10-16,2,E0,2122,Watford vs Liverpool,A,1.36,True,A,5.304544000000001,False,-1.0
E0 only (>=2 confirm),2021-10-16,3,E0,2122,Norwich vs Brighton,A,1.96,False,D,5.304544000000001,False,-1.0
E0 only (>=2 confirm),2022-01-15,1,E0,2122,Man City vs Chelsea,H,1.67,True,H,6.9138,False,-1.0
E0 only (>=2 confirm),2022-01-15,2,E0,2122,Newcastle vs Watford,H,1.84,False,D,6.9138,False,-1.0
E0 only (>=2 confirm),2022-01-15,3,E0,2122,Norwich vs Everton,A,2.25,False,H,6.9138,False,-1.0
E0 only (>=2 confirm),2022-11-12,1,E0,2223,Wolves vs Arsenal,A,1.57,True,A,3.9991040000000004,False,-1.0
E0 only (>=2 confirm),2022-11-12,2,E0,2223,West Ham vs Leicester,H,1.99,False,A,3.9991040000000004,False,-1.0
E0 only (>=2 confirm),2022-11-12,3,E0,2223,Liverpool vs Southampton,H,1.28,True,H,3.9991040000000004,False,-1.0
E0 only (>=2 confirm),2022-12-26,1,E0,2223,Arsenal vs West Ham,H,1.57,True,H,7.282288,True,6.282288
E0 only (>=2 confirm),2022-12-26,2,E0,2223,Southampton vs Brighton,A,2.08,True,A,7.282288,True,6.282288
E0 only (>=2 confirm),2022-12-26,3,E0,2223,Leicester vs Newcastle,A,2.23,True,A,7.282288,True,6.282288
E0 only (>=2 confirm),2023-02-11,1,E0,2223,Arsenal vs Brentford,H,1.58,False,D,8.295000000000002,False,-1.0
E0 only (>=2 confirm),2023-02-11,2,E0,2223,Leicester vs Tottenham,A,2.1,False,H,8.295000000000002,False,-1.0
E0 only (>=2 confirm),2023-02-11,3,E0,2223,Southampton vs Wolves,A,2.5,True,A,8.295000000000002,False,-1.0
E0 only (>=2 confirm),2023-02-25,1,E0,2223,Leicester vs Arsenal,A,1.6,True,A,3.7209600000000007,False,-1.0
E0 only (>=2 confirm),2023-02-25,2,E0,2223,Crystal Palace vs Liverpool,A,1.71,False,D,3.7209600000000007,False,-1.0
E0 only (>=2 confirm),2023-02-25,3,E0,2223,Bournemouth vs Man City,A,1.36,True,A,3.7209600000000007,False,-1.0
E0 only (>=2 confirm),2023-12-09,1,E0,2324,Brighton vs Burnley,H,1.54,False,D,5.537224,False,-1.0
E0 only (>=2 confirm),2023-12-09,2,E0,2324,Sheffield United vs Brentford,A,1.78,False,H,5.537224,False,-1.0
E0 only (>=2 confirm),2023-12-09,3,E0,2324,Aston Villa vs Arsenal,A,2.02,False,H,5.537224,False,-1.0
E0 only (>=2 confirm),2024-10-05,1,E0,2425,Leicester vs Bournemouth,A,2.02,False,H,4.944152,False,-1.0
E0 only (>=2 confirm),2024-10-05,2,E0,2425,Brentford vs Wolves,H,2.11,True,H,4.944152,False,-1.0
E0 only (>=2 confirm),2024-10-05,3,E0,2425,Arsenal vs Southampton,H,1.16,True,H,4.944152,False,-1.0
E0 only (>=2 confirm),2024-12-08,1,E0,2425,Tottenham vs Chelsea,A,2.25,True,A,7.1955,False,-1.0
E0 only (>=2 confirm),2024-12-08,2,E0,2425,Ipswich vs Bournemouth,A,1.95,True,A,7.1955,False,-1.0
E0 only (>=2 confirm),2024-12-08,3,E0,2425,Fulham vs Arsenal,A,1.64,False,D,7.1955,False,-1.0
E0 only (>=2 confirm),2025-02-22,1,E0,2425,Ipswich vs Tottenham,A,2.1,True,A,6.9237,False,-1.0
E0 only (>=2 confirm),2025-02-22,2,E0,2425,Fulham vs Crystal Palace,H,2.1,False,A,6.9237,False,-1.0
E0 only (>=2 confirm),2025-02-22,3,E0,2425,Southampton vs Brighton,A,1.57,True,A,6.9237,False,-1.0
E0 only (>=2 confirm),2025-04-06,1,E0,2425,Man United vs Man City,A,2.11,False,D,9.906028,False,-1.0
E0 only (>=2 confirm),2025-04-06,2,E0,2425,Fulham vs Liverpool,A,1.94,False,H,9.906028,False,-1.0
E0 only (>=2 confirm),2025-04-06,3,E0,2425,Brentford vs Chelsea,A,2.42,False,D,9.906028,False,-1.0
T1 only (>=2 confirm),2024-03-09,1,T1,2324,Trabzonspor vs Karagumruk,H,1.81,True,H,11.505808,False,-1.0
T1 only (>=2 confirm),2024-03-09,2,T1,2324,Konyaspor vs Ad. Demirspor,H,2.74,False,D,11.505808,False,-1.0
T1 only (>=2 confirm),2024-03-09,3,T1,2324,Buyuksehyr vs Antalyaspor,H,2.32,True,H,11.505808,False,-1.0
