match_date,home_team,away_team,home_goals,away_goals,y,p_dc,p_lgbm,p_ensemble
2022-02-19,Yeni Malatyaspor,Antalyaspor,1,2,1,,,
2022-02-19,Kayserispor,Giresunspor,2,1,1,,,
2022-02-19,Besiktas,Altay,1,0,0,,,
2022-02-20,Gaziantep,Ad. Demirspor,0,3,1,,,
2022-02-20,Alanyaspor,Trabzonspor,0,4,1,,,
2022-02-20,Karagumruk,Sivasspor,1,0,0,,,
2022-02-20,Fenerbahce,Hatayspor,2,0,0,,,
2022-02-21,Goztep,Galatasaray,2,3,1,,,
2022-02-22,Buyuksehyr,Konyaspor,2,1,1,,,
2022-02-23,Gaziantep,Yeni Malatyaspor,0,0,0,,,
2022-02-25,Ad. Demirspor,Antalyaspor,0,0,0,,,
2022-02-25,Trabzonspor,Kayserispor,3,2,1,,,
2022-02-26,Buyuksehyr,Karagumruk,1,2,1,,,
2022-02-26,Sivasspor,Besiktas,2,3,1,,,
2022-02-27,Altay,Gaziantep,3,2,1,,,
2022-02-27,Giresunspor,Goztep,3,1,1,,,
2022-02-27,Alanyaspor,Konyaspor,5,1,1,,,
2022-02-27,Hatayspor,Yeni Malatyaspor,5,2,1,,,
2022-02-27,Galatasaray,Rizespor,4,2,1,,,
2022-02-28,Kasimpasa,Fenerbahce,1,2,1,,,
2022-03-04,Yeni Malatyaspor,Ad. Demirspor,1,0,0,,,
2022-03-05,Konyaspor,Galatasaray,2,0,0,,,
2022-03-05,Goztep,Kasimpasa,2,3,1,,,
2022-03-05,Rizespor,Giresunspor,1,2,1,,,
2022-03-06,Karagumruk,Altay,0,0,0,,,
2022-03-06,Antalyaspor,Sivasspor,1,0,0,,,
2022-03-06,Fenerbahce,Trabzonspor,1,1,0,,,
2022-03-07,Besiktas,Buyuksehyr,2,2,1,,,
2022-03-07,Gaziantep,Hatayspor,2,2,1,,,
2022-03-07,Kayserispor,Alanyaspor,1,2,1,,,
2022-03-12,Hatayspor,Karagumruk,3,0,1,,,
2022-03-12,Altay,Yeni Malatyaspor,1,0,0,,,
2022-03-12,Kasimpasa,Rizespor,3,1,1,,,
2022-03-12,Trabzonspor,Goztep,4,2,1,,,
2022-03-13,Alanyaspor,Fenerbahce,2,5,1,,,
2022-03-13,Kayserispor,Konyaspor,2,3,1,,,
2022-03-13,Ad. Demirspor,Sivasspor,2,3,1,,,
2022-03-14,Buyuksehyr,Antalyaspor,0,1,0,,,
2022-03-14,Galatasaray,Besiktas,2,1,1,,,
2022-03-14,Giresunspor,Gaziantep,2,1,1,,,
2022-03-18,Karagumruk,Kayserispor,3,0,1,,,
2022-03-18,Rizespor,Trabzonspor,3,2,1,,,
2022-03-19,Yeni Malatyaspor,Kasimpasa,0,2,0,,,
2022-03-19,Ad. Demirspor,Buyuksehyr,2,1,1,,,
2022-03-19,Goztep,Alanyaspor,0,2,0,,,
2022-03-19,Besiktas,Hatayspor,1,1,0,,,
2022-03-20,Antalyaspor,Giresunspor,4,1,1,,,
2022-03-20,Sivasspor,Altay,2,1,1,,,
2022-03-20,Gaziantep,Galatasaray,3,1,1,,,
2022-03-20,Fenerbahce,Konyaspor,2,1,1,,,
2022-04-02,Giresunspor,Sivasspor,2,2,1,,,
2022-04-02,Altay,Antalyaspor,1,2,1,,,
2022-04-02,Kayserispor,Fenerbahce,0,4,1,,,
2022-04-02,Galatasaray,Karagumruk,2,0,0,,,
2022-04-03,Kasimpasa,Gaziantep,2,1,1,,,
2022-04-03,Alanyaspor,Rizespor,2,1,1,,,
2022-04-03,Konyaspor,Goztep,3,0,1,,,
2022-04-03,Trabzonspor,Besiktas,1,1,0,,,
2022-04-04,Buyuksehyr,Yeni Malatyaspor,1,0,0,,,
2022-04-04,Hatayspor,Ad. Demirspor,0,0,0,,,
2022-04-09,Rizespor,Konyaspor,2,1,1,,,
2022-04-09,Goztep,Kayserispor,1,2,1,,,
2022-04-09,Gaziantep,Trabzonspor,0,0,0,,,
2022-04-09,Besiktas,Alanyaspor,4,1,1,,,
2022-04-09,Karagumruk,Kasimpasa,3,2,1,,,
2022-04-10,Yeni Malatyaspor,Giresunspor,0,1,0,,,
2022-04-10,Ad. Demirspor,Altay,3,1,1,,,
2022-04-10,Sivasspor,Buyuksehyr,0,2,0,,,
2022-04-10,Fenerbahce,Galatasaray,2,0,0,,,
2022-04-11,Antalyaspor,Hatayspor,4,1,1,,,
2022-04-15,Kayserispor,Rizespor,1,1,0,,,
2022-04-15,Trabzonspor,Karagumruk,1,1,0,,,
2022-04-16,Hatayspor,Sivasspor,1,1,0,,,
2022-04-16,Alanyaspor,Antalyaspor,1,3,1,,,
2022-04-16,Altay,Buyuksehyr,1,1,0,,,
2022-04-16,Fenerbahce,Goztep,2,0,0,,,
2022-04-17,Konyaspor,Gaziantep,4,1,1,,,
2022-04-17,Kasimpasa,Ad. Demirspor,4,0,1,,,
2022-04-17,Giresunspor,Besiktas,0,0,0,,,
2022-04-18,Galatasaray,Yeni Malatyaspor,2,0,0,,,
2022-04-22,Rizespor,Fenerbahce,0,6,1,,,
2022-04-23,Gaziantep,Goztep,1,1,0,,,
2022-04-23,Karagumruk,Giresunspor,2,1,1,,,
2022-04-23,Ad. Demirspor,Trabzonspor,1,3,1,,,
2022-04-24,Buyuksehyr,Hatayspor,3,0,1,,,
2022-04-24,Yeni Malatyaspor,Konyaspor,2,3,1,,,
2022-04-24,Altay,Galatasaray,0,1,0,,,
2022-04-24,Antalyaspor,Kayserispor,1,1,0,,,
2022-04-25,Besiktas,Kasimpasa,0,3,1,,,
2022-04-25,Sivasspor,Alanyaspor,1,0,0,,,
2022-04-29,Fenerbahce,Gaziantep,3,2,1,,,
2022-04-29,Giresunspor,Ad. Demirspor,2,0,0,,,
2022-04-30,Kasimpasa,Buyuksehyr,2,3,1,,,
2022-04-30,Konyaspor,Karagumruk,1,2,1,,,
2022-04-30,Hatayspor,Altay,0,1,0,,,
2022-04-30,Trabzonspor,Antalyaspor,2,2,1,,,
2022-05-01,Alanyaspor,Yeni Malatyaspor,2,1,1,,,
2022-05-01,Kayserispor,Besiktas,2,3,1,,,
2022-05-01,Galatasaray,Sivasspor,2,3,1,,,
2022-05-01,Goztep,Rizespor,1,7,1,,,
2022-05-06,Gaziantep,Kayserispor,1,1,0,,,
2022-05-06,Hatayspor,Trabzonspor,1,1,0,,,
2022-05-07,Karagumruk,Goztep,3,1,1,,,
2022-05-07,Sivasspor,Kasimpasa,1,3,1,,,
2022-05-07,Ad. Demirspor,Alanyaspor,1,2,1,,,
2022-05-07,Buyuksehyr,Galatasaray,0,0,0,,,
2022-05-08,Altay,Giresunspor,1,1,0,,,
2022-05-08,Yeni Malatyaspor,Rizespor,1,3,1,,,
2022-05-08,Besiktas,Fenerbahce,1,1,0,,,
2022-05-09,Antalyaspor,Konyaspor,3,2,1,,,
2022-05-14,Kayserispor,Yeni Malatyaspor,3,0,1,,,
2022-05-15,Goztep,Besiktas,0,2,0,,,
2022-05-15,Trabzonspor,Altay,2,1,1,,,
2022-05-15,Konyaspor,Hatayspor,3,1,1,,,
2022-05-15,Alanyaspor,Gaziantep,3,0,1,,,
2022-05-15,Giresunspor,Buyuksehyr,1,1,0,,,
2022-05-15,Kasimpasa,Antalyaspor,2,4,1,,,
2022-05-15,Fenerbahce,Karagumruk,0,0,0,,,
2022-05-16,Galatasaray,Ad. Demirspor,3,2,1,,,
2022-05-16,Rizespor,Sivasspor,1,2,1,,,
2022-05-20,Antalyaspor,Galatasaray,1,1,0,,,
2022-05-20,Gaziantep,Rizespor,2,0,0,,,
2022-05-21,Altay,Kasimpasa,2,4,1,,,
2022-05-21,Sivasspor,Kayserispor,2,1,1,,,
2022-05-21,Besiktas,Konyaspor,1,1,0,,,
2022-05-21,Yeni Malatyaspor,Fenerbahce,0,5,1,,,
2022-05-22,Karagumruk,Alanyaspor,0,1,0,,,
2022-05-22,Ad. Demirspor,Goztep,7,0,1,,,
2022-05-22,Buyuksehyr,Trabzonspor,3,1,1,,,
2022-05-22,Hatayspor,Giresunspor,4,1,1,,,
2022-08-05,Istanbulspor,Trabzonspor,0,2,0,,,
2022-08-06,Sivasspor,Gaziantep,1,1,0,,,
2022-08-06,Besiktas,Kayserispor,1,0,0,,,
2022-08-07,Giresunspor,Ad. Demirspor,2,3,1,,,
2022-08-07,Karagumruk,Alanyaspor,2,4,1,,,
2022-08-07,Antalyaspor,Galatasaray,0,1,0,,,
2022-08-08,Buyuksehyr,Kasimpasa,4,0,1,,,
2022-08-08,Ankaragucu,Konyaspor,0,0,0,,,
2022-08-08,Fenerbahce,Umraniyespor,3,3,1,,,
2022-08-12,Trabzonspor,Hatayspor,1,0,0,,,
2022-08-13,Kayserispor,Istanbulspor,1,0,0,,,
2022-08-13,Ad. Demirspor,Sivasspor,3,0,1,,,
2022-08-13,Galatasaray,Giresunspor,0,1,0,,,
2022-08-14,Umraniyespor,Antalyaspor,0,1,0,,,
2022-08-14,Alanyaspor,Besiktas,3,3,1,,,
2022-08-14,Gaziantep,Ankaragucu,1,0,0,,,
2022-08-15,Konyaspor,Buyuksehyr,0,0,0,,,
2022-08-15,Kasimpasa,Fenerbahce,0,6,1,,,
2022-08-19,Umraniyespor,Galatasaray,0,1,0,,,
2022-08-20,Giresunspor,Kasimpasa,1,0,0,,,
2022-08-20,Hatayspor,Gaziantep,1,2,1,,,
2022-08-20,Antalyaspor,Trabzonspor,5,2,1,,,
2022-08-21,Buyuksehyr,Kayserispor,2,0,0,,,
2022-08-21,Besiktas,Karagumruk,4,1,1,,,
2022-08-22,Istanbulspor,Konyaspor,0,4,1,,,
2022-08-22,Sivasspor,Alanyaspor,1,1,0,,,
2022-08-22,Fenerbahce,Ad. Demirspor,4,2,1,,,
2022-08-26,Gaziantep,Antalyaspor,5,2,1,,,
2022-08-27,Karagumruk,Ankaragucu,4,1,1,,,
2022-08-27,Ad. Demirspor,Umraniyespor,1,0,0,,,
2022-08-27,Alanyaspor,Istanbulspor,0,1,0,,,
2022-08-28,Kasimpasa,Hatayspor,1,0,0,,,
2022-08-28,Kayserispor,Giresunspor,3,0,1,,,
2022-08-28,Trabzonspor,Galatasaray,0,0,0,,,
2022-08-29,Konyaspor,Fenerbahce,1,0,0,,,
2022-08-29,Besiktas,Sivasspor,3,1,1,,,
2022-09-02,Umraniyespor,Trabzonspor,0,1,0,,,
2022-09-03,Buyuksehyr,Alanyaspor,2,0,0,,,
2022-09-03,Sivasspor,Karagumruk,0,0,0,,,
2022-09-03,Fenerbahce,Kayserispor,2,0,0,,,
2022-09-03,Giresunspor,Konyaspor,0,1,0,,,
2022-09-04,Hatayspor,Ad. Demirspor,1,1,0,,,
2022-09-04,Ankaragucu,Besiktas,2,3,1,,,
2022-09-04,Antalyaspor,Kasimpasa,0,2,0,,,
2022-09-05,Galatasaray,Gaziantep,2,1,1,,,
2022-09-09,Alanyaspor,Ankaragucu,2,1,1,,,
2022-09-10,Konyaspor,Hatayspor,1,0,0,,,
2022-09-10,Karagumruk,Giresunspor,1,1,0,,,
2022-09-11,Sivasspor,Istanbulspor,1,1,0,,,
2022-09-11,Gaziantep,Umraniyespor,1,1,0,,,
2022-09-11,Kasimpasa,Galatasaray,2,3,1,,,
2022-09-11,Kayserispor,Antalyaspor,1,0,0,,,
2022-09-12,Besiktas,Buyuksehyr,0,1,0,,,
2022-09-12,Ad. Demirspor,Trabzonspor,3,2,1,,,
2022-09-16,Galatasaray,Konyaspor,2,1,1,,,
2022-09-16,Hatayspor,Kayserispor,0,4,1,,,
2022-09-17,Antalyaspor,Ad. Demirspor,0,3,1,,,
2022-09-17,Istanbulspor,Besiktas,2,2,1,,,
2022-09-17,Umraniyespor,Kasimpasa,1,2,1,,,
2022-09-18,Buyuksehyr,Karagumruk,0,0,0,,,
2022-09-18,Trabzonspor,Gaziantep,3,2,1,,,
2022-09-18,Ankaragucu,Sivasspor,2,1,1,,,
2022-09-18,Fenerbahce,Alanyaspor,5,0,1,,,
2022-10-01,Kasimpasa,Gaziantep,1,0,0,,,
2022-10-01,Ankaragucu,Buyuksehyr,1,2,1,,,
2022-10-01,Kayserispor,Trabzonspor,1,2,1,,,
2022-10-01,Ad. Demirspor,Galatasaray,0,0,0,,,
2022-10-02,Alanyaspor,Giresunspor,1,1,0,,,
2022-10-02,Sivasspor,Hatayspor,1,2,1,,,
2022-10-02,Konyaspor,Umraniyespor,1,0,0,,,
2022-10-02,Besiktas,Fenerbahce,0,0,0,,,
2022-10-03,Karagumruk,Istanbulspor,1,2,1,,,
2022-10-07,Gaziantep,Ad. Demirspor,1,1,0,,,
2022-10-08,Istanbulspor,Ankaragucu,1,2,1,,,
2022-10-08,Antalyaspor,Konyaspor,1,1,0,,,
2022-10-08,Giresunspor,Besiktas,0,1,0,,,
2022-10-09,Umraniyespor,Kayserispor,2,2,1,,,
2022-10-09,Hatayspor,Alanyaspor,1,0,0,,,
2022-10-09,Fenerbahce,Karagumruk,5,4,1,,,
2022-10-10,Buyuksehyr,Sivasspor,0,2,0,,,
2022-10-10,Trabzonspor,Kasimpasa,0,0,0,,,
2022-10-14,Alanyaspor,Antalyaspor,3,2,1,,,
2022-10-15,Karagumruk,Hatayspor,3,0,1,,,
2022-10-15,Kasimpasa,Ad. Demirspor,1,4,1,,,
2022-10-15,Kayserispor,Galatasaray,2,1,1,,,
2022-10-15,Konyaspor,Gaziantep,0,1,0,,,
2022-10-16,Buyuksehyr,Istanbulspor,2,0,0,,,
2022-10-16,Besiktas,Trabzonspor,2,2,1,,,
2022-10-17,Ankaragucu,Fenerbahce,0,3,1,,,
2022-10-17,Sivasspor,Giresunspor,3,0,1,,,
2022-10-21,Antalyaspor,Istanbulspor,2,1,1,,,
2022-10-22,Umraniyespor,Karagumruk,1,3,1,,,
2022-10-22,Trabzonspor,Sivasspor,1,0,0,,,
2022-10-22,Fenerbahce,Buyuksehyr,1,0,0,,,
2022-10-23,Kasimpasa,Kayserispor,0,1,0,,,
2022-10-23,Ad. Demirspor,Konyaspor,1,1,0,,,
2022-10-23,Galatasaray,Alanyaspor,2,2,1,,,
2022-10-24,Giresunspor,Ankaragucu,1,1,0,,,
2022-10-24,Hatayspor,Besiktas,2,1,1,,,
2022-10-28,Karagumruk,Galatasaray,0,2,0,,,
2022-10-29,Konyaspor,Kasimpasa,1,1,0,,,
2022-10-29,Alanyaspor,Gaziantep,2,0,0,,,
2022-10-30,Ankaragucu,Hatayspor,4,1,1,,,
2022-10-30,Besiktas,Umraniyespor,5,2,1,,,
2022-10-30,Kayserispor,Ad. Demirspor,2,2,1,,,
2022-10-30,Istanbulspor,Fenerbahce,2,5,1,,,
2022-10-31,Buyuksehyr,Giresunspor,3,1,1,,,
2022-10-31,Sivasspor,Antalyaspor,0,2,0,,,
2022-11-04,Kasimpasa,Ankaragucu,1,1,0,,,
2022-11-04,Umraniyespor,Alanyaspor,3,1,1,,,
2022-11-05,Giresunspor,Istanbulspor,3,2,1,,,
2022-11-05,Galatasaray,Besiktas,2,1,1,,,
2022-11-06,Gaziantep,Kayserispor,1,2,1,,,
2022-11-06,Antalyaspor,Karagumruk,4,2,1,,,
2022-11-06,Trabzonspor,Konyaspor,2,2,1,,,
2022-11-07,Fenerbahce,Sivasspor,1,0,0,,,
2022-11-07,Hatayspor,Buyuksehyr,3,3,1,,,
2022-11-11,Alanyaspor,Ad. Demirspor,0,0,0,,,
2022-11-11,Ankaragucu,Trabzonspor,1,1,0,,,
2022-11-12,Sivasspor,Umraniyespor,2,2,1,,,
2022-11-12,Fenerbahce,Giresunspor,1,2,1,,,
2022-11-12,Buyuksehyr,Galatasaray,0,7,1,,,
2022-11-13,Kayserispor,Konyaspor,1,2,1,,,
2022-11-13,Karagumruk,Gaziantep,3,3,1,,,
2022-11-13,Istanbulspor,Hatayspor,0,1,0,,,
2022-12-23,Antalyaspor,Ankaragucu,0,2,0,,,
2022-12-23,Umraniyespor,Buyuksehyr,1,3,1,,,
2022-12-24,Hatayspor,Giresunspor,1,1,0,,,
2022-12-24,Kasimpasa,Sivasspor,1,2,1,,,
2022-12-24,Trabzonspor,Fenerbahce,2,0,0,,,
2022-12-25,Ad. Demirspor,Karagumruk,2,1,1,,,
2022-12-25,Gaziantep,Besiktas,1,1,0,,,
2022-12-25,Konyaspor,Alanyaspor,2,2,1,,,
2022-12-25,Galatasaray,Istanbulspor,2,1,1,,,
2022-12-27,Ankaragucu,Umraniyespor,1,2,1,,,
2022-12-27,Buyuksehyr,Antalyaspor,2,0,0,,,
2022-12-27,Fenerbahce,Hatayspor,4,0,1,,,
2022-12-28,Istanbulspor,Kasimpasa,2,1,1,,,
2022-12-28,Karagumruk,Trabzonspor,4,1,1,,,
2022-12-28,Alanyaspor,Kayserispor,3,1,1,,,
2022-12-29,Giresunspor,Gaziantep,2,1,1,,,
2022-12-29,Sivasspor,Galatasaray,1,2,1,,,
2022-12-29,Besiktas,Ad. Demirspor,1,0,0,,,
2023-01-03,Umraniyespor,Hatayspor,2,2,1,,,
2023-01-03,Antalyaspor,Fenerbahce,1,2,1,,,
2023-01-04,Kasimpasa,Alanyaspor,4,1,1,,,
2023-01-04,Kayserispor,Karagumruk,2,4,1,,,
2023-01-04,Galatasaray,Ankaragucu,2,1,1,,,
2023-01-04,Konyaspor,Sivasspor,2,2,1,,,
2023-01-05,Trabzonspor,Giresunspor,3,0,1,,,
2023-01-05,Gaziantep,Buyuksehyr,1,1,0,,,
2023-01-05,Ad. Demirspor,Istanbulspor,6,0,1,,,
2023-01-07,Hatayspor,Antalyaspor,0,0,0,,,
2023-01-07,Besiktas,Kasimpasa,2,1,1,,,
2023-01-08,Karagumruk,Konyaspor,3,3,1,,,
2023-01-08,Ankaragucu,Kayserispor,2,1,1,,,
2023-01-08,Giresunspor,Umraniyespor,0,1,0,,,
2023-01-08,Fenerbahce,Galatasaray,0,3,1,,,
2023-01-09,Buyuksehyr,Ad. Demirspor,2,1,1,,,
2023-01-09,Alanyaspor,Trabzonspor,5,0,1,,,
2023-01-09,Istanbulspor,Gaziantep,1,1,0,,,
2023-01-13,Kayserispor,Sivasspor,4,1,1,,,
2023-01-13,Galatasaray,Hatayspor,4,0,1,,,
2023-01-14,Antalyaspor,Giresunspor,2,2,1,,,
2023-01-14,Ad. Demirspor,Ankaragucu,3,1,1,,,
2023-01-14,Konyaspor,Besiktas,1,2,1,,,
2023-01-14,Trabzonspor,Buyuksehyr,1,0,0,,,
2023-01-15,Umraniyespor,Istanbulspor,0,2,0,,,
2023-01-15,Kasimpasa,Karagumruk,2,2,1,,,
2023-01-15,Gaziantep,Fenerbahce,1,2,1,,,
2023-01-20,Ad. Demirspor,Giresunspor,1,1,0,,,
2023-01-21,Kasimpasa,Buyuksehyr,1,3,1,,,
2023-01-21,Galatasaray,Antalyaspor,2,1,1,,,
2023-01-22,Gaziantep,Sivasspor,1,2,1,,,
2023-01-22,Alanyaspor,Karagumruk,2,2,1,,,
2023-01-22,Kayserispor,Besiktas,0,2,0,,,
2023-01-22,Trabzonspor,Istanbulspor,4,0,1,,,
2023-01-23,Konyaspor,Ankaragucu,0,1,0,,,
2023-01-23,Umraniyespor,Fenerbahce,1,2,1,,,
2023-01-27,Besiktas,Alanyaspor,3,0,1,,,
2023-01-28,Sivasspor,Ad. Demirspor,1,2,1,,,
2023-01-28,Ankaragucu,Gaziantep,0,2,0,,,
2023-01-28,Hatayspor,Trabzonspor,2,1,1,,,
2023-01-28,Antalyaspor,Umraniyespor,3,2,1,,,
2023-01-28,Giresunspor,Galatasaray,0,4,1,,,
2023-01-29,Istanbulspor,Kayserispor,2,4,1,,,
2023-01-29,Buyuksehyr,Konyaspor,2,0,0,,,
2023-01-29,Fenerbahce,Kasimpasa,5,1,1,,,
2023-01-31,Alanyaspor,Sivasspor,0,3,1,,,
2023-01-31,Karagumruk,Besiktas,1,1,0,,,
2023-02-01,Kasimpasa,Giresunspor,5,1,1,,,
2023-02-01,Gaziantep,Hatayspor,4,1,1,,,
2023-02-01,Trabzonspor,Antalyaspor,2,0,0,,,
2023-02-01,Galatasaray,Umraniyespor,3,2,1,,,
2023-02-02,Kayserispor,Buyuksehyr,1,0,0,,,
2023-02-02,Konyaspor,Istanbulspor,0,1,0,,,
2023-02-02,Ad. Demirspor,Fenerbahce,1,1,0,,,
2023-02-04,Ankaragucu,Karagumruk,0,2,0,,,
2023-02-04,Sivasspor,Besiktas,1,0,0,,,
2023-02-04,Antalyaspor,Gaziantep,1,0,0,,,
2023-02-05,Istanbulspor,Alanyaspor,2,1,1,,,
2023-02-05,Hatayspor,Kasimpasa,1,0,0,,,
2023-02-05,Galatasaray,Trabzonspor,2,1,1,,,
2023-02-25,Umraniyespor,Gaziantep,3,0,1,,,
2023-02-25,Fenerbahce,Konyaspor,4,0,1,,,
2023-02-25,Giresunspor,Kayserispor,1,2,1,,,
2023-02-26,Umraniyespor,Ad. Demirspor,1,1,0,,,
2023-02-26,Besiktas,Antalyaspor,0,0,0,,,
2023-03-03,Alanyaspor,Buyuksehyr,1,0,0,,,
2023-03-04,Karagumruk,Sivasspor,4,3,1,,,
2023-03-04,Trabzonspor,Umraniyespor,1,2,1,,,
2023-03-04,Kayserispor,Fenerbahce,1,2,1,,,
2023-03-05,Ad. Demirspor,Hatayspor,3,0,1,,,
2023-03-05,Gaziantep,Galatasaray,0,3,1,,,
2023-03-05,Konyaspor,Giresunspor,0,0,0,,,
2023-03-05,Besiktas,Ankaragucu,2,1,1,,,
2023-03-06,Kasimpasa,Antalyaspor,3,1,1,,,
2023-03-10,Giresunspor,Karagumruk,2,2,1,,,
2023-03-11,Antalyaspor,Kayserispor,4,0,1,,,
2023-03-11,Galatasaray,Kasimpasa,1,0,0,,,
2023-03-12,Ankaragucu,Alanyaspor,2,0,0,,,
2023-03-12,Hatayspor,Konyaspor,0,3,1,,,
2023-03-12,Trabzonspor,Ad. Demirspor,4,1,1,,,
2023-03-12,Buyuksehyr,Besiktas,0,2,0,,,
2023-03-13,Istanbulspor,Sivasspor,3,0,1,,,
2023-03-17,Konyaspor,Galatasaray,2,1,1,,,
2023-03-18,Kasimpasa,Umraniyespor,1,1,0,,,
2023-03-18,Ad. Demirspor,Antalyaspor,2,0,0,,,
2023-03-18,Besiktas,Istanbulspor,3,1,1,,,
2023-03-19,Karagumruk,Buyuksehyr,2,2,1,,,
2023-03-19,Sivasspor,Ankaragucu,2,0,0,,,
2023-03-19,Alanyaspor,Fenerbahce,1,3,1,,,
2023-03-19,Gaziantep,Trabzonspor,0,3,1,,,
2023-03-19,Kayserispor,Hatayspor,3,0,1,,,
2023-04-01,Buyuksehyr,Ankaragucu,1,0,0,,,
2023-04-01,Trabzonspor,Kayserispor,3,4,1,,,
2023-04-01,Galatasaray,Ad. Demirspor,2,0,0,,,
2023-04-02,Umraniyespor,Konyaspor,2,2,1,,,
2023-04-02,Giresunspor,Alanyaspor,2,2,1,,,
2023-04-02,Gaziantep,Kasimpasa,0,3,1,,,
2023-04-02,Hatayspor,Sivasspor,0,3,1,,,
2023-04-02,Fenerbahce,Besiktas,2,4,1,,,
2023-04-03,Istanbulspor,Karagumruk,0,1,0,,,
2023-04-07,Konyaspor,Antalyaspor,1,1,0,,,
2023-04-08,Ankaragucu,Istanbulspor,3,2,1,,,
2023-04-08,Kasimpasa,Trabzonspor,2,0,0,,,
2023-04-09,Sivasspor,Buyuksehyr,1,1,0,,,
2023-04-09,Ad. Demirspor,Gaziantep,3,0,1,,,
2023-04-09,Alanyaspor,Hatayspor,3,0,1,,,
2023-04-09,Besiktas,Giresunspor,3,1,1,,,
2023-04-10,Kayserispor,Umraniyespor,3,1,1,,,
2023-04-10,Karagumruk,Fenerbahce,1,2,1,,,
2023-04-14,Antalyaspor,Alanyaspor,3,1,1,,,
2023-04-14,Galatasaray,Kayserispor,6,0,1,,,
2023-04-15,Istanbulspor,Buyuksehyr,1,0,0,,,
2023-04-15,Fenerbahce,Ankaragucu,2,1,1,,,
2023-04-15,Ad. Demirspor,Kasimpasa,5,0,1,,,
2023-04-16,Gaziantep,Konyaspor,0,3,1,,,
2023-04-16,Giresunspor,Sivasspor,1,0,0,,,
2023-04-16,Trabzonspor,Besiktas,0,0,0,,,
2023-04-16,Hatayspor,Karagumruk,0,3,1,,,
2023-04-18,Alanyaspor,Galatasaray,1,4,1,,,
2023-04-18,Karagumruk,Umraniyespor,4,2,1,,,
2023-04-19,Besiktas,Hatayspor,3,0,1,,,
2023-04-19,Buyuksehyr,Fenerbahce,1,2,1,,,
2023-04-19,Istanbulspor,Antalyaspor,3,3,1,,,
2023-04-19,Kayserispor,Kasimpasa,0,0,0,,,
2023-04-19,Konyaspor,Ad. Demirspor,1,2,1,,,
2023-04-20,Ankaragucu,Giresunspor,3,1,1,,,
2023-04-20,Sivasspor,Trabzonspor,4,1,1,,,
2023-04-22,Umraniyespor,Besiktas,0,2,0,,,
2023-04-23,Kasimpasa,Konyaspor,1,2,1,,,
2023-04-23,Ad. Demirspor,Kayserispor,5,3,1,,,
2023-04-23,Galatasaray,Karagumruk,3,3,1,,,
2023-04-23,Gaziantep,Alanyaspor,0,3,1,,,
2023-04-23,Hatayspor,Ankaragucu,0,3,1,,,
2023-04-24,Giresunspor,Buyuksehyr,2,4,1,,,
2023-04-24,Antalyaspor,Sivasspor,1,2,1,,,
2023-04-24,Fenerbahce,Istanbulspor,3,3,1,,,
2023-04-28,Alanyaspor,Umraniyespor,1,0,0,,,
2023-04-29,Karagumruk,Antalyaspor,0,1,0,,,
2023-04-29,Konyaspor,Trabzonspor,2,1,1,,,
2023-04-29,Ankaragucu,Kasimpasa,0,0,0,,,
2023-04-29,Sivasspor,Fenerbahce,1,3,1,,,
2023-04-30,Besiktas,Galatasaray,3,1,1,,,
2023-04-30,Buyuksehyr,Hatayspor,3,0,1,,,
2023-04-30,Kayserispor,Gaziantep,3,0,1,,,
2023-05-01,Istanbulspor,Giresunspor,1,0,0,,,
2023-05-06,Antalyaspor,Besiktas,1,3,1,,,
2023-05-06,Ad. Demirspor,Alanyaspor,4,2,1,,,
2023-05-07,Umraniyespor,Sivasspor,4,1,1,,,
2023-05-07,Konyaspor,Kayserispor,2,2,1,,,
2023-05-07,Giresunspor,Fenerbahce,1,1,0,,,
2023-05-07,Gaziantep,Karagumruk,0,3,1,,,
2023-05-07,Hatayspor,Istanbulspor,0,3,1,,,
2023-05-08,Galatasaray,Buyuksehyr,1,0,0,,,
2023-05-08,Trabzonspor,Ankaragucu,2,0,0,,,
2023-05-16,Sivasspor,Kasimpasa,1,2,1,,,
2023-05-16,Alanyaspor,Konyaspor,0,3,1,,,
2023-05-16,Istanbulspor,Galatasaray,0,2,0,,,
2023-05-17,Besiktas,Gaziantep,3,0,1,,,
2023-05-17,Ankaragucu,Antalyaspor,1,1,0,,,
2023-05-17,Karagumruk,Ad. Demirspor,2,3,1,,,
2023-05-17,Giresunspor,Hatayspor,3,0,1,,,
2023-05-17,Buyuksehyr,Umraniyespor,1,1,0,,,
2023-05-18,Fenerbahce,Trabzonspor,3,1,1,,,
2023-05-20,Kasimpasa,Istanbulspor,1,0,0,,,
2023-05-20,Galatasaray,Sivasspor,2,0,0,,,
2023-05-20,Kayserispor,Alanyaspor,0,4,1,,,
2023-05-21,Umraniyespor,Ankaragucu,1,2,1,,,
2023-05-21,Ad. Demirspor,Besiktas,1,4,1,,,
2023-05-21,Antalyaspor,Buyuksehyr,0,0,0,,,
2023-05-21,Gaziantep,Giresunspor,0,3,1,,,
2023-05-21,Hatayspor,Fenerbahce,0,3,1,,,
2023-05-22,Trabzonspor,Karagumruk,4,1,1,,,
2023-05-30,Giresunspor,Trabzonspor,2,4,1,,,
2023-05-30,Ankaragucu,Galatasaray,1,4,1,,,
2023-05-30,Buyuksehyr,Gaziantep,3,0,1,,,
2023-05-30,Fenerbahce,Antalyaspor,2,0,0,,,
2023-05-30,Sivasspor,Konyaspor,1,0,0,,,
2023-05-30,Hatayspor,Umraniyespor,0,3,1,,,
2023-05-30,Istanbulspor,Ad. Demirspor,0,2,0,,,
2023-05-30,Karagumruk,Kayserispor,2,0,0,,,
2023-05-30,Alanyaspor,Kasimpasa,1,3,1,,,
2023-06-03,Gaziantep,Istanbulspor,0,3,1,,,
2023-06-03,Konyaspor,Karagumruk,1,1,0,,,
2023-06-03,Ad. Demirspor,Buyuksehyr,2,3,1,,,
2023-06-03,Antalyaspor,Hatayspor,3,0,1,,,
2023-06-03,Trabzonspor,Alanyaspor,5,1,1,,,
2023-06-03,Kasimpasa,Besiktas,2,5,1,,,
2023-06-03,Umraniyespor,Giresunspor,0,1,0,,,
2023-06-03,Kayserispor,Ankaragucu,0,1,0,,,
2023-06-04,Galatasaray,Fenerbahce,3,0,1,,,
2023-06-06,Karagumruk,Kasimpasa,3,0,1,,,
2023-06-06,Sivasspor,Kayserispor,1,1,0,,,
2023-06-06,Buyuksehyr,Trabzonspor,3,1,1,,,
2023-06-07,Fenerbahce,Gaziantep,3,0,1,,,
2023-06-07,Besiktas,Konyaspor,3,3,1,,,
2023-06-07,Ankaragucu,Ad. Demirspor,1,2,1,,,
2023-06-07,Giresunspor,Antalyaspor,2,0,0,,,
2023-06-07,Istanbulspor,Umraniyespor,4,0,1,,,
2023-06-07,Hatayspor,Galatasaray,0,3,1,,,
2023-08-11,Trabzonspor,Antalyaspor,1,0,0,,,
2023-08-12,Kasimpasa,Ankaragucu,3,2,1,,,
2023-08-12,Konyaspor,Istanbulspor,1,1,0,,,
2023-08-12,Kayserispor,Galatasaray,0,0,0,,,
2023-08-12,Pendikspor,Hatayspor,1,5,1,,,
2023-08-13,Sivasspor,Samsunspor,1,1,0,,,
2023-08-13,Ad. Demirspor,Rizespor,2,1,1,,,
2023-08-13,Fenerbahce,Gaziantep,2,1,1,,,
2023-08-14,Alanyaspor,Buyuksehyr,2,0,0,,,
2023-08-14,Karagumruk,Besiktas,0,1,0,,,
2023-08-18,Antalyaspor,Konyaspor,1,1,0,,,
2023-08-18,Istanbulspor,Kayserispor,1,1,0,,,
2023-08-19,Rizespor,Alanyaspor,0,0,0,,,
2023-08-19,Galatasaray,Trabzonspor,2,0,0,,,
2023-08-19,Hatayspor,Kasimpasa,0,0,0,,,
2023-08-20,Buyuksehyr,Karagumruk,0,2,0,,,
2023-08-20,Besiktas,Pendikspor,1,1,0,,,
2023-08-20,Gaziantep,Sivasspor,1,3,1,,,
2023-08-21,Ankaragucu,Ad. Demirspor,1,1,0,,,
2023-08-21,Samsunspor,Fenerbahce,0,2,0,,,
2023-08-25,Konyaspor,Gaziantep,2,0,0,,,
2023-08-26,Kasimpasa,Pendikspor,1,1,0,,,
2023-08-26,Trabzonspor,Rizespor,2,3,1,,,
2023-08-26,Sivasspor,Antalyaspor,1,1,0,,,
2023-08-27,Karagumruk,Ankaragucu,1,1,0,,,
2023-08-27,Kayserispor,Samsunspor,2,1,1,,,
2023-08-27,Alanyaspor,Hatayspor,0,0,0,,,
2023-09-01,Kasimpasa,Trabzonspor,1,5,1,,,
2023-09-01,Rizespor,Karagumruk,1,0,0,,,
2023-09-02,Buyuksehyr,Konyaspor,0,1,0,,,
2023-09-02,Pendikspor,Alanyaspor,1,1,0,,,
2023-09-02,Antalyaspor,Kayserispor,1,1,0,,,
2023-09-02,Gaziantep,Galatasaray,0,3,1,,,
2023-09-03,Hatayspor,Ad. Demirspor,3,3,1,,,
2023-09-03,Besiktas,Sivasspor,2,0,0,,,
2023-09-03,Ankaragucu,Fenerbahce,0,1,0,,,
2023-09-16,Kayserispor,Gaziantep,2,0,0,,,
2023-09-16,Konyaspor,Rizespor,1,2,1,,,
2023-09-16,Ad. Demirspor,Pendikspor,3,0,1,,,
2023-09-16,Galatasaray,Samsunspor,4,2,1,,,
2023-09-17,Fenerbahce,Antalyaspor,3,2,1,,,
2023-09-17,Istanbulspor,Buyuksehyr,0,2,0,,,
2023-09-17,Alanyaspor,Kasimpasa,3,3,1,,,
2023-09-17,Trabzonspor,Besiktas,3,0,1,,,
2023-09-18,Karagumruk,Hatayspor,0,0,0,,,
2023-09-18,Sivasspor,Ankaragucu,1,3,1,,,
2023-09-22,Gaziantep,Istanbulspor,2,0,0,,,
2023-09-23,Pendikspor,Karagumruk,1,1,0,,,
2023-09-23,Rizespor,Sivasspor,1,1,0,,,
2023-09-23,Antalyaspor,Samsunspor,2,0,0,,,
2023-09-23,Buyuksehyr,Galatasaray,1,2,1,,,
2023-09-24,Ankaragucu,Konyaspor,1,1,0,,,
2023-09-24,Besiktas,Kayserispor,2,1,1,,,
2023-09-24,Alanyaspor,Fenerbahce,0,1,0,,,
2023-09-24,Kasimpasa,Ad. Demirspor,2,1,1,,,
2023-09-25,Hatayspor,Trabzonspor,3,2,1,,,
2023-09-26,Istanbulspor,Galatasaray,0,1,0,,,
2023-09-27,Ad. Demirspor,Besiktas,4,2,1,,,
2023-09-28,Fenerbahce,Buyuksehyr,4,0,1,,,
2023-09-29,Samsunspor,Gaziantep,1,2,1,,,
2023-09-30,Sivasspor,Hatayspor,0,0,0,,,
2023-09-30,Istanbulspor,Antalyaspor,1,2,1,,,
2023-09-30,Trabzonspor,Pendikspor,2,1,1,,,
2023-09-30,Galatasaray,Ankaragucu,2,1,1,,,
2023-10-01,Karagumruk,Kasimpasa,2,3,1,,,
2023-10-01,Fenerbahce,Rizespor,5,0,1,,,
2023-10-01,Ad. Demirspor,Alanyaspor,4,0,1,,,
2023-10-01,Konyaspor,Besiktas,0,2,0,,,
2023-10-02,Kayserispor,Buyuksehyr,0,0,0,,,
2023-10-06,Ad. Demirspor,Trabzonspor,1,0,0,,,
2023-10-06,Alanyaspor,Karagumruk,2,1,1,,,
2023-10-07,Pendikspor,Sivasspor,2,3,1,,,
2023-10-07,Ankaragucu,Kayserispor,3,0,1,,,
2023-10-07,Antalyaspor,Galatasaray,0,2,0,,,
2023-10-07,Buyuksehyr,Gaziantep,2,0,0,,,
2023-10-08,Rizespor,Samsunspor,1,0,0,,,
2023-10-08,Besiktas,Istanbulspor,2,0,0,,,
2023-10-08,Hatayspor,Konyaspor,3,1,1,,,
2023-10-08,Kasimpasa,Fenerbahce,0,2,0,,,
2023-10-21,Gaziantep,Antalyaspor,1,0,0,,,
2023-10-21,Kayserispor,Rizespor,3,1,1,,,
2023-10-21,Galatasaray,Besiktas,2,1,1,,,
2023-10-21,Konyaspor,Pendikspor,1,2,1,,,
2023-10-22,Sivasspor,Kasimpasa,0,1,0,,,
2023-10-22,Istanbulspor,Ankaragucu,2,1,1,,,
2023-10-22,Fenerbahce,Hatayspor,4,2,1,,,
2023-10-22,Samsunspor,Buyuksehyr,0,0,0,,,
2023-10-23,Karagumruk,Ad. Demirspor,2,0,0,,,
2023-10-23,Trabzonspor,Alanyaspor,1,0,0,,,
2023-10-27,Hatayspor,Kayserispor,1,2,1,,,
2023-10-27,Kasimpasa,Istanbulspor,3,1,1,,,
2023-10-28,Alanyaspor,Sivasspor,1,2,1,,,
2023-10-28,Ad. Demirspor,Konyaspor,3,0,1,,,
2023-10-28,Rizespor,Galatasaray,0,1,0,,,
2023-10-29,Karagumruk,Trabzonspor,0,0,0,,,
2023-10-29,Ankaragucu,Samsunspor,2,0,0,,,
2023-10-29,Antalyaspor,Buyuksehyr,1,0,0,,,
2023-10-29,Pendikspor,Fenerbahce,0,5,1,,,
2023-10-30,Besiktas,Gaziantep,2,0,0,,,
2023-11-03,Galatasaray,Kasimpasa,2,1,1,,,
2023-11-04,Istanbulspor,Pendikspor,2,4,1,,,
2023-11-04,Samsunspor,Hatayspor,2,1,1,,,
2023-11-04,Fenerbahce,Trabzonspor,2,3,1,,,
2023-11-05,Sivasspor,Ad. Demirspor,1,1,0,,,
2023-11-05,Buyuksehyr,Ankaragucu,3,3,1,,,
2023-11-05,Konyaspor,Karagumruk,1,1,0,,,
2023-11-05,Antalyaspor,Besiktas,3,2,1,,,
2023-11-06,Gaziantep,Rizespor,2,0,0,,,
2023-11-06,Kayserispor,Alanyaspor,1,0,0,,,
2023-11-08,Samsunspor,Istanbulspor,2,1,1,,,
2023-11-10,Ankaragucu,Antalyaspor,0,4,1,,,
2023-11-10,Trabzonspor,Konyaspor,2,1,1,,,
2023-11-11,Kasimpasa,Kayserispor,3,4,1,,,
2023-11-11,Alanyaspor,Gaziantep,0,3,1,,,
2023-11-11,Karagumruk,Sivasspor,3,0,1,,,
2023-11-11,Hatayspor,Galatasaray,2,1,1,,,
2023-11-12,Besiktas,Buyuksehyr,1,0,0,,,
2023-11-12,Pendikspor,Samsunspor,1,0,0,,,
2023-11-12,Ad. Demirspor,Fenerbahce,0,0,0,,,
2023-11-12,Rizespor,Istanbulspor,1,0,0,,,
2023-11-25,Gaziantep,Ankaragucu,0,1,0,,,
2023-11-25,Istanbulspor,Hatayspor,2,1,1,,,
2023-11-25,Galatasaray,Alanyaspor,4,0,1,,,
2023-11-25,Konyaspor,Kasimpasa,2,0,0,,,
2023-11-26,Kayserispor,Ad. Demirspor,1,1,0,,,
2023-11-26,Antalyaspor,Rizespor,0,0,0,,,
2023-11-26,Samsunspor,Besiktas,1,2,1,,,
2023-11-26,Fenerbahce,Karagumruk,2,1,1,,,
2023-11-27,Buyuksehyr,Pendikspor,4,1,1,0.5228273604380396,0.7914864450352714,0.6571569027366555
2023-11-27,Sivasspor,Trabzonspor,3,3,1,0.5690839453243994,0.495244816525349,0.5321643809248742
2023-12-01,Hatayspor,Antalyaspor,3,3,1,0.48977438433324777,0.6887555705496451,0.5892649774414465
2023-12-01,Karagumruk,Istanbulspor,3,0,1,0.6158348502414126,0.5826612797159342,0.5992480649786733
2023-12-02,Pendikspor,Galatasaray,0,2,0,0.6567981958754334,0.35582274914061063,0.5063104725080221
2023-12-02,Ad. Demirspor,Samsunspor,2,3,1,0.577670903800381,0.6664906590694394,0.6220807814349102
2023-12-02,Rizespor,Buyuksehyr,3,2,1,0.34511814440801014,0.30419092136486714,0.32465453288643864
2023-12-02,Alanyaspor,Konyaspor,2,2,1,0.5066881583297098,0.5318325844713863,0.519260371400548
2023-12-03,Kasimpasa,Gaziantep,4,2,1,0.5808008598037973,0.4117606109493015,0.4962807353765494
2023-12-03,Trabzonspor,Kayserispor,0,1,0,0.6708977078800786,0.7359306062858325,0.7034141570829555
2023-12-03,Ankaragucu,Besiktas,1,1,0,0.5194749684653739,0.3912708805505879,0.4553729245079809
2023-12-04,Fenerbahce,Sivasspor,4,1,1,0.6688353563149457,0.89979002556963,0.7843126909422878
2023-12-08,Galatasaray,Ad. Demirspor,3,1,1,0.5723232855446063,0.6327022953131539,0.6025127904288801
2023-12-09,Besiktas,Fenerbahce,1,3,1,0.5816523004627709,0.6471068917134845,0.6143795960881278
2023-12-09,Antalyaspor,Karagumruk,2,1,1,0.5214952347308363,0.36223531114421414,0.4418652729375252
2023-12-09,Samsunspor,Kasimpasa,4,2,1,0.47579883440941145,0.5267427339557657,0.5012707841825885
2023-12-10,Kayserispor,Pendikspor,2,0,0,0.6679952657125205,0.5070469392552016,0.5875211024838611
2023-12-10,Istanbulspor,Alanyaspor,0,1,0,0.5626738807688308,0.449139594255733,0.5059067375122819
2023-12-10,Buyuksehyr,Hatayspor,1,0,0,0.46333031857094886,0.22493543106411334,0.3441328748175311
2023-12-10,Gaziantep,Trabzonspor,1,3,1,0.5593162035828587,0.17526240460146303,0.3672893040921609
2023-12-11,Ankaragucu,Rizespor,1,1,0,0.44625910472442754,0.8268901630581738,0.6365746338913006
2023-12-11,Konyaspor,Sivasspor,0,1,0,0.4518051043995329,0.5849760619034767,0.5183905831515048
2023-12-19,Istanbulspor,Trabzonspor,0,3,1,0.6168583212690443,0.7951783595698146,0.7060183404194295
2023-12-19,Buyuksehyr,Sivasspor,3,1,1,0.39656591972548433,0.1994812735722857,0.298023596648885
2023-12-19,Gaziantep,Ad. Demirspor,2,2,1,0.566909799944363,0.17932491999633257,0.3731173599703478
2023-12-20,Kayserispor,Fenerbahce,3,4,1,0.6704455659295192,0.19791329611833092,0.4341794310239251
2023-12-20,Antalyaspor,Kasimpasa,0,0,0,0.5904797741916111,0.4754443525173093,0.5329620633544603
2023-12-20,Galatasaray,Karagumruk,1,0,0,0.5827248341407534,0.6114116121768285,0.5970682231587909
2023-12-21,Rizespor,Pendikspor,5,1,1,0.5296078626710916,0.3204782147489604,0.425043038710026
2023-12-21,Samsunspor,Konyaspor,1,1,0,0.3501421766756643,0.6063674205261206,0.47825479860089243
2023-12-21,Ankaragucu,Hatayspor,0,0,0,0.5320927506991122,0.40669374910141926,0.46939324990026576
2023-12-21,Besiktas,Alanyaspor,1,3,1,0.6660692102279621,0.37503392430225174,0.5205515672651069
2023-12-23,Sivasspor,Istanbulspor,1,0,0,0.5080084721784057,0.7155775439682636,0.6117930080733347
2023-12-23,Karagumruk,Gaziantep,0,3,1,0.5728317293012906,0.30402038537887816,0.43842605734008433
2023-12-23,Trabzonspor,Buyuksehyr,1,1,0,0.481429127546797,0.8499608382195387,0.6656949828831679
2023-12-24,Konyaspor,Kayserispor,2,0,0,0.5246478183827935,0.3562557460189149,0.44045178220085424
2023-12-24,Ad. Demirspor,Antalyaspor,2,1,1,0.5659021253249776,0.5759429456599606,0.5709225354924692
2023-12-24,Fenerbahce,Galatasaray,0,0,0,0.5260821296256246,0.7474135891212593,0.6367478593734419
2023-12-25,Alanyaspor,Samsunspor,3,1,1,0.434748377726356,0.4240184627787049,0.42938342025253046
2023-12-25,Kasimpasa,Rizespor,2,2,1,0.5572327690688206,0.40257744956361896,0.47990510931621977
2023-12-25,Hatayspor,Besiktas,1,2,1,0.5950413818316159,0.8564274090754611,0.7257343954535385
2023-12-25,Pendikspor,Ankaragucu,1,1,0,0.5719950698814199,0.7874175856015934,0.6797063277415066
2024-01-05,Gaziantep,Pendikspor,2,2,1,0.5046128813733484,0.63978629554583,0.5721995884595892
2024-01-05,Antalyaspor,Alanyaspor,0,0,0,0.5547100207813139,0.44900373681335415,0.5018568787973341
2024-01-05,Besiktas,Kasimpasa,1,3,1,0.6845109339794002,0.14995123598911794,0.4172310849842591
2024-01-06,Rizespor,Hatayspor,2,0,0,0.4558087497182138,0.47905081065130917,0.46742978018476145
2024-01-06,Buyuksehyr,Ad. Demirspor,0,0,0,0.45969057712739037,0.05553333194014033,0.25761195453376534
2024-01-06,Ankaragucu,Trabzonspor,0,1,0,0.572754698014309,0.27210868407124933,0.42243169104277917
2024-01-06,Samsunspor,Karagumruk,1,0,0,0.4517216676908525,0.4205672275871806,0.43614444763901655
2024-01-07,Galatasaray,Konyaspor,3,0,1,0.5254143158659113,0.5788997670119316,0.5521570414389214
2024-01-07,Kayserispor,Sivasspor,1,3,1,0.5550552750922879,0.29860257690856334,0.42682892600042566
2024-01-07,Istanbulspor,Fenerbahce,1,5,1,0.6680607293496755,0.6790021105251955,0.6735314199374356
2024-01-09,Alanyaspor,Ankaragucu,1,1,0,0.4789455343341393,0.6543464763651935,0.5666460053496664
2024-01-09,Pendikspor,Antalyaspor,0,1,0,0.5753833053026076,0.4392509002256583,0.507317102764133
2024-01-09,Kasimpasa,Buyuksehyr,0,3,1,0.5321751308775278,0.8772616854260931,0.7047184081518104
2024-01-09,Rizespor,Besiktas,0,4,1,0.5620274238144662,0.23833777088509328,0.4001825973497798
2024-01-10,Hatayspor,Gaziantep,0,0,0,0.46055188028796357,0.8483734313828656,0.6544626558354145
2024-01-10,Karagumruk,Kayserispor,4,1,1,0.5903169461756279,0.5352067395644328,0.5627618428700303
2024-01-10,Ad. Demirspor,Istanbulspor,2,2,1,0.6528631533435475,0.9127011280150825,0.782782140679315
2024-01-10,Fenerbahce,Konyaspor,7,1,1,0.6326605085592065,0.9276893993487929,0.7801749539539997
2024-01-11,Sivasspor,Galatasaray,1,1,0,0.4930193150769892,0.27290272315334674,0.382961019115168
2024-01-11,Trabzonspor,Samsunspor,2,1,1,0.6031070920086432,0.830299867627581,0.7167034798181121
2024-01-13,Besiktas,Karagumruk,3,0,1,0.5854091380577737,0.9351401264532471,0.7602746322555104
2024-01-13,Ankaragucu,Kasimpasa,3,1,1,0.5665859846032258,0.4466773198676552,0.5066316522354405
2024-01-13,Hatayspor,Pendikspor,1,1,0,0.5766935517340722,0.8855458405518778,0.731119696142975
2024-01-13,Rizespor,Ad. Demirspor,1,0,0,0.6072470074839842,0.45492389589846444,0.5310854516912243
2024-01-13,Buyuksehyr,Alanyaspor,3,2,1,0.4781472517385241,0.9111304080498078,0.6946388298941659
2024-01-14,Istanbulspor,Konyaspor,0,0,0,0.43030753933309396,0.7896263727776519,0.6099669560553729
2024-01-14,Antalyaspor,Trabzonspor,1,1,0,0.5330251683471784,0.747209345979537,0.6401172571633578
2024-01-14,Samsunspor,Sivasspor,2,0,0,0.4652418520032803,0.6882198355301481,0.5767308437667142
2024-01-14,Gaziantep,Fenerbahce,0,1,0,0.6823443639750523,0.552624213995663,0.6174842889853576
2024-01-15,Galatasaray,Kayserispor,2,1,1,0.5994976509352576,0.9072090672792987,0.7533533591072782
2024-01-20,Kasimpasa,Hatayspor,3,0,1,0.6632357301417472,0.9252701478233147,0.794252938982531
2024-01-20,Alanyaspor,Rizespor,2,1,1,0.5626285435438478,0.8891749262895885,0.7259017349167182
2024-01-20,Karagumruk,Buyuksehyr,1,1,0,0.4325803937255823,0.6758039139993836,0.554192153862483
2024-01-20,Ad. Demirspor,Ankaragucu,1,1,0,0.5576625942106358,0.5935549695134699,0.5756087818620528
2024-01-20,Pendikspor,Besiktas,4,0,1,0.6881786708243279,0.5546921743387885,0.6214354225815582
2024-01-21,Fenerbahce,Samsunspor,1,1,0,0.7087979898829928,0.9065521208384673,0.80767505536073
2024-01-21,Sivasspor,Gaziantep,2,2,1,0.5025249268476155,0.7009804099703947,0.6017526684090051
2024-01-21,Trabzonspor,Galatasaray,1,5,1,0.5083255937157835,0.9139115119125955,0.7111185528141895
2024-01-21,Konyaspor,Antalyaspor,1,1,0,0.4142776403634035,0.4783022548919079,0.4462899476276557
2024-01-22,Kayserispor,Istanbulspor,0,1,0,0.5600107999586802,0.40353765404766245,0.4817742270031713
2024-01-23,Hatayspor,Alanyaspor,1,1,0,0.5303208432574915,0.9731255611461634,0.7517232022018274
2024-01-23,Besiktas,Ad. Demirspor,0,0,0,0.628925094317504,0.9549205309868292,0.7919228126521666
2024-01-23,Pendikspor,Kasimpasa,3,2,1,0.7295558294804574,0.40169371349739685,0.5656247714889271
2024-01-24,Ankaragucu,Karagumruk,2,0,0,0.4621325463389778,0.137241707126105,0.2996871267325414
2024-01-24,Gaziantep,Konyaspor,1,1,0,0.4370104432551043,0.5596515383068387,0.4983309907809715
2024-01-24,Antalyaspor,Sivasspor,2,1,1,0.4748081002918625,0.8002564049522871,0.6375322526220748
2024-01-24,Buyuksehyr,Fenerbahce,0,1,0,0.5020905909373005,0.23908608806250642,0.37058833949990344
2024-01-25,Galatasaray,Istanbulspor,3,1,1,0.6235206908846062,0.9770080464064914,0.8002643686455488
2024-01-25,Rizespor,Trabzonspor,1,0,0,0.5932572817280759,0.36106895318969684,0.4771631174588864
2024-01-25,Samsunspor,Kayserispor,2,0,0,0.5201529777789955,0.325929808117387,0.4230413929481912
2024-01-27,Alanyaspor,Pendikspor,1,1,0,0.6670695248575719,0.2709918543441381,0.469030689600855
2024-01-27,Ad. Demirspor,Hatayspor,0,1,0,0.6857206225397643,0.6894415769466141,0.6875810997431893
2024-01-28,Konyaspor,Buyuksehyr,2,3,1,0.3611563153038965,0.49070698365451826,0.42593164947920736
2024-01-28,Karagumruk,Rizespor,4,0,1,0.5567438161955757,0.8255462412580159,0.6911450287267957
2024-01-28,Sivasspor,Besiktas,1,0,0,0.5459645396803647,0.7068510390459728,0.6264077893631688
2024-01-28,Fenerbahce,Ankaragucu,2,1,1,0.6303741660476844,0.9596289884485706,0.7950015772481275
2024-01-29,Galatasaray,Gaziantep,2,1,1,0.6414053403899057,0.9105070648007018,0.7759562025953037
2024-01-29,Trabzonspor,Kasimpasa,2,3,1,0.7287533287341973,0.8897360565341115,0.8092446926341543
2024-01-29,Istanbulspor,Samsunspor,1,1,0,0.42359058499915747,0.9282085214481954,0.6758995532236765
2024-01-29,Kayserispor,Antalyaspor,1,1,0,0.4933626861379079,0.716327523145546,0.6048451046417269
2024-02-02,Samsunspor,Galatasaray,0,2,0,0.45115354026801613,0.4384411029270337,0.44479732159752494
2024-02-02,Ankaragucu,Sivasspor,0,0,0,0.4388093017133482,0.7878793354282859,0.6133443185708171
2024-02-02,Hatayspor,Karagumruk,3,1,1,0.5086731360689515,0.5110825650271006,0.509877850548026
2024-02-03,Buyuksehyr,Istanbulspor,2,0,0,0.4723235307676287,0.7181802825942779,0.5952519066809533
2024-02-03,Rizespor,Konyaspor,0,0,0,0.477907043953451,0.36008117216332036,0.41899410805838566
2024-02-03,Gaziantep,Kayserispor,1,1,0,0.5086094598169452,0.5710083810635838,0.5398089204402645
2024-02-03,Antalyaspor,Fenerbahce,0,2,0,0.5548993225623343,0.6020649871872624,0.5784821548747984
2024-02-04,Pendikspor,Ad. Demirspor,2,1,1,0.6586986179937372,0.1257686359981935,0.3922336269959653
2024-02-04,Kasimpasa,Alanyaspor,2,1,1,0.7033057874058827,0.934337259849858,0.8188215236278704
2024-02-04,Besiktas,Trabzonspor,2,0,0,0.6230972036439109,0.602732927838212,0.6129150657410614
2024-02-09,Ad. Demirspor,Kasimpasa,1,3,1,0.7248707393110737,0.43696150516517085,0.5809161222381223
2024-02-10,Karagumruk,Pendikspor,2,0,0,0.6771184045634021,0.7210929951038907,0.6991056998336465
2024-02-10,Galatasaray,Buyuksehyr,2,0,0,0.4393284239560099,0.7801031210973142,0.609715772526662
2024-02-11,Istanbulspor,Gaziantep,1,3,1,0.43994957811684426,0.529354961283393,0.48465226970011865
2024-02-11,Sivasspor,Rizespor,1,0,0,0.4992282497390239,0.47502128802293825,0.4871247688809811
2024-02-11,Fenerbahce,Alanyaspor,2,2,1,0.7672946431151785,0.5854612433807055,0.676377943247942
2024-02-11,Konyaspor,Ankaragucu,1,0,0,0.4133130568202013,0.436078128319526,0.42469559256986367
2024-02-12,Trabzonspor,Hatayspor,2,0,0,0.6211260827831157,0.7702633332528858,0.6956947080180007
2024-02-12,Kayserispor,Besiktas,0,0,0,0.5846224051518032,0.3948554198243858,0.48973891248809454
2024-02-12,Samsunspor,Antalyaspor,2,0,0,0.3910003250204435,0.36145115881052536,0.3762257419154844
2024-02-16,Kasimpasa,Karagumruk,1,1,0,0.687828583074051,0.31687617386715783,0.5023523784706044
2024-02-17,Hatayspor,Sivasspor,1,1,0,0.44733721549070343,0.35001325526826843,0.3986752353794859
2024-02-17,Rizespor,Fenerbahce,1,3,1,0.6434238632909848,0.5645622173168369,0.6039930403039109
2024-02-17,Antalyaspor,Istanbulspor,2,2,1,0.4709610668128548,0.6296173880861397,0.5502892274494973
2024-02-18,Pendikspor,Trabzonspor,0,2,0,0.6891540103925126,0.582145690616977,0.6356498505047448
2024-02-18,Alanyaspor,Ad. Demirspor,3,3,1,0.602685323978158,0.3441702807955772,0.4734278023868676
2024-02-18,Gaziantep,Samsunspor,1,1,0,0.40715206763106926,0.5707304235296112,0.48894124558034024
2024-02-18,Ankaragucu,Galatasaray,0,3,1,0.4248972465645395,0.6770888069945027,0.5509930267795211
2024-02-19,Besiktas,Konyaspor,2,0,0,0.5478946341743557,0.30573648445329815,0.4268155593138269
2024-02-19,Buyuksehyr,Kayserispor,2,3,1,0.5071783102854007,0.2170522668476184,0.36211528856650954
2024-02-23,Samsunspor,Rizespor,3,0,1,0.4465737255803574,0.5746314450544668,0.5106025853174121
2024-02-24,Kayserispor,Ankaragucu,3,2,1,0.480445039555421,0.7502926299739598,0.6153688347646904
2024-02-24,Gaziantep,Buyuksehyr,0,2,0,0.4113154368954461,0.49090939459234995,0.45111241574389804
2024-02-24,Fenerbahce,Kasimpasa,2,1,1,0.829976459789047,0.8923330761518838,0.8611547679704654
2024-02-24,Konyaspor,Hatayspor,2,0,0,0.46539305475514886,0.3128721152460123,0.38913258500058057
2024-02-25,Sivasspor,Pendikspor,4,1,1,0.6078052596702714,0.8220874412782588,0.7149463504742651
2024-02-25,Karagumruk,Alanyaspor,1,1,0,0.6137759058901998,0.41195015183025274,0.5128630288602263
2024-02-25,Trabzonspor,Ad. Demirspor,1,0,0,0.6370314933063596,0.6125636149389693,0.6247975541226645
2024-02-25,Istanbulspor,Besiktas,0,2,0,0.5357146300479233,0.6105025434993108,0.573108586773617
2024-02-26,Galatasaray,Antalyaspor,2,1,1,0.4823900894841543,0.6734913025061244,0.5779406959951394
2024-03-01,Kasimpasa,Sivasspor,0,0,0,0.6524113746393606,0.8476599149856338,0.7500356448124972
2024-03-02,Hatayspor,Fenerbahce,0,2,0,0.6716589563533437,0.42214150621112667,0.5469002312822352
2024-03-02,Ankaragucu,Istanbulspor,1,1,0,0.4458053588862898,0.34971189699690874,0.3977586279415993
2024-03-02,Rizespor,Kayserispor,3,0,1,0.54952919247148,0.425563321791761,0.4875462571316205
2024-03-03,Buyuksehyr,Samsunspor,1,0,0,0.39833914464957254,0.8055274192377267,0.6019332819436496
2024-03-03,Pendikspor,Konyaspor,0,2,0,0.5695210812949872,0.2696029474856871,0.41956201439033713
2024-03-03,Besiktas,Galatasaray,0,1,0,0.47601722222323856,0.3663253611566259,0.4211712916899322
2024-03-04,Ad. Demirspor,Karagumruk,1,0,0,0.5988606178190694,0.7496871383505735,0.6742738780848214
2024-03-04,Alanyaspor,Trabzonspor,3,1,1,0.6233513576638834,0.1557888528104572,0.3895701052371703
2024-03-04,Antalyaspor,Gaziantep,1,0,0,0.4683952430699095,0.18294558095206237,0.3256704120109859
2024-03-08,Galatasaray,Rizespor,6,2,1,0.5834817766891032,0.9618193730201258,0.7726505748546144
2024-03-09,Buyuksehyr,Antalyaspor,1,0,0,0.39887777685687226,0.1455408293106204,0.27220930308374636
2024-03-09,Trabzonspor,Karagumruk,5,1,1,0.5895301777766842,0.10846058259322892,0.3489953801849565
2024-03-09,Sivasspor,Alanyaspor,1,2,1,0.54375163619354,0.6217600454843859,0.582755840838963
2024-03-09,Konyaspor,Ad. Demirspor,2,2,1,0.5016052321006391,0.07022439752936209,0.2859148148150006
2024-03-10,Kayserispor,Hatayspor,1,1,0,0.5396241508509776,0.6246446166342917,0.5821343837426347
2024-03-10,Istanbulspor,Kasimpasa,1,2,1,0.615720471172512,0.3263729372558221,0.47104670421416706
2024-03-10,Samsunspor,Ankaragucu,2,1,1,0.3692133505084013,0.7233440112946175,0.5462786809015094
2024-03-10,Fenerbahce,Pendikspor,4,1,1,0.8337791858414102,0.9669526180124847,0.9003659019269474
2024-03-11,Gaziantep,Besiktas,2,0,0,0.49998287083222875,0.31212140547444905,0.4060521381533389
2024-03-15,Karagumruk,Konyaspor,1,1,0,0.4842665502932855,0.11766145931024156,0.30096400480176355
2024-03-15,Pendikspor,Istanbulspor,1,0,0,0.5514326350170552,0.6693562149181199,0.6103944249675876
2024-03-16,Alanyaspor,Kayserispor,1,0,0,0.6257821939315006,0.26241204254075357,0.4440971182361271
2024-03-16,Ankaragucu,Buyuksehyr,2,1,1,0.36585486992572774,0.38502260796014864,0.3754387389429382
2024-03-16,Ad. Demirspor,Sivasspor,4,1,1,0.5464745304410321,0.08698453885449683,0.3167295346477645
2024-03-16,Besiktas,Antalyaspor,1,2,1,0.4731806995099136,0.7972233974858958,0.6352020484979046
2024-03-17,Rizespor,Gaziantep,3,1,1,0.46699984151653945,0.23088046692418204,0.34894015422036073
2024-03-17,Hatayspor,Samsunspor,3,0,1,0.38209918642620133,0.41623919032844653,0.39916918837732396
2024-03-17,Kasimpasa,Galatasaray,3,4,1,0.6206481002744638,0.1583733404534127,0.38951072036393825
2024-03-17,Trabzonspor,Fenerbahce,2,3,1,0.6528889492816294,0.042566404257094195,0.34772767676936184
2024-04-02,Istanbulspor,Rizespor,0,4,1,0.4616095130872799,0.7976619671942902,0.629635740140785
2024-04-02,Antalyaspor,Ankaragucu,1,1,0,0.39722811066157754,0.3942331598532738,0.3957306352574257
2024-04-02,Galatasaray,Hatayspor,1,0,0,0.6459851316146195,0.773336977342141,0.7096610544783802
2024-04-02,Gaziantep,Alanyaspor,0,3,1,0.5273248866801935,0.10842355721950582,0.31787422194984966
2024-04-03,Sivasspor,Karagumruk,1,0,0,0.4942827378051434,0.08975635207539326,0.2920195449402683
2024-04-03,Fenerbahce,Ad. Demirspor,4,2,1,0.6958143910614595,0.8568809567714231,0.7763476739164412
2024-04-03,Kayserispor,Kasimpasa,0,2,0,0.690080501022299,0.15871243219583242,0.4243964666090657
2024-04-03,Konyaspor,Trabzonspor,1,3,1,0.5105942311909366,0.2024873473021505,0.35654078924654353
2024-04-04,Buyuksehyr,Besiktas,1,1,0,0.41765700472989864,0.11080447080630314,0.2642307377681009
2024-04-04,Samsunspor,Pendikspor,0,0,0,0.5355545883422537,0.6954682524674888,0.6155114204048713
2024-04-12,Trabzonspor,Sivasspor,0,1,0,0.557396978936222,0.2274016152298665,0.3923992970830442
2024-04-13,Kasimpasa,Konyaspor,0,2,0,0.5849424230727448,0.1356533949292775,0.36029790900101116
2024-04-13,Ankaragucu,Gaziantep,3,1,1,0.4299645654572332,0.2815496358644037,0.35575710066081845
2024-04-13,Ad. Demirspor,Kayserispor,0,0,0,0.641510905267744,0.10980464687941228,0.37565777607357814
2024-04-13,Besiktas,Samsunspor,1,1,0,0.4543860300954834,0.6734117326008893,0.5638988813481863
2024-04-14,Hatayspor,Istanbulspor,0,3,1,0.4220325315041928,0.36058144473951664,0.3913069881218547
2024-04-14,Pendikspor,Buyuksehyr,2,3,1,0.5207763676934923,0.31233906068288747,0.4165577141881899
2024-04-14,Karagumruk,Fenerbahce,1,2,1,0.6259128752876428,0.07556077529639965,0.3507368252920212
2024-04-14,Rizespor,Antalyaspor,3,0,1,0.4327839908179548,0.1380938904985909,0.28543894065827285
2024-04-15,Alanyaspor,Galatasaray,0,4,1,0.5745815023848018,0.21339369619641518,0.39398759929060845
2024-04-19,Besiktas,Ankaragucu,2,0,0,0.46699068480742373,0.2599722454837565,0.3634814651455901
2024-04-20,Istanbulspor,Karagumruk,1,2,1,0.5142186952623286,0.49474387418645344,0.504481284724391
2024-04-20,Konyaspor,Alanyaspor,0,2,0,0.5195596966356021,0.09682412201088558,0.3081919093232438
2024-04-20,Kayserispor,Trabzonspor,1,2,1,0.6237366564936558,0.49339535593696,0.5585660062153079
2024-04-20,Samsunspor,Ad. Demirspor,1,1,0,0.4754840778478063,0.460427743739014,0.46795591079341015
2024-04-21,Buyuksehyr,Rizespor,2,0,0,0.4461372235957996,0.13119884837466678,0.28866803598523316
2024-04-21,Antalyaspor,Hatayspor,2,1,1,0.45871041826554315,0.30706403488474376,0.38288722657514346
2024-04-21,Galatasaray,Pendikspor,4,1,1,0.7428109496419502,0.8481231062239933,0.7954670279329717
2024-04-21,Gaziantep,Kasimpasa,2,0,0,0.6047829220442714,0.7255922609485742,0.6651875914964228
2024-04-22,Sivasspor,Fenerbahce,2,2,1,0.6065147084366416,0.5578547050513393,0.5821847067439905
2024-04-26,Ad. Demirspor,Galatasaray,0,3,1,0.5614096963593469,0.7086820817004519,0.6350458890298993
2024-04-27,Kasimpasa,Samsunspor,1,0,0,0.5367049885021307,0.49084980376044235,0.5137773961312865
2024-04-27,Sivasspor,Konyaspor,1,0,0,0.41806988435389775,0.21788237486574558,0.3179761296098217
2024-04-27,Fenerbahce,Besiktas,2,1,1,0.62048114689457,0.22087534149624788,0.42067824419540895
2024-04-27,Hatayspor,Buyuksehyr,1,2,1,0.4041636968107075,0.3531286644642518,0.3786461806374797
2024-04-28,Alanyaspor,Istanbulspor,6,0,1,0.5720659536450606,0.7915488193437061,0.6818073864943834
2024-04-28,Pendikspor,Kayserispor,1,2,1,0.5786677675200262,0.7672173350864973,0.6729425513032617
2024-04-28,Rizespor,Ankaragucu,2,2,1,0.49189617083168036,0.2743475974795186,0.38312188415559945
2024-04-28,Trabzonspor,Gaziantep,4,2,1,0.6251782017932326,0.2986878363742685,0.4619330190837505
2024-04-29,Karagumruk,Antalyaspor,4,1,1,0.46579443912459884,0.1747567783415284,0.3202756087330636
2024-05-03,Ankaragucu,Alanyaspor,1,1,0,0.5039730425892073,0.7131559382228596,0.6085644904060334
2024-05-03,Besiktas,Rizespor,3,2,1,0.5653378618792299,0.27261913718932956,0.4189784995342797
2024-05-04,Istanbulspor,Ad. Demirspor,0,1,0,0.5642238031621781,0.6700845827902765,0.6171541929762273
2024-05-04,Kayserispor,Karagumruk,2,2,1,0.5361919338956664,0.48036752845900793,0.5082797311773372
2024-05-04,Samsunspor,Trabzonspor,3,1,1,0.47769875408687196,0.8004557558575806,0.6390772549722262
2024-05-05,Buyuksehyr,Kasimpasa,4,1,1,0.5828054966167612,0.37970380190423886,0.4812546492605
2024-05-05,Galatasaray,Sivasspor,6,1,1,0.5768466792846986,0.5621448208969831,0.5694957500908409
2024-05-05,Gaziantep,Hatayspor,1,1,0,0.4091789165073353,0.5499218200496439,0.47955036827848957
2024-05-06,Antalyaspor,Pendikspor,1,2,1,0.5459463025369082,0.39500520419118723,0.47047575336404773
2024-05-06,Konyaspor,Fenerbahce,0,0,0,0.5965830836572948,0.6479688162418058,0.6222759499495503
2024-05-12,Konyaspor,Samsunspor,3,0,1,0.361586318461615,0.16628477476489564,0.2639355466132553
2024-05-12,Kasimpasa,Antalyaspor,3,1,1,0.5735595084407846,0.42331098349752,0.49843524596915234
2024-05-12,Ad. Demirspor,Gaziantep,1,6,1,0.6039015736123808,0.5538967003083981,0.5788991369603895
2024-05-12,Alanyaspor,Besiktas,1,1,0,0.5445313534787021,0.6380050960456896,0.5912682247621959
2024-05-12,Hatayspor,Ankaragucu,2,1,1,0.3912061491688564,0.7424161165289468,0.5668111328489016
2024-05-12,Sivasspor,Buyuksehyr,0,1,0,0.39730805492945254,0.4751822596701282,0.4362451572997904
2024-05-12,Pendikspor,Rizespor,2,1,1,0.6102601376622496,0.6884151869522049,0.6493376623072273
2024-05-12,Trabzonspor,Istanbulspor,3,0,1,0.6383299640189757,0.8324330127192425,0.7353814883691091
2024-05-12,Karagumruk,Galatasaray,2,3,1,0.5428914078278217,0.2618419177482036,0.4023666627880127
2024-05-12,Fenerbahce,Kayserispor,3,0,1,0.7473025413538557,0.6713191522216715,0.7093108467877636
2024-05-17,Istanbulspor,Sivasspor,1,3,1,0.4458905212963084,0.8822722242347881,0.6640813727655482
2024-05-17,Antalyaspor,Ad. Demirspor,2,1,1,0.5004187104775494,0.43260765114319216,0.46651318081037074
2024-05-18,Besiktas,Hatayspor,2,2,1,0.5334966737053872,0.35477230307614727,0.44413448839076725
2024-05-18,Ankaragucu,Pendikspor,0,0,0,0.5391169925643504,0.5372904369223859,0.5382037147433681
2024-05-18,Samsunspor,Alanyaspor,1,1,0,0.45947110907892663,0.299785978724199,0.3796285439015628
2024-05-18,Buyuksehyr,Trabzonspor,0,1,0,0.509820174387044,0.8193698763574638,0.6645950253722539
2024-05-18,Rizespor,Kasimpasa,0,0,0,0.6770951864563189,0.7196151615863047,0.6983551740213119
2024-05-18,Kayserispor,Konyaspor,2,2,1,0.4663750986597042,0.5599616407867011,0.5131683697232027
2024-05-18,Gaziantep,Karagumruk,3,1,1,0.49781171347366326,0.6136352084157715,0.5557234609447174
2024-05-19,Galatasaray,Fenerbahce,0,1,0,0.572219550423843,0.5418692788565034,0.5570444146401732
2024-05-24,Alanyaspor,Antalyaspor,1,1,0,0.49740679704540813,0.8603246599605555,0.6788657285029818
2024-05-25,Karagumruk,Samsunspor,3,1,1,0.43216573616980164,0.11882003924997603,0.27549288770988883
2024-05-25,Sivasspor,Kayserispor,2,1,1,0.48765910854326855,0.5978889285035471,0.5427740185234078
2024-05-26,Ad. Demirspor,Buyuksehyr,2,6,1,0.4915460823164046,0.4469193477154221,0.46923271501591335
2024-05-26,Fenerbahce,Istanbulspor,6,0,1,0.7765246212203353,0.9473757556595417,0.8619501884399385
2024-05-26,Hatayspor,Rizespor,2,0,0,0.4857950553685591,0.644131624343057,0.564963339855808
2024-05-26,Kasimpasa,Besiktas,2,1,1,0.6178264629078681,0.36594420487774587,0.491885333892807
2024-05-26,Konyaspor,Galatasaray,1,3,1,0.49257138072923584,0.2681899936929975,0.3803806872111167
2024-05-26,Pendikspor,Gaziantep,0,1,0,0.5533499980448576,0.7640225352575626,0.6586862666512101
2024-05-26,Trabzonspor,Ankaragucu,4,2,1,0.5397258290630089,0.780982434848416,0.6603541319557125
2024-08-09,Galatasaray,Hatayspor,2,1,1,0.682834751480841,0.5392516421505789,0.61104319681571
2024-08-10,Fenerbahce,Ad. Demirspor,1,0,0,0.7602666689776155,0.8469462523168468,0.8036064606472312
2024-08-10,Kasimpasa,Konyaspor,2,3,1,0.5558613437345779,0.5384607989564631,0.5471610713455205
2024-08-10,Antalyaspor,Goztep,0,0,0,0.6827982389150318,0.8273030227568025,0.7550506308359171
2024-08-11,Sivasspor,Trabzonspor,0,0,0,0.5553950943369214,0.38231817274572805,0.4688566335413247
2024-08-11,Alanyaspor,Eyupspor,1,1,0,,,
2024-08-11,Samsunspor,Besiktas,0,2,0,0.4073443044490778,0.7149121353757787,0.5611282199124282
2024-08-12,Bodrumspor,Gaziantep,0,1,0,,,
2024-08-12,Rizespor,Buyuksehyr,1,1,0,0.48596436833802004,0.14885764906433163,0.31741100870117583
2024-08-16,Konyaspor,Galatasaray,1,2,1,0.4937729485222871,0.7069883378533707,0.6003806431878289
2024-08-17,Kayserispor,Sivasspor,1,2,1,0.49823741341782096,0.7292946610998146,0.6137660372588177
2024-08-17,Ad. Demirspor,Rizespor,1,2,1,0.6449511980202421,0.7630909924819435,0.7040210952510928
2024-08-17,Goztep,Fenerbahce,2,2,1,0.8813823541699947,0.8399708130307315,0.8606765836003631
2024-08-18,Buyuksehyr,Alanyaspor,4,2,1,0.5269753297110219,0.3965924059786415,0.4617838678448317
2024-08-18,Besiktas,Antalyaspor,4,2,1,0.4771162717473512,0.660782122078186,0.5689491969127686
2024-08-18,Gaziantep,Samsunspor,0,1,0,0.4176438902907795,0.5785748609167282,0.4981093756037538
2024-08-19,Eyupspor,Bodrumspor,4,1,1,,0.6130415636670519,
2024-08-19,Hatayspor,Kasimpasa,1,1,0,0.5606257908853166,0.6869136698155999,0.6237697303504582
2024-08-23,Alanyaspor,Goztep,1,1,0,0.7833757513947622,0.7843214031056225,0.7838485772501924
2024-08-24,Sivasspor,Eyupspor,0,1,0,,0.7806133591428678,
2024-08-24,Bodrumspor,Konyaspor,3,1,1,,0.8857451672966542,
2024-08-25,Kasimpasa,Ad. Demirspor,2,2,1,0.7044947958008232,0.7564825966242248,0.730488696212524
2024-08-25,Antalyaspor,Hatayspor,3,2,1,0.43882406939533186,0.5771493969440684,0.5079867331697001
2024-08-25,Rizespor,Fenerbahce,0,5,1,0.6644080656713491,0.36914312042710107,0.516775593049225
2024-08-30,Fenerbahce,Alanyaspor,3,0,1,0.7311465043564735,0.9196223668103742,0.8253844355834239
2024-08-31,Konyaspor,Kayserispor,0,0,0,0.4750597049016188,0.8806643158779065,0.6778620103897627
2024-08-31,Rizespor,Kasimpasa,0,1,0,0.6441965217803041,0.5147372242190454,0.5794668729996748
2024-08-31,Ad. Demirspor,Galatasaray,1,5,1,0.6321618375666174,0.6155010460206851,0.6238314417936512
2024-08-31,Goztep,Bodrumspor,2,0,0,,0.7898699194032888,
2024-09-01,Hatayspor,Samsunspor,0,3,1,0.3616356446905648,0.8586834092398247,0.6101595269651947
2024-09-01,Besiktas,Sivasspor,2,0,0,0.5033666339357503,0.5897207473081122,0.5465436906219312
2024-09-01,Eyupspor,Trabzonspor,0,0,0,,0.3726104455173186,
2024-09-01,Buyuksehyr,Antalyaspor,5,2,1,0.43421449243877575,0.5490050541792307,0.49160977330900324
2024-09-14,Samsunspor,Konyaspor,0,1,0,0.35727594822731296,0.41224187953488156,0.3847589138810973
2024-09-14,Sivasspor,Gaziantep,3,2,1,0.5084554113186114,0.5605479207147429,0.5345016660166771
2024-09-14,Bodrumspor,Buyuksehyr,0,1,0,,0.6834732306966858,
2024-09-14,Galatasaray,Rizespor,5,0,1,0.6885229635007657,0.8170263382984198,0.7527746508995927
2024-09-15,Alanyaspor,Hatayspor,0,0,0,0.5426761466415483,0.7095136140556253,0.6260948803485868
2024-09-15,Trabzonspor,Besiktas,1,1,0,0.5706918362464133,0.7516232590503967,0.6611575476484051
2024-09-15,Kasimpasa,Fenerbahce,0,2,0,0.7211235721580336,0.6597734014709389,0.6904484868144862
2024-09-15,Kayserispor,Eyupspor,2,2,1,,0.8139873369242591,
2024-09-16,Antalyaspor,Ad. Demirspor,2,1,1,0.5476692246875651,0.6420988601025536,0.5948840423950593
2024-09-17,Galatasaray,Gaziantep,3,1,1,0.7085491117651874,0.9313336204914863,0.8199413661283368
2024-09-18,Samsunspor,Buyuksehyr,2,0,0,0.36685481955288723,0.6148539485632248,0.49085438405805604
2024-09-19,Trabzonspor,Kayserispor,2,2,1,0.6419272256310468,0.885759051184026,0.7638431384075364
2024-09-20,Hatayspor,Bodrumspor,0,1,0,,0.6265846287596456,
2024-09-21,Konyaspor,Sivasspor,0,0,0,0.42555458994840295,0.5666354033933694,0.4960949966708862
2024-09-21,Fenerbahce,Galatasaray,1,3,1,0.5434034682143618,0.6797076408768422,0.611555554545602
2024-09-22,Kasimpasa,Antalyaspor,0,0,0,0.6023146872200936,0.7902451060522614,0.6962798966361775
2024-09-22,Rizespor,Samsunspor,0,1,0,0.4120451362244521,0.7509890273764525,0.5815170818004523
2024-09-22,Ad. Demirspor,Alanyaspor,0,2,0,0.6426745113642716,0.8181058585814709,0.7303901849728712
2024-09-22,Besiktas,Eyupspor,2,1,1,0.39366626047750763,0.6582640860449506,0.5259651732612292
2024-09-23,Gaziantep,Trabzonspor,0,0,0,0.5815881701254189,0.38994072696543175,0.48576444854542533
2024-09-23,Goztep,Kayserispor,3,0,1,0.519358409361114,0.7619508781564395,0.6406546437587768
2024-09-27,Sivasspor,Buyuksehyr,1,2,1,0.4370081096949993,0.333021279325501,0.38501469451025017
2024-09-28,Samsunspor,Goztep,4,3,1,0.3983051010680103,0.7624384547893941,0.5803717779287022
2024-09-28,Alanyaspor,Rizespor,1,0,0,0.5827817065400351,0.7635426169658834,0.6731621617529593
2024-09-28,Galatasaray,Kasimpasa,3,3,1,0.7499517163109274,0.6312068164712336,0.6905792663910805
2024-09-29,Eyupspor,Gaziantep,3,2,1,0.5031123185447173,0.7196571174657447,0.611384718005231
2024-09-29,Trabzonspor,Konyaspor,3,2,1,0.524950238117449,0.7231861178726479,0.6240681779950484
2024-09-29,Antalyaspor,Fenerbahce,0,2,0,0.6170562715664211,0.675711623360395,0.6463839474634081
2024-09-29,Bodrumspor,Ad. Demirspor,3,1,1,0.49286287466269807,0.7262409507278401,0.6095519126952691
2024-09-30,Kayserispor,Besiktas,0,3,1,0.5355973642223393,0.4284452923513707,0.48202132828685496
2024-10-04,Rizespor,Antalyaspor,2,1,1,0.5252124468750383,0.7866450052125958,0.6559287260438171
2024-10-05,Kasimpasa,Bodrumspor,0,0,0,0.5337037452564505,0.5666203570536372,0.5501620511550438
2024-10-05,Goztep,Sivasspor,3,2,1,0.44683299126856807,0.11281745364540433,0.2798252224569862
2024-10-05,Buyuksehyr,Kayserispor,1,1,0,0.5522869341622318,0.9317540830912798,0.7420205086267558
2024-10-05,Hatayspor,Trabzonspor,1,1,0,0.5276057535151208,0.6719598308375498,0.5997827921763353
2024-10-06,Konyaspor,Eyupspor,2,1,1,0.3543804513061248,0.846815251661011,0.6005978514835679
2024-10-06,Ad. Demirspor,Samsunspor,1,3,1,0.485105503719023,0.6353655114698901,0.5602355075944565
2024-10-06,Galatasaray,Alanyaspor,1,0,0,0.7008735580987746,0.7644566656742954,0.732665111886535
2024-10-06,Gaziantep,Besiktas,1,1,0,0.5218463861011904,0.48176047831480023,0.5018034322079953
2024-10-19,Kayserispor,Gaziantep,2,2,1,0.5388460768417219,0.7928589225452862,0.665852499693504
2024-10-19,Trabzonspor,Buyuksehyr,1,0,0,0.545859187862813,0.4680209672828286,0.5069400775728208
2024-10-19,Antalyaspor,Galatasaray,0,3,1,0.589791612809786,0.690611623859085,0.6402016183344355
2024-10-19,Eyupspor,Goztep,1,0,0,0.49213586833118517,0.8396345089695614,0.6658851886503733
2024-10-20,Sivasspor,Hatayspor,3,2,1,0.42481517559976834,0.480507526347296,0.45266135097353216
2024-10-20,Besiktas,Konyaspor,2,0,0,0.4692773257038725,0.5314552241670961,0.5003662749354842
2024-10-20,Alanyaspor,Kasimpasa,1,2,1,0.6424950747136885,0.7619293602237748,0.7022122174687316
2024-10-20,Samsunspor,Fenerbahce,2,2,1,0.4978314156113917,0.19873522523583562,0.34828332042361365
2024-10-21,Bodrumspor,Rizespor,0,1,0,0.4128375379149757,0.5955734186296753,0.5042054782723255
2024-10-25,Ad. Demirspor,Sivasspor,2,4,1,0.5534902080465071,0.30220261678665256,0.42784641241657984
2024-10-26,Goztep,Trabzonspor,2,1,1,0.5716622858667749,0.28508415470785836,0.4283732202873166
2024-10-26,Hatayspor,Kayserispor,0,1,0,0.459044601323654,0.2670630664998451,0.36305383391174956
2024-10-26,Kasimpasa,Samsunspor,1,4,1,0.4847118557335772,0.5907422146182305,0.5377270351759038
2024-10-27,Gaziantep,Konyaspor,3,1,1,0.4370727068172046,0.5191121925766498,0.4780924496969272
2024-10-27,Alanyaspor,Antalyaspor,1,2,1,0.5486702562796629,0.8323630979009518,0.6905166770903073
2024-10-27,Fenerbahce,Bodrumspor,2,0,0,0.6965455700699765,0.7842046653373717,0.7403751177036741
2024-10-28,Buyuksehyr,Eyupspor,1,1,0,0.378209663291477,0.7242864171085064,0.5512480401999917
2024-10-28,Galatasaray,Besiktas,2,1,1,0.5707140570344679,0.8503779480460975,0.7105460025402827
2024-11-01,Gaziantep,Goztep,2,1,1,0.4971916079017346,0.9006437006303154,0.698917654266025
2024-11-02,Sivasspor,Rizespor,2,1,1,0.4917096692334109,0.5315333980026735,0.5116215336180422
2024-11-02,Kayserispor,Ad. Demirspor,0,0,0,0.6208120999771156,0.5650586699069501,0.5929353849420329
2024-11-02,Besiktas,Kasimpasa,1,3,1,0.6308715479639625,0.6512426013694015,0.6410570746666819
2024-11-03,Eyupspor,Hatayspor,2,0,0,0.472025155554431,0.42725490728857857,0.44964003142150477
2024-11-03,Trabzonspor,Fenerbahce,2,3,1,0.6383323819658431,0.6520439003078197,0.6451881411368314
2024-11-03,Konyaspor,Buyuksehyr,3,2,1,0.4182071461138631,0.527415862522307,0.47281150431808505
2024-11-03,Bodrumspor,Alanyaspor,0,0,0,0.43955820788345806,0.6944368247447478,0.5669975163141029
2024-11-04,Samsunspor,Antalyaspor,2,0,0,0.4472206866839582,0.32956284096216065,0.3883917638230594
2024-11-08,Kasimpasa,Kayserispor,1,2,1,0.6103445055739585,0.4413624335067287,0.5258534695403436
2024-11-09,Antalyaspor,Bodrumspor,3,2,1,0.24256692102639343,0.23395616265438424,0.23826154184038884
2024-11-09,Hatayspor,Gaziantep,3,1,1,0.446642376656067,0.8217958485067565,0.6342191125814117
2024-11-09,Ad. Demirspor,Eyupspor,0,1,0,0.5613293666802783,0.606685107663007,0.5840072371716427
2024-11-09,Rizespor,Trabzonspor,3,1,1,0.5572147569384088,0.43157615049728154,0.4943954537178452
2024-11-10,Goztep,Konyaspor,2,0,0,0.6053862492935916,0.34533623428271276,0.4753612417881522
2024-11-10,Galatasaray,Samsunspor,3,2,1,0.5674649048058694,0.7896238346314763,0.6785443697186728
2024-11-10,Buyuksehyr,Besiktas,0,0,0,0.47700630210973655,0.6216015509405108,0.5493039265251237
2024-11-10,Fenerbahce,Sivasspor,4,0,1,0.6812027151802529,0.6104036103480135,0.6458031627641332
2024-11-23,Eyupspor,Rizespor,1,2,1,0.5091099505779229,0.2267051360116118,0.3679075432947673
2024-11-23,Gaziantep,Buyuksehyr,3,0,1,0.5087462676207423,0.7515714037466281,0.6301588356836851
2024-11-23,Kayserispor,Fenerbahce,2,6,1,0.6434572611487813,0.712750151972682,0.6781037065607316
2024-11-23,Bodrumspor,Galatasaray,0,1,0,0.358886243707122,0.7753626305268864,0.5671244371170042
2024-11-24,Konyaspor,Hatayspor,1,1,0,0.44386593845186456,0.5816485786256658,0.5127572585387652
2024-11-24,Sivasspor,Kasimpasa,0,0,0,0.6019698192574137,0.7709702170049484,0.686470018131181
2024-11-24,Besiktas,Goztep,2,4,1,0.6538099755720298,0.5574985890863072,0.6056542823291685
2024-11-24,Samsunspor,Alanyaspor,1,1,0,0.4590223198847459,0.3554358876743087,0.4072291037795273
2024-11-25,Trabzonspor,Ad. Demirspor,5,0,1,0.6843970781687095,0.8009405724129492,0.7426688252908293
2024-11-29,Antalyaspor,Sivasspor,2,1,1,0.48287829980991687,0.6057023582932448,0.5442903290515808
2024-11-30,Samsunspor,Bodrumspor,4,0,1,0.2397307371626387,0.45033939570193865,0.34503506643228865
2024-11-30,Ad. Demirspor,Konyaspor,0,1,0,0.5773162608527659,0.7702324539962186,0.6737743574244923
2024-11-30,Alanyaspor,Trabzonspor,2,1,1,0.5524131899849593,0.6771122668132986,0.6147627283991289
2024-11-30,Buyuksehyr,Goztep,4,1,1,0.6317167255475158,0.6857839684343787,0.6587503469909473
2024-12-01,Rizespor,Kayserispor,3,0,1,0.49247062424642396,0.7538364160026814,0.6231535201245526
2024-12-01,Galatasaray,Eyupspor,2,2,1,0.5170539796586663,0.8634987324820625,0.6902763560703644
2024-12-02,Fenerbahce,Gaziantep,3,1,1,0.7325151740361726,0.6131944301962761,0.6728548021162244
2024-12-02,Hatayspor,Besiktas,1,1,0,0.47481828479712423,0.6969171388430997,0.585867711820112
2024-12-06,Trabzonspor,Kasimpasa,2,2,1,0.6711407235096852,0.8002808391676245,0.7357107813386549
2024-12-07,Konyaspor,Antalyaspor,1,1,0,0.45952958987534664,0.5662203016817413,0.512874945778544
2024-12-07,Goztep,Ad. Demirspor,3,1,1,0.734697776083636,0.5837549727910233,0.6592263744373297
2024-12-07,Besiktas,Fenerbahce,1,0,0,0.5614955480888747,0.6767857458415851,0.6191406469652299
2024-12-08,Eyupspor,Samsunspor,3,0,1,0.4214763803932614,0.3879395105460957,0.4047079454696786
2024-12-08,Kayserispor,Alanyaspor,2,0,0,0.49430451562454597,0.7794179882811966,0.6368612519528712
2024-12-08,Sivasspor,Galatasaray,2,3,1,0.581722060444644,0.847662922258037,0.7146924913513405
2024-12-08,Buyuksehyr,Hatayspor,3,0,1,0.5043477010874642,0.39540890162697734,0.44987830135722073
2024-12-09,Gaziantep,Rizespor,1,0,0,0.5130607727976783,0.786293476227133,0.6496771245124056
2024-12-13,Bodrumspor,Sivasspor,2,0,0,0.243048961571215,0.8499505133738775,0.5464997374725462
2024-12-13,Kasimpasa,Eyupspor,2,0,0,0.5513172587724227,0.8529061755761462,0.7021117171742844
2024-12-14,Rizespor,Konyaspor,1,1,0,0.46671523849048424,0.5661257357841162,0.5164204871373002
2024-12-14,Alanyaspor,Gaziantep,3,0,1,0.5264263182033346,0.7460745690843089,0.6362504436438218
2024-12-15,Antalyaspor,Kayserispor,2,0,0,0.4858275641166489,0.5350867819101605,0.5104571730134047
2024-12-15,Fenerbahce,Buyuksehyr,3,1,1,0.6038872040049797,0.5639717121621495,0.5839294580835646
2024-12-15,Hatayspor,Goztep,1,1,0,0.5667696583017706,0.7404221644688203,0.6535959113852954
2024-12-16,Ad. Demirspor,Besiktas,2,1,1,0.6071243127182755,0.957427011486794,0.7822756621025347
2024-12-16,Galatasaray,Trabzonspor,4,3,1,0.6477707919916462,0.7786135622437906,0.7131921771177184
2024-12-20,Eyupspor,Fenerbahce,1,1,0,0.5161639061299568,0.4608539683204045,0.48850893722518063
2024-12-21,Sivasspor,Samsunspor,0,0,0,0.45152985112457605,0.7074191025225647,0.5794744768235703
2024-12-21,Besiktas,Alanyaspor,1,1,0,0.5291489077819944,0.7099081316991073,0.6195285197405509
2024-12-22,Gaziantep,Antalyaspor,2,0,0,0.4958969052982511,0.8186950277290804,0.6572959665136657
2024-12-22,Goztep,Rizespor,3,0,1,0.6681557033672104,0.5225498363976244,0.5953527698824175
2024-12-22,Kayserispor,Galatasaray,1,5,1,0.6573703846825405,0.4208038631709702,0.5390871239267554
2024-12-22,Trabzonspor,Bodrumspor,1,0,0,0.4673620702428574,0.4756530675821836,0.47150756891252055
2024-12-23,Buyuksehyr,Kasimpasa,2,2,1,0.5923905886656452,0.48800972432732675,0.540200156496486
2024-12-23,Hatayspor,Ad. Demirspor,1,3,1,0.5117628838195818,0.6306696143829081,0.5712162491012449
2025-01-03,Alanyaspor,Konyaspor,2,1,1,0.4374066538265626,0.47404779523343016,0.45572722452999637
2025-01-03,Rizespor,Besiktas,1,1,0,0.4749582464478399,0.16615245564423653,0.3205553510460382
2025-01-04,Ad. Demirspor,Buyuksehyr,0,1,0,0.5737839398163344,0.46830868884724547,0.5210463143317899
2025-01-04,Antalyaspor,Eyupspor,1,4,1,0.412874916560341,0.2675142246944867,0.3401945706274139
2025-01-04,Galatasaray,Goztep,2,1,1,0.8035120001825101,0.8810436065324568,0.8422778033574835
2025-01-04,Samsunspor,Trabzonspor,2,1,1,0.5470904809424375,0.3786268387844436,0.46285865986344055
2025-01-05,Kasimpasa,Gaziantep,2,2,1,0.6104407060408278,0.25729148838957566,0.43386609721520175
2025-01-05,Bodrumspor,Kayserispor,1,1,0,0.3308158033827072,0.2650672935387601,0.2979415484607336
2025-01-05,Fenerbahce,Hatayspor,2,1,1,0.7300015597305198,0.8066789140516769,0.7683402368910983
2025-01-11,Kayserispor,Samsunspor,0,1,0,0.4757965593736413,0.4135190930533997,0.44465782621352046
2025-01-11,Hatayspor,Rizespor,1,2,1,0.42198428580101843,0.3858778273898688,0.4039310565954436
2025-01-11,Besiktas,Bodrumspor,2,1,1,0.38386730333237434,0.6505962415343878,0.517231772433381
2025-01-12,Trabzonspor,Antalyaspor,5,0,1,0.6046854593137153,0.7339314535092722,0.6693084564114937
2025-01-12,Sivasspor,Alanyaspor,1,1,0,0.47440782326131203,0.4480725943687678,0.4612402088150399
2025-01-12,Gaziantep,Ad. Demirspor,1,0,0,0.5985276570472349,0.3988715975429845,0.4986996272951097
2025-01-12,Buyuksehyr,Galatasaray,1,2,1,0.5593402955813248,0.630107131825988,0.5947237137036564
2025-01-13,Goztep,Kasimpasa,5,0,1,0.7429715089815412,0.5346215214930756,0.6387965152373084
2025-01-13,Konyaspor,Fenerbahce,2,3,1,0.5631199548988879,0.6607458848919718,0.6119329198954299
2025-01-17,Hatayspor,Galatasaray,1,1,0,0.6151122576374563,0.398848748849038,0.5069805032432471
2025-01-18,Buyuksehyr,Rizespor,2,0,0,0.5178226891785647,0.33800766141953087,0.42791517529904777
2025-01-18,Gaziantep,Bodrumspor,0,0,0,0.34639242366768935,0.18627771301301327,0.2663350683403513
2025-01-18,Besiktas,Samsunspor,0,0,0,0.4553087546737497,0.7229878616793315,0.5891483081765406
2025-01-19,Goztep,Antalyaspor,1,0,0,0.6601595825842684,0.2743320707208711,0.46724582665256975
2025-01-19,Konyaspor,Kasimpasa,3,3,1,0.5240572189236289,0.3754455681273774,0.44975139352550314
2025-01-19,Ad. Demirspor,Fenerbahce,0,4,1,0.7195711543212452,0.80613020577509,0.7628506800481676
2025-01-19,Eyupspor,Alanyaspor,3,0,1,0.4446211795784566,0.4905917296764402,0.46760645462744843
2025-01-20,Trabzonspor,Sivasspor,4,0,1,0.6065298269698083,0.6123383278322938,0.609434077401051
2025-01-24,Samsunspor,Gaziantep,2,1,1,0.5041248358926242,0.786625725304303,0.6453752805984636
2025-01-25,Alanyaspor,Buyuksehyr,5,4,1,0.4714952257129097,0.8937319686133465,0.6826135971631281
2025-01-25,Galatasaray,Konyaspor,1,0,0,0.6398237499400486,0.7602959839362435,0.7000598669381461
2025-01-25,Sivasspor,Kayserispor,5,2,1,0.5144205906490078,0.3019541035585934,0.4081873471038006
2025-01-26,Rizespor,Ad. Demirspor,3,2,1,0.5799023905932279,0.29432112669536636,0.43711175864429713
2025-01-26,Antalyaspor,Besiktas,1,1,0,0.4684321823237307,0.29048118437138476,0.3794566833475577
2025-01-26,Bodrumspor,Eyupspor,0,1,0,0.28375756156793763,0.6447405637858866,0.4642490626769121
2025-01-26,Fenerbahce,Goztep,3,2,1,0.8101543430337885,0.8620185978172367,0.8360864704255127
2025-01-27,Kasimpasa,Hatayspor,5,4,1,0.5588284525720207,0.28354216139753624,0.4211853069847785
2025-01-31,Eyupspor,Sivasspor,1,0,0,0.4602112094323966,0.7736273416726053,0.6169192755525009
2025-01-31,Konyaspor,Bodrumspor,3,1,1,0.30034019712270277,0.571254534217151,0.4357973656699269
2025-02-01,Kayserispor,Trabzonspor,0,0,0,0.6062765139629003,0.6959461062332246,0.6511113100980624
2025-02-01,Buyuksehyr,Samsunspor,4,0,1,0.4577141656415387,0.5864581469116789,0.5220861562766088
2025-02-01,Hatayspor,Antalyaspor,2,3,1,0.4179828974557439,0.3302311572002265,0.3741070273279852
2025-02-02,Goztep,Alanyaspor,0,1,0,0.6522516840119282,0.3118953798290221,0.4820735319204752
2025-02-02,Fenerbahce,Rizespor,3,2,1,0.7114677766275863,0.7934032885914701,0.7524355326095282
2025-02-02,Ad. Demirspor,Kasimpasa,3,5,1,0.6641865830278737,0.558010908359365,0.6110987456936193
2025-02-03,Gaziantep,Galatasaray,0,1,0,0.6450093933586235,0.6622727313935178,0.6536410623760707
2025-02-07,Samsunspor,Hatayspor,2,0,0,0.4801614698592032,0.5960528803889493,0.5381071751240762
2025-02-08,Kayserispor,Konyaspor,3,2,1,0.48233365194537525,0.5167018055065048,0.49951772872594
2025-02-08,Sivasspor,Besiktas,0,2,0,0.4616169744376681,0.45116139256896926,0.4563891835033187
2025-02-09,Alanyaspor,Fenerbahce,0,2,0,0.626874034429382,0.5313158647623999,0.579094949595891
2025-02-09,Antalyaspor,Buyuksehyr,0,0,0,0.51459606286497,0.462521460921992,0.48855876189348096
2025-02-09,Kasimpasa,Rizespor,3,2,1,0.662926082616827,0.792082651112538,0.7275043668646825
2025-02-09,Galatasaray,Ad. Demirspor,3,0,1,0.7892873543079414,0.9376828313754322,0.8634850928416868
2025-02-10,Bodrumspor,Goztep,0,0,0,0.3917511213851872,0.6782059776552752,0.5349785495202313
2025-02-10,Trabzonspor,Eyupspor,1,0,0,0.4726233764965519,0.8175441041719101,0.645083740334231
2025-02-14,Ad. Demirspor,Antalyaspor,1,1,0,0.5928856610571126,0.5212008635995559,0.5570432623283342
2025-02-15,Gaziantep,Sivasspor,2,1,1,0.47837868488662166,0.15507175497201525,0.31672521992931846
2025-02-15,Buyuksehyr,Bodrumspor,0,1,0,0.3841210904506492,0.6894588216703567,0.536789956060503
2025-02-15,Besiktas,Trabzonspor,2,1,1,0.5348976864233448,0.46270462896132936,0.49880115769233707
2025-02-16,Hatayspor,Alanyaspor,1,0,0,0.4833689351614828,0.3870049040327649,0.43518691959712386
2025-02-16,Eyupspor,Kayserispor,1,1,0,0.5510315018953789,0.5237408407338572,0.537386171314618
2025-02-16,Konyaspor,Samsunspor,0,1,0,0.41220404330780397,0.48658042940751894,0.44939223635766146
2025-02-16,Fenerbahce,Kasimpasa,3,1,1,0.8332760081005759,0.8165663177076089,0.8249211629040925
2025-02-17,Rizespor,Galatasaray,1,2,1,0.5978156433547448,0.5928473628101634,0.5953315030824541
2025-02-21,Bodrumspor,Hatayspor,1,0,0,0.27264435594735714,0.24367563673736206,0.2581599963423596
2025-02-21,Eyupspor,Besiktas,1,3,1,0.39589209924377067,0.270827920397483,0.33336000982062686
2025-02-22,Sivasspor,Konyaspor,1,1,0,0.46752078956304877,0.32598141970001826,0.3967511046315335
2025-02-22,Antalyaspor,Kasimpasa,2,1,1,0.6497915631241935,0.7258934322064517,0.6878424976653226
2025-02-22,Samsunspor,Rizespor,2,3,1,0.4677534445689017,0.8774456077295401,0.6725995261492209
2025-02-23,Kayserispor,Goztep,1,0,0,0.6211062491571897,0.8330206843993156,0.7270634667782527
2025-02-23,Alanyaspor,Ad. Demirspor,3,2,1,0.6199977083245699,0.766000307071654,0.692999007698112
2025-02-23,Trabzonspor,Gaziantep,3,2,1,0.6008306587952221,0.7657459294510585,0.6832882941231403
2025-02-24,Galatasaray,Fenerbahce,0,0,0,0.621443151730882,0.8592909103828518,0.7403670310568669
2025-03-01,Ad. Demirspor,Bodrumspor,0,0,0,0.3864569753769715,0.3575845966343462,0.37202078600565885
2025-03-01,Besiktas,Kayserispor,2,0,0,0.5496257624608496,0.7207125439956742,0.635169153228262
2025-03-02,Rizespor,Alanyaspor,3,1,1,0.5038460701997376,0.22525799722544124,0.36455203371258943
2025-03-02,Kasimpasa,Galatasaray,3,3,1,0.7276721328086002,0.5034994626841244,0.6155857977463624
2025-03-02,Fenerbahce,Antalyaspor,3,0,1,0.7352568870645888,0.7917405194925226,0.7634987032785556
2025-03-03,Gaziantep,Eyupspor,3,1,1,0.41920743703675045,0.2488763299039691,0.3340418834703598
2025-03-03,Konyaspor,Trabzonspor,1,0,0,0.5373904841544531,0.6368506380208101,0.5871205610876316
2025-03-03,Buyuksehyr,Sivasspor,1,0,0,0.5499924514561954,0.780681961141287,0.6653372062987412
2025-03-03,Goztep,Samsunspor,2,2,1,0.5475786938437607,0.4385101266732679,0.4930444102585143
2025-03-07,Bodrumspor,Kasimpasa,1,0,0,0.42400241847170067,0.2005593335029844,0.31228087598734255
2025-03-08,Kayserispor,Buyuksehyr,3,1,1,0.5404415019177358,0.755816773971406,0.6481291379445708
2025-03-08,Antalyaspor,Rizespor,2,1,1,0.5010126247173169,0.8210305460180309,0.661021585367674
2025-03-08,Trabzonspor,Hatayspor,1,2,1,0.6352621565761437,0.729443519734897,0.6823528381555204
2025-03-09,Sivasspor,Goztep,3,1,1,0.5919633213170418,0.8280496642616567,0.7100064927893492
2025-03-09,Eyupspor,Konyaspor,2,1,1,0.45245992258760176,0.23909986799068703,0.3457798952891444
2025-03-09,Samsunspor,Ad. Demirspor,3,2,1,0.5688476325390208,0.6916891338017322,0.6302683831703766
2025-03-09,Alanyaspor,Galatasaray,1,2,1,0.5788684016886739,0.6551819813213403,0.6170251915050071
2025-03-10,Besiktas,Gaziantep,1,2,1,0.494015223890243,0.7226067074521332,0.608310965671188
2025-03-14,Galatasaray,Antalyaspor,4,0,1,0.6951012553170418,0.6618461047627296,0.6784736800398857
2025-03-15,Gaziantep,Kayserispor,1,0,0,0.5062743612068028,0.16657564986844994,0.3364250055376264
2025-03-15,Kasimpasa,Alanyaspor,2,1,1,0.6592681401397982,0.7652187695656445,0.7122434548527213
2025-03-15,Buyuksehyr,Trabzonspor,0,3,1,0.5850894640695703,0.550395845179316,0.5677426546244431
2025-03-15,Konyaspor,Besiktas,1,0,0,0.430558036097491,0.881733757433476,0.6561458967654835
2025-03-16,Rizespor,Bodrumspor,0,2,0,0.25685587045454583,0.5156042315024151,0.38623005097848045
2025-03-16,Goztep,Eyupspor,1,1,0,0.5341804749161373,0.5781057719628252,0.5561431234394812
2025-03-16,Hatayspor,Sivasspor,3,2,1,0.4528177781383621,0.5258632458095198,0.48934051197394096
2025-03-16,Fenerbahce,Samsunspor,0,0,0,0.6248591240913862,0.9117116070948152,0.7682853655931008
2025-03-28,Antalyaspor,Alanyaspor,2,1,1,0.4867119267861162,0.7911528233954102,0.6389323750907632
2025-03-28,Kayserispor,Hatayspor,5,0,1,0.4872515484659455,0.6500712926254715,0.5686614205457085
2025-03-28,Bodrumspor,Fenerbahce,2,4,1,0.3286814806982913,0.0983268162161137,0.2135041484572025
2025-03-28,Konyaspor,Gaziantep,1,0,0,0.4650937940534959,0.528693811698337,0.49689380287591645
2025-03-29,Sivasspor,Ad. Demirspor,5,1,1,0.5954577953988927,0.6789697988317148,0.6372137971153038
2025-03-29,Samsunspor,Kasimpasa,0,2,0,0.6427991915231406,0.7866300107599391,0.7147146011415398
2025-03-29,Trabzonspor,Goztep,1,1,0,0.6594006421890496,0.8361076604939539,0.7477541513415018
2025-03-29,Besiktas,Galatasaray,2,1,1,0.4919449199389921,0.5086110087934881,0.5002779643662401
2025-03-31,Eyupspor,Buyuksehyr,1,3,1,0.46538648143749817,0.3865762550312455,0.4259813682343718
2025-04-04,Ad. Demirspor,Kayserispor,0,2,0,0.6088515997711308,0.6807712502572674,0.6448114250141991
2025-04-05,Rizespor,Sivasspor,1,1,0,0.53604256345243,0.6397137158303672,0.5878781396413986
2025-04-05,Buyuksehyr,Konyaspor,1,0,0,0.47873245012087856,0.419325496422006,0.4490289732714423
2025-04-05,Antalyaspor,Samsunspor,2,1,1,0.4510391568754511,0.5108548290133444,0.4809469929443978
2025-04-06,Alanyaspor,Bodrumspor,0,1,0,0.23888964989747047,0.3752104554062324,0.3070500526518514
2025-04-06,Hatayspor,Eyupspor,0,1,0,0.442170277898496,0.32878472388929536,0.38547750089389565
2025-04-06,Fenerbahce,Trabzonspor,4,1,1,0.692479939649287,0.7533391878712455,0.7229095637602663
2025-04-07,Goztep,Gaziantep,1,1,0,0.6064572372837054,0.7862634619507798,0.6963603496172426
2025-04-07,Kasimpasa,Besiktas,1,1,0,0.6145053086715712,0.3486515422491506,0.4815784254603609
2025-04-11,Samsunspor,Galatasaray,0,2,0,0.5219544954958544,0.7375990095884363,0.6297767525421454
2025-04-12,Konyaspor,Goztep,1,0,0,0.5371695027531028,0.7882939017920433,0.662731702272573
2025-04-12,Besiktas,Buyuksehyr,0,2,0,0.4683554299789129,0.6024323037424949,0.5353938668607039
2025-04-12,Bodrumspor,Antalyaspor,0,0,0,0.2048072727077322,0.2299822651949107,0.21739476895132143
2025-04-13,Kayserispor,Kasimpasa,1,0,0,0.6671637012896652,0.12310683996156149,0.3951352706256133
2025-04-13,Gaziantep,Hatayspor,2,1,1,0.48960295358262,0.28327931836665726,0.38644113597463864
2025-04-13,Trabzonspor,Rizespor,2,0,0,0.6420665677274114,0.7500116894185501,0.6960391285729808
2025-04-13,Sivasspor,Fenerbahce,1,3,1,0.6111467139364227,0.7311530079461568,0.6711498609412898
2025-04-14,Eyupspor,Ad. Demirspor,6,0,1,0.6130711647980226,0.27881617823007143,0.445943671514047
2025-04-18,Galatasaray,Bodrumspor,2,0,0,0.3993453068304956,0.3419522602624484,0.370648783546472
2025-04-18,Hatayspor,Konyaspor,2,3,1,0.4217896217368729,0.5597947677196842,0.4907921947282785
2025-04-19,Kasimpasa,Sivasspor,3,1,1,0.6623200113908547,0.7155381634854578,0.6889290874381563
2025-04-19,Ad. Demirspor,Trabzonspor,0,1,0,0.664105780548874,0.4518780535516439,0.557991917050259
2025-04-19,Goztep,Besiktas,1,1,0,0.5362535256571614,0.7677619362092548,0.6520077309332082
2025-04-20,Buyuksehyr,Gaziantep,2,1,1,0.5271630335695262,0.43737676827046473,0.48226990091999544
2025-04-20,Rizespor,Eyupspor,1,0,0,0.4937426554982055,0.5727402435006863,0.533241449499446
2025-04-20,Fenerbahce,Kayserispor,3,3,1,0.7503933626999787,0.8786936980476087,0.8145435303737937
2025-04-21,Alanyaspor,Samsunspor,1,0,0,0.47386943908398077,0.2586110042810151,0.3662402216824979
2025-04-25,Besiktas,Hatayspor,5,1,1,0.5169292470138687,0.3598091368442899,0.4383691919290793
2025-04-26,Sivasspor,Antalyaspor,2,0,0,0.48126717201932045,0.47069458760360733,0.47598087981146386
2025-04-26,Bodrumspor,Samsunspor,1,2,1,0.2005109539637806,0.6598214228647538,0.4301661884142672
2025-04-26,Gaziantep,Fenerbahce,1,3,1,0.6148879585651037,0.3484673258950731,0.4816776422300884
2025-04-27,Konyaspor,Ad. Demirspor,3,1,1,0.5682841970877104,0.7592612404233634,0.6637727187555369
2025-04-27,Trabzonspor,Alanyaspor,4,3,1,0.6032323219626324,0.8033810087465811,0.7033066653546067
2025-04-27,Eyupspor,Galatasaray,1,5,1,0.4904969237634784,0.46787039689618204,0.47918366032983023
2025-04-27,Kayserispor,Rizespor,1,0,0,0.5472207401643625,0.34813276814964156,0.44767675415700203
2025-04-28,Goztep,Buyuksehyr,4,1,1,0.5821527641153726,0.5101716719505339,0.5461622180329533
2025-05-02,Antalyaspor,Konyaspor,1,0,0,0.4398178223091139,0.3307803005285554,0.38529906141883463
2025-05-03,Alanyaspor,Kayserispor,1,1,0,0.5325141642664987,0.4654726265267759,0.4989933953966373
2025-05-03,Rizespor,Gaziantep,2,0,0,0.4951654542312821,0.6235663775003782,0.5593659158658302
2025-05-03,Galatasaray,Sivasspor,4,1,1,0.7054726663157321,0.8616319517445094,0.7835523090301207
2025-05-03,Hatayspor,Buyuksehyr,2,4,1,0.5238319107576467,0.28412249107401394,0.40397720091583034
2025-05-04,Samsunspor,Eyupspor,3,0,1,0.4339460042991132,0.2955860998790009,0.36476605208905705
2025-05-04,Ad. Demirspor,Goztep,1,2,1,0.6476842639860219,0.562812621257932,0.6052484426219769
2025-05-04,Fenerbahce,Besiktas,0,1,0,0.604578959344392,0.4998543509752385,0.5522166551598152
2025-05-05,Kasimpasa,Trabzonspor,1,1,0,0.6986837345135446,0.7161255822883764,0.7074046584009606
2025-05-09,Buyuksehyr,Fenerbahce,1,4,1,0.6053039534227068,0.23337263227269767,0.41933829284770224
2025-05-09,Gaziantep,Alanyaspor,0,1,0,0.5058101146809266,0.5579278650820162,0.5318689898814715
2025-05-10,Eyupspor,Kasimpasa,0,3,1,0.6540109815378106,0.38010708926420994,0.5170590354010103
2025-05-10,Konyaspor,Rizespor,2,1,1,0.4574429683133039,0.11973937868077476,0.28859117349703933
2025-05-10,Trabzonspor,Galatasaray,0,2,0,0.6093616846684458,0.546367289207803,0.5778644869381244
2025-05-11,Sivasspor,Bodrumspor,0,0,0,0.2736907460133327,0.4728078483836546,0.37324929719849365
2025-05-11,Besiktas,Ad. Demirspor,4,1,1,0.6478735671489465,0.9721361753298915,0.810004871239419
2025-05-11,Goztep,Hatayspor,1,1,0,0.6291221130995498,0.27502411670230426,0.45207311490092705
2025-05-12,Kayserispor,Antalyaspor,3,1,1,0.4833223722025974,0.15973502464694256,0.32152869842476994
2025-05-17,Ad. Demirspor,Hatayspor,0,5,1,0.606467456926741,0.6644334358940372,0.6354504464103892
2025-05-18,Antalyaspor,Gaziantep,0,0,0,0.4585025760394468,0.6552114800731915,0.5568570280563192
2025-05-18,Samsunspor,Sivasspor,1,0,0,0.47625987152947585,0.5459214188638675,0.5110906451966717
2025-05-18,Galatasaray,Kayserispor,3,0,1,0.7050614380869304,0.8975066371137256,0.8012840376003281
2025-05-18,Fenerbahce,Eyupspor,2,1,1,0.653371265935449,0.6809215942926832,0.6671464301140662
2025-05-18,Rizespor,Goztep,6,3,1,0.5455749725271917,0.774186954885741,0.6598809637064663
2025-05-18,Kasimpasa,Buyuksehyr,2,3,1,0.6403361478370755,0.6939897716266539,0.6671629597318647
2025-05-18,Bodrumspor,Trabzonspor,1,1,0,0.3027933188179714,0.48187606849271303,0.39233469365534224
2025-05-18,Alanyaspor,Besiktas,1,1,0,0.47540782826866634,0.7104889571363856,0.592948392702526
2025-05-24,Eyupspor,Antalyaspor,2,1,1,0.505207967774085,0.5723426199892213,0.5387752938816532
2025-05-24,Gaziantep,Kasimpasa,2,2,1,0.6278492267280161,0.6155597617557661,0.6217044942418911
2025-05-24,Goztep,Galatasaray,0,2,0,0.598330289713021,0.7361302284449923,0.6672302590790067
2025-05-25,Besiktas,Rizespor,1,2,1,0.5186065471073714,0.6806269097894677,0.5996167284484195
2025-05-25,Buyuksehyr,Ad. Demirspor,2,3,1,0.6694114560923814,0.8407839510687876,0.7550977035805845
2025-05-25,Kayserispor,Bodrumspor,1,1,0,0.2668613869316443,0.12586198436024087,0.19636168564594259
2025-05-25,Konyaspor,Alanyaspor,1,2,1,0.46316221500774896,0.6329509646200998,0.5480565898139244
2025-05-25,Trabzonspor,Samsunspor,2,2,1,0.5228949278949581,0.28428580126050174,0.4035903645777299
2025-05-26,Hatayspor,Fenerbahce,4,2,1,0.7029313788653091,0.7196000163740021,0.7112656976196556
2025-05-30,Galatasaray,Buyuksehyr,2,0,0,0.6237959632690024,0.7821526085788034,0.702974285923903
2025-05-30,Kasimpasa,Goztep,1,2,1,0.6809376947950333,0.5401184346420023,0.6105280647185178
2025-05-30,Antalyaspor,Trabzonspor,0,2,0,0.532229144313438,0.36710783317425133,0.4496684887438447
2025-05-31,Fenerbahce,Konyaspor,2,1,1,0.6545542900758252,0.6982505988398756,0.6764024444578505
2025-05-31,Rizespor,Hatayspor,5,2,1,0.5340820865242445,0.5216773225416306,0.5278797045329375
2025-05-31,Ad. Demirspor,Gaziantep,2,2,1,0.582721877871875,0.4415653112703622,0.5121435945711186
2025-05-31,Alanyaspor,Sivasspor,2,0,0,0.5378038416275042,0.3804247903358851,0.4591143159816946
2025-06-01,Bodrumspor,Besiktas,0,4,1,0.23223906992240725,0.2488212016408623,0.2405301357816348
2025-06-01,Samsunspor,Kayserispor,2,1,1,0.47194359726699836,0.634390931576323,0.5531672644216606
2025-08-08,Gaziantep,Galatasaray,0,3,1,0.5850096957655927,0.7695109374372847,0.6772603166014387
2025-08-09,Samsunspor,Genclerbirligi,2,1,1,,,
2025-08-09,Antalyaspor,Kasimpasa,2,1,1,0.6023070292521305,0.7317063401481694,0.6670066847001499
2025-08-10,Rizespor,Goztep,0,3,1,0.5455749725271917,0.4146242556375935,0.48009961408239255
2025-08-10,Eyupspor,Konyaspor,1,4,1,0.46130099546499914,0.5929922619160204,0.5271466286905098
2025-08-11,Trabzonspor,Kocaelispor,1,0,0,,,
2025-08-15,Galatasaray,Karagumruk,3,0,1,0.6819002387058873,0.8858379351633103,0.7838690869345988
2025-08-16,Kocaelispor,Samsunspor,0,1,0,0.030691100052600596,0.5501897476140455,0.290440423833323
2025-08-16,Alanyaspor,Rizespor,0,0,0,0.5575965555172789,0.6279652095167023,0.5927808825169907
2025-08-16,Goztep,Fenerbahce,0,0,0,0.6771356326804904,0.5212130627298369,0.5991743477051636
2025-08-17,Genclerbirligi,Antalyaspor,0,1,0,0.5531136923864192,0.5567143161666209,0.55491400427652
2025-08-17,Konyaspor,Gaziantep,3,0,1,0.4447597180348629,0.661493861400262,0.5531267897175625
2025-08-17,Besiktas,Eyupspor,2,1,1,0.5099644982017499,0.8930661019014247,0.7015153000515872
2025-08-17,Buyuksehyr,Kayserispor,1,1,0,0.5723938292211425,0.8548142415469739,0.7136040353840583
2025-08-18,Kasimpasa,Trabzonspor,0,1,0,0.6833661408498501,0.7162441223825096,0.6998051316161799
2025-08-22,Karagumruk,Goztep,0,2,0,0.6105371970757635,0.5850105148828055,0.5977738559792845
2025-08-23,Fenerbahce,Kocaelispor,3,1,1,0.18628248909821832,0.6894603199672378,0.43787140453272805
2025-08-23,Gaziantep,Genclerbirligi,2,1,1,0.5745904129916685,0.5620571248518861,0.5683237689217773
2025-08-24,Trabzonspor,Antalyaspor,1,0,0,0.5546623737070152,0.9261487116513274,0.7404055426791714
2025-08-24,Kayserispor,Galatasaray,0,4,1,0.5938672034707265,0.6858142616430197,0.6398407325568731
2025-08-25,Eyupspor,Alanyaspor,2,1,1,0.5171169168924754,0.7040446954893465,0.6105808061909109
2025-08-29,Goztep,Konyaspor,1,1,0,0.5284718984989492,0.4442665089987082,0.48636920374882864
2025-08-30,Kasimpasa,Gaziantep,2,3,1,0.6211038059403117,0.9281064029092094,0.7746051044247606
2025-08-30,Kocaelispor,Kayserispor,1,1,0,0.029113225063479953,0.4887333247365384,0.25892327490000916
2025-08-30,Antalyaspor,Karagumruk,1,2,1,0.5021368798655836,0.5889381006963855,0.5455374902809846
2025-08-30,Galatasaray,Rizespor,3,1,1,0.7174461888143199,0.9002319550550301,0.808839071934675
2025-08-31,Buyuksehyr,Eyupspor,0,0,0,0.5627759881094485,0.6507647199521611,0.6067703540308048
2025-08-31,Genclerbirligi,Fenerbahce,1,3,1,0.7611086852105067,0.7774453682887288,0.7692770267496177
2025-08-31,Alanyaspor,Besiktas,2,0,0,0.45876771925390036,0.8029622803713423,0.6308649998126213
2025-08-31,Trabzonspor,Samsunspor,1,1,0,0.5015844190916746,0.5655568979533393,0.533570658522507
2025-09-13,Samsunspor,Antalyaspor,1,2,1,0.42985400920713623,0.7857323042974658,0.607793156752301
2025-09-13,Karagumruk,Kasimpasa,0,1,0,0.6897141444191383,0.6395058889517314,0.6646100166854348
2025-09-13,Konyaspor,Alanyaspor,1,2,1,0.45821833706019216,0.48979984628388196,0.4740090916720371
2025-09-13,Besiktas,Buyuksehyr,2,1,1,0.5121142626396353,0.6950779708343925,0.6035961167370139
2025-09-13,Eyupspor,Galatasaray,0,2,0,0.5719834425365106,0.8992504386109775,0.735616940573744
2025-09-14,Kayserispor,Goztep,1,1,0,0.5698198078912985,0.3969298613728807,0.48337483463208963
2025-09-14,Fenerbahce,Trabzonspor,1,0,0,0.7039233503912298,0.7342585734066026,0.7190909618989162
2025-09-14,Gaziantep,Kocaelispor,2,0,0,0.038783683490693686,0.49957451829569366,0.2691791008931937
2025-09-15,Rizespor,Genclerbirligi,1,0,0,0.6686028310698097,0.362527174694701,0.5155650028822554
2025-09-17,Fenerbahce,Alanyaspor,2,2,1,0.6997351408553336,0.643994834644936,0.6718649877501348
2025-09-17,Karagumruk,Buyuksehyr,0,2,0,0.5834842881818205,0.8544932979976564,0.7189887930897385
2025-09-17,Samsunspor,Kasimpasa,0,0,0,0.5863447695158003,0.5360105224526702,0.5611776459842353
2025-09-19,Goztep,Besiktas,3,0,1,0.5180426155307528,0.7125344358921748,0.6152885257114638
2025-09-20,Trabzonspor,Gaziantep,1,1,0,0.5656794669720919,0.9413182788936085,0.7534988729328502
2025-09-20,Genclerbirligi,Eyupspor,1,0,0,0.6127070968493655,0.4554274443125989,0.5340672705809822
2025-09-20,Antalyaspor,Kayserispor,1,1,0,0.46434203657831313,0.7777923400947947,0.6210671883365539
2025-09-21,Kasimpasa,Fenerbahce,1,1,0,0.7604819158603909,0.734729892588785,0.747605904224588
2025-09-21,Samsunspor,Karagumruk,3,2,1,0.49782427659059614,0.6510541472169179,0.574439211903757
2025-09-21,Buyuksehyr,Alanyaspor,1,1,0,0.5469305514920152,0.7729727291987387,0.6599516403453769
2025-09-21,Kocaelispor,Rizespor,1,1,0,0.036717603763089024,0.6241715058987618,0.3304445548309254
2025-09-22,Galatasaray,Konyaspor,3,1,1,0.5966553918573111,0.7676959098935111,0.6821756508754111
2025-09-24,Kayserispor,Besiktas,0,4,1,0.4788265068713203,0.6493673439069587,0.5640969253891395
2025-09-26,Alanyaspor,Galatasaray,0,1,0,0.5601728000888672,0.7867649957827851,0.6734688979358261
2025-09-27,Eyupspor,Goztep,0,0,0,0.5755934395264493,0.8743937754498694,0.7249936074881593
2025-09-27,Gaziantep,Samsunspor,2,2,1,0.41304424035044307,0.36129956738822083,0.387171903869332
2025-09-27,Karagumruk,Trabzonspor,3,4,1,0.5988894499741454,0.7049904288149941,0.6519399393945697
2025-09-28,Rizespor,Kasimpasa,1,2,1,0.6463238991980836,0.5715806420164923,0.608952270607288
2025-09-28,Konyaspor,Buyuksehyr,2,1,1,0.48135911197986014,0.2843155983305797,0.3828373551552199
2025-09-28,Kayserispor,Genclerbirligi,1,1,0,0.3402770490081944,0.29687321497040287,0.31857513198929865
2025-09-28,Fenerbahce,Antalyaspor,2,0,0,0.674333647628411,0.856326886952371,0.765330267290391
2025-09-29,Besiktas,Kocaelispor,3,1,1,0.3475264605275968,0.5717951345993558,0.45966079756347633
2025-10-03,Antalyaspor,Rizespor,2,5,1,0.48961430923370564,0.6174007015766281,0.5535075054051668
2025-10-03,Trabzonspor,Kayserispor,4,0,1,0.5855264947226583,0.8719740513119967,0.7287502730173274
2025-10-04,Genclerbirligi,Alanyaspor,2,2,1,0.29510099277813145,0.3075530787958521,0.30132703578699177
2025-10-04,Kocaelispor,Eyupspor,1,0,0,0.22109778836218438,0.5033883896929621,0.36224308902757324
2025-10-04,Galatasaray,Besiktas,1,1,0,0.5402178326127967,0.6000272753169535,0.5701225539648751
2025-10-05,Karagumruk,Gaziantep,0,2,0,0.5692049579816061,0.3115970378450345,0.4404009979133203
2025-10-05,Goztep,Buyuksehyr,1,0,0,0.5214330274646668,0.34908582176724046,0.4352594246159536
2025-10-05,Kasimpasa,Konyaspor,1,1,0,0.5734017001394633,0.5743818551874637,0.5738917776634636
2025-10-05,Samsunspor,Fenerbahce,0,0,0,0.56726915403935,0.3519548150165513,0.4596119845279506
2025-10-18,Besiktas,Genclerbirligi,1,2,1,0.4024116737835424,0.4030280732527403,0.40271987351814137
2025-10-18,Konyaspor,Kocaelispor,2,3,1,0.2769073662586137,0.1303724358336132,0.20363990104611343
2025-10-18,Buyuksehyr,Galatasaray,1,2,1,0.5430536746443356,0.6860918464564403,0.6145727605503879
2025-10-18,Rizespor,Trabzonspor,1,2,1,0.569664209066619,0.5173583196959015,0.5435112643812603
2025-10-19,Gaziantep,Antalyaspor,3,2,1,0.45337624933657833,0.6748767799021771,0.5641265146193777
2025-10-19,Fenerbahce,Karagumruk,2,1,1,0.7625371737506598,0.8533406956940071,0.8079389347223334
2025-10-19,Kayserispor,Samsunspor,1,3,1,0.47123713684503277,0.8828457367946508,0.6770414368198419
2025-10-19,Alanyaspor,Goztep,1,0,0,0.4768010471349477,0.32618278637245585,0.40149191675370177
2025-10-20,Eyupspor,Kasimpasa,2,0,0,0.5688713853262529,0.7451289144866448,0.6570001499064488
2025-10-22,Konyaspor,Besiktas,0,2,0,0.4496930163788136,0.3241411677141564,0.386917092046485
2025-10-22,Rizespor,Buyuksehyr,0,0,0,0.5551581250841781,0.14961019782491256,0.3523841614545453
2025-10-24,Karagumruk,Kayserispor,2,2,1,0.5862737901532642,0.6777515083780645,0.6320126492656644
2025-10-25,Kocaelispor,Alanyaspor,2,0,0,0.23287210795975263,0.44004593612217696,0.3364590220409648
2025-10-25,Trabzonspor,Eyupspor,2,0,0,0.5112458272459821,0.4876123470028155,0.4994290871243988
2025-10-26,Galatasaray,Goztep,3,1,1,0.5848947024651739,0.851012169772209,0.7179534361186914
2025-10-26,Antalyaspor,Buyuksehyr,0,4,1,0.4635563438507816,0.2153839339106826,0.3394701388807321
2025-10-26,Kasimpasa,Besiktas,1,1,0,0.58338706225168,0.2762805824406318,0.4298338223461559
2025-10-26,Genclerbirligi,Konyaspor,1,2,1,0.28937635553987956,0.13401948182852405,0.2116979186842018
2025-10-27,Gaziantep,Fenerbahce,0,4,1,0.6421180156987579,0.629376869463729,0.6357474425812435
2025-10-27,Samsunspor,Rizespor,1,1,0,0.5151692805455304,0.5897914769667432,0.5524803787561368
2025-10-31,Buyuksehyr,Kocaelispor,1,0,0,0.3348179314016237,0.33250177866410385,0.3336598550328638
2025-11-01,Goztep,Genclerbirligi,1,0,0,0.3992538354515275,0.2926315800086133,0.3459427077300704
2025-11-01,Galatasaray,Trabzonspor,0,0,0,0.6072871205524197,0.6229198419399417,0.6151034812461806
2025-11-02,Konyaspor,Samsunspor,1,3,1,0.4287513601693174,0.28853575854944724,0.3586435593593823
2025-11-02,Kayserispor,Kasimpasa,3,2,1,0.6153968411413444,0.6398955886769307,0.6276462149091375
2025-11-02,Besiktas,Fenerbahce,2,3,1,0.571657662380272,0.6108011599816621,0.5912294111809671
2025-11-03,Alanyaspor,Gaziantep,0,0,0,0.4912830501854713,0.5319450960061726,0.511614073095822
2025-11-03,Eyupspor,Antalyaspor,0,1,0,0.43013418082974414,0.7301342889931979,0.580134234911471
2025-11-03,Rizespor,Karagumruk,1,0,0,0.6126745058497427,0.7996883998987948,0.7061814528742687
2025-11-07,Genclerbirligi,Buyuksehyr,2,1,1,0.33684822456938124,0.7091889398143332,0.5230185821918572
2025-11-08,Gaziantep,Rizespor,2,2,1,0.5425047455553352,0.2377142951489353,0.39010952035213525
2025-11-08,Trabzonspor,Alanyaspor,1,1,0,0.5208862111473284,0.6804159696665062,0.6006510904069173
2025-11-08,Antalyaspor,Besiktas,1,3,1,0.4428507002277076,0.3428516141708038,0.3928511571992557
2025-11-08,Kasimpasa,Goztep,0,2,0,0.602978472590283,0.5789504912112189,0.5909644819007509
2025-11-09,Karagumruk,Konyaspor,2,0,0,0.532397710864071,0.5069472832433423,0.5196724970537066
2025-11-09,Kocaelispor,Galatasaray,1,0,0,0.4194953731570581,0.7871337758902254,0.6033145745236417
2025-11-09,Fenerbahce,Kayserispor,4,2,1,0.7517117587964406,0.8808505660055276,0.816281162400984
2025-11-09,Samsunspor,Eyupspor,1,0,0,0.3987011243799912,0.628388536222175,0.5135448303010831
2025-11-22,Kayserispor,Gaziantep,0,3,1,0.5420456637993749,0.40383324068698984,0.47293945224318235
2025-11-22,Eyupspor,Karagumruk,1,1,0,0.46343633288209324,0.2678555890130857,0.3656459609475895
2025-11-22,Galatasaray,Genclerbirligi,3,2,1,0.5760612405914897,0.6864081510467525,0.6312346958191211
2025-11-23,Alanyaspor,Kasimpasa,1,2,1,0.5605768432911341,0.43647140540363866,0.49852412434738635
2025-11-23,Goztep,Kocaelispor,0,0,0,0.3261394730719525,0.4004762877952528,0.3633078804336026
2025-11-23,Rizespor,Fenerbahce,2,5,1,0.6603681764498478,0.7083605976438112,0.6843643870468294
2025-11-23,Besiktas,Samsunspor,1,1,0,0.465444788390664,0.47722686008647275,0.47133582423856835
2025-11-24,Buyuksehyr,Trabzonspor,3,4,1,0.5051323247837034,0.6792769541066705,0.592204639445187
2025-11-24,Konyaspor,Antalyaspor,0,0,0,0.4890714211203559,0.6764572570085676,0.5827643390644618
2025-11-28,Kocaelispor,Genclerbirligi,1,0,0,0.2733199418301959,0.5286334563203049,0.4009766990752504
2025-11-29,Rizespor,Kayserispor,0,1,0,0.5928417560211526,0.5794918641727045,0.5861668100969286
2025-11-29,Gaziantep,Eyupspor,1,2,1,0.43138152606168256,0.2818724500142498,0.3566269880379662
2025-11-29,Kasimpasa,Buyuksehyr,1,3,1,0.592282796379025,0.29815463339379283,0.44521871488640896
2025-11-29,Trabzonspor,Konyaspor,3,1,1,0.5295126374410926,0.44400099470511645,0.4867568160731045
2025-11-30,Antalyaspor,Goztep,1,2,1,0.45769288153077187,0.6107631855805401,0.534228033555656
2025-11-30,Karagumruk,Besiktas,0,2,0,0.5419434951493796,0.2644994211010923,0.4032214581252359
2025-12-01,Fenerbahce,Galatasaray,1,1,0,0.5497597301556183,0.4986221549349624,0.5241909425452904
2025-12-01,Samsunspor,Alanyaspor,1,1,0,0.4283641449173551,0.2951971217829253,0.3617806333501402
2025-12-05,Galatasaray,Samsunspor,3,2,1,0.5316650755526807,0.6123142216720807,0.5719896486123808
2025-12-06,Eyupspor,Kayserispor,1,1,0,0.4735554895013696,0.6094667485174617,0.5415111190094157
2025-12-06,Konyaspor,Rizespor,1,1,0,0.5347979747815879,0.49351375927929353,0.5141558670304407
2025-12-06,Buyuksehyr,Fenerbahce,1,1,0,0.594489144733064,0.21455836087547486,0.40452375280426944
2025-12-07,Genclerbirligi,Karagumruk,3,0,1,0.44108057427732816,0.4003414735633143,0.4207110239203212
2025-12-07,Kocaelispor,Kasimpasa,0,0,0,0.4210942809747145,0.5521570155529005,0.4866256482638075
2025-12-07,Goztep,Trabzonspor,1,2,1,0.4704974477887674,0.12921469081545456,0.29985606930211095
2025-12-08,Alanyaspor,Antalyaspor,0,0,0,0.46629667028104443,0.5486215201280342,0.5074590952045394
2025-12-08,Besiktas,Gaziantep,2,2,1,0.5564397010574932,0.7731179079215762,0.6647788044895346
2025-12-12,Kasimpasa,Genclerbirligi,0,0,0,0.5117629440296639,0.49998298719113554,0.5058729656103997
2025-12-13,Rizespor,Eyupspor,3,0,1,0.46947166557775366,0.41185760787055054,0.4406646367241521
2025-12-13,Kayserispor,Alanyaspor,0,0,0,0.49854643031889806,0.8177219935417064,0.6581342119303022
2025-12-13,Antalyaspor,Galatasaray,1,4,1,0.5817387578205337,0.6929576350610397,0.6373481964407868
2025-12-14,Karagumruk,Kocaelispor,1,1,0,0.36358578133946645,0.2237916409179698,0.29368871112871814
2025-12-14,Gaziantep,Goztep,0,1,0,0.4741631926025055,0.5619988028988285,0.5180809977506671
2025-12-14,Trabzonspor,Besiktas,3,3,1,0.5051430101182582,0.4430628018546985,0.47410290598647836
2025-12-14,Samsunspor,Buyuksehyr,0,2,0,0.4551217901954979,0.18827928697217497,0.32170053858383646
2025-12-15,Fenerbahce,Konyaspor,4,0,1,0.6696648940359153,0.8202636845440278,0.7449642892899715
2025-12-19,Kocaelispor,Antalyaspor,2,1,1,0.3350327871288809,0.4835731132688309,0.4093029501988559
2025-12-20,Konyaspor,Kayserispor,1,1,0,0.5418628089239068,0.7556349018831471,0.648748855403527
2025-12-20,Eyupspor,Fenerbahce,0,3,1,0.5455894503300572,0.4615766128948446,0.5035830316124509
2025-12-20,Besiktas,Rizespor,1,0,0,0.5777446897283991,0.7983715263750588,0.688058108051729
2025-12-21,Alanyaspor,Karagumruk,2,0,0,0.5059433098446319,0.925009717789913,0.7154765138172725
2025-12-21,Galatasaray,Kasimpasa,3,0,1,0.7190703825425885,0.6615269309807377,0.6902986567616631
2025-12-21,Goztep,Samsunspor,2,0,0,0.4248152807862927,0.6466342284202118,0.5357247546032522
2025-12-22,Buyuksehyr,Gaziantep,5,1,1,0.531774487056303,0.36473331801127756,0.44825390253379027
2025-12-22,Genclerbirligi,Trabzonspor,4,3,1,0.42899805238739097,0.312941941631322,0.3709699970093565
2026-01-17,Buyuksehyr,Karagumruk,2,1,1,0.5580806951256948,0.5031433972755643,0.5306120462006296
2026-01-17,Galatasaray,Gaziantep,1,1,0,0.6590134782437325,0.8642318050033263,0.7616226416235294
2026-01-18,Kasimpasa,Antalyaspor,0,0,0,0.5910025803436779,0.9407231167742993,0.7658628485589887
2026-01-18,Genclerbirligi,Samsunspor,1,1,0,0.4367312393980389,0.470350684903133,0.4535409621505859
2026-01-18,Kocaelispor,Trabzonspor,1,2,1,0.32056843127036083,0.5192924936761222,0.4199304624732415
2026-01-18,Alanyaspor,Fenerbahce,2,3,1,0.5616694315916042,0.5336910044424428,0.5476802180170235
2026-01-19,Konyaspor,Eyupspor,1,1,0,0.3953130222417957,0.27541197795008937,0.33536250009594254
2026-01-19,Besiktas,Kayserispor,1,0,0,0.585313024491816,0.45086848740918567,0.5180907559505008
2026-01-19,Goztep,Rizespor,3,1,1,0.5000502696847472,0.45078803025948816,0.47541914997211765
2026-01-23,Trabzonspor,Kasimpasa,2,1,1,0.6674654726150261,0.743643341490856,0.705554407052941
2026-01-24,Kayserispor,Buyuksehyr,0,3,1,0.5573302702435882,0.5625954524780002,0.5599628613607942
2026-01-24,Samsunspor,Kocaelispor,0,0,0,0.23437044109352254,0.29236258946877286,0.2633665152811477
2026-01-24,Karagumruk,Galatasaray,1,3,1,0.6227453221594094,0.887170649088722,0.7549579856240657
2026-01-25,Rizespor,Alanyaspor,1,1,0,0.4658302910806501,0.6375602662562414,0.5516952786684457
2026-01-25,Antalyaspor,Genclerbirligi,2,1,1,0.44984321281294104,0.27257879858359385,0.3612110056982675
2026-01-25,Fenerbahce,Goztep,1,1,0,0.5741624805765525,0.4729526737943575,0.523557577185455
2026-01-25,Gaziantep,Konyaspor,1,1,0,0.4930004150212601,0.6169447908115127,0.5549726029163864
2026-01-26,Eyupspor,Besiktas,2,2,1,0.4278444300859507,0.5641638503336361,0.49600414020979344
2026-01-30,Antalyaspor,Trabzonspor,1,1,0,0.5532743906867658,0.8714143818136395,0.7123443862502026
2026-01-30,Kasimpasa,Samsunspor,0,1,0,0.5093378530737942,0.6865700937553473,0.5979539734145707
2026-01-31,Alanyaspor,Eyupspor,1,3,1,0.36110881088057367,0.24838310786965473,0.3047459593751142
2026-01-31,Buyuksehyr,Rizespor,2,2,1,0.5853636615160732,0.3449404074788952,0.4651520344974842
2026-01-31,Besiktas,Konyaspor,2,1,1,0.5228767342680286,0.7037426475835603,0.6133096909257945
2026-01-31,Goztep,Karagumruk,2,1,1,0.5049007517804048,0.5750568547083967,0.5399788032444008
2026-02-01,Genclerbirligi,Gaziantep,2,1,1,0.5129964749877877,0.5339680793382962,0.5234822771630419
2026-02-01,Galatasaray,Kayserispor,4,0,1,0.7002989459448339,0.717246200612232,0.7087725732785329
2026-02-02,Kocaelispor,Fenerbahce,0,2,0,0.36524630551175713,0.5885934273329525,0.47691986642235484
2026-02-07,Karagumruk,Antalyaspor,1,0,0,0.4776050085943485,0.6566555470353203,0.5671302778148344
2026-02-07,Samsunspor,Trabzonspor,0,3,1,0.518266837367456,0.5969786351556184,0.5576227362615372
2026-02-08,Eyupspor,Buyuksehyr,1,2,1,0.444580315330359,0.3096881846560863,0.37713424999322265
2026-02-08,Konyaspor,Goztep,0,0,0,0.4229295871591641,0.14778955524126272,0.28535957120021344
2026-02-08,Rizespor,Galatasaray,0,3,1,0.6064646719730927,0.6273982455272565,0.6169314587501746
2026-02-08,Besiktas,Alanyaspor,2,2,1,0.4650864862164162,0.6064591543025076,0.5357728202594619
2026-02-09,Kayserispor,Kocaelispor,1,2,1,0.2795680876271374,0.4844112239885623,0.3819896558078498
2026-02-09,Fenerbahce,Genclerbirligi,3,1,1,0.669019035084721,0.7550268733561535,0.7120229542204373
2026-02-09,Gaziantep,Kasimpasa,2,1,1,0.5778037299960844,0.41128092431179664,0.49454232715394053
2026-02-13,Antalyaspor,Samsunspor,3,1,1,0.4178404012163598,0.679242867110313,0.5485416341633365
2026-02-13,Galatasaray,Eyupspor,5,1,1,0.573566754817397,0.7584117812752385,0.6659892680463178
2026-02-14,Genclerbirligi,Rizespor,2,2,1,0.5261525243017412,0.2536489714898148,0.389900747895778
2026-02-14,Alanyaspor,Konyaspor,2,1,1,0.4187138133399004,0.2470820964424574,0.3328979548911789
2026-02-14,Trabzonspor,Fenerbahce,2,3,1,0.6689193663292557,0.22977546240152008,0.44934741436538794
2026-02-15,Kocaelispor,Gaziantep,3,0,1,0.28611312299010483,0.21122591679491837,0.2486695198925116
2026-02-15,Goztep,Kayserispor,0,0,0,0.508552708291297,0.5524156501541077,0.5304841792227023
2026-02-15,Buyuksehyr,Besiktas,2,3,1,0.5304723861706448,0.5554852091111574,0.5429787976409011
2026-02-16,Kasimpasa,Karagumruk,3,2,1,0.5870464145908462,0.23690546217288236,0.41197593838186425
2026-02-20,Rizespor,Kocaelispor,2,0,0,0.2901309362890831,0.29707968368924537,0.29360530998916423
2026-02-21,Eyupspor,Genclerbirligi,1,0,0,0.39959991395252253,0.42564411554535947,0.412622014748941
2026-02-21,Alanyaspor,Buyuksehyr,1,2,1,0.46114167103022763,0.2428739424941092,0.3520078067621684
2026-02-21,Konyaspor,Galatasaray,2,0,0,0.5574543439728622,0.7308803982502411,0.6441673711115516
2026-02-22,Kayserispor,Antalyaspor,1,0,0,0.48270639745460414,0.521206930537563,0.5019566639960835
2026-02-22,Gaziantep,Trabzonspor,1,2,1,0.5952668758530837,0.6684529551131349,0.6318599154831093
2026-02-22,Besiktas,Goztep,4,0,1,0.4477810572677302,0.6328357828443212,0.5403084200560258
2026-02-22,Karagumruk,Samsunspor,0,0,0,0.4661368548446722,0.2584362160173566,0.3622865354310144
2026-02-23,Fenerbahce,Kasimpasa,1,1,0,0.7668398554806583,0.9648405295536382,0.8658401925171482
2026-02-27,Buyuksehyr,Konyaspor,2,0,0,0.5304496073444118,0.8489202323480444,0.689684919846228
2026-02-27,Trabzonspor,Karagumruk,3,1,1,0.6416981570869047,0.9396144955805311,0.7906563263337179
2026-02-28,Kasimpasa,Rizespor,0,3,1,0.6051550624856037,0.6423520442014565,0.6237535533435301
2026-02-28,Kocaelispor,Besiktas,0,1,0,0.3076419828508203,0.7663095052529777,0.536975744051899
2026-02-28,Galatasaray,Alanyaspor,3,1,1,0.6030747395829176,0.9439630141469532,0.7735188768649354
2026-02-28,Goztep,Eyupspor,0,0,0,0.40356275047706874,0.5521204877295484,0.4778416191033086
2026-03-01,Genclerbirligi,Kayserispor,0,0,0,0.49295791784046394,0.3392296708103031,0.4160937943253835
2026-03-01,Antalyaspor,Fenerbahce,2,2,1,0.6336806836946022,0.8995421982758046,0.7666114409852034
2026-03-01,Samsunspor,Gaziantep,0,0,0,0.45440303416964956,0.5416802161647636,0.49804162516720657
2026-03-07,Buyuksehyr,Goztep,2,1,1,0.47033952974516835,0.7811474135646248,0.6257434716548966
2026-03-07,Besiktas,Galatasaray,0,1,0,0.5438101240210712,0.6440917138616346,0.5939509189413529
2026-03-08,Rizespor,Antalyaspor,1,0,0,0.5102516661354387,0.562618270469645,0.5364349683025418
2026-03-08,Gaziantep,Karagumruk,1,1,0,0.5255376081491762,0.6942653560776506,0.6099014821134134
2026-03-08,Fenerbahce,Samsunspor,3,2,1,0.6057167440615088,0.8173199820745111,0.71151836306801
2026-03-08,Konyaspor,Kasimpasa,1,1,0,0.5209044246743558,0.5078027891490474,0.5143536069117016
2026-03-09,Eyupspor,Kocaelispor,0,1,0,0.2489411701995565,0.41212828463717205,0.33053472741836426
2026-03-09,Alanyaspor,Genclerbirligi,0,0,0,0.4550937720412475,0.6384137910071257,0.5467537815241866
2026-03-09,Kayserispor,Trabzonspor,1,3,1,0.5846658160012814,0.8398587329859919,0.7122622744936367
2026-03-13,Antalyaspor,Gaziantep,1,4,1,0.4630082108676077,0.7740961746784994,0.6185521927730535
2026-03-13,Karagumruk,Fenerbahce,2,0,0,0.6827006226592611,0.6977303068287865,0.6902154647440237
2026-03-14,Kocaelispor,Konyaspor,1,2,1,0.2634090029381966,0.3346990732584505,0.29905403809832354
2026-03-14,Galatasaray,Buyuksehyr,3,0,1,0.6336698390438165,0.5759622532569187,0.6048160461503675
2026-03-14,Goztep,Alanyaspor,2,2,1,0.4058335644177167,0.2749745779314272,0.34040407117457194
2026-03-14,Trabzonspor,Rizespor,1,0,0,0.6542271116334907,0.8528125374587484,0.7535198245461195
2026-03-15,Kasimpasa,Eyupspor,1,0,0,0.5081288239813244,0.6756210512847852,0.5918749376330548
2026-03-15,Genclerbirligi,Besiktas,0,2,0,0.5187739495392054,0.5855736353138203,0.5521737924265129
2026-03-15,Samsunspor,Kayserispor,2,1,1,0.4404822830888767,0.2640488191713555,0.3522655511301161
2026-03-17,Fenerbahce,Gaziantep,4,1,1,0.7418443822973636,0.9568594217521055,0.8493519020247345
2026-03-18,Alanyaspor,Kocaelispor,5,0,1,0.2602619296526811,0.6849475249108906,0.4726047272817858
2026-03-18,Buyuksehyr,Antalyaspor,0,0,0,0.5481097008170519,0.8722983698416513,0.7102040353293516
2026-03-18,Eyupspor,Trabzonspor,0,1,0,0.5285223902203935,0.6769008127176788,0.6027116014690361
2026-03-19,Kayserispor,Karagumruk,1,0,0,0.49506217919404966,0.7411649828688418,0.6181135810314458
2026-03-19,Besiktas,Kasimpasa,2,1,1,0.6280330642241141,0.9404239324944761,0.7842284983592951
2026-03-19,Konyaspor,Genclerbirligi,1,0,0,0.45130357046349245,0.7184170098505321,0.5848602901570124
2026-04-04,Genclerbirligi,Goztep,0,2,0,0.41530754475676107,0.3478681087068306,0.3815878267317958
2026-04-04,Kasimpasa,Kayserispor,2,0,0,0.5605067995455629,0.7727056122439752,0.666606205894769
2026-04-04,Gaziantep,Alanyaspor,1,1,0,0.47426199719169404,0.8732266964068652,0.6737443467992796
2026-04-04,Trabzonspor,Galatasaray,2,1,1,0.6014246273696788,0.7096608152047157,0.6555427212871973
2026-04-05,Samsunspor,Konyaspor,2,2,1,0.39502580819016797,0.20466805544067673,0.2998469318154223
2026-04-05,Karagumruk,Rizespor,2,1,1,0.5497339508469175,0.7458187393365077,0.6477763450917126
2026-04-05,Fenerbahce,Besiktas,1,0,0,0.6529883519076126,0.4755663886092427,0.5642773702584276
2026-04-05,Antalyaspor,Eyupspor,3,0,1,0.3983792575473127,0.6152174979394557,0.5067983777433842
2026-04-06,Kocaelispor,Buyuksehyr,0,0,0,0.3237870018019608,0.7739279125771561,0.5488574571895585
2026-04-08,Goztep,Galatasaray,1,3,1,0.4609004738060921,0.8222104759940922,0.6415554749000922
2026-04-09,Rizespor,Samsunspor,4,1,1,0.46675791056702004,0.26717727821345966,0.36696759439023985
2026-04-10,Besiktas,Antalyaspor,4,2,1,0.5474261194596909,0.8701520441957484,0.7087890818277196
2026-04-11,Buyuksehyr,Genclerbirligi,3,0,1,0.5606372432962672,0.8679870818938632,0.7143121625950652
2026-04-11,Alanyaspor,Trabzonspor,1,1,0,0.5367722685245575,0.7785275944412129,0.6576499314828852
2026-04-11,Kayserispor,Fenerbahce,0,4,1,0.6730391831266292,0.8471622823717785,0.7601007327492039
2026-04-12,Konyaspor,Karagumruk,3,0,1,0.46301740716059614,0.5925123969762577,0.527764902068427
2026-04-12,Goztep,Kasimpasa,3,3,1,0.4985620563884693,0.6977826854072702,0.5981723708978697
2026-04-12,Galatasaray,Kocaelispor,1,1,0,0.46397979124435895,0.8491896142241668,0.6565847027342628
2026-04-13,Eyupspor,Samsunspor,1,2,1,0.36389336503477887,0.5168826342767011,0.44038799965574
2026-04-13,Rizespor,Gaziantep,2,1,1,0.5722279231043744,0.20268698136475394,0.3874574522345642
2026-04-17,Antalyaspor,Konyaspor,0,2,0,0.43409733043072196,0.6593995430396933,0.5467484367352076
2026-04-17,Fenerbahce,Rizespor,2,2,1,0.7303950619755522,0.7839545219908627,0.7571747919832075
2026-04-18,Karagumruk,Eyupspor,1,2,1,0.4000668860694514,0.7000907061303768,0.5500787960999141
2026-04-18,Kocaelispor,Goztep,1,1,0,0.2537116555590127,0.2521696374264075,0.2529406464927101
2026-04-18,Genclerbirligi,Galatasaray,1,2,1,0.5326719695872877,0.5363104858491435,0.5344912277182157
2026-04-19,Kasimpasa,Alanyaspor,1,0,0,0.5112811602799361,0.5236394582124936,0.5174603092462149
2026-04-19,Samsunspor,Besiktas,2,1,1,0.46647267565936656,0.36492450634464113,0.41569859100200385
2026-04-19,Trabzonspor,Buyuksehyr,1,1,0,0.5922825860722863,0.4377389755258822,0.5150107807990842
2026-04-20,Gaziantep,Kayserispor,3,0,1,0.5074644569065426,0.36431102490255673,0.4358877409045497
2026-04-24,Buyuksehyr,Kasimpasa,4,0,1,0.5937380462038961,0.6461735201644595,0.6199557831841778
2026-04-25,Eyupspor,Gaziantep,3,0,1,0.42402052395259665,0.28290455992299474,0.3534625419377957
2026-04-25,Kayserispor,Rizespor,2,0,0,0.515654224225021,0.7330538438479404,0.6243540340364807
2026-04-25,Goztep,Antalyaspor,2,0,0,0.45658215909402855,0.33915413885199525,0.3978681489730119
2026-04-26,Genclerbirligi,Kocaelispor,1,0,0,0.22506080098356213,0.3069040438752287,0.2659824224293954
2026-04-26,Galatasaray,Fenerbahce,3,0,1,0.6260536076501364,0.7407395264457237,0.6833965670479301
2026-04-27,Alanyaspor,Samsunspor,2,3,1,0.43607714143135445,0.7062437140642303,0.5711604277477924
2026-04-27,Besiktas,Karagumruk,0,0,0,0.5658756730363809,0.8903891350764369,0.7281324040564089
2026-04-27,Konyaspor,Trabzonspor,2,1,1,0.5258841025119059,0.8060455379250746,0.6659648202184902
2026-05-01,Rizespor,Konyaspor,3,2,1,0.5089140317133098,0.16754066454886538,0.3382273481310876
2026-05-01,Gaziantep,Besiktas,0,2,0,0.5432502560585913,0.44757121263094,0.4954107343447657
2026-05-02,Fenerbahce,Buyuksehyr,3,1,1,0.6741833728750626,0.7833013059499304,0.7287423394124966
2026-05-02,Samsunspor,Galatasaray,4,1,1,0.5256195316495474,0.49994517019858065,0.5127823509240641
2026-05-02,Trabzonspor,Goztep,1,1,0,0.5080565694921463,0.7067341140346579,0.6073953417634022
2026-05-03,Antalyaspor,Alanyaspor,0,0,0,0.44907883443500585,0.5132480515341407,0.48116344298457325
2026-05-03,Karagumruk,Genclerbirligi,1,0,0,0.4025945714710048,0.4409551032142271,0.42177483734261595
2026-05-03,Kasimpasa,Kocaelispor,1,1,0,0.3301592272192326,0.3420936435160171,0.3361264353676249
2026-05-03,Kayserispor,Eyupspor,1,1,0,0.38079342048050996,0.6101407813437605,0.4954671009121352
2026-05-09,Besiktas,Trabzonspor,1,2,1,0.5671153977973152,0.8520443395054199,0.7095798686513676
2026-05-09,Alanyaspor,Kayserispor,3,1,1,0.4836509920586922,0.2059195429034869,0.34478526748108956
2026-05-09,Buyuksehyr,Samsunspor,3,0,1,0.5010389799272523,0.46492732309875345,0.48298315151300286
2026-05-09,Eyupspor,Rizespor,4,0,1,0.4432613356397813,0.7004318751367475,0.5718466053882645
2026-05-09,Galatasaray,Antalyaspor,4,2,1,0.680435718380327,0.880063696147059,0.780249707263693
2026-05-09,Goztep,Gaziantep,2,1,1,0.49018763586353276,0.5053240693875584,0.49775585262554556
2026-05-09,Genclerbirligi,Kasimpasa,3,2,1,0.4375292733950218,0.4280627068479318,0.4327959901214768
2026-05-09,Kocaelispor,Karagumruk,0,1,0,0.28920371297412084,0.3022966693523843,0.2957501911632526
2026-05-09,Konyaspor,Fenerbahce,0,3,1,0.6069091790332125,0.7430943831854385,0.6750017811093255
2026-05-15,Rizespor,Besiktas,2,2,1,0.5536188257658957,0.7021603846943011,0.6278896052300984
2026-05-16,Samsunspor,Goztep,3,0,1,0.39651237598303024,0.5982216872182187,0.49736703160062445
2026-05-16,Karagumruk,Alanyaspor,2,1,1,0.46610586908073937,0.6806083158169907,0.573357092448865
2026-05-16,Gaziantep,Buyuksehyr,1,2,1,0.552449349710982,0.8635216374501243,0.7079854935805532
2026-05-17,Kayserispor,Konyaspor,2,1,1,0.43734103003603225,0.47088678917764637,0.4541139096068393
2026-05-17,Antalyaspor,Kocaelispor,1,0,0,0.27323431598730813,0.3795471000600097,0.3263907080236589
2026-05-17,Fenerbahce,Eyupspor,3,3,1,0.64489375574234,0.6972457278296456,0.6710697417859928
2026-05-17,Kasimpasa,Galatasaray,1,0,0,0.6251087663519798,0.4336149117215498,0.5293618390367648
2026-05-17,Trabzonspor,Genclerbirligi,0,3,1,0.5379207386931514,0.9122022629997742,0.7250615008464628
